Family,genus,species
Formicidae,Acanthognathus,Acanthognathus brevicornis
Formicidae,Acanthognathus,Acanthognathus laevigatus
Formicidae,Acanthognathus,Acanthognathus lentus
Formicidae,Acanthognathus,Acanthognathus ocellatus
Formicidae,Acanthognathus,Acanthognathus rudis
Formicidae,Acanthognathus,Acanthognathus stipulosus
Formicidae,Acanthognathus,Acanthognathus teledectus
Formicidae,Acanthomyrmex,Acanthomyrmex basispinosus
Formicidae,Acanthomyrmex,Acanthomyrmex careoscrobis
Formicidae,Acanthomyrmex,Acanthomyrmex concavus
Formicidae,Acanthomyrmex,Acanthomyrmex crassispinus
Formicidae,Acanthomyrmex,Acanthomyrmex dusun
Formicidae,Acanthomyrmex,Acanthomyrmex ferox
Formicidae,Acanthomyrmex,Acanthomyrmex foveolatus
Formicidae,Acanthomyrmex,Acanthomyrmex glabfemoralis
Formicidae,Acanthomyrmex,Acanthomyrmex humilis
Formicidae,Acanthomyrmex,Acanthomyrmex laevis
Formicidae,Acanthomyrmex,Acanthomyrmex luciolae
Formicidae,Acanthomyrmex,Acanthomyrmex malikuli
Formicidae,Acanthomyrmex,Acanthomyrmex mindanao
Formicidae,Acanthomyrmex,Acanthomyrmex minus
Formicidae,Acanthomyrmex,Acanthomyrmex mizunoi
Formicidae,Acanthomyrmex,Acanthomyrmex notabilis
Formicidae,Acanthomyrmex,Acanthomyrmex padanensis
Formicidae,Acanthomyrmex,Acanthomyrmex sulawesiensis
Formicidae,Acanthomyrmex,Acanthomyrmex thailandensis
Formicidae,Acanthoponera,Acanthoponera goeldii
Formicidae,Acanthoponera,Acanthoponera minor
Formicidae,Acanthoponera,Acanthoponera mucronata
Formicidae,Acanthoponera,Acanthoponera peruviana
Formicidae,Acanthostichus,Acanthostichus arizonensis
Formicidae,Acanthostichus,Acanthostichus bentoni
Formicidae,Acanthostichus,Acanthostichus brevicornis
Formicidae,Acanthostichus,Acanthostichus brevinodis
Formicidae,Acanthostichus,Acanthostichus concavinodis
Formicidae,Acanthostichus,Acanthostichus davisi
Formicidae,Acanthostichus,Acanthostichus emmae
Formicidae,Acanthostichus,Acanthostichus femoralis
Formicidae,Acanthostichus,Acanthostichus flexuosus
Formicidae,Acanthostichus,Acanthostichus fuscipennis
Formicidae,Acanthostichus,Acanthostichus kirbyi
Formicidae,Acanthostichus,Acanthostichus laevigatus
Formicidae,Acanthostichus,Acanthostichus laticornis
Formicidae,Acanthostichus,Acanthostichus lattkei
Formicidae,Acanthostichus,Acanthostichus longinodis
Formicidae,Acanthostichus,Acanthostichus punctiscapus
Formicidae,Acanthostichus,Acanthostichus quadratus
Formicidae,Acanthostichus,Acanthostichus quirozi
Formicidae,Acanthostichus,Acanthostichus sanchezorum
Formicidae,Acanthostichus,Acanthostichus serratulus
Formicidae,Acanthostichus,Acanthostichus skwarrae
Formicidae,Acanthostichus,Acanthostichus texanus
Formicidae,Acanthostichus,Acanthostichus truncatus
Formicidae,Acropyga,Acropyga acutiventris
Formicidae,Acropyga,Acropyga ambigua
Formicidae,Acropyga,Acropyga aranyani
Formicidae,Acropyga,Acropyga arnoldi
Formicidae,Acropyga,Acropyga ayanganna
Formicidae,Acropyga,Acropyga bakwele
Formicidae,Acropyga,Acropyga butteli
Formicidae,Acropyga,Acropyga decedens
Formicidae,Acropyga,Acropyga donisthorpei
Formicidae,Acropyga,Acropyga dubia
Formicidae,Acropyga,Acropyga dubitata
Formicidae,Acropyga,Acropyga epedana
Formicidae,Acropyga,Acropyga exsanguis
Formicidae,Acropyga,Acropyga fuhrmanni
Formicidae,Acropyga,Acropyga gelasis
Formicidae,Acropyga,Acropyga goeldii
Formicidae,Acropyga,Acropyga guianensis
Formicidae,Acropyga,Acropyga hirsutula
Formicidae,Acropyga,Acropyga hystrix
Formicidae,Acropyga,Acropyga inezae
Formicidae,Acropyga,Acropyga keira
Formicidae,Acropyga,Acropyga kinomurai
Formicidae,Acropyga,Acropyga lauta
Formicidae,Acropyga,Acropyga major
Formicidae,Acropyga,Acropyga manuense
Formicidae,Acropyga,Acropyga myops
Formicidae,Acropyga,Acropyga nipponensis
Formicidae,Acropyga,Acropyga oceanica
Formicidae,Acropyga,Acropyga oreithauma
Formicidae,Acropyga,Acropyga palaga
Formicidae,Acropyga,Acropyga paleartica
Formicidae,Acropyga,Acropyga pallida
Formicidae,Acropyga,Acropyga panamensis
Formicidae,Acropyga,Acropyga parvidens
Formicidae,Acropyga,Acropyga romeo
Formicidae,Acropyga,Acropyga rubescens
Formicidae,Acropyga,Acropyga sauteri
Formicidae,Acropyga,Acropyga silvestrii
Formicidae,Acropyga,Acropyga smithii
Formicidae,Acropyga,Acropyga stenotes
Formicidae,Acropyga,Acropyga tricuspis
Formicidae,Acropyga,Acropyga yaeyamensis
Formicidae,Acropyga,Acropyga yushi
Formicidae,Adelomyrmex,Adelomyrmex anxiocalor
Formicidae,Adelomyrmex,Adelomyrmex betoi
Formicidae,Adelomyrmex,Adelomyrmex biroi
Formicidae,Adelomyrmex,Adelomyrmex bispeculum
Formicidae,Adelomyrmex,Adelomyrmex brenesi
Formicidae,Adelomyrmex,Adelomyrmex coco
Formicidae,Adelomyrmex,Adelomyrmex costatus
Formicidae,Adelomyrmex,Adelomyrmex cristiani
Formicidae,Adelomyrmex,Adelomyrmex dentivagans
Formicidae,Adelomyrmex,Adelomyrmex dorae
Formicidae,Adelomyrmex,Adelomyrmex foveolatus
Formicidae,Adelomyrmex,Adelomyrmex grandis
Formicidae,Adelomyrmex,Adelomyrmex hirsutus
Formicidae,Adelomyrmex,Adelomyrmex laevigatus
Formicidae,Adelomyrmex,Adelomyrmex longinoi
Formicidae,Adelomyrmex,Adelomyrmex mackayi
Formicidae,Adelomyrmex,Adelomyrmex marginodus
Formicidae,Adelomyrmex,Adelomyrmex metzabok
Formicidae,Adelomyrmex,Adelomyrmex micans
Formicidae,Adelomyrmex,Adelomyrmex microps
Formicidae,Adelomyrmex,Adelomyrmex minimus
Formicidae,Adelomyrmex,Adelomyrmex myops
Formicidae,Adelomyrmex,Adelomyrmex nortenyo
Formicidae,Adelomyrmex,Adelomyrmex paratristani
Formicidae,Adelomyrmex,Adelomyrmex quetzal
Formicidae,Adelomyrmex,Adelomyrmex robustus
Formicidae,Adelomyrmex,Adelomyrmex samoanus
Formicidae,Adelomyrmex,Adelomyrmex silvestrii
Formicidae,Adelomyrmex,Adelomyrmex striatus
Formicidae,Adelomyrmex,Adelomyrmex tristani
Formicidae,Adelomyrmex,Adelomyrmex vaderi
Formicidae,Adetomyrma,Adetomyrma aureocuprea
Formicidae,Adetomyrma,Adetomyrma bressleri
Formicidae,Adetomyrma,Adetomyrma caputleae
Formicidae,Adetomyrma,Adetomyrma cassis
Formicidae,Adetomyrma,Adetomyrma caudapinniger
Formicidae,Adetomyrma,Adetomyrma cilium
Formicidae,Adetomyrma,Adetomyrma clarivida
Formicidae,Adetomyrma,Adetomyrma goblin
Formicidae,Adetomyrma,Adetomyrma venatrix
Formicidae,Adlerzia,Adlerzia froggatti
Formicidae,Aenictogiton,Aenictogiton attenuatus
Formicidae,Aenictogiton,Aenictogiton bequaerti
Formicidae,Aenictogiton,Aenictogiton elongatus
Formicidae,Aenictogiton,Aenictogiton emeryi
Formicidae,Aenictogiton,Aenictogiton fossiceps
Formicidae,Aenictogiton,Aenictogiton schoutedeni
Formicidae,Aenictogiton,Aenictogiton sulcatus
Formicidae,Aenictogiton,Aenictogiton UG
Formicidae,Aenictogiton,Aenictogiton ZM02
Formicidae,Aenictus,Aenictus abeillei
Formicidae,Aenictus,Aenictus acerbus
Formicidae,Aenictus,Aenictus aitkenii
Formicidae,Aenictus,Aenictus alluaudi
Formicidae,Aenictus,Aenictus alticola
Formicidae,Aenictus,Aenictus ambiguus
Formicidae,Aenictus,Aenictus anceps
Formicidae,Aenictus,Aenictus annae
Formicidae,Aenictus,Aenictus appressipilosus
Formicidae,Aenictus,Aenictus arabicus
Formicidae,Aenictus,Aenictus aratus
Formicidae,Aenictus,Aenictus artipus
Formicidae,Aenictus,Aenictus arya
Formicidae,Aenictus,Aenictus asantei
Formicidae,Aenictus,Aenictus asperivalvus
Formicidae,Aenictus,Aenictus bakeri
Formicidae,Aenictus,Aenictus baliensis
Formicidae,Aenictus,Aenictus bayoni
Formicidae,Aenictus,Aenictus bidentatus
Formicidae,Aenictus,Aenictus binghamii
Formicidae,Aenictus,Aenictus biroi
Formicidae,Aenictus,Aenictus bobaiensis
Formicidae,Aenictus,Aenictus bodongjaya
Formicidae,Aenictus,Aenictus boltoni
Formicidae,Aenictus,Aenictus bottegoi
Formicidae,Aenictus,Aenictus breviceps
Formicidae,Aenictus,Aenictus brevicornis
Formicidae,Aenictus,Aenictus brevinodus
Formicidae,Aenictus,Aenictus brevipodus
Formicidae,Aenictus,Aenictus brutus
Formicidae,Aenictus,Aenictus buttelreepeni
Formicidae,Aenictus,Aenictus buttgenbachi
Formicidae,Aenictus,Aenictus camposi
Formicidae,Aenictus,Aenictus carolianus
Formicidae,Aenictus,Aenictus certus
Formicidae,Aenictus,Aenictus ceylonicus
Formicidae,Aenictus,Aenictus changmaianus
Formicidae,Aenictus,Aenictus chapmani
Formicidae,Aenictus,Aenictus chittoorensis
Formicidae,Aenictus,Aenictus clavatus
Formicidae,Aenictus,Aenictus clavitibia
Formicidae,Aenictus,Aenictus concavus
Formicidae,Aenictus,Aenictus congolensis
Formicidae,Aenictus,Aenictus cornutus
Formicidae,Aenictus,Aenictus crucifer
Formicidae,Aenictus,Aenictus currax
Formicidae,Aenictus,Aenictus cylindripetiolus
Formicidae,Aenictus,Aenictus decolor
Formicidae,Aenictus,Aenictus dentatus
Formicidae,Aenictus,Aenictus diclops
Formicidae,Aenictus,Aenictus dirangensis
Formicidae,Aenictus,Aenictus dlusskyi
Formicidae,Aenictus,Aenictus doryloides
Formicidae,Aenictus,Aenictus doydeei
Formicidae,Aenictus,Aenictus duengkaei
Formicidae,Aenictus,Aenictus eguchii
Formicidae,Aenictus,Aenictus eugenii
Formicidae,Aenictus,Aenictus exilis
Formicidae,Aenictus,Aenictus feae
Formicidae,Aenictus,Aenictus fergusoni
Formicidae,Aenictus,Aenictus foreli
Formicidae,Aenictus,Aenictus formosensis
Formicidae,Aenictus,Aenictus fuchuanensis
Formicidae,Aenictus,Aenictus fulvus
Formicidae,Aenictus,Aenictus furculatus
Formicidae,Aenictus,Aenictus fuscipennis
Formicidae,Aenictus,Aenictus fuscovarius
Formicidae,Aenictus,Aenictus gibbosus
Formicidae,Aenictus,Aenictus glabratus
Formicidae,Aenictus,Aenictus glabrinotum
Formicidae,Aenictus,Aenictus gleadowii
Formicidae,Aenictus,Aenictus gonioccipus
Formicidae,Aenictus,Aenictus gracilis
Formicidae,Aenictus,Aenictus grandis
Formicidae,Aenictus,Aenictus guineensis
Formicidae,Aenictus,Aenictus gutianshanensis
Formicidae,Aenictus,Aenictus hamifer
Formicidae,Aenictus,Aenictus henanensis
Formicidae,Aenictus,Aenictus hilli
Formicidae,Aenictus,Aenictus hitai
Formicidae,Aenictus,Aenictus hodgsoni
Formicidae,Aenictus,Aenictus hoelldobleri
Formicidae,Aenictus,Aenictus hottai
Formicidae,Aenictus,Aenictus humeralis
Formicidae,Aenictus,Aenictus huonicus
Formicidae,Aenictus,Aenictus icarus
Formicidae,Aenictus,Aenictus idoneus
Formicidae,Aenictus,Aenictus inconspicuus
Formicidae,Aenictus,Aenictus indicus
Formicidae,Aenictus,Aenictus inflatus
Formicidae,Aenictus,Aenictus itoi
Formicidae,Aenictus,Aenictus jacki
Formicidae,Aenictus,Aenictus jacobsoni
Formicidae,Aenictus,Aenictus jarujini
Formicidae,Aenictus,Aenictus javanus
Formicidae,Aenictus,Aenictus jawadwipa
Formicidae,Aenictus,Aenictus kadalarensis
Formicidae,Aenictus,Aenictus khaoyaiensis
Formicidae,Aenictus,Aenictus kodaguensis
Formicidae,Aenictus,Aenictus kodagura
Formicidae,Aenictus,Aenictus kodungallurensis
Formicidae,Aenictus,Aenictus koloi
Formicidae,Aenictus,Aenictus kutai
Formicidae,Aenictus,Aenictus laeviceps
Formicidae,Aenictus,Aenictus lankamallensis
Formicidae,Aenictus,Aenictus latifemoratus
Formicidae,Aenictus,Aenictus latiscapus
Formicidae,Aenictus,Aenictus leliepvrei
Formicidae,Aenictus,Aenictus leptotyphlatta
Formicidae,Aenictus,Aenictus levior
Formicidae,Aenictus,Aenictus lifuiae
Formicidae,Aenictus,Aenictus longi
Formicidae,Aenictus,Aenictus longicephalus
Formicidae,Aenictus,Aenictus longinodus
Formicidae,Aenictus,Aenictus luteus
Formicidae,Aenictus,Aenictus luzoni
Formicidae,Aenictus,Aenictus malakkaparensis
Formicidae,Aenictus,Aenictus maneerati
Formicidae,Aenictus,Aenictus mariae
Formicidae,Aenictus,Aenictus mauritanicus
Formicidae,Aenictus,Aenictus mentu
Formicidae,Aenictus,Aenictus minimus
Formicidae,Aenictus,Aenictus minipetiolus
Formicidae,Aenictus,Aenictus minutulus
Formicidae,Aenictus,Aenictus mocsaryi
Formicidae,Aenictus,Aenictus moebii
Formicidae,Aenictus,Aenictus montivagus
Formicidae,Aenictus,Aenictus mutatus
Formicidae,Aenictus,Aenictus mvuvii
Formicidae,Aenictus,Aenictus nesiotis
Formicidae,Aenictus,Aenictus nganduensis
Formicidae,Aenictus,Aenictus nishimurai
Formicidae,Aenictus,Aenictus nuchiti
Formicidae,Aenictus,Aenictus nyuyi
Formicidae,Aenictus,Aenictus obscurus
Formicidae,Aenictus,Aenictus orientalis
Formicidae,Aenictus,Aenictus pachycerus
Formicidae,Aenictus,Aenictus pangantihoni
Formicidae,Aenictus,Aenictus paradentatus
Formicidae,Aenictus,Aenictus parahuonicus
Formicidae,Aenictus,Aenictus peguensis
Formicidae,Aenictus,Aenictus pfeifferi
Formicidae,Aenictus,Aenictus pharao
Formicidae,Aenictus,Aenictus philiporum
Formicidae,Aenictus,Aenictus philippinensis
Formicidae,Aenictus,Aenictus piercei
Formicidae,Aenictus,Aenictus pilosus
Formicidae,Aenictus,Aenictus pinkaewi
Formicidae,Aenictus,Aenictus popeyei
Formicidae,Aenictus,Aenictus porizonoides
Formicidae,Aenictus,Aenictus powersi
Formicidae,Aenictus,Aenictus prolixus
Formicidae,Aenictus,Aenictus pubescens
Formicidae,Aenictus,Aenictus punctatus
Formicidae,Aenictus,Aenictus punctiventris
Formicidae,Aenictus,Aenictus punensis
Formicidae,Aenictus,Aenictus rabori
Formicidae,Aenictus,Aenictus raptor
Formicidae,Aenictus,Aenictus reyesi
Formicidae,Aenictus,Aenictus rhodiensis
Formicidae,Aenictus,Aenictus rixator
Formicidae,Aenictus,Aenictus rotundatus
Formicidae,Aenictus,Aenictus rotundicollis
Formicidae,Aenictus,Aenictus rougieri
Formicidae,Aenictus,Aenictus sagei
Formicidae,Aenictus,Aenictus samungi
Formicidae,Aenictus,Aenictus schneirlai
Formicidae,Aenictus,Aenictus seletarius
Formicidae,Aenictus,Aenictus shilintongae
Formicidae,Aenictus,Aenictus shillongensis
Formicidae,Aenictus,Aenictus shuckardi
Formicidae,Aenictus,Aenictus siamensis
Formicidae,Aenictus,Aenictus silvestrii
Formicidae,Aenictus,Aenictus sirenicus
Formicidae,Aenictus,Aenictus sonchaengi
Formicidae,Aenictus,Aenictus soudanicus
Formicidae,Aenictus,Aenictus spathifer
Formicidae,Aenictus,Aenictus steindachneri
Formicidae,Aenictus,Aenictus stenocephalus
Formicidae,Aenictus,Aenictus subterraneus
Formicidae,Aenictus,Aenictus sulawesiensis
Formicidae,Aenictus,Aenictus sumatrensis
Formicidae,Aenictus,Aenictus sundalandensis
Formicidae,Aenictus,Aenictus susanae
Formicidae,Aenictus,Aenictus thailandianus
Formicidae,Aenictus,Aenictus togoensis
Formicidae,Aenictus,Aenictus trigonus
Formicidae,Aenictus,Aenictus turneri
Formicidae,Aenictus,Aenictus ugaduwensis
Formicidae,Aenictus,Aenictus vagans
Formicidae,Aenictus,Aenictus vaucheri
Formicidae,Aenictus,Aenictus vieti
Formicidae,Aenictus,Aenictus villiersi
Formicidae,Aenictus,Aenictus watanasiti
Formicidae,Aenictus,Aenictus wayani
Formicidae,Aenictus,Aenictus weissi
Formicidae,Aenictus,Aenictus westwoodi
Formicidae,Aenictus,Aenictus wilaiae
Formicidae,Aenictus,Aenictus wilsoni
Formicidae,Aenictus,Aenictus wiwatwitayai
Formicidae,Aenictus,Aenictus wroughtonii
Formicidae,Aenictus,Aenictus wudangshanensis
Formicidae,Aenictus,Aenictus xegi
Formicidae,Aenictus,Aenictus yamanei
Formicidae,Aenictus,Aenictus yangi
Formicidae,Aenictus,Aenictus zhengi
Formicidae,Agraulomyrmex,Agraulomyrmex damohensis
Formicidae,Agraulomyrmex,Agraulomyrmex meridionalis
Formicidae,Agraulomyrmex,Agraulomyrmex sp
Formicidae,Agraulomyrmex,Agraulomyrmex wilsoni
Formicidae,Alfaria,Alfaria caelata
Formicidae,Alfaria,Alfaria falcifera
Formicidae,Alfaria,Alfaria fieldi
Formicidae,Alfaria,Alfaria minuta
Formicidae,Alfaria,Alfaria petiscapa
Formicidae,Alfaria,Alfaria piei
Formicidae,Alfaria,Alfaria simulans
Formicidae,Alfaria,Alfaria striolata
Formicidae,Alfaria,Alfaria vriesi
Formicidae,Alloformica,Alloformica aberrans
Formicidae,Alloformica,Alloformica flavicornis
Formicidae,Alloformica,Alloformica nitidior
Formicidae,Alloformica,Alloformica obscurior
Formicidae,Alloformica,Alloformica sp
Formicidae,Allomerus,Allomerus brevipilosus
Formicidae,Allomerus,Allomerus decemarticulatus
Formicidae,Allomerus,Allomerus dentatus
Formicidae,Allomerus,Allomerus maietae
Formicidae,Allomerus,Allomerus octoarticulatus
Formicidae,Allomerus,Allomerus septemarticulatus
Formicidae,Allomerus,Allomerus undecemarticulatus
Formicidae,Allomerus,Allomerus vogeli
Formicidae,Amblyopone,Amblyopone aberrans
Formicidae,Amblyopone,Amblyopone australis
Formicidae,Amblyopone,Amblyopone clarki
Formicidae,Amblyopone,Amblyopone ferruginea
Formicidae,Amblyopone,Amblyopone gingivalis
Formicidae,Amblyopone,Amblyopone hackeri
Formicidae,Amblyopone,Amblyopone leae
Formicidae,Amblyopone,Amblyopone longidens
Formicidae,Amblyopone,Amblyopone mercovichi
Formicidae,Amblyopone,Amblyopone michaelseni
Formicidae,Amoimyrmex,Amoimyrmex bruchi
Formicidae,Amoimyrmex,Amoimyrmex silvestrii
Formicidae,Amoimyrmex,Amoimyrmex striatus
Formicidae,Ancyridris,Ancyridris polyrhachioides
Formicidae,Ancyridris,Ancyridris rupicapra
Formicidae,Aneuretus,Aneuretus simoni
Formicidae,Anillidris,Anillidris bruchi
Formicidae,Anillidris,Anillidris sp
Formicidae,Anillomyrma,Anillomyrma decamera
Formicidae,Anillomyrma,Anillomyrma tridens
Formicidae,Ankylomyrma,Ankylomyrma coronacantha
Formicidae,Anochetus,Anochetus africanus
Formicidae,Anochetus,Anochetus agilis
Formicidae,Anochetus,Anochetus alae
Formicidae,Anochetus,Anochetus altisquamis
Formicidae,Anochetus,Anochetus angolensis
Formicidae,Anochetus,Anochetus annetteae
Formicidae,Anochetus,Anochetus armstrongi
Formicidae,Anochetus,Anochetus avius
Formicidae,Anochetus,Anochetus bequaerti
Formicidae,Anochetus,Anochetus bispinosus
Formicidae,Anochetus,Anochetus boltoni
Formicidae,Anochetus,Anochetus brevis
Formicidae,Anochetus,Anochetus bytinskii
Formicidae,Anochetus,Anochetus cato
Formicidae,Anochetus,Anochetus chirichinii
Formicidae,Anochetus,Anochetus chocoensis
Formicidae,Anochetus,Anochetus consultans
Formicidae,Anochetus,Anochetus cryptus
Formicidae,Anochetus,Anochetus daedalus
Formicidae,Anochetus,Anochetus diegensis
Formicidae,Anochetus,Anochetus elegans
Formicidae,Anochetus,Anochetus emarginatus
Formicidae,Anochetus,Anochetus evansi
Formicidae,Anochetus,Anochetus faurei
Formicidae,Anochetus,Anochetus fricatus
Formicidae,Anochetus,Anochetus fuliginosus
Formicidae,Anochetus,Anochetus ghilianii
Formicidae,Anochetus,Anochetus gladiator
Formicidae,Anochetus,Anochetus goodmani
Formicidae,Anochetus,Anochetus gracilis
Formicidae,Anochetus,Anochetus graeffei
Formicidae,Anochetus,Anochetus grandidieri
Formicidae,Anochetus,Anochetus haytianus
Formicidae,Anochetus,Anochetus hohenbergiae
Formicidae,Anochetus,Anochetus horridus
Formicidae,Anochetus,Anochetus inca
Formicidae,Anochetus,Anochetus incultus
Formicidae,Anochetus,Anochetus inermis
Formicidae,Anochetus,Anochetus isolatus
Formicidae,Anochetus,Anochetus jonesi
Formicidae,Anochetus,Anochetus kanariensis
Formicidae,Anochetus,Anochetus katonae
Formicidae,Anochetus,Anochetus kempfi
Formicidae,Anochetus,Anochetus lanyuensis
Formicidae,Anochetus,Anochetus levaillanti
Formicidae,Anochetus,Anochetus leyticus
Formicidae,Anochetus,Anochetus longifossatus
Formicidae,Anochetus,Anochetus longispinus
Formicidae,Anochetus,Anochetus longus
Formicidae,Anochetus,Anochetus madagascarensis
Formicidae,Anochetus,Anochetus madaraszi
Formicidae,Anochetus,Anochetus maryatiae
Formicidae,Anochetus,Anochetus maynei
Formicidae,Anochetus,Anochetus mayri
Formicidae,Anochetus,Anochetus medogensis
Formicidae,Anochetus,Anochetus micans
Formicidae,Anochetus,Anochetus minans
Formicidae,Anochetus,Anochetus miserabilis
Formicidae,Anochetus,Anochetus mixtus
Formicidae,Anochetus,Anochetus modicus
Formicidae,Anochetus,Anochetus muzziolii
Formicidae,Anochetus,Anochetus myops
Formicidae,Anochetus,Anochetus natalensis
Formicidae,Anochetus,Anochetus neglectus
Formicidae,Anochetus,Anochetus nietneri
Formicidae,Anochetus,Anochetus obscuratus
Formicidae,Anochetus,Anochetus obscurior
Formicidae,Anochetus,Anochetus orchidicola
Formicidae,Anochetus,Anochetus oriens
Formicidae,Anochetus,Anochetus orientalis
Formicidae,Anochetus,Anochetus pangantihoni
Formicidae,Anochetus,Anochetus pangens
Formicidae,Anochetus,Anochetus paripungens
Formicidae,Anochetus,Anochetus pattersoni
Formicidae,Anochetus,Anochetus pellucidus
Formicidae,Anochetus,Anochetus peracer
Formicidae,Anochetus,Anochetus princeps
Formicidae,Anochetus,Anochetus pubescens
Formicidae,Anochetus,Anochetus punctaticeps
Formicidae,Anochetus,Anochetus pupulatus
Formicidae,Anochetus,Anochetus rectangularis
Formicidae,Anochetus,Anochetus renatae
Formicidae,Anochetus,Anochetus risii
Formicidae,Anochetus,Anochetus rothschildi
Formicidae,Anochetus,Anochetus rufolatus
Formicidae,Anochetus,Anochetus rufostenus
Formicidae,Anochetus,Anochetus rufus
Formicidae,Anochetus,Anochetus ruginotus
Formicidae,Anochetus,Anochetus rugosus
Formicidae,Anochetus,Anochetus schoedli
Formicidae,Anochetus,Anochetus sedilloti
Formicidae,Anochetus,Anochetus seminiger
Formicidae,Anochetus,Anochetus shohki
Formicidae,Anochetus,Anochetus simoni
Formicidae,Anochetus,Anochetus siphneus
Formicidae,Anochetus,Anochetus splendidulus
Formicidae,Anochetus,Anochetus striatulus
Formicidae,Anochetus,Anochetus strigatellus
Formicidae,Anochetus,Anochetus subcoecus
Formicidae,Anochetus,Anochetus talpa
Formicidae,Anochetus,Anochetus targionii
Formicidae,Anochetus,Anochetus testaceus
Formicidae,Anochetus,Anochetus traegaordhi
Formicidae,Anochetus,Anochetus tua
Formicidae,Anochetus,Anochetus turneri
Formicidae,Anochetus,Anochetus validus
Formicidae,Anochetus,Anochetus vallensis
Formicidae,Anochetus,Anochetus variegatus
Formicidae,Anochetus,Anochetus veronicae
Formicidae,Anochetus,Anochetus vexator
Formicidae,Anochetus,Anochetus victoriae
Formicidae,Anochetus,Anochetus werneri
Formicidae,Anochetus,Anochetus wiesiae
Formicidae,Anochetus,Anochetus yerburyi
Formicidae,Anonychomyrma,Anonychomyrma anguliceps
Formicidae,Anonychomyrma,Anonychomyrma angusta
Formicidae,Anonychomyrma,Anonychomyrma arcadia
Formicidae,Anonychomyrma,Anonychomyrma biconvexa
Formicidae,Anonychomyrma,Anonychomyrma dimorpha
Formicidae,Anonychomyrma,Anonychomyrma extensa
Formicidae,Anonychomyrma,Anonychomyrma fornicata
Formicidae,Anonychomyrma,Anonychomyrma froggatti
Formicidae,Anonychomyrma,Anonychomyrma gigantea
Formicidae,Anonychomyrma,Anonychomyrma gilberti
Formicidae,Anonychomyrma,Anonychomyrma glabrata
Formicidae,Anonychomyrma,Anonychomyrma incisa
Formicidae,Anonychomyrma,Anonychomyrma inclinata
Formicidae,Anonychomyrma,Anonychomyrma itinerans
Formicidae,Anonychomyrma,Anonychomyrma longicapitata
Formicidae,Anonychomyrma,Anonychomyrma longiceps
Formicidae,Anonychomyrma,Anonychomyrma malandana
Formicidae,Anonychomyrma,Anonychomyrma minuta
Formicidae,Anonychomyrma,Anonychomyrma murina
Formicidae,Anonychomyrma,Anonychomyrma myrmex
Formicidae,Anonychomyrma,Anonychomyrma nitidiceps
Formicidae,Anonychomyrma,Anonychomyrma polita
Formicidae,Anonychomyrma,Anonychomyrma procidua
Formicidae,Anonychomyrma,Anonychomyrma purpurescens
Formicidae,Anonychomyrma,Anonychomyrma scrutator
Formicidae,Anonychomyrma,Anonychomyrma sellata
Formicidae,Anonychomyrma,Anonychomyrma tigris
Formicidae,Anoplolepis,Anoplolepis carinata
Formicidae,Anoplolepis,Anoplolepis custodiens
Formicidae,Anoplolepis,Anoplolepis fallax
Formicidae,Anoplolepis,Anoplolepis gracilipes
Formicidae,Anoplolepis,Anoplolepis kohli
Formicidae,Anoplolepis,Anoplolepis nuptialis
Formicidae,Anoplolepis,Anoplolepis opaciventris
Formicidae,Anoplolepis,Anoplolepis rufescens
Formicidae,Anoplolepis,Anoplolepis steingroeveri
Formicidae,Anoplolepis,Anoplolepis tenella
Formicidae,Aphomomyrmex,Aphomomyrmex afer
Formicidae,Apomyrma,Apomyrma stygia
Formicidae,Apterostigma,Apterostigma acre
Formicidae,Apterostigma,Apterostigma ancilonodum
Formicidae,Apterostigma,Apterostigma andense
Formicidae,Apterostigma,Apterostigma angustum
Formicidae,Apterostigma,Apterostigma auriculatum
Formicidae,Apterostigma,Apterostigma avium
Formicidae,Apterostigma,Apterostigma bolivianum
Formicidae,Apterostigma,Apterostigma bruchi
Formicidae,Apterostigma,Apterostigma callipygium
Formicidae,Apterostigma,Apterostigma calverti
Formicidae,Apterostigma,Apterostigma carinatum
Formicidae,Apterostigma,Apterostigma chocoense
Formicidae,Apterostigma,Apterostigma collare
Formicidae,Apterostigma,Apterostigma convexum
Formicidae,Apterostigma,Apterostigma dentigerum
Formicidae,Apterostigma,Apterostigma depressum
Formicidae,Apterostigma,Apterostigma dorotheae
Formicidae,Apterostigma,Apterostigma epinotale
Formicidae,Apterostigma,Apterostigma goniodes
Formicidae,Apterostigma,Apterostigma ierense
Formicidae,Apterostigma,Apterostigma jubatum
Formicidae,Apterostigma,Apterostigma madidiense
Formicidae,Apterostigma,Apterostigma manni
Formicidae,Apterostigma,Apterostigma mayri
Formicidae,Apterostigma,Apterostigma megacephala
Formicidae,Apterostigma,Apterostigma mexicanum
Formicidae,Apterostigma,Apterostigma moelleri
Formicidae,Apterostigma,Apterostigma pariense
Formicidae,Apterostigma,Apterostigma peruvianum
Formicidae,Apterostigma,Apterostigma pilosum
Formicidae,Apterostigma,Apterostigma reburrum
Formicidae,Apterostigma,Apterostigma robustum
Formicidae,Apterostigma,Apterostigma scutellare
Formicidae,Apterostigma,Apterostigma serratum
Formicidae,Apterostigma,Apterostigma spiculum
Formicidae,Apterostigma,Apterostigma steigeri
Formicidae,Apterostigma,Apterostigma tachirense
Formicidae,Apterostigma,Apterostigma tholiforme
Formicidae,Apterostigma,Apterostigma tramitis
Formicidae,Apterostigma,Apterostigma trapeziforme
Formicidae,Apterostigma,Apterostigma tropicoxa
Formicidae,Apterostigma,Apterostigma turgidum
Formicidae,Apterostigma,Apterostigma urichii
Formicidae,Apterostigma,Apterostigma wasmannii
Formicidae,Aptinoma,Aptinoma antongil
Formicidae,Aptinoma,Aptinoma mangabe
Formicidae,Aretidris,Aretidris buenaventei
Formicidae,Aretidris,Aretidris clousei
Formicidae,Arnoldius,Arnoldius AU01
Formicidae,Arnoldius,Arnoldius flavus
Formicidae,Arnoldius,Arnoldius pusillus
Formicidae,Arnoldius,Arnoldius scissor
Formicidae,Asphinctopone,Asphinctopone differens
Formicidae,Asphinctopone,Asphinctopone pilosa
Formicidae,Asphinctopone,Asphinctopone silvestrii
Formicidae,Atopomyrmex,Atopomyrmex calpocalycola
Formicidae,Atopomyrmex,Atopomyrmex cryptoceroides
Formicidae,Atopomyrmex,Atopomyrmex mocquerysi
Formicidae,Atta,Atta bisphaerica
Formicidae,Atta,Atta capiguara
Formicidae,Atta,Atta cephalotes
Formicidae,Atta,Atta colombica
Formicidae,Atta,Atta cubana
Formicidae,Atta,Atta dissimilis
Formicidae,Atta,Atta domicola
Formicidae,Atta,Atta goiana
Formicidae,Atta,Atta insularis
Formicidae,Atta,Atta laevigata
Formicidae,Atta,Atta mexicana
Formicidae,Atta,Atta opaciceps
Formicidae,Atta,Atta pilosa
Formicidae,Atta,Atta robusta
Formicidae,Atta,Atta saltensis
Formicidae,Atta,Atta sexdens
Formicidae,Atta,Atta tardigrada
Formicidae,Atta,Atta texana
Formicidae,Atta,Atta vollenweideri
Formicidae,Aulacopone,Aulacopone relicta
Formicidae,Aulacopone,Aulacopone sp
Formicidae,Austromorium,Austromorium flavigaster
Formicidae,Austromorium,Austromorium hetericki
Formicidae,Austroponera,Austroponera castanea
Formicidae,Austroponera,Austroponera castaneicolor
Formicidae,Austroponera,Austroponera pachynoda
Formicidae,Austroponera,Austroponera rufonigra
Formicidae,Axinidris,Axinidris acholli
Formicidae,Axinidris,Axinidris bidens
Formicidae,Axinidris,Axinidris denticulata
Formicidae,Axinidris,Axinidris gabonica
Formicidae,Axinidris,Axinidris ghanensis
Formicidae,Axinidris,Axinidris hylekoites
Formicidae,Axinidris,Axinidris hypoclinoides
Formicidae,Axinidris,Axinidris icipe
Formicidae,Axinidris,Axinidris kakamegensis
Formicidae,Axinidris,Axinidris kinoin
Formicidae,Axinidris,Axinidris lignicola
Formicidae,Axinidris,Axinidris luhya
Formicidae,Axinidris,Axinidris mlalu
Formicidae,Axinidris,Axinidris murielae
Formicidae,Axinidris,Axinidris namib
Formicidae,Axinidris,Axinidris nigripes
Formicidae,Axinidris,Axinidris occidentalis
Formicidae,Axinidris,Axinidris okekai
Formicidae,Axinidris,Axinidris palligastrion
Formicidae,Axinidris,Axinidris stageri
Formicidae,Axinidris,Axinidris tridens
Formicidae,Azteca,Azteca adrepens
Formicidae,Azteca,Azteca aesopus
Formicidae,Azteca,Azteca alfari
Formicidae,Azteca,Azteca andreae
Formicidae,Azteca,Azteca angusticeps
Formicidae,Azteca,Azteca aragua
Formicidae,Azteca,Azteca aurita
Formicidae,Azteca,Azteca australis
Formicidae,Azteca,Azteca barbifex
Formicidae,Azteca,Azteca beltii
Formicidae,Azteca,Azteca bequaerti
Formicidae,Azteca,Azteca brevicornis
Formicidae,Azteca,Azteca brevis
Formicidae,Azteca,Azteca chartifex
Formicidae,Azteca,Azteca christopherseni
Formicidae,Azteca,Azteca coeruleipennis
Formicidae,Azteca,Azteca constructor
Formicidae,Azteca,Azteca cordincola
Formicidae,Azteca,Azteca coussapoae
Formicidae,Azteca,Azteca crassicornis
Formicidae,Azteca,Azteca delpini
Formicidae,Azteca,Azteca depilis
Formicidae,Azteca,Azteca diabolica
Formicidae,Azteca,Azteca duckei
Formicidae,Azteca,Azteca duroiae
Formicidae,Azteca,Azteca emeryi
Formicidae,Azteca,Azteca fasciata
Formicidae,Azteca,Azteca flavigaster
Formicidae,Azteca,Azteca forelii
Formicidae,Azteca,Azteca foveiceps
Formicidae,Azteca,Azteca gnava
Formicidae,Azteca,Azteca godmani
Formicidae,Azteca,Azteca goeldii
Formicidae,Azteca,Azteca huberi
Formicidae,Azteca,Azteca hypophylla
Formicidae,Azteca,Azteca iheringi
Formicidae,Azteca,Azteca instabilis
Formicidae,Azteca,Azteca isthmica
Formicidae,Azteca,Azteca jelskii
Formicidae,Azteca,Azteca juruensis
Formicidae,Azteca,Azteca lallemandi
Formicidae,Azteca,Azteca lanuginosa
Formicidae,Azteca,Azteca lattke
Formicidae,Azteca,Azteca laurae
Formicidae,Azteca,Azteca linamariae
Formicidae,Azteca,Azteca longiceps
Formicidae,Azteca,Azteca lucida
Formicidae,Azteca,Azteca luederwaldti
Formicidae,Azteca,Azteca mayrii
Formicidae,Azteca,Azteca merida
Formicidae,Azteca,Azteca minor
Formicidae,Azteca,Azteca muelleri
Formicidae,Azteca,Azteca nanogyna
Formicidae,Azteca,Azteca nigra
Formicidae,Azteca,Azteca nigricans
Formicidae,Azteca,Azteca oecocordia
Formicidae,Azteca,Azteca olitrix
Formicidae,Azteca,Azteca ovaticeps
Formicidae,Azteca,Azteca paraensis
Formicidae,Azteca,Azteca petalocephala
Formicidae,Azteca,Azteca pilosula
Formicidae,Azteca,Azteca pittieri
Formicidae,Azteca,Azteca polymorpha
Formicidae,Azteca,Azteca quadraticeps
Formicidae,Azteca,Azteca salti
Formicidae,Azteca,Azteca sapii
Formicidae,Azteca,Azteca schimperi
Formicidae,Azteca,Azteca schumannii
Formicidae,Azteca,Azteca sericea
Formicidae,Azteca,Azteca sericeasur
Formicidae,Azteca,Azteca severini
Formicidae,Azteca,Azteca snellingi
Formicidae,Azteca,Azteca stanleyuli
Formicidae,Azteca,Azteca stigmatica
Formicidae,Azteca,Azteca subopaca
Formicidae,Azteca,Azteca tachigaliae
Formicidae,Azteca,Azteca theresiae
Formicidae,Azteca,Azteca tonduzi
Formicidae,Azteca,Azteca trailii
Formicidae,Azteca,Azteca trianguliceps
Formicidae,Azteca,Azteca trigona
Formicidae,Azteca,Azteca ulei
Formicidae,Azteca,Azteca velox
Formicidae,Azteca,Azteca xanthochroa
Formicidae,Bajcaridris,Bajcaridris kraussii
Formicidae,Bajcaridris,Bajcaridris menozzii
Formicidae,Bajcaridris,Bajcaridris theryi
Formicidae,Baracidris,Baracidris meketra
Formicidae,Baracidris,Baracidris pilosa
Formicidae,Baracidris,Baracidris sitra
Formicidae,Bariamyrma,Bariamyrma hispidula
Formicidae,Basiceros,Basiceros browni
Formicidae,Basiceros,Basiceros conjugans
Formicidae,Basiceros,Basiceros convexiceps
Formicidae,Basiceros,Basiceros disciger
Formicidae,Basiceros,Basiceros manni
Formicidae,Basiceros,Basiceros militaris
Formicidae,Basiceros,Basiceros scambognathus
Formicidae,Basiceros,Basiceros singularis
Formicidae,Basiceros,Basiceros tumucumaquensis
Formicidae,Bazboltonia,Bazboltonia microps
Formicidae,Belonopelta,Belonopelta attenuata
Formicidae,Belonopelta,Belonopelta deletrix
Formicidae,Blepharidatta,Blepharidatta brasiliensis
Formicidae,Blepharidatta,Blepharidatta conops
Formicidae,Blepharidatta,Blepharidatta delabiei
Formicidae,Blepharidatta,Blepharidatta fernandezi
Formicidae,Boloponera,Boloponera ikemkha
Formicidae,Boloponera,Boloponera vicans
Formicidae,Boltonopone,Boltonopone ancilla
Formicidae,Boltonopone,Boltonopone crassa
Formicidae,Boltonopone,Boltonopone escherichi
Formicidae,Boltonopone,Boltonopone glabripes
Formicidae,Boltonopone,Boltonopone ilgii
Formicidae,Boltonopone,Boltonopone kruegeri
Formicidae,Boltonopone,Boltonopone notaula
Formicidae,Boltonopone,Boltonopone picardi
Formicidae,Boltonopone,Boltonopone pilosuperficia
Formicidae,Boltonopone,Boltonopone rubiginosa
Formicidae,Boltonopone,Boltonopone ryderae
Formicidae,Boltonopone,Boltonopone silvestrii
Formicidae,Boltonopone,Boltonopone soror
Formicidae,Boltonopone,Boltonopone sulcata
Formicidae,Boltonopone,Boltonopone tesseronoda
Formicidae,Boltonopone,Boltonopone williamsi
Formicidae,Bondroitia,Bondroitia lujae
Formicidae,Bondroitia,Bondroitia saharensis
Formicidae,Bondroitia,Bondroitia sp
Formicidae,Bothriomyrmex,Bothriomyrmex anastasiae
Formicidae,Bothriomyrmex,Bothriomyrmex atlantis
Formicidae,Bothriomyrmex,Bothriomyrmex breviceps
Formicidae,Bothriomyrmex,Bothriomyrmex communista
Formicidae,Bothriomyrmex,Bothriomyrmex corsicus
Formicidae,Bothriomyrmex,Bothriomyrmex costae
Formicidae,Bothriomyrmex,Bothriomyrmex crosi
Formicidae,Bothriomyrmex,Bothriomyrmex cuculus
Formicidae,Bothriomyrmex,Bothriomyrmex decapitans
Formicidae,Bothriomyrmex,Bothriomyrmex emarginatus
Formicidae,Bothriomyrmex,Bothriomyrmex enigmaticus
Formicidae,Bothriomyrmex,Bothriomyrmex inquilinus
Formicidae,Bothriomyrmex,Bothriomyrmex kusnezovi
Formicidae,Bothriomyrmex,Bothriomyrmex laticeps
Formicidae,Bothriomyrmex,Bothriomyrmex meridionalis
Formicidae,Bothriomyrmex,Bothriomyrmex modestus
Formicidae,Bothriomyrmex,Bothriomyrmex paradoxus
Formicidae,Bothriomyrmex,Bothriomyrmex pubens
Formicidae,Bothriomyrmex,Bothriomyrmex regicidus
Formicidae,Bothriomyrmex,Bothriomyrmex salsurae
Formicidae,Bothriomyrmex,Bothriomyrmex saundersi
Formicidae,Bothriomyrmex,Bothriomyrmex syria
Formicidae,Bothriomyrmex,Bothriomyrmex turcomenicus
Formicidae,Bothriomyrmex,Bothriomyrmex urartus
Formicidae,Bothroponera,Bothroponera aspera
Formicidae,Bothroponera,Bothroponera berthoudi
Formicidae,Bothroponera,Bothroponera cambouei
Formicidae,Bothroponera,Bothroponera cariosa
Formicidae,Bothroponera,Bothroponera cavernosa
Formicidae,Bothroponera,Bothroponera comorensis
Formicidae,Bothroponera,Bothroponera cribrata
Formicidae,Bothroponera,Bothroponera fugax
Formicidae,Bothroponera,Bothroponera granosa
Formicidae,Bothroponera,Bothroponera henryi
Formicidae,Bothroponera,Bothroponera jonesii
Formicidae,Bothroponera,Bothroponera laevissima
Formicidae,Bothroponera,Bothroponera masoala
Formicidae,Bothroponera,Bothroponera montivaga
Formicidae,Bothroponera,Bothroponera pachyderma
Formicidae,Bothroponera,Bothroponera perroti
Formicidae,Bothroponera,Bothroponera planicornis
Formicidae,Bothroponera,Bothroponera pumicosa
Formicidae,Bothroponera,Bothroponera rubescens
Formicidae,Bothroponera,Bothroponera sanguinea
Formicidae,Bothroponera,Bothroponera sculpturata
Formicidae,Bothroponera,Bothroponera strigulosa
Formicidae,Bothroponera,Bothroponera talpa
Formicidae,Bothroponera,Bothroponera tavaratra
Formicidae,Bothroponera,Bothroponera umgodikulula
Formicidae,Bothroponera,Bothroponera vazimba
Formicidae,Bothroponera,Bothroponera wasmannii
Formicidae,Bothroponera,Bothroponera zumpti
Formicidae,Brachymyrmex,Brachymyrmex admotus
Formicidae,Brachymyrmex,Brachymyrmex antennatus
Formicidae,Brachymyrmex,Brachymyrmex aphidicola
Formicidae,Brachymyrmex,Brachymyrmex attenuatus
Formicidae,Brachymyrmex,Brachymyrmex australis
Formicidae,Brachymyrmex,Brachymyrmex bahamensis
Formicidae,Brachymyrmex,Brachymyrmex bicolor
Formicidae,Brachymyrmex,Brachymyrmex bonariensis
Formicidae,Brachymyrmex,Brachymyrmex brasiliensis
Formicidae,Brachymyrmex,Brachymyrmex bruchi
Formicidae,Brachymyrmex,Brachymyrmex cavernicola
Formicidae,Brachymyrmex,Brachymyrmex coactus
Formicidae,Brachymyrmex,Brachymyrmex cordemoyi
Formicidae,Brachymyrmex,Brachymyrmex degener
Formicidae,Brachymyrmex,Brachymyrmex delabiei
Formicidae,Brachymyrmex,Brachymyrmex depilis
Formicidae,Brachymyrmex,Brachymyrmex donisthorpei
Formicidae,Brachymyrmex,Brachymyrmex feitosai
Formicidae,Brachymyrmex,Brachymyrmex fiebrigi
Formicidae,Brachymyrmex,Brachymyrmex flavidulus
Formicidae,Brachymyrmex,Brachymyrmex gagates
Formicidae,Brachymyrmex,Brachymyrmex gaucho
Formicidae,Brachymyrmex,Brachymyrmex giardi
Formicidae,Brachymyrmex,Brachymyrmex heeri
Formicidae,Brachymyrmex,Brachymyrmex iridescens
Formicidae,Brachymyrmex,Brachymyrmex micromegas
Formicidae,Brachymyrmex,Brachymyrmex minutus
Formicidae,Brachymyrmex,Brachymyrmex modestus
Formicidae,Brachymyrmex,Brachymyrmex musculus
Formicidae,Brachymyrmex,Brachymyrmex myops
Formicidae,Brachymyrmex,Brachymyrmex nebulosus
Formicidae,Brachymyrmex,Brachymyrmex obscurior
Formicidae,Brachymyrmex,Brachymyrmex oculatus
Formicidae,Brachymyrmex,Brachymyrmex patagonicus
Formicidae,Brachymyrmex,Brachymyrmex pictus
Formicidae,Brachymyrmex,Brachymyrmex pilipes
Formicidae,Brachymyrmex,Brachymyrmex santschii
Formicidae,Brachymyrmex,Brachymyrmex sosai
Formicidae,Brachymyrmex,Brachymyrmex termitophilus
Formicidae,Brachymyrmex,Brachymyrmex tristis
Formicidae,Brachyponera,Brachyponera arcuata
Formicidae,Brachyponera,Brachyponera atrata
Formicidae,Brachyponera,Brachyponera batak
Formicidae,Brachyponera,Brachyponera brevidorsa
Formicidae,Brachyponera,Brachyponera candida
Formicidae,Brachyponera,Brachyponera chinensis
Formicidae,Brachyponera,Brachyponera christmasi
Formicidae,Brachyponera,Brachyponera croceicornis
Formicidae,Brachyponera,Brachyponera flavipes
Formicidae,Brachyponera,Brachyponera jerdonii
Formicidae,Brachyponera,Brachyponera kumtongi
Formicidae,Brachyponera,Brachyponera lutea
Formicidae,Brachyponera,Brachyponera luteipes
Formicidae,Brachyponera,Brachyponera myops
Formicidae,Brachyponera,Brachyponera nakasujii
Formicidae,Brachyponera,Brachyponera nigrita
Formicidae,Brachyponera,Brachyponera obscurans
Formicidae,Brachyponera,Brachyponera paraarcuata
Formicidae,Brachyponera,Brachyponera pilidorsalis
Formicidae,Brachyponera,Brachyponera sennaarensis
Formicidae,Brachyponera,Brachyponera troglomorpha
Formicidae,Brachyponera,Brachyponera wallacea
Formicidae,Brachyponera,Brachyponera xui
Formicidae,Bregmatomyrma,Bregmatomyrma carnosa
Formicidae,Bregmatomyrma,Bregmatomyrma sp
Formicidae,Buniapone,Buniapone amblyops
Formicidae,Calomyrmex,Calomyrmex albertisi
Formicidae,Calomyrmex,Calomyrmex albopilosus
Formicidae,Calomyrmex,Calomyrmex glauerti
Formicidae,Calomyrmex,Calomyrmex impavidus
Formicidae,Calomyrmex,Calomyrmex laevissimus
Formicidae,Calomyrmex,Calomyrmex purpureus
Formicidae,Calomyrmex,Calomyrmex similis
Formicidae,Calomyrmex,Calomyrmex splendidus
Formicidae,Calomyrmex,Calomyrmex tropicus
Formicidae,Calyptomyrmex,Calyptomyrmex arnoldi
Formicidae,Calyptomyrmex,Calyptomyrmex asper
Formicidae,Calyptomyrmex,Calyptomyrmex barak
Formicidae,Calyptomyrmex,Calyptomyrmex beccarii
Formicidae,Calyptomyrmex,Calyptomyrmex brevis
Formicidae,Calyptomyrmex,Calyptomyrmex brunneus
Formicidae,Calyptomyrmex,Calyptomyrmex caledonicus
Formicidae,Calyptomyrmex,Calyptomyrmex clavatus
Formicidae,Calyptomyrmex,Calyptomyrmex claviseta
Formicidae,Calyptomyrmex,Calyptomyrmex danum
Formicidae,Calyptomyrmex,Calyptomyrmex duhun
Formicidae,Calyptomyrmex,Calyptomyrmex foreli
Formicidae,Calyptomyrmex,Calyptomyrmex fragarus
Formicidae,Calyptomyrmex,Calyptomyrmex friederikae
Formicidae,Calyptomyrmex,Calyptomyrmex fritillus
Formicidae,Calyptomyrmex,Calyptomyrmex grammus
Formicidae,Calyptomyrmex,Calyptomyrmex kaurus
Formicidae,Calyptomyrmex,Calyptomyrmex laotius
Formicidae,Calyptomyrmex,Calyptomyrmex lineolus
Formicidae,Calyptomyrmex,Calyptomyrmex loweryi
Formicidae,Calyptomyrmex,Calyptomyrmex nedjem
Formicidae,Calyptomyrmex,Calyptomyrmex nummuliticus
Formicidae,Calyptomyrmex,Calyptomyrmex ocullatus
Formicidae,Calyptomyrmex,Calyptomyrmex piripilis
Formicidae,Calyptomyrmex,Calyptomyrmex rectopilosus
Formicidae,Calyptomyrmex,Calyptomyrmex rennefer
Formicidae,Calyptomyrmex,Calyptomyrmex retrostriatus
Formicidae,Calyptomyrmex,Calyptomyrmex ryderae
Formicidae,Calyptomyrmex,Calyptomyrmex sabahensis
Formicidae,Calyptomyrmex,Calyptomyrmex shasu
Formicidae,Calyptomyrmex,Calyptomyrmex singalensis
Formicidae,Calyptomyrmex,Calyptomyrmex sparsus
Formicidae,Calyptomyrmex,Calyptomyrmex stellatus
Formicidae,Calyptomyrmex,Calyptomyrmex tamil
Formicidae,Calyptomyrmex,Calyptomyrmex taylori
Formicidae,Calyptomyrmex,Calyptomyrmex tensus
Formicidae,Calyptomyrmex,Calyptomyrmex vedda
Formicidae,Calyptomyrmex,Calyptomyrmex wittmeri
Formicidae,Camponotus,Camponotus aberrans
Formicidae,Camponotus,Camponotus abjectus
Formicidae,Camponotus,Camponotus abrahami
Formicidae,Camponotus,Camponotus abscisus
Formicidae,Camponotus,Camponotus absquatulator
Formicidae,Camponotus,Camponotus abunanus
Formicidae,Camponotus,Camponotus acutirostris
Formicidae,Camponotus,Camponotus acvapimensis
Formicidae,Camponotus,Camponotus adami
Formicidae,Camponotus,Camponotus adenensis
Formicidae,Camponotus,Camponotus adustus
Formicidae,Camponotus,Camponotus aegaeus
Formicidae,Camponotus,Camponotus aegyptiacus
Formicidae,Camponotus,Camponotus aeneopilosus
Formicidae,Camponotus,Camponotus aequatorialis
Formicidae,Camponotus,Camponotus aequitas
Formicidae,Camponotus,Camponotus aethiops
Formicidae,Camponotus,Camponotus afflatus
Formicidae,Camponotus,Camponotus ager
Formicidae,Camponotus,Camponotus agonius
Formicidae,Camponotus,Camponotus aguilerai
Formicidae,Camponotus,Camponotus aina
Formicidae,Camponotus,Camponotus akiae
Formicidae,Camponotus,Camponotus aktaci
Formicidae,Camponotus,Camponotus alacer
Formicidae,Camponotus,Camponotus alamaina
Formicidae,Camponotus,Camponotus albicoxis
Formicidae,Camponotus,Camponotus albipes
Formicidae,Camponotus,Camponotus albistramineus
Formicidae,Camponotus,Camponotus albivillosus
Formicidae,Camponotus,Camponotus alboannulatus
Formicidae,Camponotus,Camponotus albocinctus
Formicidae,Camponotus,Camponotus albosparsus
Formicidae,Camponotus,Camponotus alii
Formicidae,Camponotus,Camponotus altivagans
Formicidae,Camponotus,Camponotus amamianus
Formicidae,Camponotus,Camponotus amaurus
Formicidae,Camponotus,Camponotus americana
Formicidae,Camponotus,Camponotus americanus
Formicidae,Camponotus,Camponotus amoris
Formicidae,Camponotus,Camponotus amphidus
Formicidae,Camponotus,Camponotus anatolicus
Formicidae,Camponotus,Camponotus andrei
Formicidae,Camponotus,Camponotus andrewsi
Formicidae,Camponotus,Camponotus andrianjaka
Formicidae,Camponotus,Camponotus androy
Formicidae,Camponotus,Camponotus andyyoungi
Formicidae,Camponotus,Camponotus anezkae
Formicidae,Camponotus,Camponotus anguliceps
Formicidae,Camponotus,Camponotus angusticeps
Formicidae,Camponotus,Camponotus angusticollis
Formicidae,Camponotus,Camponotus anningensis
Formicidae,Camponotus,Camponotus annulatus
Formicidae,Camponotus,Camponotus anthrax
Formicidae,Camponotus,Camponotus antsaraingy
Formicidae,Camponotus,Camponotus apicalis
Formicidae,Camponotus,Camponotus apostolus
Formicidae,Camponotus,Camponotus arabicus
Formicidae,Camponotus,Camponotus arboreus
Formicidae,Camponotus,Camponotus arcuatus
Formicidae,Camponotus,Camponotus arenatus
Formicidae,Camponotus,Camponotus argus
Formicidae,Camponotus,Camponotus arhuacus
Formicidae,Camponotus,Camponotus armeniacus
Formicidae,Camponotus,Camponotus arminius
Formicidae,Camponotus,Camponotus armstrongi
Formicidae,Camponotus,Camponotus arnoldinus
Formicidae,Camponotus,Camponotus aro
Formicidae,Camponotus,Camponotus arrogans
Formicidae,Camponotus,Camponotus asara
Formicidae,Camponotus,Camponotus ashokai
Formicidae,Camponotus,Camponotus asli
Formicidae,Camponotus,Camponotus aterrimus
Formicidae,Camponotus,Camponotus atimo
Formicidae,Camponotus,Camponotus atlantis
Formicidae,Camponotus,Camponotus atra
Formicidae,Camponotus,Camponotus atriceps
Formicidae,Camponotus,Camponotus atricolor
Formicidae,Camponotus,Camponotus atriscapus
Formicidae,Camponotus,Camponotus atrox
Formicidae,Camponotus,Camponotus augustei
Formicidae,Camponotus,Camponotus auratiacus
Formicidae,Camponotus,Camponotus aurelianus
Formicidae,Camponotus,Camponotus aureopilus
Formicidae,Camponotus,Camponotus aureus
Formicidae,Camponotus,Camponotus auricomus
Formicidae,Camponotus,Camponotus auriculatus
Formicidae,Camponotus,Camponotus auriventris
Formicidae,Camponotus,Camponotus aurocinctus
Formicidae,Camponotus,Camponotus aurofasciatus
Formicidae,Camponotus,Camponotus auropubens
Formicidae,Camponotus,Camponotus aurosus
Formicidae,Camponotus,Camponotus autrani
Formicidae,Camponotus,Camponotus avius
Formicidae,Camponotus,Camponotus bakeri
Formicidae,Camponotus,Camponotus bakhtiariensis
Formicidae,Camponotus,Camponotus baldaccii
Formicidae,Camponotus,Camponotus balzani
Formicidae,Camponotus,Camponotus banghaasi
Formicidae,Camponotus,Camponotus barbaricus
Formicidae,Camponotus,Camponotus barbarossa
Formicidae,Camponotus,Camponotus barbatus
Formicidae,Camponotus,Camponotus barbosus
Formicidae,Camponotus,Camponotus basuto
Formicidae,Camponotus,Camponotus batesii
Formicidae,Camponotus,Camponotus bayeri
Formicidae,Camponotus,Camponotus baynei
Formicidae,Camponotus,Camponotus beccarii
Formicidae,Camponotus,Camponotus becki
Formicidae,Camponotus,Camponotus bedoti
Formicidae,Camponotus,Camponotus beebei
Formicidae,Camponotus,Camponotus bellacolor
Formicidae,Camponotus,Camponotus belligerus
Formicidae,Camponotus,Camponotus bellus
Formicidae,Camponotus,Camponotus belumensis
Formicidae,Camponotus,Camponotus bemaheva
Formicidae,Camponotus,Camponotus benguelensis
Formicidae,Camponotus,Camponotus benguetensis
Formicidae,Camponotus,Camponotus bermudezi
Formicidae,Camponotus,Camponotus berthoudi
Formicidae,Camponotus,Camponotus bertolonii
Formicidae,Camponotus,Camponotus bevohitra
Formicidae,Camponotus,Camponotus bianconii
Formicidae,Camponotus,Camponotus bidens
Formicidae,Camponotus,Camponotus bifossus
Formicidae,Camponotus,Camponotus bigenus
Formicidae,Camponotus,Camponotus binghamii
Formicidae,Camponotus,Camponotus biolleyi
Formicidae,Camponotus,Camponotus bishamon
Formicidae,Camponotus,Camponotus bispinosus
Formicidae,Camponotus,Camponotus bituberculatus
Formicidae,Camponotus,Camponotus blandus
Formicidae,Camponotus,Camponotus bocki
Formicidae,Camponotus,Camponotus boghossiani
Formicidae,Camponotus,Camponotus boivini
Formicidae,Camponotus,Camponotus bonariensis
Formicidae,Camponotus,Camponotus borellii
Formicidae,Camponotus,Camponotus boriquen
Formicidae,Camponotus,Camponotus bottegoi
Formicidae,Camponotus,Camponotus bozaka
Formicidae,Camponotus,Camponotus bradleyi
Formicidae,Camponotus,Camponotus branneri
Formicidae,Camponotus,Camponotus brasiliensis
Formicidae,Camponotus,Camponotus braunsi
Formicidae,Camponotus,Camponotus brettesi
Formicidae,Camponotus,Camponotus brevicollis
Formicidae,Camponotus,Camponotus brevipilis
Formicidae,Camponotus,Camponotus brevis
Formicidae,Camponotus,Camponotus breviscapus
Formicidae,Camponotus,Camponotus brevisetosus
Formicidae,Camponotus,Camponotus britteni
Formicidae,Camponotus,Camponotus brookei
Formicidae,Camponotus,Camponotus bruchi
Formicidae,Camponotus,Camponotus brullei
Formicidae,Camponotus,Camponotus bruneiensis
Formicidae,Camponotus,Camponotus brunni
Formicidae,Camponotus,Camponotus brutus
Formicidae,Camponotus,Camponotus buchholzi
Formicidae,Camponotus,Camponotus buchneri
Formicidae,Camponotus,Camponotus buddhae
Formicidae,Camponotus,Camponotus bugnioni
Formicidae,Camponotus,Camponotus burgeoni
Formicidae,Camponotus,Camponotus butteli
Formicidae,Camponotus,Camponotus buttikeri
Formicidae,Camponotus,Camponotus cacicus
Formicidae,Camponotus,Camponotus caesar
Formicidae,Camponotus,Camponotus caffer
Formicidae,Camponotus,Camponotus callistus
Formicidae,Camponotus,Camponotus callmorphus
Formicidae,Camponotus,Camponotus camelinus
Formicidae,Camponotus,Camponotus cameloides
Formicidae,Camponotus,Camponotus cameranoi
Formicidae,Camponotus,Camponotus cameratus
Formicidae,Camponotus,Camponotus cameroni
Formicidae,Camponotus,Camponotus candiotes
Formicidae,Camponotus,Camponotus canescens
Formicidae,Camponotus,Camponotus capito
Formicidae,Camponotus,Camponotus capperi
Formicidae,Camponotus,Camponotus caracalla
Formicidae,Camponotus,Camponotus carbo
Formicidae,Camponotus,Camponotus carbonarius
Formicidae,Camponotus,Camponotus carin
Formicidae,Camponotus,Camponotus carinifer
Formicidae,Camponotus,Camponotus caryae
Formicidae,Camponotus,Camponotus castaneus
Formicidae,Camponotus,Camponotus castanicola
Formicidae,Camponotus,Camponotus cecconii
Formicidae,Camponotus,Camponotus cemeryi
Formicidae,Camponotus,Camponotus ceriseipes
Formicidae,Camponotus,Camponotus cervicalis
Formicidae,Camponotus,Camponotus chalceoides
Formicidae,Camponotus,Camponotus chalceus
Formicidae,Camponotus,Camponotus championi
Formicidae,Camponotus,Camponotus chapini
Formicidae,Camponotus,Camponotus chartifex
Formicidae,Camponotus,Camponotus chazaliei
Formicidae,Camponotus,Camponotus cheesmanae
Formicidae,Camponotus,Camponotus chilensis
Formicidae,Camponotus,Camponotus chloroticus
Formicidae,Camponotus,Camponotus chongqingensis
Formicidae,Camponotus,Camponotus chrislaini
Formicidae,Camponotus,Camponotus christi
Formicidae,Camponotus,Camponotus christophei
Formicidae,Camponotus,Camponotus christopherseni
Formicidae,Camponotus,Camponotus chriswilsoni
Formicidae,Camponotus,Camponotus chromaiodes
Formicidae,Camponotus,Camponotus chrysurus
Formicidae,Camponotus,Camponotus chucki
Formicidae,Camponotus,Camponotus cilicicus
Formicidae,Camponotus,Camponotus cillae
Formicidae,Camponotus,Camponotus cinctellus
Formicidae,Camponotus,Camponotus cinerascens
Formicidae,Camponotus,Camponotus cinereus
Formicidae,Camponotus,Camponotus cingulatus
Formicidae,Camponotus,Camponotus circularis
Formicidae,Camponotus,Camponotus circumspectus
Formicidae,Camponotus,Camponotus clarior
Formicidae,Camponotus,Camponotus claripes
Formicidae,Camponotus,Camponotus clarithorax
Formicidae,Camponotus,Camponotus claveri
Formicidae,Camponotus,Camponotus claviscapus
Formicidae,Camponotus,Camponotus cleobulus
Formicidae,Camponotus,Camponotus clypeatus
Formicidae,Camponotus,Camponotus cocosensis
Formicidae,Camponotus,Camponotus cognatocompressus
Formicidae,Camponotus,Camponotus coloratus
Formicidae,Camponotus,Camponotus compositor
Formicidae,Camponotus,Camponotus compressiscapus
Formicidae,Camponotus,Camponotus compressus
Formicidae,Camponotus,Camponotus concilians
Formicidae,Camponotus,Camponotus concolor
Formicidae,Camponotus,Camponotus concurrens
Formicidae,Camponotus,Camponotus confluens
Formicidae,Camponotus,Camponotus confucii
Formicidae,Camponotus,Camponotus confusus
Formicidae,Camponotus,Camponotus congolensis
Formicidae,Camponotus,Camponotus coniceps
Formicidae,Camponotus,Camponotus conradti
Formicidae,Camponotus,Camponotus consanguineus
Formicidae,Camponotus,Camponotus consectator
Formicidae,Camponotus,Camponotus consobrinus
Formicidae,Camponotus,Camponotus conspicuus
Formicidae,Camponotus,Camponotus constructor
Formicidae,Camponotus,Camponotus contractus
Formicidae,Camponotus,Camponotus conulus
Formicidae,Camponotus,Camponotus convexiclypeus
Formicidae,Camponotus,Camponotus coptobregma
Formicidae,Camponotus,Camponotus cordiceps
Formicidae,Camponotus,Camponotus cordincola
Formicidae,Camponotus,Camponotus coriolanus
Formicidae,Camponotus,Camponotus corniculatus
Formicidae,Camponotus,Camponotus cornis
Formicidae,Camponotus,Camponotus coruscus
Formicidae,Camponotus,Camponotus cosmicus
Formicidae,Camponotus,Camponotus coxalis
Formicidae,Camponotus,Camponotus crassicornis
Formicidae,Camponotus,Camponotus crassiculus
Formicidae,Camponotus,Camponotus crassisquamis
Formicidae,Camponotus,Camponotus crassus
Formicidae,Camponotus,Camponotus crawleyi
Formicidae,Camponotus,Camponotus crenatus
Formicidae,Camponotus,Camponotus crepusculi
Formicidae,Camponotus,Camponotus cressoni
Formicidae,Camponotus,Camponotus criniticeps
Formicidae,Camponotus,Camponotus crispulus
Formicidae,Camponotus,Camponotus crozieri
Formicidae,Camponotus,Camponotus crucheti
Formicidae,Camponotus,Camponotus cruentatus
Formicidae,Camponotus,Camponotus ctenopilosus
Formicidae,Camponotus,Camponotus cuauhtemoc
Formicidae,Camponotus,Camponotus cubangensis
Formicidae,Camponotus,Camponotus cuneidorsus
Formicidae,Camponotus,Camponotus cuneiscapus
Formicidae,Camponotus,Camponotus curviscapus
Formicidae,Camponotus,Camponotus cyrtomyrmodes
Formicidae,Camponotus,Camponotus daitoensis
Formicidae,Camponotus,Camponotus dalmasi
Formicidae,Camponotus,Camponotus dalmaticus
Formicidae,Camponotus,Camponotus daraina
Formicidae,Camponotus,Camponotus darlingtoni
Formicidae,Camponotus,Camponotus darwinii
Formicidae,Camponotus,Camponotus debellator
Formicidae,Camponotus,Camponotus decessor
Formicidae,Camponotus,Camponotus decipiens
Formicidae,Camponotus,Camponotus declivus
Formicidae,Camponotus,Camponotus dedalus
Formicidae,Camponotus,Camponotus deletangi
Formicidae,Camponotus,Camponotus densopilus
Formicidae,Camponotus,Camponotus depressiceps
Formicidae,Camponotus,Camponotus depressus
Formicidae,Camponotus,Camponotus desantii
Formicidae,Camponotus,Camponotus descarpentriesi
Formicidae,Camponotus,Camponotus detritus
Formicidae,Camponotus,Camponotus devestivus
Formicidae,Camponotus,Camponotus dewitzii
Formicidae,Camponotus,Camponotus dicksoni
Formicidae,Camponotus,Camponotus difformis
Formicidae,Camponotus,Camponotus dimorphus
Formicidae,Camponotus,Camponotus diplopunctatus
Formicidae,Camponotus,Camponotus discolor
Formicidae,Camponotus,Camponotus discors
Formicidae,Camponotus,Camponotus distinguendus
Formicidae,Camponotus,Camponotus divergens
Formicidae,Camponotus,Camponotus diversipalpus
Formicidae,Camponotus,Camponotus dolabratus
Formicidae,Camponotus,Camponotus dolendus
Formicidae,Camponotus,Camponotus dolichoderoides
Formicidae,Camponotus,Camponotus donisthorpei
Formicidae,Camponotus,Camponotus donnellani
Formicidae,Camponotus,Camponotus dorex
Formicidae,Camponotus,Camponotus dorycus
Formicidae,Camponotus,Camponotus dromas
Formicidae,Camponotus,Camponotus dromedarius
Formicidae,Camponotus,Camponotus druryi
Formicidae,Camponotus,Camponotus dryandrae
Formicidae,Camponotus,Camponotus dufouri
Formicidae,Camponotus,Camponotus dumetorum
Formicidae,Camponotus,Camponotus durnyx
Formicidae,Camponotus,Camponotus eastwoodi
Formicidae,Camponotus,Camponotus ebneri
Formicidae,Camponotus,Camponotus echinoploides
Formicidae,Camponotus,Camponotus edmondi
Formicidae,Camponotus,Camponotus efitra
Formicidae,Camponotus,Camponotus egregius
Formicidae,Camponotus,Camponotus elegans
Formicidae,Camponotus,Camponotus elevatus
Formicidae,Camponotus,Camponotus ellioti
Formicidae,Camponotus,Camponotus emarginatus
Formicidae,Camponotus,Camponotus emeryodicatus
Formicidae,Camponotus,Camponotus empedocles
Formicidae,Camponotus,Camponotus enigmaticus
Formicidae,Camponotus,Camponotus eperiamorum
Formicidae,Camponotus,Camponotus ephippiatus
Formicidae,Camponotus,Camponotus ephippium
Formicidae,Camponotus,Camponotus eremicus
Formicidae,Camponotus,Camponotus erigens
Formicidae,Camponotus,Camponotus erinaceus
Formicidae,Camponotus,Camponotus errabundus
Formicidae,Camponotus,Camponotus erythrocephalus
Formicidae,Camponotus,Camponotus erythrostoma
Formicidae,Camponotus,Camponotus esau
Formicidae,Camponotus,Camponotus essigi
Formicidae,Camponotus,Camponotus ethicus
Formicidae,Camponotus,Camponotus etiolipes
Formicidae,Camponotus,Camponotus eugeniae
Formicidae,Camponotus,Camponotus eurynotus
Formicidae,Camponotus,Camponotus evae
Formicidae,Camponotus,Camponotus evansi
Formicidae,Camponotus,Camponotus excisus
Formicidae,Camponotus,Camponotus exiguoguttatus
Formicidae,Camponotus,Camponotus exsectus
Formicidae,Camponotus,Camponotus extensus
Formicidae,Camponotus,Camponotus extraordinarius
Formicidae,Camponotus,Camponotus ezotus
Formicidae,Camponotus,Camponotus fabricator
Formicidae,Camponotus,Camponotus falco
Formicidae,Camponotus,Camponotus fallatus
Formicidae,Camponotus,Camponotus fallax
Formicidae,Camponotus,Camponotus fasciatellus
Formicidae,Camponotus,Camponotus fasciatus
Formicidae,Camponotus,Camponotus fastigatus
Formicidae,Camponotus,Camponotus favorabilis
Formicidae,Camponotus,Camponotus fayfaensis
Formicidae,Camponotus,Camponotus feae
Formicidae,Camponotus,Camponotus fedtschenkoi
Formicidae,Camponotus,Camponotus fellah
Formicidae,Camponotus,Camponotus femoratus
Formicidae,Camponotus,Camponotus fergusoni
Formicidae,Camponotus,Camponotus fernandoi
Formicidae,Camponotus,Camponotus ferreri
Formicidae,Camponotus,Camponotus fervidus
Formicidae,Camponotus,Camponotus festai
Formicidae,Camponotus,Camponotus festinatus
Formicidae,Camponotus,Camponotus festinus
Formicidae,Camponotus,Camponotus fiebrigi
Formicidae,Camponotus,Camponotus fieldeae
Formicidae,Camponotus,Camponotus fieldellus
Formicidae,Camponotus,Camponotus flavescens
Formicidae,Camponotus,Camponotus flavicomans
Formicidae,Camponotus,Camponotus flavobregmus
Formicidae,Camponotus,Camponotus flavocassis
Formicidae,Camponotus,Camponotus flavocrines
Formicidae,Camponotus,Camponotus flavomarginatus
Formicidae,Camponotus,Camponotus fletcheri
Formicidae,Camponotus,Camponotus floridanus
Formicidae,Camponotus,Camponotus florius
Formicidae,Camponotus,Camponotus foersteri
Formicidae,Camponotus,Camponotus foleyi
Formicidae,Camponotus,Camponotus folicola
Formicidae,Camponotus,Camponotus foraminosus
Formicidae,Camponotus,Camponotus foreli
Formicidae,Camponotus,Camponotus formiciformis
Formicidae,Camponotus,Camponotus formosensis
Formicidae,Camponotus,Camponotus fornasinii
Formicidae,Camponotus,Camponotus fragilis
Formicidae,Camponotus,Camponotus franciscoi
Formicidae,Camponotus,Camponotus fraseri
Formicidae,Camponotus,Camponotus friedae
Formicidae,Camponotus,Camponotus froggatti
Formicidae,Camponotus,Camponotus frontalis
Formicidae,Camponotus,Camponotus fryi
Formicidae,Camponotus,Camponotus fugax
Formicidae,Camponotus,Camponotus fulvopilosus
Formicidae,Camponotus,Camponotus fumidus
Formicidae,Camponotus,Camponotus furvus
Formicidae,Camponotus,Camponotus fuscivillosus
Formicidae,Camponotus,Camponotus fuscocinctus
Formicidae,Camponotus,Camponotus fuscus
Formicidae,Camponotus,Camponotus gabonensis
Formicidae,Camponotus,Camponotus galbinus
Formicidae,Camponotus,Camponotus galla
Formicidae,Camponotus,Camponotus gallagheri
Formicidae,Camponotus,Camponotus galoko
Formicidae,Camponotus,Camponotus gambeyi
Formicidae,Camponotus,Camponotus geayi
Formicidae,Camponotus,Camponotus genatus
Formicidae,Camponotus,Camponotus gentingensis
Formicidae,Camponotus,Camponotus germaini
Formicidae,Camponotus,Camponotus gestroi
Formicidae,Camponotus,Camponotus gibber
Formicidae,Camponotus,Camponotus gibbinotus
Formicidae,Camponotus,Camponotus gibbosus
Formicidae,Camponotus,Camponotus gilviceps
Formicidae,Camponotus,Camponotus gilviventris
Formicidae,Camponotus,Camponotus glabrisquamis
Formicidae,Camponotus,Camponotus godmani
Formicidae,Camponotus,Camponotus goeldii
Formicidae,Camponotus,Camponotus gombaki
Formicidae,Camponotus,Camponotus gouldi
Formicidae,Camponotus,Camponotus gouldianus
Formicidae,Camponotus,Camponotus grandidieri
Formicidae,Camponotus,Camponotus greeni
Formicidae,Camponotus,Camponotus gretae
Formicidae,Camponotus,Camponotus guanchus
Formicidae,Camponotus,Camponotus guatemalensis
Formicidae,Camponotus,Camponotus guayapa
Formicidae,Camponotus,Camponotus guidae
Formicidae,Camponotus,Camponotus guizhouensis
Formicidae,Camponotus,Camponotus gundlachi
Formicidae,Camponotus,Camponotus guttatus
Formicidae,Camponotus,Camponotus habereri
Formicidae,Camponotus,Camponotus haematocephalus
Formicidae,Camponotus,Camponotus haereticus
Formicidae,Camponotus,Camponotus hagensii
Formicidae,Camponotus,Camponotus hannani
Formicidae,Camponotus,Camponotus hapi
Formicidae,Camponotus,Camponotus harenarum
Formicidae,Camponotus,Camponotus haroi
Formicidae,Camponotus,Camponotus hartogi
Formicidae,Camponotus,Camponotus hastifer
Formicidae,Camponotus,Camponotus havilandi
Formicidae,Camponotus,Camponotus heathi
Formicidae,Camponotus,Camponotus hedwigae
Formicidae,Camponotus,Camponotus heidrunvogtae
Formicidae,Camponotus,Camponotus helleri
Formicidae,Camponotus,Camponotus hellmichi
Formicidae,Camponotus,Camponotus helveolus
Formicidae,Camponotus,Camponotus helvus
Formicidae,Camponotus,Camponotus hemichlaena
Formicidae,Camponotus,Camponotus herculeanus
Formicidae,Camponotus,Camponotus hermanni
Formicidae,Camponotus,Camponotus heros
Formicidae,Camponotus,Camponotus hesperius
Formicidae,Camponotus,Camponotus heteroclitus
Formicidae,Camponotus,Camponotus hildebrandti
Formicidae,Camponotus,Camponotus himalayanus
Formicidae,Camponotus,Camponotus hippocrepis
Formicidae,Camponotus,Camponotus hirtus
Formicidae,Camponotus,Camponotus hispidus
Formicidae,Camponotus,Camponotus hoelldobleri
Formicidae,Camponotus,Camponotus holosericeus
Formicidae,Camponotus,Camponotus holzi
Formicidae,Camponotus,Camponotus honaziensis
Formicidae,Camponotus,Camponotus hoplites
Formicidae,Camponotus,Camponotus horrens
Formicidae,Camponotus,Camponotus hospes
Formicidae,Camponotus,Camponotus hova
Formicidae,Camponotus,Camponotus hovahovoides
Formicidae,Camponotus,Camponotus humeralis
Formicidae,Camponotus,Camponotus humerus
Formicidae,Camponotus,Camponotus humilior
Formicidae,Camponotus,Camponotus husseini
Formicidae,Camponotus,Camponotus hyalus
Formicidae,Camponotus,Camponotus hyatti
Formicidae,Camponotus,Camponotus hypoclineoides
Formicidae,Camponotus,Camponotus icarus
Formicidae,Camponotus,Camponotus ignestii
Formicidae,Camponotus,Camponotus ihazofotsy
Formicidae,Camponotus,Camponotus iheringi
Formicidae,Camponotus,Camponotus ilgii
Formicidae,Camponotus,Camponotus imitator
Formicidae,Camponotus,Camponotus immaculatus
Formicidae,Camponotus,Camponotus immigrans
Formicidae,Camponotus,Camponotus importunus
Formicidae,Camponotus,Camponotus impressilabris
Formicidae,Camponotus,Camponotus improprius
Formicidae,Camponotus,Camponotus inaequalis
Formicidae,Camponotus,Camponotus inca
Formicidae,Camponotus,Camponotus incensus
Formicidae,Camponotus,Camponotus inconspicuus
Formicidae,Camponotus,Camponotus indefinitus
Formicidae,Camponotus,Camponotus indeflexus
Formicidae,Camponotus,Camponotus indianus
Formicidae,Camponotus,Camponotus indicatus
Formicidae,Camponotus,Camponotus inflatus
Formicidae,Camponotus,Camponotus innexus
Formicidae,Camponotus,Camponotus innocens
Formicidae,Camponotus,Camponotus inquilinus
Formicidae,Camponotus,Camponotus insipidus
Formicidae,Camponotus,Camponotus integellus
Formicidae,Camponotus,Camponotus interjectus
Formicidae,Camponotus,Camponotus intrepidus
Formicidae,Camponotus,Camponotus inverallensis
Formicidae,Camponotus,Camponotus invidus
Formicidae,Camponotus,Camponotus ionius
Formicidae,Camponotus,Camponotus irritabilis
Formicidae,Camponotus,Camponotus irritans
Formicidae,Camponotus,Camponotus isabellae
Formicidae,Camponotus,Camponotus itoi
Formicidae,Camponotus,Camponotus ivadia
Formicidae,Camponotus,Camponotus iwoensis
Formicidae,Camponotus,Camponotus jaliensis
Formicidae,Camponotus,Camponotus janeti
Formicidae,Camponotus,Camponotus janforrestae
Formicidae,Camponotus,Camponotus japonicus
Formicidae,Camponotus,Camponotus javaensis
Formicidae,Camponotus,Camponotus jeanneli
Formicidae,Camponotus,Camponotus jejuensis
Formicidae,Camponotus,Camponotus jianghuaensis
Formicidae,Camponotus,Camponotus jjacquia
Formicidae,Camponotus,Camponotus joany
Formicidae,Camponotus,Camponotus jodina
Formicidae,Camponotus,Camponotus johnclarki
Formicidae,Camponotus,Camponotus johnsoni
Formicidae,Camponotus,Camponotus judithmorrisae
Formicidae,Camponotus,Camponotus juliae
Formicidae,Camponotus,Camponotus kaguya
Formicidae,Camponotus,Camponotus karaha
Formicidae,Camponotus,Camponotus karsti
Formicidae,Camponotus,Camponotus kattensis
Formicidae,Camponotus,Camponotus kaura
Formicidae,Camponotus,Camponotus kefir
Formicidae,Camponotus,Camponotus keiferi
Formicidae,Camponotus,Camponotus kelimaso
Formicidae,Camponotus,Camponotus keralensis
Formicidae,Camponotus,Camponotus kersteni
Formicidae,Camponotus,Camponotus khaosokensis
Formicidae,Camponotus,Camponotus kiesenwetteri
Formicidae,Camponotus,Camponotus kiusiuensis
Formicidae,Camponotus,Camponotus klaesii
Formicidae,Camponotus,Camponotus klugii
Formicidae,Camponotus,Camponotus knysnae
Formicidae,Camponotus,Camponotus kollbrunneri
Formicidae,Camponotus,Camponotus kolthoffi
Formicidae,Camponotus,Camponotus kopetdaghensis
Formicidae,Camponotus,Camponotus korthalsiae
Formicidae,Camponotus,Camponotus koseritzi
Formicidae,Camponotus,Camponotus kraepelini
Formicidae,Camponotus,Camponotus kubaryi
Formicidae,Camponotus,Camponotus kugleri
Formicidae,Camponotus,Camponotus kunigamiensis
Formicidae,Camponotus,Camponotus kurdistanicus
Formicidae,Camponotus,Camponotus kutteri
Formicidae,Camponotus,Camponotus kutterianus
Formicidae,Camponotus,Camponotus laconicus
Formicidae,Camponotus,Camponotus laeviceps
Formicidae,Camponotus,Camponotus laevigatus
Formicidae,Camponotus,Camponotus laevissimus
Formicidae,Camponotus,Camponotus lamarckii
Formicidae,Camponotus,Camponotus lamborni
Formicidae,Camponotus,Camponotus lameerei
Formicidae,Camponotus,Camponotus lamosy
Formicidae,Camponotus,Camponotus lancifer
Formicidae,Camponotus,Camponotus landolti
Formicidae,Camponotus,Camponotus langi
Formicidae,Camponotus,Camponotus largiceps
Formicidae,Camponotus,Camponotus lasiselene
Formicidae,Camponotus,Camponotus latangulus
Formicidae,Camponotus,Camponotus latebrosus
Formicidae,Camponotus,Camponotus lateralis
Formicidae,Camponotus,Camponotus latidorsalis
Formicidae,Camponotus,Camponotus laurenti
Formicidae,Camponotus,Camponotus lautus
Formicidae,Camponotus,Camponotus leae
Formicidae,Camponotus,Camponotus lenkoi
Formicidae,Camponotus,Camponotus leptocephalus
Formicidae,Camponotus,Camponotus lespesii
Formicidae,Camponotus,Camponotus leucodiscus
Formicidae,Camponotus,Camponotus leucophaeus
Formicidae,Camponotus,Camponotus leveillei
Formicidae,Camponotus,Camponotus leydigi
Formicidae,Camponotus,Camponotus liandia
Formicidae,Camponotus,Camponotus libanicus
Formicidae,Camponotus,Camponotus ligea
Formicidae,Camponotus,Camponotus lighti
Formicidae,Camponotus,Camponotus ligniperda
Formicidae,Camponotus,Camponotus lilianae
Formicidae,Camponotus,Camponotus limbiventris
Formicidae,Camponotus,Camponotus lindigi
Formicidae,Camponotus,Camponotus linnaei
Formicidae,Camponotus,Camponotus liogaster
Formicidae,Camponotus,Camponotus lividicoxis
Formicidae,Camponotus,Camponotus lividipes
Formicidae,Camponotus,Camponotus lokobe
Formicidae,Camponotus,Camponotus longicephalus
Formicidae,Camponotus,Camponotus longiceps
Formicidae,Camponotus,Camponotus longicollis
Formicidae,Camponotus,Camponotus longideclivis
Formicidae,Camponotus,Camponotus longifacies
Formicidae,Camponotus,Camponotus longipalpis
Formicidae,Camponotus,Camponotus longipilis
Formicidae,Camponotus,Camponotus loweryi
Formicidae,Camponotus,Camponotus lownei
Formicidae,Camponotus,Camponotus lubbocki
Formicidae,Camponotus,Camponotus lucayanus
Formicidae,Camponotus,Camponotus luctuosus
Formicidae,Camponotus,Camponotus luteiventris
Formicidae,Camponotus,Camponotus luteus
Formicidae,Camponotus,Camponotus lutzi
Formicidae,Camponotus,Camponotus macareaveyi
Formicidae,Camponotus,Camponotus maccooki
Formicidae,Camponotus,Camponotus macilentus
Formicidae,Camponotus,Camponotus mackayensis
Formicidae,Camponotus,Camponotus macrocephalus
Formicidae,Camponotus,Camponotus macrochaeta
Formicidae,Camponotus,Camponotus macromischoides
Formicidae,Camponotus,Camponotus maculatus
Formicidae,Camponotus,Camponotus maculiventris
Formicidae,Camponotus,Camponotus madagascarensis
Formicidae,Camponotus,Camponotus magister
Formicidae,Camponotus,Camponotus maguassa
Formicidae,Camponotus,Camponotus mahafaly
Formicidae,Camponotus,Camponotus maintikibo
Formicidae,Camponotus,Camponotus maintilany
Formicidae,Camponotus,Camponotus mainty
Formicidae,Camponotus,Camponotus malleensis
Formicidae,Camponotus,Camponotus manabo
Formicidae,Camponotus,Camponotus marcens
Formicidae,Camponotus,Camponotus marianensis
Formicidae,Camponotus,Camponotus maritimus
Formicidae,Camponotus,Camponotus maschwitzi
Formicidae,Camponotus,Camponotus massinissa
Formicidae,Camponotus,Camponotus matsilo
Formicidae,Camponotus,Camponotus maxwellensis
Formicidae,Camponotus,Camponotus maynei
Formicidae,Camponotus,Camponotus mayri
Formicidae,Camponotus,Camponotus medeus
Formicidae,Camponotus,Camponotus medianus
Formicidae,Camponotus,Camponotus megalonyx
Formicidae,Camponotus,Camponotus meghalayaensis
Formicidae,Camponotus,Camponotus melanocephalus
Formicidae,Camponotus,Camponotus melanoticus
Formicidae,Camponotus,Camponotus melanus
Formicidae,Camponotus,Camponotus melichloros
Formicidae,Camponotus,Camponotus mendax
Formicidae,Camponotus,Camponotus micans
Formicidae,Camponotus,Camponotus michaelseni
Formicidae,Camponotus,Camponotus micragyne
Formicidae,Camponotus,Camponotus micronesicus
Formicidae,Camponotus,Camponotus microps
Formicidae,Camponotus,Camponotus micrositus
Formicidae,Camponotus,Camponotus mifaka
Formicidae,Camponotus,Camponotus mina
Formicidae,Camponotus,Camponotus minozzii
Formicidae,Camponotus,Camponotus mirabilis
Formicidae,Camponotus,Camponotus misturus
Formicidae,Camponotus,Camponotus mita
Formicidae,Camponotus,Camponotus mitis
Formicidae,Camponotus,Camponotus mixtellus
Formicidae,Camponotus,Camponotus mocquerysi
Formicidae,Camponotus,Camponotus mocsaryi
Formicidae,Camponotus,Camponotus moderatus
Formicidae,Camponotus,Camponotus modoc
Formicidae,Camponotus,Camponotus moelleri
Formicidae,Camponotus,Camponotus molossus
Formicidae,Camponotus,Camponotus mombassae
Formicidae,Camponotus,Camponotus monardi
Formicidae,Camponotus,Camponotus monju
Formicidae,Camponotus,Camponotus morosus
Formicidae,Camponotus,Camponotus mozabensis
Formicidae,Camponotus,Camponotus mucronatus
Formicidae,Camponotus,Camponotus mus
Formicidae,Camponotus,Camponotus mussolinii
Formicidae,Camponotus,Camponotus mutilarius
Formicidae,Camponotus,Camponotus mystaceus
Formicidae,Camponotus,Camponotus nacerdus
Formicidae,Camponotus,Camponotus naegelii
Formicidae,Camponotus,Camponotus namacola
Formicidae,Camponotus,Camponotus nasicus
Formicidae,Camponotus,Camponotus nasutus
Formicidae,Camponotus,Camponotus natalensis
Formicidae,Camponotus,Camponotus navigator
Formicidae,Camponotus,Camponotus nawai
Formicidae,Camponotus,Camponotus nearcticus
Formicidae,Camponotus,Camponotus nepos
Formicidae,Camponotus,Camponotus niavo
Formicidae,Camponotus,Camponotus nicobarensis
Formicidae,Camponotus,Camponotus nidulans
Formicidae,Camponotus,Camponotus nigricans
Formicidae,Camponotus,Camponotus nigriceps
Formicidae,Camponotus,Camponotus nigroaeneus
Formicidae,Camponotus,Camponotus nigronitidus
Formicidae,Camponotus,Camponotus nipponensis
Formicidae,Camponotus,Camponotus nirvanae
Formicidae,Camponotus,Camponotus nitens
Formicidae,Camponotus,Camponotus nitidescens
Formicidae,Camponotus,Camponotus nitidior
Formicidae,Camponotus,Camponotus nitidus
Formicidae,Camponotus,Camponotus niveosetosus
Formicidae,Camponotus,Camponotus nixra
Formicidae,Camponotus,Camponotus normatus
Formicidae,Camponotus,Camponotus norvigi
Formicidae,Camponotus,Camponotus nossibeensis
Formicidae,Camponotus,Camponotus novaeboracensis
Formicidae,Camponotus,Camponotus novaehollandiae
Formicidae,Camponotus,Camponotus novogranadensis
Formicidae,Camponotus,Camponotus nylanderi
Formicidae,Camponotus,Camponotus oasium
Formicidae,Camponotus,Camponotus oblongus
Formicidae,Camponotus,Camponotus obreptivus
Formicidae,Camponotus,Camponotus obscuripes
Formicidae,Camponotus,Camponotus obscuriventris
Formicidae,Camponotus,Camponotus obtritus
Formicidae,Camponotus,Camponotus occasus
Formicidae,Camponotus,Camponotus ocreatus
Formicidae,Camponotus,Camponotus oculatior
Formicidae,Camponotus,Camponotus odiosus
Formicidae,Camponotus,Camponotus oertzeni
Formicidae,Camponotus,Camponotus oetkeri
Formicidae,Camponotus,Camponotus ogasawarensis
Formicidae,Camponotus,Camponotus olivieri
Formicidae,Camponotus,Camponotus ominosus
Formicidae,Camponotus,Camponotus opaciceps
Formicidae,Camponotus,Camponotus opaciventris
Formicidae,Camponotus,Camponotus orinobates
Formicidae,Camponotus,Camponotus orinus
Formicidae,Camponotus,Camponotus orites
Formicidae,Camponotus,Camponotus orombe
Formicidae,Camponotus,Camponotus orthocephalus
Formicidae,Camponotus,Camponotus orthodoxus
Formicidae,Camponotus,Camponotus ostiarius
Formicidae,Camponotus,Camponotus ovaticeps
Formicidae,Camponotus,Camponotus overbecki
Formicidae,Camponotus,Camponotus owensae
Formicidae,Camponotus,Camponotus oxleyi
Formicidae,Camponotus,Camponotus pachylepis
Formicidae,Camponotus,Camponotus palkura
Formicidae,Camponotus,Camponotus pallens
Formicidae,Camponotus,Camponotus pallescens
Formicidae,Camponotus,Camponotus pallidiceps
Formicidae,Camponotus,Camponotus palmyrensis
Formicidae,Camponotus,Camponotus palpatus
Formicidae,Camponotus,Camponotus panamensis
Formicidae,Camponotus,Camponotus parabarbatus
Formicidae,Camponotus,Camponotus paracolobopsis
Formicidae,Camponotus,Camponotus paracressoni
Formicidae,Camponotus,Camponotus paradoxus
Formicidae,Camponotus,Camponotus paraleonardi
Formicidae,Camponotus,Camponotus parius
Formicidae,Camponotus,Camponotus patawa
Formicidae,Camponotus,Camponotus patriciae
Formicidae,Camponotus,Camponotus pavidus
Formicidae,Camponotus,Camponotus pawseyi
Formicidae,Camponotus,Camponotus peleliuensis
Formicidae,Camponotus,Camponotus pellarius
Formicidae,Camponotus,Camponotus pellax
Formicidae,Camponotus,Camponotus pellitus
Formicidae,Camponotus,Camponotus pennsylvanicus
Formicidae,Camponotus,Camponotus peperi
Formicidae,Camponotus,Camponotus perjurus
Formicidae,Camponotus,Camponotus perrisii
Formicidae,Camponotus,Camponotus personatus
Formicidae,Camponotus,Camponotus peseshus
Formicidae,Camponotus,Camponotus petersii
Formicidae,Camponotus,Camponotus pexus
Formicidae,Camponotus,Camponotus philippinensis
Formicidae,Camponotus,Camponotus philwardi
Formicidae,Camponotus,Camponotus piceatus
Formicidae,Camponotus,Camponotus piceus
Formicidae,Camponotus,Camponotus picipes
Formicidae,Camponotus,Camponotus pictostriatus
Formicidae,Camponotus,Camponotus pilicornis
Formicidae,Camponotus,Camponotus piliventris
Formicidae,Camponotus,Camponotus pitjantjatarae
Formicidae,Camponotus,Camponotus pittieri
Formicidae,Camponotus,Camponotus placidus
Formicidae,Camponotus,Camponotus planatus
Formicidae,Camponotus,Camponotus planitae
Formicidae,Camponotus,Camponotus planus
Formicidae,Camponotus,Camponotus platypus
Formicidae,Camponotus,Camponotus platytarsus
Formicidae,Camponotus,Camponotus plutus
Formicidae,Camponotus,Camponotus poecilus
Formicidae,Camponotus,Camponotus politae
Formicidae,Camponotus,Camponotus polymorphicus
Formicidae,Camponotus,Camponotus polyrhachioides
Formicidae,Camponotus,Camponotus pompeius
Formicidae,Camponotus,Camponotus postangulatus
Formicidae,Camponotus,Camponotus postcornutus
Formicidae,Camponotus,Camponotus posteropilus
Formicidae,Camponotus,Camponotus posticus
Formicidae,Camponotus,Camponotus postoculatus
Formicidae,Camponotus,Camponotus praegracilis
Formicidae,Camponotus,Camponotus pressipes
Formicidae,Camponotus,Camponotus propinquellus
Formicidae,Camponotus,Camponotus propinquus
Formicidae,Camponotus,Camponotus prosseri
Formicidae,Camponotus,Camponotus prostans
Formicidae,Camponotus,Camponotus prosulcatus
Formicidae,Camponotus,Camponotus pseudoirritans
Formicidae,Camponotus,Camponotus pseudolendus
Formicidae,Camponotus,Camponotus puberulus
Formicidae,Camponotus,Camponotus pudorosus
Formicidae,Camponotus,Camponotus pulchellus
Formicidae,Camponotus,Camponotus pulcher
Formicidae,Camponotus,Camponotus pullatus
Formicidae,Camponotus,Camponotus pulvinatus
Formicidae,Camponotus,Camponotus punctaticeps
Formicidae,Camponotus,Camponotus punctatissimus
Formicidae,Camponotus,Camponotus punctatus
Formicidae,Camponotus,Camponotus punctiventris
Formicidae,Camponotus,Camponotus punctulatus
Formicidae,Camponotus,Camponotus puniceps
Formicidae,Camponotus,Camponotus pupillus
Formicidae,Camponotus,Camponotus putatus
Formicidae,Camponotus,Camponotus quadrimaculatus
Formicidae,Camponotus,Camponotus quadrinotatus
Formicidae,Camponotus,Camponotus quadrisectus
Formicidae,Camponotus,Camponotus radamae
Formicidae,Camponotus,Camponotus radiatus
Formicidae,Camponotus,Camponotus radovae
Formicidae,Camponotus,Camponotus raina
Formicidae,Camponotus,Camponotus ramulorum
Formicidae,Camponotus,Camponotus rapax
Formicidae,Camponotus,Camponotus raphaelis
Formicidae,Camponotus,Camponotus reaumuri
Formicidae,Camponotus,Camponotus rebeccae
Formicidae,Camponotus,Camponotus reburrus
Formicidae,Camponotus,Camponotus rectangularis
Formicidae,Camponotus,Camponotus rectinotus
Formicidae,Camponotus,Camponotus reevei
Formicidae,Camponotus,Camponotus reichardti
Formicidae,Camponotus,Camponotus reinaldi
Formicidae,Camponotus,Camponotus renggeri
Formicidae,Camponotus,Camponotus repens
Formicidae,Camponotus,Camponotus reticulatus
Formicidae,Camponotus,Camponotus rhamses
Formicidae,Camponotus,Camponotus riedeli
Formicidae,Camponotus,Camponotus robecchii
Formicidae,Camponotus,Camponotus robertae
Formicidae,Camponotus,Camponotus robustus
Formicidae,Camponotus,Camponotus rodriguezi
Formicidae,Camponotus,Camponotus roeseli
Formicidae,Camponotus,Camponotus rosariensis
Formicidae,Camponotus,Camponotus rotrae
Formicidae,Camponotus,Camponotus rotumanus
Formicidae,Camponotus,Camponotus rotundinodis
Formicidae,Camponotus,Camponotus roubaudi
Formicidae,Camponotus,Camponotus royi
Formicidae,Camponotus,Camponotus ruber
Formicidae,Camponotus,Camponotus rubidus
Formicidae,Camponotus,Camponotus rubiginosus
Formicidae,Camponotus,Camponotus rubripes
Formicidae,Camponotus,Camponotus rubrithorax
Formicidae,Camponotus,Camponotus rudis
Formicidae,Camponotus,Camponotus rufifemur
Formicidae,Camponotus,Camponotus rufigaster
Formicidae,Camponotus,Camponotus rufipes
Formicidae,Camponotus,Camponotus rufoglaucus
Formicidae,Camponotus,Camponotus rufonigrus
Formicidae,Camponotus,Camponotus rufus
Formicidae,Camponotus,Camponotus ruseni
Formicidae,Camponotus,Camponotus rusticus
Formicidae,Camponotus,Camponotus ruzskyellus
Formicidae,Camponotus,Camponotus sacchii
Formicidae,Camponotus,Camponotus sada
Formicidae,Camponotus,Camponotus salvini
Formicidae,Camponotus,Camponotus sambiranoensis
Formicidae,Camponotus,Camponotus samius
Formicidae,Camponotus,Camponotus sanctaefidei
Formicidae,Camponotus,Camponotus sanctus
Formicidae,Camponotus,Camponotus sankisianus
Formicidae,Camponotus,Camponotus sannini
Formicidae,Camponotus,Camponotus sansabeanus
Formicidae,Camponotus,Camponotus santosi
Formicidae,Camponotus,Camponotus santschii
Formicidae,Camponotus,Camponotus satan
Formicidae,Camponotus,Camponotus saussurei
Formicidae,Camponotus,Camponotus saxatilis
Formicidae,Camponotus,Camponotus sayi
Formicidae,Camponotus,Camponotus scabrinodis
Formicidae,Camponotus,Camponotus scalaris
Formicidae,Camponotus,Camponotus schaefferi
Formicidae,Camponotus,Camponotus schneei
Formicidae,Camponotus,Camponotus schoedli
Formicidae,Camponotus,Camponotus schoutedeni
Formicidae,Camponotus,Camponotus schulzi
Formicidae,Camponotus,Camponotus schulzianus
Formicidae,Camponotus,Camponotus scipio
Formicidae,Camponotus,Camponotus scissus
Formicidae,Camponotus,Camponotus scotti
Formicidae,Camponotus,Camponotus scratius
Formicidae,Camponotus,Camponotus sculptor
Formicidae,Camponotus,Camponotus sedulus
Formicidae,Camponotus,Camponotus selene
Formicidae,Camponotus,Camponotus sellidorsatus
Formicidae,Camponotus,Camponotus semipunctata
Formicidae,Camponotus,Camponotus semirufus
Formicidae,Camponotus,Camponotus semitestaceus
Formicidae,Camponotus,Camponotus semoni
Formicidae,Camponotus,Camponotus senex
Formicidae,Camponotus,Camponotus senkakuensis
Formicidae,Camponotus,Camponotus septentrionalis
Formicidae,Camponotus,Camponotus sericatus
Formicidae,Camponotus,Camponotus sericeiventris
Formicidae,Camponotus,Camponotus sericeus
Formicidae,Camponotus,Camponotus serotinus
Formicidae,Camponotus,Camponotus sesquipedalis
Formicidae,Camponotus,Camponotus setitibia
Formicidae,Camponotus,Camponotus setosus
Formicidae,Camponotus,Camponotus seurati
Formicidae,Camponotus,Camponotus sexguttatus
Formicidae,Camponotus,Camponotus sexpunctatus
Formicidae,Camponotus,Camponotus shaqualavensis
Formicidae,Camponotus,Camponotus sholensis
Formicidae,Camponotus,Camponotus siamensis
Formicidae,Camponotus,Camponotus sibreei
Formicidae,Camponotus,Camponotus sicheli
Formicidae,Camponotus,Camponotus siemsseni
Formicidae,Camponotus,Camponotus sikorai
Formicidae,Camponotus,Camponotus silvestrii
Formicidae,Camponotus,Camponotus silvicola
Formicidae,Camponotus,Camponotus simillimus
Formicidae,Camponotus,Camponotus simoni
Formicidae,Camponotus,Camponotus simpsoni
Formicidae,Camponotus,Camponotus simulans
Formicidae,Camponotus,Camponotus simulator
Formicidae,Camponotus,Camponotus simus
Formicidae,Camponotus,Camponotus sinaiticus
Formicidae,Camponotus,Camponotus singularis
Formicidae,Camponotus,Camponotus sirindhornae
Formicidae,Camponotus,Camponotus sklarus
Formicidae,Camponotus,Camponotus snellingi
Formicidae,Camponotus,Camponotus socius
Formicidae,Camponotus,Camponotus socorroensis
Formicidae,Camponotus,Camponotus socrates
Formicidae,Camponotus,Camponotus solon
Formicidae,Camponotus,Camponotus somalinus
Formicidae,Camponotus,Camponotus sophiae
Formicidae,Camponotus,Camponotus spanis
Formicidae,Camponotus,Camponotus sphaericus
Formicidae,Camponotus,Camponotus sphenocephalus
Formicidae,Camponotus,Camponotus sphenoidalis
Formicidae,Camponotus,Camponotus spinitarsus
Formicidae,Camponotus,Camponotus spinolae
Formicidae,Camponotus,Camponotus spissinodis
Formicidae,Camponotus,Camponotus sponsorum
Formicidae,Camponotus,Camponotus staryi
Formicidae,Camponotus,Camponotus stefani
Formicidae,Camponotus,Camponotus stefanschoedli
Formicidae,Camponotus,Camponotus storeatus
Formicidae,Camponotus,Camponotus strangulatus
Formicidae,Camponotus,Camponotus striatipes
Formicidae,Camponotus,Camponotus striatus
Formicidae,Camponotus,Camponotus stupendus
Formicidae,Camponotus,Camponotus subbarbatus
Formicidae,Camponotus,Camponotus subcircularis
Formicidae,Camponotus,Camponotus subnitidus
Formicidae,Camponotus,Camponotus subpilus
Formicidae,Camponotus,Camponotus substitutus
Formicidae,Camponotus,Camponotus subtilis
Formicidae,Camponotus,Camponotus subtruncatus
Formicidae,Camponotus,Camponotus sucki
Formicidae,Camponotus,Camponotus suffusus
Formicidae,Camponotus,Camponotus syaukanii
Formicidae,Camponotus,Camponotus sylvaticus
Formicidae,Camponotus,Camponotus tafo
Formicidae,Camponotus,Camponotus tahatensis
Formicidae,Camponotus,Camponotus taino
Formicidae,Camponotus,Camponotus taipingensis
Formicidae,Camponotus,Camponotus taniae
Formicidae,Camponotus,Camponotus tanosy
Formicidae,Camponotus,Camponotus tapia
Formicidae,Camponotus,Camponotus tashcumiri
Formicidae,Camponotus,Camponotus tasmani
Formicidae,Camponotus,Camponotus tauricollis
Formicidae,Camponotus,Camponotus tejonia
Formicidae,Camponotus,Camponotus tendryi
Formicidae,Camponotus,Camponotus tenuipes
Formicidae,Camponotus,Camponotus tenuiscapus
Formicidae,Camponotus,Camponotus tepicanus
Formicidae,Camponotus,Camponotus terbimaculatus
Formicidae,Camponotus,Camponotus terebrans
Formicidae,Camponotus,Camponotus tergestinus
Formicidae,Camponotus,Camponotus termitarius
Formicidae,Camponotus,Camponotus terricola
Formicidae,Camponotus,Camponotus territus
Formicidae,Camponotus,Camponotus testaceus
Formicidae,Camponotus,Camponotus texanus
Formicidae,Camponotus,Camponotus texens
Formicidae,Camponotus,Camponotus textor
Formicidae,Camponotus,Camponotus thadeus
Formicidae,Camponotus,Camponotus thales
Formicidae,Camponotus,Camponotus themistocles
Formicidae,Camponotus,Camponotus thomasseti
Formicidae,Camponotus,Camponotus thoracicus
Formicidae,Camponotus,Camponotus thraso
Formicidae,Camponotus,Camponotus thysanopus
Formicidae,Camponotus,Camponotus tilhoi
Formicidae,Camponotus,Camponotus timidus
Formicidae,Camponotus,Camponotus tinctus
Formicidae,Camponotus,Camponotus tol
Formicidae,Camponotus,Camponotus tonduzi
Formicidae,Camponotus,Camponotus tonkinus
Formicidae,Camponotus,Camponotus torrei
Formicidae,Camponotus,Camponotus toussainti
Formicidae,Camponotus,Camponotus traegaordhi
Formicidae,Camponotus,Camponotus traili
Formicidae,Camponotus,Camponotus trajanus
Formicidae,Camponotus,Camponotus transvaalensis
Formicidae,Camponotus,Camponotus trapeziceps
Formicidae,Camponotus,Camponotus trapezoideus
Formicidae,Camponotus,Camponotus tratra
Formicidae,Camponotus,Camponotus trepidulus
Formicidae,Camponotus,Camponotus triangulatus
Formicidae,Camponotus,Camponotus tricolor
Formicidae,Camponotus,Camponotus tricoloratus
Formicidae,Camponotus,Camponotus trietericus
Formicidae,Camponotus,Camponotus trifasciatus
Formicidae,Camponotus,Camponotus triodiae
Formicidae,Camponotus,Camponotus tripartitus
Formicidae,Camponotus,Camponotus tristis
Formicidae,Camponotus,Camponotus troodosensis
Formicidae,Camponotus,Camponotus truebi
Formicidae,Camponotus,Camponotus tsimelahy
Formicidae,Camponotus,Camponotus tumidus
Formicidae,Camponotus,Camponotus turkestanicus
Formicidae,Camponotus,Camponotus turkestanus
Formicidae,Camponotus,Camponotus ulcerosus
Formicidae,Camponotus,Camponotus ulei
Formicidae,Camponotus,Camponotus ulvarum
Formicidae,Camponotus,Camponotus universitatis
Formicidae,Camponotus,Camponotus urichi
Formicidae,Camponotus,Camponotus ursus
Formicidae,Camponotus,Camponotus ustus
Formicidae,Camponotus,Camponotus vafer
Formicidae,Camponotus,Camponotus vagulus
Formicidae,Camponotus,Camponotus vagus
Formicidae,Camponotus,Camponotus valdeziae
Formicidae,Camponotus,Camponotus validus
Formicidae,Camponotus,Camponotus vanispinus
Formicidae,Camponotus,Camponotus vano
Formicidae,Camponotus,Camponotus varatra
Formicidae,Camponotus,Camponotus varians
Formicidae,Camponotus,Camponotus variegatus
Formicidae,Camponotus,Camponotus varius
Formicidae,Camponotus,Camponotus varus
Formicidae,Camponotus,Camponotus velox
Formicidae,Camponotus,Camponotus verae
Formicidae,Camponotus,Camponotus versicolor
Formicidae,Camponotus,Camponotus vespertinus
Formicidae,Camponotus,Camponotus vestitus
Formicidae,Camponotus,Camponotus vicinus
Formicidae,Camponotus,Camponotus victoriae
Formicidae,Camponotus,Camponotus viehmeyeri
Formicidae,Camponotus,Camponotus vigilans
Formicidae,Camponotus,Camponotus vinosus
Formicidae,Camponotus,Camponotus viri
Formicidae,Camponotus,Camponotus virulens
Formicidae,Camponotus,Camponotus vitiosus
Formicidae,Camponotus,Camponotus vittatus
Formicidae,Camponotus,Camponotus vividus
Formicidae,Camponotus,Camponotus voeltzkowii
Formicidae,Camponotus,Camponotus vogti
Formicidae,Camponotus,Camponotus vulpus
Formicidae,Camponotus,Camponotus wanangus
Formicidae,Camponotus,Camponotus wasmanni
Formicidae,Camponotus,Camponotus wedda
Formicidae,Camponotus,Camponotus weiserti
Formicidae,Camponotus,Camponotus weismanni
Formicidae,Camponotus,Camponotus weissflogi
Formicidae,Camponotus,Camponotus wellmani
Formicidae,Camponotus,Camponotus werthi
Formicidae,Camponotus,Camponotus westermanni
Formicidae,Camponotus,Camponotus wheeleri
Formicidae,Camponotus,Camponotus whitei
Formicidae,Camponotus,Camponotus wiederkehri
Formicidae,Camponotus,Camponotus wolfi
Formicidae,Camponotus,Camponotus woodroffeensis
Formicidae,Camponotus,Camponotus wytsmani
Formicidae,Camponotus,Camponotus xanthogaster
Formicidae,Camponotus,Camponotus xanthopilus
Formicidae,Camponotus,Camponotus xerxes
Formicidae,Camponotus,Camponotus xingdoushanensis
Formicidae,Camponotus,Camponotus yala
Formicidae,Camponotus,Camponotus yamaokai
Formicidae,Camponotus,Camponotus yambaru
Formicidae,Camponotus,Camponotus yessensis
Formicidae,Camponotus,Camponotus yiningensis
Formicidae,Camponotus,Camponotus yogi
Formicidae,Camponotus,Camponotus zavo
Formicidae,Camponotus,Camponotus zenon
Formicidae,Camponotus,Camponotus zimmermanni
Formicidae,Camponotus,Camponotus zoc
Formicidae,Camponotus,Camponotus zonatus
Formicidae,Camponotus,Camponotus zoro
Formicidae,Cardiocondyla,Cardiocondyla allonivalis
Formicidae,Cardiocondyla,Cardiocondyla argentea
Formicidae,Cardiocondyla,Cardiocondyla argyrotricha
Formicidae,Cardiocondyla,Cardiocondyla atalanta
Formicidae,Cardiocondyla,Cardiocondyla batesii
Formicidae,Cardiocondyla,Cardiocondyla brachyceps
Formicidae,Cardiocondyla,Cardiocondyla britteni
Formicidae,Cardiocondyla,Cardiocondyla bulgarica
Formicidae,Cardiocondyla,Cardiocondyla carbonaria
Formicidae,Cardiocondyla,Cardiocondyla caspiense
Formicidae,Cardiocondyla,Cardiocondyla compressa
Formicidae,Cardiocondyla,Cardiocondyla cristata
Formicidae,Cardiocondyla,Cardiocondyla dalmatica
Formicidae,Cardiocondyla,Cardiocondyla dalmaticoides
Formicidae,Cardiocondyla,Cardiocondyla elegans
Formicidae,Cardiocondyla,Cardiocondyla emeryi
Formicidae,Cardiocondyla,Cardiocondyla excavata
Formicidae,Cardiocondyla,Cardiocondyla fajumensis
Formicidae,Cardiocondyla,Cardiocondyla gallagheri
Formicidae,Cardiocondyla,Cardiocondyla gallilaeica
Formicidae,Cardiocondyla,Cardiocondyla gibbosa
Formicidae,Cardiocondyla,Cardiocondyla goa
Formicidae,Cardiocondyla,Cardiocondyla goroka
Formicidae,Cardiocondyla,Cardiocondyla hashemi
Formicidae,Cardiocondyla,Cardiocondyla heinzei
Formicidae,Cardiocondyla,Cardiocondyla humilis
Formicidae,Cardiocondyla,Cardiocondyla insutura
Formicidae,Cardiocondyla,Cardiocondyla israelica
Formicidae,Cardiocondyla,Cardiocondyla itsukii
Formicidae,Cardiocondyla,Cardiocondyla jacquemini
Formicidae,Cardiocondyla,Cardiocondyla kagutsuchi
Formicidae,Cardiocondyla,Cardiocondyla kazanensis
Formicidae,Cardiocondyla,Cardiocondyla koshewnikovi
Formicidae,Cardiocondyla,Cardiocondyla kushanica
Formicidae,Cardiocondyla,Cardiocondyla latifrons
Formicidae,Cardiocondyla,Cardiocondyla littoralis
Formicidae,Cardiocondyla,Cardiocondyla longiceps
Formicidae,Cardiocondyla,Cardiocondyla longinoda
Formicidae,Cardiocondyla,Cardiocondyla luciae
Formicidae,Cardiocondyla,Cardiocondyla mauritanica
Formicidae,Cardiocondyla,Cardiocondyla melana
Formicidae,Cardiocondyla,Cardiocondyla micropila
Formicidae,Cardiocondyla,Cardiocondyla minutior
Formicidae,Cardiocondyla,Cardiocondyla monardi
Formicidae,Cardiocondyla,Cardiocondyla nana
Formicidae,Cardiocondyla,Cardiocondyla neferka
Formicidae,Cardiocondyla,Cardiocondyla nigra
Formicidae,Cardiocondyla,Cardiocondyla nigrocerea
Formicidae,Cardiocondyla,Cardiocondyla nivalis
Formicidae,Cardiocondyla,Cardiocondyla nuda
Formicidae,Cardiocondyla,Cardiocondyla obscurior
Formicidae,Cardiocondyla,Cardiocondyla opaca
Formicidae,Cardiocondyla,Cardiocondyla opistopsis
Formicidae,Cardiocondyla,Cardiocondyla papuana
Formicidae,Cardiocondyla,Cardiocondyla paradoxa
Formicidae,Cardiocondyla,Cardiocondyla paranuda
Formicidae,Cardiocondyla,Cardiocondyla parvinoda
Formicidae,Cardiocondyla,Cardiocondyla persiana
Formicidae,Cardiocondyla,Cardiocondyla pirata
Formicidae,Cardiocondyla,Cardiocondyla rolandi
Formicidae,Cardiocondyla,Cardiocondyla rugulosa
Formicidae,Cardiocondyla,Cardiocondyla sahlbergi
Formicidae,Cardiocondyla,Cardiocondyla schulzi
Formicidae,Cardiocondyla,Cardiocondyla sekhemka
Formicidae,Cardiocondyla,Cardiocondyla semiargentea
Formicidae,Cardiocondyla,Cardiocondyla semirubra
Formicidae,Cardiocondyla,Cardiocondyla shagrinata
Formicidae,Cardiocondyla,Cardiocondyla shuckardi
Formicidae,Cardiocondyla,Cardiocondyla sima
Formicidae,Cardiocondyla,Cardiocondyla stambuloffii
Formicidae,Cardiocondyla,Cardiocondyla strigifrons
Formicidae,Cardiocondyla,Cardiocondyla subspina
Formicidae,Cardiocondyla,Cardiocondyla sulcata
Formicidae,Cardiocondyla,Cardiocondyla tenuifrons
Formicidae,Cardiocondyla,Cardiocondyla thoracica
Formicidae,Cardiocondyla,Cardiocondyla tibetana
Formicidae,Cardiocondyla,Cardiocondyla tiwarii
Formicidae,Cardiocondyla,Cardiocondyla tjibodana
Formicidae,Cardiocondyla,Cardiocondyla ulianini
Formicidae,Cardiocondyla,Cardiocondyla unicalis
Formicidae,Cardiocondyla,Cardiocondyla venustula
Formicidae,Cardiocondyla,Cardiocondyla verdensis
Formicidae,Cardiocondyla,Cardiocondyla weserka
Formicidae,Cardiocondyla,Cardiocondyla wheeleri
Formicidae,Cardiocondyla,Cardiocondyla wroughtonii
Formicidae,Cardiocondyla,Cardiocondyla yemeni
Formicidae,Cardiocondyla,Cardiocondyla yoruba
Formicidae,Cardiocondyla,Cardiocondyla zoserka
Formicidae,Carebara,Carebara aberrans
Formicidae,Carebara,Carebara aborensis
Formicidae,Carebara,Carebara acuta
Formicidae,Carebara,Carebara acutispina
Formicidae,Carebara,Carebara adisaki
Formicidae,Carebara,Carebara affinis
Formicidae,Carebara,Carebara afghana
Formicidae,Carebara,Carebara africana
Formicidae,Carebara,Carebara alluaudi
Formicidae,Carebara,Carebara alperti
Formicidae,Carebara,Carebara alpha
Formicidae,Carebara,Carebara altinodus
Formicidae,Carebara,Carebara amia
Formicidae,Carebara,Carebara ampla
Formicidae,Carebara,Carebara angolensis
Formicidae,Carebara,Carebara angulata
Formicidae,Carebara,Carebara anophthalma
Formicidae,Carebara,Carebara arabara
Formicidae,Carebara,Carebara arabica
Formicidae,Carebara,Carebara armata
Formicidae,Carebara,Carebara arnoldi
Formicidae,Carebara,Carebara arnoldiella
Formicidae,Carebara,Carebara asina
Formicidae,Carebara,Carebara atoma
Formicidae,Carebara,Carebara audita
Formicidae,Carebara,Carebara bara
Formicidae,Carebara,Carebara bartrumi
Formicidae,Carebara,Carebara bengalensis
Formicidae,Carebara,Carebara berivelo
Formicidae,Carebara,Carebara beta
Formicidae,Carebara,Carebara betsi
Formicidae,Carebara,Carebara bicarinata
Formicidae,Carebara,Carebara bifida
Formicidae,Carebara,Carebara bihornata
Formicidae,Carebara,Carebara bokorensis
Formicidae,Carebara,Carebara borealis
Formicidae,Carebara,Carebara bouvardi
Formicidae,Carebara,Carebara brasiliana
Formicidae,Carebara,Carebara brevipilosa
Formicidae,Carebara,Carebara bruchi
Formicidae,Carebara,Carebara bruni
Formicidae,Carebara,Carebara butteli
Formicidae,Carebara,Carebara capreola
Formicidae,Carebara,Carebara carinata
Formicidae,Carebara,Carebara castanea
Formicidae,Carebara,Carebara ceylonensis
Formicidae,Carebara,Carebara coeca
Formicidae,Carebara,Carebara colobopsis
Formicidae,Carebara,Carebara concinna
Formicidae,Carebara,Carebara convexa
Formicidae,Carebara,Carebara coqueta
Formicidae,Carebara,Carebara cornigera
Formicidae,Carebara,Carebara crassiuscula
Formicidae,Carebara,Carebara creolei
Formicidae,Carebara,Carebara cribriceps
Formicidae,Carebara,Carebara crigensis
Formicidae,Carebara,Carebara curvispina
Formicidae,Carebara,Carebara dazia
Formicidae,Carebara,Carebara debilis
Formicidae,Carebara,Carebara demeter
Formicidae,Carebara,Carebara dentata
Formicidae,Carebara,Carebara deponens
Formicidae,Carebara,Carebara diabola
Formicidae,Carebara,Carebara diabolica
Formicidae,Carebara,Carebara distincta
Formicidae,Carebara,Carebara diversa
Formicidae,Carebara,Carebara donisthorpei
Formicidae,Carebara,Carebara dota
Formicidae,Carebara,Carebara eguchii
Formicidae,Carebara,Carebara elmenteitae
Formicidae,Carebara,Carebara elongata
Formicidae,Carebara,Carebara erythraea
Formicidae,Carebara,Carebara escherichi
Formicidae,Carebara,Carebara fayrouzae
Formicidae,Carebara,Carebara frontalis
Formicidae,Carebara,Carebara globularia
Formicidae,Carebara,Carebara grandidieri
Formicidae,Carebara,Carebara guineana
Formicidae,Carebara,Carebara gustavmayri
Formicidae,Carebara,Carebara hainteny
Formicidae,Carebara,Carebara hammoniae
Formicidae,Carebara,Carebara hannya
Formicidae,Carebara,Carebara hiragasy
Formicidae,Carebara,Carebara hornata
Formicidae,Carebara,Carebara hostilis
Formicidae,Carebara,Carebara hunanensis
Formicidae,Carebara,Carebara inca
Formicidae,Carebara,Carebara incerta
Formicidae,Carebara,Carebara incierta
Formicidae,Carebara,Carebara infima
Formicidae,Carebara,Carebara intermedia
Formicidae,Carebara,Carebara jacobsoni
Formicidae,Carebara,Carebara jajoby
Formicidae,Carebara,Carebara jeanneli
Formicidae,Carebara,Carebara jiangxiensis
Formicidae,Carebara,Carebara junodi
Formicidae,Carebara,Carebara kabosy
Formicidae,Carebara,Carebara khamiensis
Formicidae,Carebara,Carebara kofana
Formicidae,Carebara,Carebara kunensis
Formicidae,Carebara,Carebara lamellifrons
Formicidae,Carebara,Carebara langi
Formicidae,Carebara,Carebara latinoda
Formicidae,Carebara,Carebara latro
Formicidae,Carebara,Carebara leei
Formicidae,Carebara,Carebara lignata
Formicidae,Carebara,Carebara lilith
Formicidae,Carebara,Carebara lithophila
Formicidae,Carebara,Carebara longiceps
Formicidae,Carebara,Carebara longii
Formicidae,Carebara,Carebara lova
Formicidae,Carebara,Carebara lucida
Formicidae,Carebara,Carebara lusciosa
Formicidae,Carebara,Carebara luzonensis
Formicidae,Carebara,Carebara maccus
Formicidae,Carebara,Carebara madibai
Formicidae,Carebara,Carebara mahafaly
Formicidae,Carebara,Carebara majeri
Formicidae,Carebara,Carebara malagasy
Formicidae,Carebara,Carebara manni
Formicidae,Carebara,Carebara mayri
Formicidae,Carebara,Carebara melanocephala
Formicidae,Carebara,Carebara melasolena
Formicidae,Carebara,Carebara menozzii
Formicidae,Carebara,Carebara minima
Formicidae,Carebara,Carebara minuta
Formicidae,Carebara,Carebara mjobergi
Formicidae,Carebara,Carebara mukkaliensis
Formicidae,Carebara,Carebara nana
Formicidae,Carebara,Carebara nanningensis
Formicidae,Carebara,Carebara nayana
Formicidae,Carebara,Carebara nicotianae
Formicidae,Carebara,Carebara norfolkensis
Formicidae,Carebara,Carebara nosindambo
Formicidae,Carebara,Carebara nuda
Formicidae,Carebara,Carebara obscura
Formicidae,Carebara,Carebara obtusidenta
Formicidae,Carebara,Carebara octata
Formicidae,Carebara,Carebara oertzeni
Formicidae,Carebara,Carebara omasi
Formicidae,Carebara,Carebara oni
Formicidae,Carebara,Carebara osborni
Formicidae,Carebara,Carebara overbecki
Formicidae,Carebara,Carebara paeta
Formicidae,Carebara,Carebara panamensis
Formicidae,Carebara,Carebara panhai
Formicidae,Carebara,Carebara parva
Formicidae,Carebara,Carebara patrizii
Formicidae,Carebara,Carebara paya
Formicidae,Carebara,Carebara periyarensis
Formicidae,Carebara,Carebara perpusilla
Formicidae,Carebara,Carebara peruviana
Formicidae,Carebara,Carebara petulca
Formicidae,Carebara,Carebara petulens
Formicidae,Carebara,Carebara phragmotica
Formicidae,Carebara,Carebara pilosa
Formicidae,Carebara,Carebara pisinna
Formicidae,Carebara,Carebara placida
Formicidae,Carebara,Carebara polyphemus
Formicidae,Carebara,Carebara propomegata
Formicidae,Carebara,Carebara pseudolusciosa
Formicidae,Carebara,Carebara pullata
Formicidae,Carebara,Carebara pumilia
Formicidae,Carebara,Carebara pygmaea
Formicidae,Carebara,Carebara qianliyan
Formicidae,Carebara,Carebara quratulain
Formicidae,Carebara,Carebara raberi
Formicidae,Carebara,Carebara raja
Formicidae,Carebara,Carebara rara
Formicidae,Carebara,Carebara rectangulata
Formicidae,Carebara,Carebara rectidorsa
Formicidae,Carebara,Carebara reina
Formicidae,Carebara,Carebara reticapita
Formicidae,Carebara,Carebara reticulata
Formicidae,Carebara,Carebara robertsoni
Formicidae,Carebara,Carebara rothneyi
Formicidae,Carebara,Carebara rubra
Formicidae,Carebara,Carebara rugata
Formicidae,Carebara,Carebara rugoflabella
Formicidae,Carebara,Carebara sakamotoi
Formicidae,Carebara,Carebara salegi
Formicidae,Carebara,Carebara sampi
Formicidae,Carebara,Carebara sangi
Formicidae,Carebara,Carebara santschii
Formicidae,Carebara,Carebara sarasinorum
Formicidae,Carebara,Carebara sarita
Formicidae,Carebara,Carebara satana
Formicidae,Carebara,Carebara sauteri
Formicidae,Carebara,Carebara semilaevis
Formicidae,Carebara,Carebara sharjahensis
Formicidae,Carebara,Carebara sicheli
Formicidae,Carebara,Carebara silenus
Formicidae,Carebara,Carebara silvestrii
Formicidae,Carebara,Carebara similis
Formicidae,Carebara,Carebara sinhala
Formicidae,Carebara,Carebara sodalis
Formicidae,Carebara,Carebara solitaria
Formicidae,Carebara,Carebara spinata
Formicidae,Carebara,Carebara stenoptera
Formicidae,Carebara,Carebara striata
Formicidae,Carebara,Carebara sublatro
Formicidae,Carebara,Carebara subreptor
Formicidae,Carebara,Carebara sudanensis
Formicidae,Carebara,Carebara sudanica
Formicidae,Carebara,Carebara sundaica
Formicidae,Carebara,Carebara tahitiensis
Formicidae,Carebara,Carebara taiponica
Formicidae,Carebara,Carebara tana
Formicidae,Carebara,Carebara tanana
Formicidae,Carebara,Carebara tenua
Formicidae,Carebara,Carebara terayamai
Formicidae,Carebara,Carebara termitolestes
Formicidae,Carebara,Carebara thoracica
Formicidae,Carebara,Carebara traegaordhi
Formicidae,Carebara,Carebara transversalis
Formicidae,Carebara,Carebara trechideros
Formicidae,Carebara,Carebara ugandana
Formicidae,Carebara,Carebara urichi
Formicidae,Carebara,Carebara varia
Formicidae,Carebara,Carebara vazimba
Formicidae,Carebara,Carebara vespillo
Formicidae,Carebara,Carebara vidua
Formicidae,Carebara,Carebara viehmeyeri
Formicidae,Carebara,Carebara villiersi
Formicidae,Carebara,Carebara volsellata
Formicidae,Carebara,Carebara vorax
Formicidae,Carebara,Carebara weyeri
Formicidae,Carebara,Carebara wheeleri
Formicidae,Carebara,Carebara wroughtonii
Formicidae,Carebara,Carebara xynera
Formicidae,Carebara,Carebara yamatonis
Formicidae,Carebara,Carebara yanoi
Formicidae,Carebara,Carebara zengchengensis
Formicidae,Cataulacus,Cataulacus adpressus
Formicidae,Cataulacus,Cataulacus bequaerti
Formicidae,Cataulacus,Cataulacus boltoni
Formicidae,Cataulacus,Cataulacus brevisetosus
Formicidae,Cataulacus,Cataulacus catuvolcus
Formicidae,Cataulacus,Cataulacus centrurus
Formicidae,Cataulacus,Cataulacus cestus
Formicidae,Cataulacus,Cataulacus chapmani
Formicidae,Cataulacus,Cataulacus difficilis
Formicidae,Cataulacus,Cataulacus ebrardi
Formicidae,Cataulacus,Cataulacus egenus
Formicidae,Cataulacus,Cataulacus elongatus
Formicidae,Cataulacus,Cataulacus erinaceus
Formicidae,Cataulacus,Cataulacus flagitiosus
Formicidae,Cataulacus,Cataulacus fricatidorsus
Formicidae,Cataulacus,Cataulacus granulatus
Formicidae,Cataulacus,Cataulacus greggi
Formicidae,Cataulacus,Cataulacus guineensis
Formicidae,Cataulacus,Cataulacus hispidulus
Formicidae,Cataulacus,Cataulacus horridus
Formicidae,Cataulacus,Cataulacus huberi
Formicidae,Cataulacus,Cataulacus impressus
Formicidae,Cataulacus,Cataulacus inermis
Formicidae,Cataulacus,Cataulacus intrudens
Formicidae,Cataulacus,Cataulacus jacksoni
Formicidae,Cataulacus,Cataulacus jeanneli
Formicidae,Cataulacus,Cataulacus kenyensis
Formicidae,Cataulacus,Cataulacus kohli
Formicidae,Cataulacus,Cataulacus latissimus
Formicidae,Cataulacus,Cataulacus latus
Formicidae,Cataulacus,Cataulacus lobatus
Formicidae,Cataulacus,Cataulacus longinodus
Formicidae,Cataulacus,Cataulacus lujae
Formicidae,Cataulacus,Cataulacus marginatus
Formicidae,Cataulacus,Cataulacus mckeyi
Formicidae,Cataulacus,Cataulacus micans
Formicidae,Cataulacus,Cataulacus mocquerysi
Formicidae,Cataulacus,Cataulacus moloch
Formicidae,Cataulacus,Cataulacus muticus
Formicidae,Cataulacus,Cataulacus nenassus
Formicidae,Cataulacus,Cataulacus oberthueri
Formicidae,Cataulacus,Cataulacus pilosus
Formicidae,Cataulacus,Cataulacus pompom
Formicidae,Cataulacus,Cataulacus porcatus
Formicidae,Cataulacus,Cataulacus praetextus
Formicidae,Cataulacus,Cataulacus pullus
Formicidae,Cataulacus,Cataulacus pygmaeus
Formicidae,Cataulacus,Cataulacus regularis
Formicidae,Cataulacus,Cataulacus resinosus
Formicidae,Cataulacus,Cataulacus reticulatus
Formicidae,Cataulacus,Cataulacus satrap
Formicidae,Cataulacus,Cataulacus setosus
Formicidae,Cataulacus,Cataulacus simoni
Formicidae,Cataulacus,Cataulacus striativentris
Formicidae,Cataulacus,Cataulacus taprobanae
Formicidae,Cataulacus,Cataulacus tardus
Formicidae,Cataulacus,Cataulacus taylori
Formicidae,Cataulacus,Cataulacus tenuis
Formicidae,Cataulacus,Cataulacus theobromicola
Formicidae,Cataulacus,Cataulacus traegaordhi
Formicidae,Cataulacus,Cataulacus voeltzkowi
Formicidae,Cataulacus,Cataulacus vorticus
Formicidae,Cataulacus,Cataulacus wasmanni
Formicidae,Cataulacus,Cataulacus weissi
Formicidae,Cataulacus,Cataulacus wissmannii
Formicidae,Centromyrmex,Centromyrmex alfaroi
Formicidae,Centromyrmex,Centromyrmex angolensis
Formicidae,Centromyrmex,Centromyrmex bequaerti
Formicidae,Centromyrmex,Centromyrmex brachycola
Formicidae,Centromyrmex,Centromyrmex decessor
Formicidae,Centromyrmex,Centromyrmex ereptor
Formicidae,Centromyrmex,Centromyrmex feae
Formicidae,Centromyrmex,Centromyrmex fugator
Formicidae,Centromyrmex,Centromyrmex gigas
Formicidae,Centromyrmex,Centromyrmex hamulatus
Formicidae,Centromyrmex,Centromyrmex longiventris
Formicidae,Centromyrmex,Centromyrmex praedator
Formicidae,Centromyrmex,Centromyrmex raptor
Formicidae,Centromyrmex,Centromyrmex secutor
Formicidae,Centromyrmex,Centromyrmex sellaris
Formicidae,Cephalotes,Cephalotes adolphi
Formicidae,Cephalotes,Cephalotes alfaroi
Formicidae,Cephalotes,Cephalotes angustus
Formicidae,Cephalotes,Cephalotes argentatus
Formicidae,Cephalotes,Cephalotes argentiventris
Formicidae,Cephalotes,Cephalotes atratus
Formicidae,Cephalotes,Cephalotes auricomus
Formicidae,Cephalotes,Cephalotes auriger
Formicidae,Cephalotes,Cephalotes basalis
Formicidae,Cephalotes,Cephalotes betoi
Formicidae,Cephalotes,Cephalotes biguttatus
Formicidae,Cephalotes,Cephalotes bimaculatus
Formicidae,Cephalotes,Cephalotes bivestitus
Formicidae,Cephalotes,Cephalotes bohlsi
Formicidae,Cephalotes,Cephalotes borgmeieri
Formicidae,Cephalotes,Cephalotes bruchi
Formicidae,Cephalotes,Cephalotes chacmul
Formicidae,Cephalotes,Cephalotes christopherseni
Formicidae,Cephalotes,Cephalotes clypeatus
Formicidae,Cephalotes,Cephalotes coffeae
Formicidae,Cephalotes,Cephalotes columbicus
Formicidae,Cephalotes,Cephalotes complanatus
Formicidae,Cephalotes,Cephalotes conspersus
Formicidae,Cephalotes,Cephalotes cordatus
Formicidae,Cephalotes,Cephalotes cordiae
Formicidae,Cephalotes,Cephalotes cordiventris
Formicidae,Cephalotes,Cephalotes crenaticeps
Formicidae,Cephalotes,Cephalotes cristatus
Formicidae,Cephalotes,Cephalotes curvistriatus
Formicidae,Cephalotes,Cephalotes decolor
Formicidae,Cephalotes,Cephalotes decoloratus
Formicidae,Cephalotes,Cephalotes dentidorsum
Formicidae,Cephalotes,Cephalotes depressus
Formicidae,Cephalotes,Cephalotes dorbignyanus
Formicidae,Cephalotes,Cephalotes duckei
Formicidae,Cephalotes,Cephalotes ecuadorialis
Formicidae,Cephalotes,Cephalotes eduarduli
Formicidae,Cephalotes,Cephalotes emeryi
Formicidae,Cephalotes,Cephalotes femoralis
Formicidae,Cephalotes,Cephalotes fiebrigi
Formicidae,Cephalotes,Cephalotes flavigaster
Formicidae,Cephalotes,Cephalotes foliaceus
Formicidae,Cephalotes,Cephalotes fossithorax
Formicidae,Cephalotes,Cephalotes frigidus
Formicidae,Cephalotes,Cephalotes gabicamacho
Formicidae,Cephalotes,Cephalotes goeldii
Formicidae,Cephalotes,Cephalotes goniodontus
Formicidae,Cephalotes,Cephalotes grandinosus
Formicidae,Cephalotes,Cephalotes guayaki
Formicidae,Cephalotes,Cephalotes haemorrhoidalis
Formicidae,Cephalotes,Cephalotes hamulus
Formicidae,Cephalotes,Cephalotes hirsutus
Formicidae,Cephalotes,Cephalotes inaequalis
Formicidae,Cephalotes,Cephalotes inca
Formicidae,Cephalotes,Cephalotes incertus
Formicidae,Cephalotes,Cephalotes insularis
Formicidae,Cephalotes,Cephalotes jamaicensis
Formicidae,Cephalotes,Cephalotes jheringi
Formicidae,Cephalotes,Cephalotes klugi
Formicidae,Cephalotes,Cephalotes kukulcan
Formicidae,Cephalotes,Cephalotes laminatus
Formicidae,Cephalotes,Cephalotes lanuginosus
Formicidae,Cephalotes,Cephalotes lenca
Formicidae,Cephalotes,Cephalotes liepini
Formicidae,Cephalotes,Cephalotes liogaster
Formicidae,Cephalotes,Cephalotes liviaprado
Formicidae,Cephalotes,Cephalotes maculatus
Formicidae,Cephalotes,Cephalotes manni
Formicidae,Cephalotes,Cephalotes mariadeandrade
Formicidae,Cephalotes,Cephalotes marycorn
Formicidae,Cephalotes,Cephalotes membranaceus
Formicidae,Cephalotes,Cephalotes minutus
Formicidae,Cephalotes,Cephalotes mompox
Formicidae,Cephalotes,Cephalotes monicaulyssea
Formicidae,Cephalotes,Cephalotes multispinosus
Formicidae,Cephalotes,Cephalotes nilpiei
Formicidae,Cephalotes,Cephalotes notatus
Formicidae,Cephalotes,Cephalotes oculatus
Formicidae,Cephalotes,Cephalotes opacus
Formicidae,Cephalotes,Cephalotes pallens
Formicidae,Cephalotes,Cephalotes pallidicephalus
Formicidae,Cephalotes,Cephalotes pallidoides
Formicidae,Cephalotes,Cephalotes pallidus
Formicidae,Cephalotes,Cephalotes palta
Formicidae,Cephalotes,Cephalotes palustris
Formicidae,Cephalotes,Cephalotes patei
Formicidae,Cephalotes,Cephalotes patellaris
Formicidae,Cephalotes,Cephalotes pavonii
Formicidae,Cephalotes,Cephalotes pellans
Formicidae,Cephalotes,Cephalotes persimilis
Formicidae,Cephalotes,Cephalotes persimplex
Formicidae,Cephalotes,Cephalotes peruviensis
Formicidae,Cephalotes,Cephalotes pileini
Formicidae,Cephalotes,Cephalotes pilosus
Formicidae,Cephalotes,Cephalotes pinelii
Formicidae,Cephalotes,Cephalotes placidus
Formicidae,Cephalotes,Cephalotes porrasi
Formicidae,Cephalotes,Cephalotes prodigiosus
Formicidae,Cephalotes,Cephalotes pusillus
Formicidae,Cephalotes,Cephalotes quadratus
Formicidae,Cephalotes,Cephalotes ramiphilus
Formicidae,Cephalotes,Cephalotes resinae
Formicidae,Cephalotes,Cephalotes rohweri
Formicidae,Cephalotes,Cephalotes scutulatus
Formicidae,Cephalotes,Cephalotes serraticeps
Formicidae,Cephalotes,Cephalotes setulifer
Formicidae,Cephalotes,Cephalotes simillimus
Formicidae,Cephalotes,Cephalotes sobrius
Formicidae,Cephalotes,Cephalotes solidus
Formicidae,Cephalotes,Cephalotes specularis
Formicidae,Cephalotes,Cephalotes spinosus
Formicidae,Cephalotes,Cephalotes supercilii
Formicidae,Cephalotes,Cephalotes taino
Formicidae,Cephalotes,Cephalotes targionii
Formicidae,Cephalotes,Cephalotes texanus
Formicidae,Cephalotes,Cephalotes toltecus
Formicidae,Cephalotes,Cephalotes trichophorus
Formicidae,Cephalotes,Cephalotes umbraculatus
Formicidae,Cephalotes,Cephalotes unimaculatus
Formicidae,Cephalotes,Cephalotes ustus
Formicidae,Cephalotes,Cephalotes varians
Formicidae,Cephalotes,Cephalotes vinosus
Formicidae,Cephalotes,Cephalotes wheeleri
Formicidae,Cerapachys,Cerapachys antennatus
Formicidae,Cerapachys,Cerapachys jacobsoni
Formicidae,Cerapachys,Cerapachys manni
Formicidae,Cerapachys,Cerapachys sulcinodis
Formicidae,Cerapachys,Cerapachys xizangensis
Formicidae,Cerapachys,Cerapachys zhengyangwangi
Formicidae,Chelaner,Chelaner albipes
Formicidae,Chelaner,Chelaner antarcticus
Formicidae,Chelaner,Chelaner anthracinus
Formicidae,Chelaner,Chelaner aper
Formicidae,Chelaner,Chelaner bicornis
Formicidae,Chelaner,Chelaner bifidus
Formicidae,Chelaner,Chelaner bihamatus
Formicidae,Chelaner,Chelaner brachythrix
Formicidae,Chelaner,Chelaner burcherae
Formicidae,Chelaner,Chelaner capito
Formicidae,Chelaner,Chelaner centralis
Formicidae,Chelaner,Chelaner crinitus
Formicidae,Chelaner,Chelaner croceiventris
Formicidae,Chelaner,Chelaner decuria
Formicidae,Chelaner,Chelaner draculai
Formicidae,Chelaner,Chelaner durokoppinensis
Formicidae,Chelaner,Chelaner edentatus
Formicidae,Chelaner,Chelaner elegantulus
Formicidae,Chelaner,Chelaner euryodon
Formicidae,Chelaner,Chelaner falcatus
Formicidae,Chelaner,Chelaner flavoniger
Formicidae,Chelaner,Chelaner forcipatus
Formicidae,Chelaner,Chelaner gilberti
Formicidae,Chelaner,Chelaner insolescens
Formicidae,Chelaner,Chelaner kiliani
Formicidae,Chelaner,Chelaner lacunosus
Formicidae,Chelaner,Chelaner leae
Formicidae,Chelaner,Chelaner legulus
Formicidae,Chelaner,Chelaner longiceps
Formicidae,Chelaner,Chelaner longinodis
Formicidae,Chelaner,Chelaner longipes
Formicidae,Chelaner,Chelaner macarthuri
Formicidae,Chelaner,Chelaner majeri
Formicidae,Chelaner,Chelaner melleus
Formicidae,Chelaner,Chelaner nightcapensis
Formicidae,Chelaner,Chelaner nigriceps
Formicidae,Chelaner,Chelaner parantarcticus
Formicidae,Chelaner,Chelaner petiolatus
Formicidae,Chelaner,Chelaner pubescens
Formicidae,Chelaner,Chelaner punctulatus
Formicidae,Chelaner,Chelaner ravenshoensis
Formicidae,Chelaner,Chelaner rubriceps
Formicidae,Chelaner,Chelaner rufoniger
Formicidae,Chelaner,Chelaner sculpturatus
Formicidae,Chelaner,Chelaner shattucki
Formicidae,Chelaner,Chelaner smithii
Formicidae,Chelaner,Chelaner striatifrons
Formicidae,Chelaner,Chelaner sublamellatus
Formicidae,Chelaner,Chelaner tambourinensis
Formicidae,Chelaner,Chelaner tricolor
Formicidae,Chelaner,Chelaner whitei
Formicidae,Chelaner,Chelaner xantheklemma
Formicidae,Cheliomyrmex,Cheliomyrmex andicola
Formicidae,Cheliomyrmex,Cheliomyrmex audax
Formicidae,Cheliomyrmex,Cheliomyrmex megalonyx
Formicidae,Cheliomyrmex,Cheliomyrmex morosus
Formicidae,Chimaeridris,Chimaeridris boltoni
Formicidae,Chimaeridris,Chimaeridris burckhardti
Formicidae,Chronoxenus,Chronoxenus butteli
Formicidae,Chronoxenus,Chronoxenus dalyi
Formicidae,Chronoxenus,Chronoxenus myops
Formicidae,Chronoxenus,Chronoxenus rossi
Formicidae,Chronoxenus,Chronoxenus walshi
Formicidae,Chronoxenus,Chronoxenus wroughtonii
Formicidae,Chrysapace,Chrysapace costatus
Formicidae,Chrysapace,Chrysapace jacobsoni
Formicidae,Chrysapace,Chrysapace merimbunensis
Formicidae,Chrysapace,Chrysapace sauteri
Formicidae,Cladomyrma,Cladomyrma andrei
Formicidae,Cladomyrma,Cladomyrma aurochaetae
Formicidae,Cladomyrma,Cladomyrma crypteroniae
Formicidae,Cladomyrma,Cladomyrma dianeae
Formicidae,Cladomyrma,Cladomyrma hewitti
Formicidae,Cladomyrma,Cladomyrma hobbyi
Formicidae,Cladomyrma,Cladomyrma maryatiae
Formicidae,Cladomyrma,Cladomyrma maschwitzi
Formicidae,Cladomyrma,Cladomyrma nudidorsalis
Formicidae,Cladomyrma,Cladomyrma petalae
Formicidae,Cladomyrma,Cladomyrma scopulosa
Formicidae,Cladomyrma,Cladomyrma sirindhornae
Formicidae,Cladomyrma,Cladomyrma yongi
Formicidae,Colobopsis,Colobopsis abdita
Formicidae,Colobopsis,Colobopsis acuta
Formicidae,Colobopsis,Colobopsis anderseni
Formicidae,Colobopsis,Colobopsis annetteae
Formicidae,Colobopsis,Colobopsis aruensis
Formicidae,Colobopsis,Colobopsis aurata
Formicidae,Colobopsis,Colobopsis badia
Formicidae,Colobopsis,Colobopsis brachycephala
Formicidae,Colobopsis,Colobopsis breva
Formicidae,Colobopsis,Colobopsis bryani
Formicidae,Colobopsis,Colobopsis calva
Formicidae,Colobopsis,Colobopsis camelus
Formicidae,Colobopsis,Colobopsis cerberula
Formicidae,Colobopsis,Colobopsis ceylonica
Formicidae,Colobopsis,Colobopsis clerodendri
Formicidae,Colobopsis,Colobopsis concavitruncata
Formicidae,Colobopsis,Colobopsis conica
Formicidae,Colobopsis,Colobopsis conithorax
Formicidae,Colobopsis,Colobopsis corallina
Formicidae,Colobopsis,Colobopsis cotesii
Formicidae,Colobopsis,Colobopsis cristata
Formicidae,Colobopsis,Colobopsis custodula
Formicidae,Colobopsis,Colobopsis cylindrica
Formicidae,Colobopsis,Colobopsis dentata
Formicidae,Colobopsis,Colobopsis desecta
Formicidae,Colobopsis,Colobopsis elysii
Formicidae,Colobopsis,Colobopsis equus
Formicidae,Colobopsis,Colobopsis etiolata
Formicidae,Colobopsis,Colobopsis excavata
Formicidae,Colobopsis,Colobopsis explodens
Formicidae,Colobopsis,Colobopsis fijiana
Formicidae,Colobopsis,Colobopsis flava
Formicidae,Colobopsis,Colobopsis flavolimbata
Formicidae,Colobopsis,Colobopsis gasseri
Formicidae,Colobopsis,Colobopsis guppyi
Formicidae,Colobopsis,Colobopsis horripilus
Formicidae,Colobopsis,Colobopsis horseshoetus
Formicidae,Colobopsis,Colobopsis hosei
Formicidae,Colobopsis,Colobopsis howensis
Formicidae,Colobopsis,Colobopsis imitans
Formicidae,Colobopsis,Colobopsis impressa
Formicidae,Colobopsis,Colobopsis kadi
Formicidae,Colobopsis,Colobopsis kapilashi
Formicidae,Colobopsis,Colobopsis karawaiewi
Formicidae,Colobopsis,Colobopsis laminata
Formicidae,Colobopsis,Colobopsis laotsei
Formicidae,Colobopsis,Colobopsis lauensis
Formicidae,Colobopsis,Colobopsis leonardi
Formicidae,Colobopsis,Colobopsis levuana
Formicidae,Colobopsis,Colobopsis loa
Formicidae,Colobopsis,Colobopsis longi
Formicidae,Colobopsis,Colobopsis maafui
Formicidae,Colobopsis,Colobopsis macarangae
Formicidae,Colobopsis,Colobopsis macrocephala
Formicidae,Colobopsis,Colobopsis manni
Formicidae,Colobopsis,Colobopsis markli
Formicidae,Colobopsis,Colobopsis mathildeae
Formicidae,Colobopsis,Colobopsis minus
Formicidae,Colobopsis,Colobopsis mississippiensis
Formicidae,Colobopsis,Colobopsis moeschi
Formicidae,Colobopsis,Colobopsis mutilata
Formicidae,Colobopsis,Colobopsis newzealandica
Formicidae,Colobopsis,Colobopsis nigrifrons
Formicidae,Colobopsis,Colobopsis nipponica
Formicidae,Colobopsis,Colobopsis nutans
Formicidae,Colobopsis,Colobopsis obliqua
Formicidae,Colobopsis,Colobopsis oceanica
Formicidae,Colobopsis,Colobopsis papago
Formicidae,Colobopsis,Colobopsis perneser
Formicidae,Colobopsis,Colobopsis phragmaticola
Formicidae,Colobopsis,Colobopsis polynesica
Formicidae,Colobopsis,Colobopsis pylora
Formicidae,Colobopsis,Colobopsis quadriceps
Formicidae,Colobopsis,Colobopsis reepeni
Formicidae,Colobopsis,Colobopsis reichenspergeri
Formicidae,Colobopsis,Colobopsis riehlii
Formicidae,Colobopsis,Colobopsis rothneyi
Formicidae,Colobopsis,Colobopsis rotunda
Formicidae,Colobopsis,Colobopsis rufifrons
Formicidae,Colobopsis,Colobopsis sadina
Formicidae,Colobopsis,Colobopsis saginata
Formicidae,Colobopsis,Colobopsis sanguinifrons
Formicidae,Colobopsis,Colobopsis saundersi
Formicidae,Colobopsis,Colobopsis schmeltzi
Formicidae,Colobopsis,Colobopsis schmitzi
Formicidae,Colobopsis,Colobopsis severini
Formicidae,Colobopsis,Colobopsis shohki
Formicidae,Colobopsis,Colobopsis siggii
Formicidae,Colobopsis,Colobopsis smithiana
Formicidae,Colobopsis,Colobopsis sommeri
Formicidae,Colobopsis,Colobopsis stricta
Formicidae,Colobopsis,Colobopsis taivanae
Formicidae,Colobopsis,Colobopsis tricolor
Formicidae,Colobopsis,Colobopsis tritschleri
Formicidae,Colobopsis,Colobopsis truncata
Formicidae,Colobopsis,Colobopsis umbratilis
Formicidae,Colobopsis,Colobopsis vitiensis
Formicidae,Colobopsis,Colobopsis vitrea
Formicidae,Colobopsis,Colobopsis wildae
Formicidae,Colobostruma,Colobostruma alinodis
Formicidae,Colobostruma,Colobostruma australis
Formicidae,Colobostruma,Colobostruma biconcava
Formicidae,Colobostruma,Colobostruma biconvexa
Formicidae,Colobostruma,Colobostruma bicorna
Formicidae,Colobostruma,Colobostruma cerornata
Formicidae,Colobostruma,Colobostruma elliotti
Formicidae,Colobostruma,Colobostruma foliacea
Formicidae,Colobostruma,Colobostruma froggatti
Formicidae,Colobostruma,Colobostruma lacuna
Formicidae,Colobostruma,Colobostruma leae
Formicidae,Colobostruma,Colobostruma mellea
Formicidae,Colobostruma,Colobostruma nancyae
Formicidae,Colobostruma,Colobostruma papulata
Formicidae,Colobostruma,Colobostruma sisypha
Formicidae,Colobostruma,Colobostruma unicorna
Formicidae,Condylodon,Condylodon audouini
Formicidae,Corrieopone,Corrieopone nouragues
Formicidae,Crematogaster,Crematogaster abdominalis
Formicidae,Crematogaster,Crematogaster aberrans
Formicidae,Crematogaster,Crematogaster abouzeidi
Formicidae,Crematogaster,Crematogaster abrupta
Formicidae,Crematogaster,Crematogaster abstinens
Formicidae,Crematogaster,Crematogaster acaciae
Formicidae,Crematogaster,Crematogaster aculeata
Formicidae,Crematogaster,Crematogaster acuta
Formicidae,Crematogaster,Crematogaster aegyptiaca
Formicidae,Crematogaster,Crematogaster afghanica
Formicidae,Crematogaster,Crematogaster africana
Formicidae,Crematogaster,Crematogaster agnetis
Formicidae,Crematogaster,Crematogaster agniae
Formicidae,Crematogaster,Crematogaster alafara
Formicidae,Crematogaster,Crematogaster algirica
Formicidae,Crematogaster,Crematogaster alluaudi
Formicidae,Crematogaster,Crematogaster aloysiisabaudiae
Formicidae,Crematogaster,Crematogaster alulai
Formicidae,Crematogaster,Crematogaster amabilis
Formicidae,Crematogaster,Crematogaster amapaensis
Formicidae,Crematogaster,Crematogaster ambigua
Formicidae,Crematogaster,Crematogaster amita
Formicidae,Crematogaster,Crematogaster ampla
Formicidae,Crematogaster,Crematogaster ampullaris
Formicidae,Crematogaster,Crematogaster ancipitula
Formicidae,Crematogaster,Crematogaster angulosa
Formicidae,Crematogaster,Crematogaster angusticeps
Formicidae,Crematogaster,Crematogaster antaris
Formicidae,Crematogaster,Crematogaster anthracina
Formicidae,Crematogaster,Crematogaster apicalis
Formicidae,Crematogaster,Crematogaster arata
Formicidae,Crematogaster,Crematogaster arcuata
Formicidae,Crematogaster,Crematogaster arnoldi
Formicidae,Crematogaster,Crematogaster aroensis
Formicidae,Crematogaster,Crematogaster arthurimuelleri
Formicidae,Crematogaster,Crematogaster ashmeadi
Formicidae,Crematogaster,Crematogaster atra
Formicidae,Crematogaster,Crematogaster auberti
Formicidae,Crematogaster,Crematogaster augusti
Formicidae,Crematogaster,Crematogaster aurita
Formicidae,Crematogaster,Crematogaster australis
Formicidae,Crematogaster,Crematogaster baduvi
Formicidae,Crematogaster,Crematogaster bakeri
Formicidae,Crematogaster,Crematogaster bandarensis
Formicidae,Crematogaster,Crematogaster bara
Formicidae,Crematogaster,Crematogaster batesi
Formicidae,Crematogaster,Crematogaster bequaerti
Formicidae,Crematogaster,Crematogaster betapicalis
Formicidae,Crematogaster,Crematogaster bicolor
Formicidae,Crematogaster,Crematogaster biformis
Formicidae,Crematogaster,Crematogaster binghamii
Formicidae,Crematogaster,Crematogaster bingo
Formicidae,Crematogaster,Crematogaster bipartita
Formicidae,Crematogaster,Crematogaster biroi
Formicidae,Crematogaster,Crematogaster bison
Formicidae,Crematogaster,Crematogaster boera
Formicidae,Crematogaster,Crematogaster bogojawlenskii
Formicidae,Crematogaster,Crematogaster boliviana
Formicidae,Crematogaster,Crematogaster bonnieae
Formicidae,Crematogaster,Crematogaster borneensis
Formicidae,Crematogaster,Crematogaster bouvardi
Formicidae,Crematogaster,Crematogaster brasiliensis
Formicidae,Crematogaster,Crematogaster brevidentata
Formicidae,Crematogaster,Crematogaster brevimandibularis
Formicidae,Crematogaster,Crematogaster brevis
Formicidae,Crematogaster,Crematogaster brevispina
Formicidae,Crematogaster,Crematogaster breviventris
Formicidae,Crematogaster,Crematogaster browni
Formicidae,Crematogaster,Crematogaster bruchi
Formicidae,Crematogaster,Crematogaster brunensis
Formicidae,Crematogaster,Crematogaster brunnea
Formicidae,Crematogaster,Crematogaster brunneipennis
Formicidae,Crematogaster,Crematogaster brunnescens
Formicidae,Crematogaster,Crematogaster bryophilia
Formicidae,Crematogaster,Crematogaster buchneri
Formicidae,Crematogaster,Crematogaster buddhae
Formicidae,Crematogaster,Crematogaster butteli
Formicidae,Crematogaster,Crematogaster californica
Formicidae,Crematogaster,Crematogaster capensis
Formicidae,Crematogaster,Crematogaster captiosa
Formicidae,Crematogaster,Crematogaster carinata
Formicidae,Crematogaster,Crematogaster castanea
Formicidae,Crematogaster,Crematogaster cedrosensis
Formicidae,Crematogaster,Crematogaster celebensis
Formicidae,Crematogaster,Crematogaster censor
Formicidae,Crematogaster,Crematogaster cephalotes
Formicidae,Crematogaster,Crematogaster cerasi
Formicidae,Crematogaster,Crematogaster chhangi
Formicidae,Crematogaster,Crematogaster chiarinii
Formicidae,Crematogaster,Crematogaster chlorotica
Formicidae,Crematogaster,Crematogaster chodati
Formicidae,Crematogaster,Crematogaster chopardi
Formicidae,Crematogaster,Crematogaster chungi
Formicidae,Crematogaster,Crematogaster cicatriculosa
Formicidae,Crematogaster,Crematogaster cisplatinalis
Formicidae,Crematogaster,Crematogaster clarior
Formicidae,Crematogaster,Crematogaster clariventris
Formicidae,Crematogaster,Crematogaster claudiae
Formicidae,Crematogaster,Crematogaster clydia
Formicidae,Crematogaster,Crematogaster coarctata
Formicidae,Crematogaster,Crematogaster coelestis
Formicidae,Crematogaster,Crematogaster colei
Formicidae,Crematogaster,Crematogaster concava
Formicidae,Crematogaster,Crematogaster consternens
Formicidae,Crematogaster,Crematogaster constructor
Formicidae,Crematogaster,Crematogaster contemta
Formicidae,Crematogaster,Crematogaster coriaria
Formicidae,Crematogaster,Crematogaster cornigera
Formicidae,Crematogaster,Crematogaster cornuta
Formicidae,Crematogaster,Crematogaster corporaali
Formicidae,Crematogaster,Crematogaster corticicola
Formicidae,Crematogaster,Crematogaster corvina
Formicidae,Crematogaster,Crematogaster crassicornis
Formicidae,Crematogaster,Crematogaster crinosa
Formicidae,Crematogaster,Crematogaster cristata
Formicidae,Crematogaster,Crematogaster crucis
Formicidae,Crematogaster,Crematogaster cubaensis
Formicidae,Crematogaster,Crematogaster curvispinosa
Formicidae,Crematogaster,Crematogaster cuvierae
Formicidae,Crematogaster,Crematogaster cylindriceps
Formicidae,Crematogaster,Crematogaster cypria
Formicidae,Crematogaster,Crematogaster dahlii
Formicidae,Crematogaster,Crematogaster daisyi
Formicidae,Crematogaster,Crematogaster dalyi
Formicidae,Crematogaster,Crematogaster decamera
Formicidae,Crematogaster,Crematogaster degeeri
Formicidae,Crematogaster,Crematogaster delagoensis
Formicidae,Crematogaster,Crematogaster delitescens
Formicidae,Crematogaster,Crematogaster dentata
Formicidae,Crematogaster,Crematogaster dentinodis
Formicidae,Crematogaster,Crematogaster depilis
Formicidae,Crematogaster,Crematogaster depressa
Formicidae,Crematogaster,Crematogaster desecta
Formicidae,Crematogaster,Crematogaster desperans
Formicidae,Crematogaster,Crematogaster detecta
Formicidae,Crematogaster,Crematogaster dhofarensis
Formicidae,Crematogaster,Crematogaster difformis
Formicidae,Crematogaster,Crematogaster diffusa
Formicidae,Crematogaster,Crematogaster distans
Formicidae,Crematogaster,Crematogaster dohrni
Formicidae,Crematogaster,Crematogaster dolens
Formicidae,Crematogaster,Crematogaster donisthorpei
Formicidae,Crematogaster,Crematogaster dorada
Formicidae,Crematogaster,Crematogaster dorsidens
Formicidae,Crematogaster,Crematogaster dubia
Formicidae,Crematogaster,Crematogaster ebenina
Formicidae,Crematogaster,Crematogaster edentula
Formicidae,Crematogaster,Crematogaster egidyi
Formicidae,Crematogaster,Crematogaster egregior
Formicidae,Crematogaster,Crematogaster elegans
Formicidae,Crematogaster,Crematogaster elysii
Formicidae,Crematogaster,Crematogaster emeryana
Formicidae,Crematogaster,Crematogaster emeryi
Formicidae,Crematogaster,Crematogaster enneamera
Formicidae,Crematogaster,Crematogaster ensifera
Formicidae,Crematogaster,Crematogaster erecta
Formicidae,Crematogaster,Crematogaster erectepilosa
Formicidae,Crematogaster,Crematogaster eurydice
Formicidae,Crematogaster,Crematogaster euterpe
Formicidae,Crematogaster,Crematogaster evallans
Formicidae,Crematogaster,Crematogaster excisa
Formicidae,Crematogaster,Crematogaster ferrarii
Formicidae,Crematogaster,Crematogaster flava
Formicidae,Crematogaster,Crematogaster flavicornis
Formicidae,Crematogaster,Crematogaster flavitarsis
Formicidae,Crematogaster,Crematogaster flaviventris
Formicidae,Crematogaster,Crematogaster flavomicrops
Formicidae,Crematogaster,Crematogaster flavosensitiva
Formicidae,Crematogaster,Crematogaster foliocrypta
Formicidae,Crematogaster,Crematogaster foraminiceps
Formicidae,Crematogaster,Crematogaster formosa
Formicidae,Crematogaster,Crematogaster foxi
Formicidae,Crematogaster,Crematogaster fraxatrix
Formicidae,Crematogaster,Crematogaster fritzi
Formicidae,Crematogaster,Crematogaster frivola
Formicidae,Crematogaster,Crematogaster fruhstorferi
Formicidae,Crematogaster,Crematogaster fuentei
Formicidae,Crematogaster,Crematogaster fumikoae
Formicidae,Crematogaster,Crematogaster fusca
Formicidae,Crematogaster,Crematogaster gabonensis
Formicidae,Crematogaster,Crematogaster gadagkari
Formicidae,Crematogaster,Crematogaster gallicola
Formicidae,Crematogaster,Crematogaster gambiensis
Formicidae,Crematogaster,Crematogaster gavapiga
Formicidae,Crematogaster,Crematogaster gerstaeckeri
Formicidae,Crematogaster,Crematogaster ghoneimi
Formicidae,Crematogaster,Crematogaster goeldii
Formicidae,Crematogaster,Crematogaster gordani
Formicidae,Crematogaster,Crematogaster gratiosa
Formicidae,Crematogaster,Crematogaster grevei
Formicidae,Crematogaster,Crematogaster gryllsi
Formicidae,Crematogaster,Crematogaster gullukdagensis
Formicidae,Crematogaster,Crematogaster gutenbergi
Formicidae,Crematogaster,Crematogaster gypsophila
Formicidae,Crematogaster,Crematogaster hafahafa
Formicidae,Crematogaster,Crematogaster hashimi
Formicidae,Crematogaster,Crematogaster hazolava
Formicidae,Crematogaster,Crematogaster heathi
Formicidae,Crematogaster,Crematogaster hemiceros
Formicidae,Crematogaster,Crematogaster hespera
Formicidae,Crematogaster,Crematogaster hezaradjatica
Formicidae,Crematogaster,Crematogaster himalayana
Formicidae,Crematogaster,Crematogaster hodgsoni
Formicidae,Crematogaster,Crematogaster homeri
Formicidae,Crematogaster,Crematogaster hottentota
Formicidae,Crematogaster,Crematogaster hova
Formicidae,Crematogaster,Crematogaster huberi
Formicidae,Crematogaster,Crematogaster hullettii
Formicidae,Crematogaster,Crematogaster iheringi
Formicidae,Crematogaster,Crematogaster ilgii
Formicidae,Crematogaster,Crematogaster imperfecta
Formicidae,Crematogaster,Crematogaster impressa
Formicidae,Crematogaster,Crematogaster impressiceps
Formicidae,Crematogaster,Crematogaster inconspicua
Formicidae,Crematogaster,Crematogaster incorrecta
Formicidae,Crematogaster,Crematogaster indefensa
Formicidae,Crematogaster,Crematogaster indosinensis
Formicidae,Crematogaster,Crematogaster inermis
Formicidae,Crematogaster,Crematogaster inflata
Formicidae,Crematogaster,Crematogaster innocens
Formicidae,Crematogaster,Crematogaster insularis
Formicidae,Crematogaster,Crematogaster ionia
Formicidae,Crematogaster,Crematogaster iridipennis
Formicidae,Crematogaster,Crematogaster irritabilis
Formicidae,Crematogaster,Crematogaster isolata
Formicidae,Crematogaster,Crematogaster izanami
Formicidae,Crematogaster,Crematogaster jacindae
Formicidae,Crematogaster,Crematogaster jacobsoni
Formicidae,Crematogaster,Crematogaster jardinero
Formicidae,Crematogaster,Crematogaster javanica
Formicidae,Crematogaster,Crematogaster jeanneli
Formicidae,Crematogaster,Crematogaster jehovae
Formicidae,Crematogaster,Crematogaster jullieni
Formicidae,Crematogaster,Crematogaster juventa
Formicidae,Crematogaster,Crematogaster kachelibae
Formicidae,Crematogaster,Crematogaster karawaiewi
Formicidae,Crematogaster,Crematogaster kasaiensis
Formicidae,Crematogaster,Crematogaster kelleri
Formicidae,Crematogaster,Crematogaster keris
Formicidae,Crematogaster,Crematogaster khmerensis
Formicidae,Crematogaster,Crematogaster kirbii
Formicidae,Crematogaster,Crematogaster kneri
Formicidae,Crematogaster,Crematogaster kohli
Formicidae,Crematogaster,Crematogaster kojimai
Formicidae,Crematogaster,Crematogaster kutteri
Formicidae,Crematogaster,Crematogaster laestrygon
Formicidae,Crematogaster,Crematogaster laeviceps
Formicidae,Crematogaster,Crematogaster laevis
Formicidae,Crematogaster,Crematogaster laevissima
Formicidae,Crematogaster,Crematogaster laeviuscula
Formicidae,Crematogaster,Crematogaster lamottei
Formicidae,Crematogaster,Crematogaster lango
Formicidae,Crematogaster,Crematogaster larreae
Formicidae,Crematogaster,Crematogaster latuka
Formicidae,Crematogaster,Crematogaster laurenti
Formicidae,Crematogaster,Crematogaster ledouxi
Formicidae,Crematogaster,Crematogaster levior
Formicidae,Crematogaster,Crematogaster libengensis
Formicidae,Crematogaster,Crematogaster liengmei
Formicidae,Crematogaster,Crematogaster limata
Formicidae,Crematogaster,Crematogaster lineolata
Formicidae,Crematogaster,Crematogaster linsenmairi
Formicidae,Crematogaster,Crematogaster litoralis
Formicidae,Crematogaster,Crematogaster lobata
Formicidae,Crematogaster,Crematogaster longicephala
Formicidae,Crematogaster,Crematogaster longiceps
Formicidae,Crematogaster,Crematogaster longiclava
Formicidae,Crematogaster,Crematogaster longipilosa
Formicidae,Crematogaster,Crematogaster longispina
Formicidae,Crematogaster,Crematogaster lorteti
Formicidae,Crematogaster,Crematogaster lotti
Formicidae,Crematogaster,Crematogaster lucayana
Formicidae,Crematogaster,Crematogaster luctans
Formicidae,Crematogaster,Crematogaster lutzi
Formicidae,Crematogaster,Crematogaster luzonensis
Formicidae,Crematogaster,Crematogaster macaoensis
Formicidae,Crematogaster,Crematogaster macracantha
Formicidae,Crematogaster,Crematogaster madagascariensis
Formicidae,Crematogaster,Crematogaster madecassa
Formicidae,Crematogaster,Crematogaster mafybe
Formicidae,Crematogaster,Crematogaster magitae
Formicidae,Crematogaster,Crematogaster magnifica
Formicidae,Crematogaster,Crematogaster mahery
Formicidae,Crematogaster,Crematogaster maina
Formicidae,Crematogaster,Crematogaster major
Formicidae,Crematogaster,Crematogaster malahelo
Formicidae,Crematogaster,Crematogaster malala
Formicidae,Crematogaster,Crematogaster mancocapaci
Formicidae,Crematogaster,Crematogaster manni
Formicidae,Crematogaster,Crematogaster margaritae
Formicidae,Crematogaster,Crematogaster marioni
Formicidae,Crematogaster,Crematogaster marthae
Formicidae,Crematogaster,Crematogaster maryatii
Formicidae,Crematogaster,Crematogaster masokely
Formicidae,Crematogaster,Crematogaster masukoi
Formicidae,Crematogaster,Crematogaster matsumurai
Formicidae,Crematogaster,Crematogaster meijerei
Formicidae,Crematogaster,Crematogaster melanogaster
Formicidae,Crematogaster,Crematogaster menilekii
Formicidae,Crematogaster,Crematogaster mesonotalis
Formicidae,Crematogaster,Crematogaster microspina
Formicidae,Crematogaster,Crematogaster mimicans
Formicidae,Crematogaster,Crematogaster mimosae
Formicidae,Crematogaster,Crematogaster minutissima
Formicidae,Crematogaster,Crematogaster misella
Formicidae,Crematogaster,Crematogaster missouriensis
Formicidae,Crematogaster,Crematogaster mjobergi
Formicidae,Crematogaster,Crematogaster moatensis
Formicidae,Crematogaster,Crematogaster modiglianii
Formicidae,Crematogaster,Crematogaster moelleri
Formicidae,Crematogaster,Crematogaster monocula
Formicidae,Crematogaster,Crematogaster montana
Formicidae,Crematogaster,Crematogaster montenigrina
Formicidae,Crematogaster,Crematogaster monteverdensis
Formicidae,Crematogaster,Crematogaster montezumia
Formicidae,Crematogaster,Crematogaster monticola
Formicidae,Crematogaster,Crematogaster moqorensis
Formicidae,Crematogaster,Crematogaster mosis
Formicidae,Crematogaster,Crematogaster mottazi
Formicidae,Crematogaster,Crematogaster mpanjono
Formicidae,Crematogaster,Crematogaster mucronata
Formicidae,Crematogaster,Crematogaster muralti
Formicidae,Crematogaster,Crematogaster mutans
Formicidae,Crematogaster,Crematogaster myops
Formicidae,Crematogaster,Crematogaster natalensis
Formicidae,Crematogaster,Crematogaster navajoa
Formicidae,Crematogaster,Crematogaster nawai
Formicidae,Crematogaster,Crematogaster nesiotis
Formicidae,Crematogaster,Crematogaster neuvillei
Formicidae,Crematogaster,Crematogaster nigeriensis
Formicidae,Crematogaster,Crematogaster nigrans
Formicidae,Crematogaster,Crematogaster nigriceps
Formicidae,Crematogaster,Crematogaster nigronitens
Formicidae,Crematogaster,Crematogaster nigropilosa
Formicidae,Crematogaster,Crematogaster nitidiceps
Formicidae,Crematogaster,Crematogaster nocturna
Formicidae,Crematogaster,Crematogaster nosibeensis
Formicidae,Crematogaster,Crematogaster oasium
Formicidae,Crematogaster,Crematogaster obnigra
Formicidae,Crematogaster,Crematogaster obscura
Formicidae,Crematogaster,Crematogaster obscurata
Formicidae,Crematogaster,Crematogaster obscurior
Formicidae,Crematogaster,Crematogaster ocellata
Formicidae,Crematogaster,Crematogaster ochracea
Formicidae,Crematogaster,Crematogaster ochraceiventris
Formicidae,Crematogaster,Crematogaster ogatai
Formicidae,Crematogaster,Crematogaster onusta
Formicidae,Crematogaster,Crematogaster opaca
Formicidae,Crematogaster,Crematogaster opaciceps
Formicidae,Crematogaster,Crematogaster opuntiae
Formicidae,Crematogaster,Crematogaster orobia
Formicidae,Crematogaster,Crematogaster osakensis
Formicidae,Crematogaster,Crematogaster oscaris
Formicidae,Crematogaster,Crematogaster ourea
Formicidae,Crematogaster,Crematogaster overbecki
Formicidae,Crematogaster,Crematogaster oxygynoides
Formicidae,Crematogaster,Crematogaster painei
Formicidae,Crematogaster,Crematogaster pallida
Formicidae,Crematogaster,Crematogaster pallipes
Formicidae,Crematogaster,Crematogaster paolii
Formicidae,Crematogaster,Crematogaster paradoxa
Formicidae,Crematogaster,Crematogaster parallela
Formicidae,Crematogaster,Crematogaster parapilosa
Formicidae,Crematogaster,Crematogaster patei
Formicidae,Crematogaster,Crematogaster pauciseta
Formicidae,Crematogaster,Crematogaster pauli
Formicidae,Crematogaster,Crematogaster pellens
Formicidae,Crematogaster,Crematogaster perelegans
Formicidae,Crematogaster,Crematogaster peringueyi
Formicidae,Crematogaster,Crematogaster peristerica
Formicidae,Crematogaster,Crematogaster peruviana
Formicidae,Crematogaster,Crematogaster petiolidens
Formicidae,Crematogaster,Crematogaster pfeifferi
Formicidae,Crematogaster,Crematogaster philippinensis
Formicidae,Crematogaster,Crematogaster phoenica
Formicidae,Crematogaster,Crematogaster phoenix
Formicidae,Crematogaster,Crematogaster physothorax
Formicidae,Crematogaster,Crematogaster pia
Formicidae,Crematogaster,Crematogaster pilosa
Formicidae,Crematogaster,Crematogaster pinicola
Formicidae,Crematogaster,Crematogaster polita
Formicidae,Crematogaster,Crematogaster politula
Formicidae,Crematogaster,Crematogaster polymnia
Formicidae,Crematogaster,Crematogaster popohana
Formicidae,Crematogaster,Crematogaster pradipi
Formicidae,Crematogaster,Crematogaster pseudinermis
Formicidae,Crematogaster,Crematogaster pulchella
Formicidae,Crematogaster,Crematogaster punctulata
Formicidae,Crematogaster,Crematogaster pygmaea
Formicidae,Crematogaster,Crematogaster quadriformis
Formicidae,Crematogaster,Crematogaster quadriruga
Formicidae,Crematogaster,Crematogaster quadrispinosa
Formicidae,Crematogaster,Crematogaster queenslandica
Formicidae,Crematogaster,Crematogaster ralumensis
Formicidae,Crematogaster,Crematogaster ramamy
Formicidae,Crematogaster,Crematogaster ranavalonae
Formicidae,Crematogaster,Crematogaster ransonneti
Formicidae,Crematogaster,Crematogaster raptor
Formicidae,Crematogaster,Crematogaster rasoherinae
Formicidae,Crematogaster,Crematogaster rauana
Formicidae,Crematogaster,Crematogaster razana
Formicidae,Crematogaster,Crematogaster rectinota
Formicidae,Crematogaster,Crematogaster recurva
Formicidae,Crematogaster,Crematogaster resulcata
Formicidae,Crematogaster,Crematogaster reticulata
Formicidae,Crematogaster,Crematogaster retifera
Formicidae,Crematogaster,Crematogaster rifelna
Formicidae,Crematogaster,Crematogaster rivai
Formicidae,Crematogaster,Crematogaster rochai
Formicidae,Crematogaster,Crematogaster rogenhoferi
Formicidae,Crematogaster,Crematogaster rogeri
Formicidae,Crematogaster,Crematogaster ronganensis
Formicidae,Crematogaster,Crematogaster roslihashimi
Formicidae,Crematogaster,Crematogaster rossi
Formicidae,Crematogaster,Crematogaster rothneyi
Formicidae,Crematogaster,Crematogaster rudis
Formicidae,Crematogaster,Crematogaster rufa
Formicidae,Crematogaster,Crematogaster rufigena
Formicidae,Crematogaster,Crematogaster rufotestacea
Formicidae,Crematogaster,Crematogaster rugosa
Formicidae,Crematogaster,Crematogaster rugosior
Formicidae,Crematogaster,Crematogaster ruspolii
Formicidae,Crematogaster,Crematogaster russata
Formicidae,Crematogaster,Crematogaster russoi
Formicidae,Crematogaster,Crematogaster rustica
Formicidae,Crematogaster,Crematogaster sabatra
Formicidae,Crematogaster,Crematogaster sagei
Formicidae,Crematogaster,Crematogaster sanguinea
Formicidae,Crematogaster,Crematogaster santschii
Formicidae,Crematogaster,Crematogaster saussurei
Formicidae,Crematogaster,Crematogaster scapamaris
Formicidae,Crematogaster,Crematogaster scelerata
Formicidae,Crematogaster,Crematogaster schencki
Formicidae,Crematogaster,Crematogaster schimmeri
Formicidae,Crematogaster,Crematogaster schmidti
Formicidae,Crematogaster,Crematogaster schultzei
Formicidae,Crematogaster,Crematogaster scita
Formicidae,Crematogaster,Crematogaster scutellaris
Formicidae,Crematogaster,Crematogaster semperi
Formicidae,Crematogaster,Crematogaster senegalensis
Formicidae,Crematogaster,Crematogaster sericea
Formicidae,Crematogaster,Crematogaster sewardi
Formicidae,Crematogaster,Crematogaster sewellii
Formicidae,Crematogaster,Crematogaster sikkimensis
Formicidae,Crematogaster,Crematogaster simboloni
Formicidae,Crematogaster,Crematogaster similis
Formicidae,Crematogaster,Crematogaster simoni
Formicidae,Crematogaster,Crematogaster sisa
Formicidae,Crematogaster,Crematogaster sjostedti
Formicidae,Crematogaster,Crematogaster skounensis
Formicidae,Crematogaster,Crematogaster snellingi
Formicidae,Crematogaster,Crematogaster solenopsides
Formicidae,Crematogaster,Crematogaster solers
Formicidae,Crematogaster,Crematogaster sordidula
Formicidae,Crematogaster,Crematogaster sorokini
Formicidae,Crematogaster,Crematogaster sotobosque
Formicidae,Crematogaster,Crematogaster stadelmanni
Formicidae,Crematogaster,Crematogaster steinheili
Formicidae,Crematogaster,Crematogaster stenocephala
Formicidae,Crematogaster,Crematogaster stigmata
Formicidae,Crematogaster,Crematogaster stigmatica
Formicidae,Crematogaster,Crematogaster stollii
Formicidae,Crematogaster,Crematogaster storki
Formicidae,Crematogaster,Crematogaster striaticeps
Formicidae,Crematogaster,Crematogaster striatula
Formicidae,Crematogaster,Crematogaster subcircularis
Formicidae,Crematogaster,Crematogaster subdentata
Formicidae,Crematogaster,Crematogaster subnuda
Formicidae,Crematogaster,Crematogaster subtonsa
Formicidae,Crematogaster,Crematogaster suehiro
Formicidae,Crematogaster,Crematogaster sumichrasti
Formicidae,Crematogaster,Crematogaster sundalandensis
Formicidae,Crematogaster,Crematogaster tanakai
Formicidae,Crematogaster,Crematogaster tarsata
Formicidae,Crematogaster,Crematogaster tavaratra
Formicidae,Crematogaster,Crematogaster telolafy
Formicidae,Crematogaster,Crematogaster tenuicula
Formicidae,Crematogaster,Crematogaster tenuipilis
Formicidae,Crematogaster,Crematogaster teranishii
Formicidae,Crematogaster,Crematogaster terminalis
Formicidae,Crematogaster,Crematogaster tetracantha
Formicidae,Crematogaster,Crematogaster thalia
Formicidae,Crematogaster,Crematogaster theta
Formicidae,Crematogaster,Crematogaster togoensis
Formicidae,Crematogaster,Crematogaster torosa
Formicidae,Crematogaster,Crematogaster transiens
Formicidae,Crematogaster,Crematogaster transvaalensis
Formicidae,Crematogaster,Crematogaster trautweini
Formicidae,Crematogaster,Crematogaster travancorensis
Formicidae,Crematogaster,Crematogaster treubi
Formicidae,Crematogaster,Crematogaster tricolor
Formicidae,Crematogaster,Crematogaster tsisitsilo
Formicidae,Crematogaster,Crematogaster tumidula
Formicidae,Crematogaster,Crematogaster udo
Formicidae,Crematogaster,Crematogaster unciata
Formicidae,Crematogaster,Crematogaster uruguayensis
Formicidae,Crematogaster,Crematogaster ustiventris
Formicidae,Crematogaster,Crematogaster vacca
Formicidae,Crematogaster,Crematogaster vagula
Formicidae,Crematogaster,Crematogaster vandeli
Formicidae,Crematogaster,Crematogaster vandermeermohri
Formicidae,Crematogaster,Crematogaster vermiculata
Formicidae,Crematogaster,Crematogaster vetusta
Formicidae,Crematogaster,Crematogaster vicina
Formicidae,Crematogaster,Crematogaster victima
Formicidae,Crematogaster,Crematogaster vidua
Formicidae,Crematogaster,Crematogaster vieti
Formicidae,Crematogaster,Crematogaster vitalisi
Formicidae,Crematogaster,Crematogaster volamena
Formicidae,Crematogaster,Crematogaster vulcania
Formicidae,Crematogaster,Crematogaster walshi
Formicidae,Crematogaster,Crematogaster warburgi
Formicidae,Crematogaster,Crematogaster wardi
Formicidae,Crematogaster,Crematogaster wasmanni
Formicidae,Crematogaster,Crematogaster weberi
Formicidae,Crematogaster,Crematogaster wellmani
Formicidae,Crematogaster,Crematogaster werneri
Formicidae,Crematogaster,Crematogaster wheeleri
Formicidae,Crematogaster,Crematogaster whitei
Formicidae,Crematogaster,Crematogaster wilwerthi
Formicidae,Crematogaster,Crematogaster wroughtonii
Formicidae,Crematogaster,Crematogaster xerophila
Formicidae,Crematogaster,Crematogaster yaharai
Formicidae,Crematogaster,Crematogaster yamanei
Formicidae,Crematogaster,Crematogaster yappi
Formicidae,Crematogaster,Crematogaster zavattarii
Formicidae,Crematogaster,Crematogaster zoceensis
Formicidae,Crematogaster,Crematogaster zonacaciae
Formicidae,Cryptomyrmex,Cryptomyrmex boltoni
Formicidae,Cryptomyrmex,Cryptomyrmex longinodus
Formicidae,Cryptopone,Cryptopone arabica
Formicidae,Cryptopone,Cryptopone butteli
Formicidae,Cryptopone,Cryptopone crassicornis
Formicidae,Cryptopone,Cryptopone fusciceps
Formicidae,Cryptopone,Cryptopone gigas
Formicidae,Cryptopone,Cryptopone gilva
Formicidae,Cryptopone,Cryptopone gilvagrande
Formicidae,Cryptopone,Cryptopone gilvatumida
Formicidae,Cryptopone,Cryptopone guatemalensis
Formicidae,Cryptopone,Cryptopone jinxiuensis
Formicidae,Cryptopone,Cryptopone motschulskyi
Formicidae,Cryptopone,Cryptopone nicobarensis
Formicidae,Cryptopone,Cryptopone ochracea
Formicidae,Cryptopone,Cryptopone odax
Formicidae,Cryptopone,Cryptopone pseudogigas
Formicidae,Cryptopone,Cryptopone recticlypea
Formicidae,Cryptopone,Cryptopone rotundiceps
Formicidae,Cryptopone,Cryptopone sauteri
Formicidae,Cryptopone,Cryptopone sinensis
Formicidae,Cryptopone,Cryptopone subterranea
Formicidae,Cryptopone,Cryptopone taivanae
Formicidae,Cryptopone,Cryptopone tengu
Formicidae,Cryptopone,Cryptopone testacea
Formicidae,Cryptopone,Cryptopone typhlos
Formicidae,Cyatta,Cyatta abscondita
Formicidae,Cylindromyrmex,Cylindromyrmex boliviae
Formicidae,Cylindromyrmex,Cylindromyrmex brasiliensis
Formicidae,Cylindromyrmex,Cylindromyrmex brevitarsus
Formicidae,Cylindromyrmex,Cylindromyrmex darlingtoni
Formicidae,Cylindromyrmex,Cylindromyrmex escobari
Formicidae,Cylindromyrmex,Cylindromyrmex godmani
Formicidae,Cylindromyrmex,Cylindromyrmex longiceps
Formicidae,Cylindromyrmex,Cylindromyrmex meinerti
Formicidae,Cylindromyrmex,Cylindromyrmex striatus
Formicidae,Cylindromyrmex,Cylindromyrmex whymperi
Formicidae,Cyphoidris,Cyphoidris exalta
Formicidae,Cyphoidris,Cyphoidris parissa
Formicidae,Cyphoidris,Cyphoidris spinosa
Formicidae,Cyphoidris,Cyphoidris werneri
Formicidae,Dacatria,Dacatria templaris
Formicidae,Dacetinops,Dacetinops cibdelus
Formicidae,Dacetinops,Dacetinops cirrosus
Formicidae,Dacetinops,Dacetinops concinnus
Formicidae,Dacetinops,Dacetinops darlingtoni
Formicidae,Dacetinops,Dacetinops ignotus
Formicidae,Dacetinops,Dacetinops solivagus
Formicidae,Dacetinops,Dacetinops wilsoni
Formicidae,Daceton,Daceton armigerum
Formicidae,Daceton,Daceton boltoni
Formicidae,Diacamma,Diacamma aequale
Formicidae,Diacamma,Diacamma assamense
Formicidae,Diacamma,Diacamma aureovestitum
Formicidae,Diacamma,Diacamma australe
Formicidae,Diacamma,Diacamma baguiense
Formicidae,Diacamma,Diacamma bispinosum
Formicidae,Diacamma,Diacamma brevistriatum
Formicidae,Diacamma,Diacamma caeruleum
Formicidae,Diacamma,Diacamma carbonarium
Formicidae,Diacamma,Diacamma ceylonense
Formicidae,Diacamma,Diacamma colosseense
Formicidae,Diacamma,Diacamma concentricum
Formicidae,Diacamma,Diacamma cupreum
Formicidae,Diacamma,Diacamma cyaneiventre
Formicidae,Diacamma,Diacamma excellens
Formicidae,Diacamma,Diacamma generali
Formicidae,Diacamma,Diacamma geometricum
Formicidae,Diacamma,Diacamma gusenleitneri
Formicidae,Diacamma,Diacamma holosericum
Formicidae,Diacamma,Diacamma holzschuhi
Formicidae,Diacamma,Diacamma indicum
Formicidae,Diacamma,Diacamma intricatum
Formicidae,Diacamma,Diacamma jacobsoni
Formicidae,Diacamma,Diacamma jaitrongi
Formicidae,Diacamma,Diacamma leve
Formicidae,Diacamma,Diacamma leyteense
Formicidae,Diacamma,Diacamma longitudinale
Formicidae,Diacamma,Diacamma magdalenae
Formicidae,Diacamma,Diacamma orbiculatum
Formicidae,Diacamma,Diacamma palawanicum
Formicidae,Diacamma,Diacamma pallidum
Formicidae,Diacamma,Diacamma panayense
Formicidae,Diacamma,Diacamma purpureum
Formicidae,Diacamma,Diacamma reductostriatum
Formicidae,Diacamma,Diacamma rugivertex
Formicidae,Diacamma,Diacamma rugosum
Formicidae,Diacamma,Diacamma scalpratum
Formicidae,Diacamma,Diacamma schoedli
Formicidae,Diacamma,Diacamma sikkimense
Formicidae,Diacamma,Diacamma solitaria
Formicidae,Diacamma,Diacamma symposium
Formicidae,Diacamma,Diacamma timorense
Formicidae,Diacamma,Diacamma unicolor
Formicidae,Diacamma,Diacamma vagans
Formicidae,Diacamma,Diacamma violaceum
Formicidae,Diacamma,Diacamma viridipurpureum
Formicidae,Diaphoromyrma,Diaphoromyrma sofiae
Formicidae,Dicroaspis,Dicroaspis cryptocera
Formicidae,Dicroaspis,Dicroaspis KM01
Formicidae,Dicroaspis,Dicroaspis laevidens
Formicidae,Dilobocondyla,Dilobocondyla bangalorica
Formicidae,Dilobocondyla,Dilobocondyla borneensis
Formicidae,Dilobocondyla,Dilobocondyla carinata
Formicidae,Dilobocondyla,Dilobocondyla cataulacoidea
Formicidae,Dilobocondyla,Dilobocondyla chapmani
Formicidae,Dilobocondyla,Dilobocondyla didita
Formicidae,Dilobocondyla,Dilobocondyla eguchii
Formicidae,Dilobocondyla,Dilobocondyla fouqueti
Formicidae,Dilobocondyla,Dilobocondyla fulva
Formicidae,Dilobocondyla,Dilobocondyla gaoyureni
Formicidae,Dilobocondyla,Dilobocondyla gasteroreticulata
Formicidae,Dilobocondyla,Dilobocondyla karnyi
Formicidae,Dilobocondyla,Dilobocondyla oswini
Formicidae,Dilobocondyla,Dilobocondyla propotriangulata
Formicidae,Dilobocondyla,Dilobocondyla rufida
Formicidae,Dilobocondyla,Dilobocondyla rufobrunnea
Formicidae,Dilobocondyla,Dilobocondyla rugosa
Formicidae,Dilobocondyla,Dilobocondyla sebesiana
Formicidae,Dilobocondyla,Dilobocondyla selebensis
Formicidae,Dilobocondyla,Dilobocondyla silviae
Formicidae,Dilobocondyla,Dilobocondyla yamanei
Formicidae,Dinomyrmex,Dinomyrmex gigas
Formicidae,Dinoponera,Dinoponera gigantea
Formicidae,Dinoponera,Dinoponera grandis
Formicidae,Dinoponera,Dinoponera hispida
Formicidae,Dinoponera,Dinoponera longipes
Formicidae,Dinoponera,Dinoponera lucida
Formicidae,Dinoponera,Dinoponera mutica
Formicidae,Dinoponera,Dinoponera nicinha
Formicidae,Dinoponera,Dinoponera quadriceps
Formicidae,Diplomorium,Diplomorium longipenne
Formicidae,Discothyrea,Discothyrea aisnetu
Formicidae,Discothyrea,Discothyrea antarctica
Formicidae,Discothyrea,Discothyrea athene
Formicidae,Discothyrea,Discothyrea banna
Formicidae,Discothyrea,Discothyrea berlita
Formicidae,Discothyrea,Discothyrea bidens
Formicidae,Discothyrea,Discothyrea bobi
Formicidae,Discothyrea,Discothyrea bryanti
Formicidae,Discothyrea,Discothyrea chimera
Formicidae,Discothyrea,Discothyrea clavicornis
Formicidae,Discothyrea,Discothyrea crassicornis
Formicidae,Discothyrea,Discothyrea damato
Formicidae,Discothyrea,Discothyrea denticulata
Formicidae,Discothyrea,Discothyrea diana
Formicidae,Discothyrea,Discothyrea dryad
Formicidae,Discothyrea,Discothyrea gaia
Formicidae,Discothyrea,Discothyrea globa
Formicidae,Discothyrea,Discothyrea gryphon
Formicidae,Discothyrea,Discothyrea hawkesi
Formicidae,Discothyrea,Discothyrea horni
Formicidae,Discothyrea,Discothyrea humilis
Formicidae,Discothyrea,Discothyrea icta
Formicidae,Discothyrea,Discothyrea isthmica
Formicidae,Discothyrea,Discothyrea kalypso
Formicidae,Discothyrea,Discothyrea kamiteta
Formicidae,Discothyrea,Discothyrea leae
Formicidae,Discothyrea,Discothyrea maia
Formicidae,Discothyrea,Discothyrea michelae
Formicidae,Discothyrea,Discothyrea mixta
Formicidae,Discothyrea,Discothyrea neotropica
Formicidae,Discothyrea,Discothyrea oculata
Formicidae,Discothyrea,Discothyrea patrizii
Formicidae,Discothyrea,Discothyrea penthos
Formicidae,Discothyrea,Discothyrea periyarensis
Formicidae,Discothyrea,Discothyrea poweri
Formicidae,Discothyrea,Discothyrea remingtoni
Formicidae,Discothyrea,Discothyrea sauteri
Formicidae,Discothyrea,Discothyrea schulzei
Formicidae,Discothyrea,Discothyrea sexarticulata
Formicidae,Discothyrea,Discothyrea soesilae
Formicidae,Discothyrea,Discothyrea sringerensis
Formicidae,Discothyrea,Discothyrea stumperi
Formicidae,Discothyrea,Discothyrea testacea
Formicidae,Discothyrea,Discothyrea traegaordhi
Formicidae,Discothyrea,Discothyrea turtoni
Formicidae,Discothyrea,Discothyrea velutina
Formicidae,Discothyrea,Discothyrea venus
Formicidae,Discothyrea,Discothyrea wakanda
Formicidae,Discothyrea,Discothyrea yueshen
Formicidae,Doleromyrma,Doleromyrma darwiniana
Formicidae,Doleromyrma,Doleromyrma rottnestensis
Formicidae,Dolichoderus,Dolichoderus abruptus
Formicidae,Dolichoderus,Dolichoderus affinis
Formicidae,Dolichoderus,Dolichoderus albamaculus
Formicidae,Dolichoderus,Dolichoderus andinus
Formicidae,Dolichoderus,Dolichoderus angusticornis
Formicidae,Dolichoderus,Dolichoderus attelaboides
Formicidae,Dolichoderus,Dolichoderus australis
Formicidae,Dolichoderus,Dolichoderus baenae
Formicidae,Dolichoderus,Dolichoderus bakhtiari
Formicidae,Dolichoderus,Dolichoderus beccarii
Formicidae,Dolichoderus,Dolichoderus bidens
Formicidae,Dolichoderus,Dolichoderus bispinosus
Formicidae,Dolichoderus,Dolichoderus brevis
Formicidae,Dolichoderus,Dolichoderus brevithorax
Formicidae,Dolichoderus,Dolichoderus burmanicus
Formicidae,Dolichoderus,Dolichoderus butteli
Formicidae,Dolichoderus,Dolichoderus canopus
Formicidae,Dolichoderus,Dolichoderus carbonarius
Formicidae,Dolichoderus,Dolichoderus clarki
Formicidae,Dolichoderus,Dolichoderus clusor
Formicidae,Dolichoderus,Dolichoderus cogitans
Formicidae,Dolichoderus,Dolichoderus coniger
Formicidae,Dolichoderus,Dolichoderus crawleyi
Formicidae,Dolichoderus,Dolichoderus curvilobus
Formicidae,Dolichoderus,Dolichoderus cuspidatus
Formicidae,Dolichoderus,Dolichoderus dajiensis
Formicidae,Dolichoderus,Dolichoderus debilis
Formicidae,Dolichoderus,Dolichoderus decollatus
Formicidae,Dolichoderus,Dolichoderus dentatus
Formicidae,Dolichoderus,Dolichoderus diversus
Formicidae,Dolichoderus,Dolichoderus doloniger
Formicidae,Dolichoderus,Dolichoderus doriae
Formicidae,Dolichoderus,Dolichoderus epetreius
Formicidae,Dolichoderus,Dolichoderus erectilobus
Formicidae,Dolichoderus,Dolichoderus etus
Formicidae,Dolichoderus,Dolichoderus extensispinus
Formicidae,Dolichoderus,Dolichoderus feae
Formicidae,Dolichoderus,Dolichoderus fernandezi
Formicidae,Dolichoderus,Dolichoderus ferrugineus
Formicidae,Dolichoderus,Dolichoderus flatidorsus
Formicidae,Dolichoderus,Dolichoderus formosus
Formicidae,Dolichoderus,Dolichoderus furcifer
Formicidae,Dolichoderus,Dolichoderus gagates
Formicidae,Dolichoderus,Dolichoderus germaini
Formicidae,Dolichoderus,Dolichoderus ghilianii
Formicidae,Dolichoderus,Dolichoderus gibbifer
Formicidae,Dolichoderus,Dolichoderus gibbus
Formicidae,Dolichoderus,Dolichoderus gordoni
Formicidae,Dolichoderus,Dolichoderus goudiei
Formicidae,Dolichoderus,Dolichoderus haradae
Formicidae,Dolichoderus,Dolichoderus imitator
Formicidae,Dolichoderus,Dolichoderus incisus
Formicidae,Dolichoderus,Dolichoderus indrapurensis
Formicidae,Dolichoderus,Dolichoderus inermis
Formicidae,Dolichoderus,Dolichoderus inferus
Formicidae,Dolichoderus,Dolichoderus inpai
Formicidae,Dolichoderus,Dolichoderus jacobsoni
Formicidae,Dolichoderus,Dolichoderus kathae
Formicidae,Dolichoderus,Dolichoderus kinabaluensis
Formicidae,Dolichoderus,Dolichoderus lactarius
Formicidae,Dolichoderus,Dolichoderus lamellosus
Formicidae,Dolichoderus,Dolichoderus laminatus
Formicidae,Dolichoderus,Dolichoderus laotius
Formicidae,Dolichoderus,Dolichoderus laurae
Formicidae,Dolichoderus,Dolichoderus lobicornis
Formicidae,Dolichoderus,Dolichoderus longicollis
Formicidae,Dolichoderus,Dolichoderus luederwaldti
Formicidae,Dolichoderus,Dolichoderus lugens
Formicidae,Dolichoderus,Dolichoderus lujae
Formicidae,Dolichoderus,Dolichoderus lutosus
Formicidae,Dolichoderus,Dolichoderus magnipastor
Formicidae,Dolichoderus,Dolichoderus mariae
Formicidae,Dolichoderus,Dolichoderus maschwitzi
Formicidae,Dolichoderus,Dolichoderus mesonotalis
Formicidae,Dolichoderus,Dolichoderus modiglianii
Formicidae,Dolichoderus,Dolichoderus moggridgei
Formicidae,Dolichoderus,Dolichoderus monoceros
Formicidae,Dolichoderus,Dolichoderus mucronifer
Formicidae,Dolichoderus,Dolichoderus niger
Formicidae,Dolichoderus,Dolichoderus nigricornis
Formicidae,Dolichoderus,Dolichoderus omacanthus
Formicidae,Dolichoderus,Dolichoderus omicron
Formicidae,Dolichoderus,Dolichoderus parvus
Formicidae,Dolichoderus,Dolichoderus pastorulus
Formicidae,Dolichoderus,Dolichoderus patens
Formicidae,Dolichoderus,Dolichoderus piceus
Formicidae,Dolichoderus,Dolichoderus pilinomas
Formicidae,Dolichoderus,Dolichoderus pilosus
Formicidae,Dolichoderus,Dolichoderus plagiatus
Formicidae,Dolichoderus,Dolichoderus pustulatus
Formicidae,Dolichoderus,Dolichoderus quadridenticulatus
Formicidae,Dolichoderus,Dolichoderus quadripunctatus
Formicidae,Dolichoderus,Dolichoderus reflexus
Formicidae,Dolichoderus,Dolichoderus rosenbergi
Formicidae,Dolichoderus,Dolichoderus rufescens
Formicidae,Dolichoderus,Dolichoderus rufotibialis
Formicidae,Dolichoderus,Dolichoderus rugocapitus
Formicidae,Dolichoderus,Dolichoderus rugosus
Formicidae,Dolichoderus,Dolichoderus rutilus
Formicidae,Dolichoderus,Dolichoderus sagmanotus
Formicidae,Dolichoderus,Dolichoderus satanus
Formicidae,Dolichoderus,Dolichoderus scabridus
Formicidae,Dolichoderus,Dolichoderus schulzi
Formicidae,Dolichoderus,Dolichoderus scrobiculatus
Formicidae,Dolichoderus,Dolichoderus semiorbis
Formicidae,Dolichoderus,Dolichoderus semirugosus
Formicidae,Dolichoderus,Dolichoderus septemspinosus
Formicidae,Dolichoderus,Dolichoderus setosus
Formicidae,Dolichoderus,Dolichoderus shattucki
Formicidae,Dolichoderus,Dolichoderus sibiricus
Formicidae,Dolichoderus,Dolichoderus siggii
Formicidae,Dolichoderus,Dolichoderus smithi
Formicidae,Dolichoderus,Dolichoderus spinicollis
Formicidae,Dolichoderus,Dolichoderus spurius
Formicidae,Dolichoderus,Dolichoderus squamanodus
Formicidae,Dolichoderus,Dolichoderus sulcaticeps
Formicidae,Dolichoderus,Dolichoderus sundari
Formicidae,Dolichoderus,Dolichoderus superaculus
Formicidae,Dolichoderus,Dolichoderus taprobanae
Formicidae,Dolichoderus,Dolichoderus taschenbergi
Formicidae,Dolichoderus,Dolichoderus thoracicus
Formicidae,Dolichoderus,Dolichoderus tricolor
Formicidae,Dolichoderus,Dolichoderus tricornis
Formicidae,Dolichoderus,Dolichoderus tristis
Formicidae,Dolichoderus,Dolichoderus tuberifer
Formicidae,Dolichoderus,Dolichoderus turneri
Formicidae,Dolichoderus,Dolichoderus utriensis
Formicidae,Dolichoderus,Dolichoderus validus
Formicidae,Dolichoderus,Dolichoderus varians
Formicidae,Dolichoderus,Dolichoderus voraginosus
Formicidae,Dolichoderus,Dolichoderus ypsilon
Formicidae,Dolioponera,Dolioponera fustigera
Formicidae,Dolopomyrmex,Dolopomyrmex pilatus
Formicidae,Dorylus,Dorylus acutus
Formicidae,Dorylus,Dorylus aethiopicus
Formicidae,Dorylus,Dorylus affinis
Formicidae,Dorylus,Dorylus aggressor
Formicidae,Dorylus,Dorylus alluaudi
Formicidae,Dorylus,Dorylus atratus
Formicidae,Dorylus,Dorylus atriceps
Formicidae,Dorylus,Dorylus attenuatus
Formicidae,Dorylus,Dorylus bequaerti
Formicidae,Dorylus,Dorylus bishyiganus
Formicidae,Dorylus,Dorylus braunsi
Formicidae,Dorylus,Dorylus brevipennis
Formicidae,Dorylus,Dorylus brevis
Formicidae,Dorylus,Dorylus buyssoni
Formicidae,Dorylus,Dorylus congolensis
Formicidae,Dorylus,Dorylus conradti
Formicidae,Dorylus,Dorylus depilis
Formicidae,Dorylus,Dorylus diadema
Formicidae,Dorylus,Dorylus distinctus
Formicidae,Dorylus,Dorylus ductor
Formicidae,Dorylus,Dorylus emeryi
Formicidae,Dorylus,Dorylus erraticus
Formicidae,Dorylus,Dorylus faurei
Formicidae,Dorylus,Dorylus fimbriatus
Formicidae,Dorylus,Dorylus fulvus
Formicidae,Dorylus,Dorylus funereus
Formicidae,Dorylus,Dorylus furcatus
Formicidae,Dorylus,Dorylus fuscipennis
Formicidae,Dorylus,Dorylus gaudens
Formicidae,Dorylus,Dorylus ghanensis
Formicidae,Dorylus,Dorylus gribodoi
Formicidae,Dorylus,Dorylus helvolus
Formicidae,Dorylus,Dorylus katanensis
Formicidae,Dorylus,Dorylus kohli
Formicidae,Dorylus,Dorylus labiatus
Formicidae,Dorylus,Dorylus laevigatus
Formicidae,Dorylus,Dorylus leo
Formicidae,Dorylus,Dorylus mandibularis
Formicidae,Dorylus,Dorylus mayri
Formicidae,Dorylus,Dorylus moestus
Formicidae,Dorylus,Dorylus montanus
Formicidae,Dorylus,Dorylus niarembensis
Formicidae,Dorylus,Dorylus nigricans
Formicidae,Dorylus,Dorylus ocellatus
Formicidae,Dorylus,Dorylus orientalis
Formicidae,Dorylus,Dorylus politus
Formicidae,Dorylus,Dorylus rufescens
Formicidae,Dorylus,Dorylus savagei
Formicidae,Dorylus,Dorylus schoutedeni
Formicidae,Dorylus,Dorylus spininodis
Formicidae,Dorylus,Dorylus stadelmanni
Formicidae,Dorylus,Dorylus stanleyi
Formicidae,Dorylus,Dorylus staudingeri
Formicidae,Dorylus,Dorylus striatidens
Formicidae,Dorylus,Dorylus sudanicus
Formicidae,Dorylus,Dorylus termitarius
Formicidae,Dorylus,Dorylus titan
Formicidae,Dorylus,Dorylus vishnui
Formicidae,Dorylus,Dorylus westwoodii
Formicidae,Dorylus,Dorylus wilverthi
Formicidae,Dorymyrmex,Dorymyrmex agallardoi
Formicidae,Dorymyrmex,Dorymyrmex alboniger
Formicidae,Dorymyrmex,Dorymyrmex amazonicus
Formicidae,Dorymyrmex,Dorymyrmex antarcticus
Formicidae,Dorymyrmex,Dorymyrmex antillanus
Formicidae,Dorymyrmex,Dorymyrmex baeri
Formicidae,Dorymyrmex,Dorymyrmex bicolor
Formicidae,Dorymyrmex,Dorymyrmex biconis
Formicidae,Dorymyrmex,Dorymyrmex bituber
Formicidae,Dorymyrmex,Dorymyrmex bossutus
Formicidae,Dorymyrmex,Dorymyrmex breviscapis
Formicidae,Dorymyrmex,Dorymyrmex bruchi
Formicidae,Dorymyrmex,Dorymyrmex brunneus
Formicidae,Dorymyrmex,Dorymyrmex bureni
Formicidae,Dorymyrmex,Dorymyrmex carettei
Formicidae,Dorymyrmex,Dorymyrmex caretteoides
Formicidae,Dorymyrmex,Dorymyrmex chilensis
Formicidae,Dorymyrmex,Dorymyrmex confusus
Formicidae,Dorymyrmex,Dorymyrmex coniculus
Formicidae,Dorymyrmex,Dorymyrmex ebeninus
Formicidae,Dorymyrmex,Dorymyrmex elegans
Formicidae,Dorymyrmex,Dorymyrmex emmaericaellus
Formicidae,Dorymyrmex,Dorymyrmex ensifer
Formicidae,Dorymyrmex,Dorymyrmex exsanguis
Formicidae,Dorymyrmex,Dorymyrmex flavescens
Formicidae,Dorymyrmex,Dorymyrmex flavopectus
Formicidae,Dorymyrmex,Dorymyrmex flavus
Formicidae,Dorymyrmex,Dorymyrmex fusculus
Formicidae,Dorymyrmex,Dorymyrmex goeldii
Formicidae,Dorymyrmex,Dorymyrmex goetschi
Formicidae,Dorymyrmex,Dorymyrmex grandulus
Formicidae,Dorymyrmex,Dorymyrmex hunti
Formicidae,Dorymyrmex,Dorymyrmex hypocritus
Formicidae,Dorymyrmex,Dorymyrmex incomptus
Formicidae,Dorymyrmex,Dorymyrmex insanus
Formicidae,Dorymyrmex,Dorymyrmex jheringi
Formicidae,Dorymyrmex,Dorymyrmex joergenseni
Formicidae,Dorymyrmex,Dorymyrmex lipan
Formicidae,Dorymyrmex,Dorymyrmex medeis
Formicidae,Dorymyrmex,Dorymyrmex minutus
Formicidae,Dorymyrmex,Dorymyrmex morenoi
Formicidae,Dorymyrmex,Dorymyrmex paiute
Formicidae,Dorymyrmex,Dorymyrmex pappodes
Formicidae,Dorymyrmex,Dorymyrmex paranensis
Formicidae,Dorymyrmex,Dorymyrmex planidens
Formicidae,Dorymyrmex,Dorymyrmex pogonius
Formicidae,Dorymyrmex,Dorymyrmex pulchellus
Formicidae,Dorymyrmex,Dorymyrmex pyramicus
Formicidae,Dorymyrmex,Dorymyrmex reginicula
Formicidae,Dorymyrmex,Dorymyrmex richteri
Formicidae,Dorymyrmex,Dorymyrmex santschii
Formicidae,Dorymyrmex,Dorymyrmex silvestrii
Formicidae,Dorymyrmex,Dorymyrmex smithi
Formicidae,Dorymyrmex,Dorymyrmex spurius
Formicidae,Dorymyrmex,Dorymyrmex steigeri
Formicidae,Dorymyrmex,Dorymyrmex tener
Formicidae,Dorymyrmex,Dorymyrmex thoracicus
Formicidae,Dorymyrmex,Dorymyrmex tuberosus
Formicidae,Dorymyrmex,Dorymyrmex wheeleri
Formicidae,Dorymyrmex,Dorymyrmex wolffhuegeli
Formicidae,Dorymyrmex,Dorymyrmex xerophylus
Formicidae,Eburopone,Eburopone CM02
Formicidae,Eburopone,Eburopone easoana
Formicidae,Eburopone,Eburopone MG
Formicidae,Eburopone,Eburopone UG
Formicidae,Eburopone,Eburopone wroughtoni
Formicidae,Echinopla,Echinopla angustata
Formicidae,Echinopla,Echinopla arfaki
Formicidae,Echinopla,Echinopla australis
Formicidae,Echinopla,Echinopla brevisetosa
Formicidae,Echinopla,Echinopla charernsomi
Formicidae,Echinopla,Echinopla cherapunjiensis
Formicidae,Echinopla,Echinopla circulus
Formicidae,Echinopla,Echinopla crenulata
Formicidae,Echinopla,Echinopla deceptor
Formicidae,Echinopla,Echinopla densistriata
Formicidae,Echinopla,Echinopla dubitata
Formicidae,Echinopla,Echinopla fisheri
Formicidae,Echinopla,Echinopla jeenthongi
Formicidae,Echinopla,Echinopla lateropilosa
Formicidae,Echinopla,Echinopla lineata
Formicidae,Echinopla,Echinopla madli
Formicidae,Echinopla,Echinopla maeandrina
Formicidae,Echinopla,Echinopla melanarctos
Formicidae,Echinopla,Echinopla mezgeri
Formicidae,Echinopla,Echinopla mistura
Formicidae,Echinopla,Echinopla nitida
Formicidae,Echinopla,Echinopla octodentata
Formicidae,Echinopla,Echinopla pallipes
Formicidae,Echinopla,Echinopla praetexta
Formicidae,Echinopla,Echinopla pseudostriata
Formicidae,Echinopla,Echinopla rugosa
Formicidae,Echinopla,Echinopla senilis
Formicidae,Echinopla,Echinopla serrata
Formicidae,Echinopla,Echinopla silvestrii
Formicidae,Echinopla,Echinopla striata
Formicidae,Echinopla,Echinopla subtilis
Formicidae,Echinopla,Echinopla tritschleri
Formicidae,Echinopla,Echinopla tunkuabduljalilii
Formicidae,Echinopla,Echinopla turneri
Formicidae,Echinopla,Echinopla vermiculata
Formicidae,Echinopla,Echinopla wardi
Formicidae,Eciton,Eciton burchellii
Formicidae,Eciton,Eciton drepanophorum
Formicidae,Eciton,Eciton dulcium
Formicidae,Eciton,Eciton hamatum
Formicidae,Eciton,Eciton jansoni
Formicidae,Eciton,Eciton lucanoides
Formicidae,Eciton,Eciton mexicanum
Formicidae,Eciton,Eciton quadriglume
Formicidae,Eciton,Eciton rapax
Formicidae,Eciton,Eciton setigaster
Formicidae,Eciton,Eciton uncinatum
Formicidae,Eciton,Eciton vagans
Formicidae,Ecphorella,Ecphorella sp
Formicidae,Ecphorella,Ecphorella wellmani
Formicidae,Ectatomma,Ectatomma brunneum
Formicidae,Ectatomma,Ectatomma confine
Formicidae,Ectatomma,Ectatomma edentatum
Formicidae,Ectatomma,Ectatomma gibbum
Formicidae,Ectatomma,Ectatomma goninion
Formicidae,Ectatomma,Ectatomma lugens
Formicidae,Ectatomma,Ectatomma muticum
Formicidae,Ectatomma,Ectatomma opaciventre
Formicidae,Ectatomma,Ectatomma parasiticum
Formicidae,Ectatomma,Ectatomma permagnum
Formicidae,Ectatomma,Ectatomma planidens
Formicidae,Ectatomma,Ectatomma ruidum
Formicidae,Ectatomma,Ectatomma suzanae
Formicidae,Ectatomma,Ectatomma tuberculatum
Formicidae,Ectatomma,Ectatomma vizottoi
Formicidae,Ectomomyrmex,Ectomomyrmex aciculatus
Formicidae,Ectomomyrmex,Ectomomyrmex acutus
Formicidae,Ectomomyrmex,Ectomomyrmex aequalis
Formicidae,Ectomomyrmex,Ectomomyrmex annamitus
Formicidae,Ectomomyrmex,Ectomomyrmex apicalis
Formicidae,Ectomomyrmex,Ectomomyrmex astutus
Formicidae,Ectomomyrmex,Ectomomyrmex claudatus
Formicidae,Ectomomyrmex,Ectomomyrmex exaratus
Formicidae,Ectomomyrmex,Ectomomyrmex horni
Formicidae,Ectomomyrmex,Ectomomyrmex insulanus
Formicidae,Ectomomyrmex,Ectomomyrmex javanus
Formicidae,Ectomomyrmex,Ectomomyrmex leeuwenhoeki
Formicidae,Ectomomyrmex,Ectomomyrmex lobocarenus
Formicidae,Ectomomyrmex,Ectomomyrmex melancholicus
Formicidae,Ectomomyrmex,Ectomomyrmex modiglianii
Formicidae,Ectomomyrmex,Ectomomyrmex obtusus
Formicidae,Ectomomyrmex,Ectomomyrmex overbecki
Formicidae,Ectomomyrmex,Ectomomyrmex pylixy
Formicidae,Ectomomyrmex,Ectomomyrmex pylor
Formicidae,Ectomomyrmex,Ectomomyrmex ruficornis
Formicidae,Ectomomyrmex,Ectomomyrmex scobinus
Formicidae,Ectomomyrmex,Ectomomyrmex simillimus
Formicidae,Ectomomyrmex,Ectomomyrmex striatulus
Formicidae,Ectomomyrmex,Ectomomyrmex striolatus
Formicidae,Ectomomyrmex,Ectomomyrmex sumatranus
Formicidae,Ectomomyrmex,Ectomomyrmex vermiculatus
Formicidae,Ectomomyrmex,Ectomomyrmex zhengi
Formicidae,Emeryopone,Emeryopone buttelreepeni
Formicidae,Emeryopone,Emeryopone franzi
Formicidae,Emeryopone,Emeryopone loebli
Formicidae,Emeryopone,Emeryopone melaina
Formicidae,Emeryopone,Emeryopone narendrani
Formicidae,Epelysidris,Epelysidris brocha
Formicidae,Epopostruma,Epopostruma alata
Formicidae,Epopostruma,Epopostruma angela
Formicidae,Epopostruma,Epopostruma angulata
Formicidae,Epopostruma,Epopostruma areosylva
Formicidae,Epopostruma,Epopostruma avicula
Formicidae,Epopostruma,Epopostruma curiosa
Formicidae,Epopostruma,Epopostruma frosti
Formicidae,Epopostruma,Epopostruma infuscocephala
Formicidae,Epopostruma,Epopostruma inornata
Formicidae,Epopostruma,Epopostruma kangarooensis
Formicidae,Epopostruma,Epopostruma lattini
Formicidae,Epopostruma,Epopostruma mercurii
Formicidae,Epopostruma,Epopostruma monstrosa
Formicidae,Epopostruma,Epopostruma natalae
Formicidae,Epopostruma,Epopostruma quadrispinosa
Formicidae,Epopostruma,Epopostruma sowestensis
Formicidae,Epopostruma,Epopostruma terrula
Formicidae,Epopostruma,Epopostruma topendi
Formicidae,Epopostruma,Epopostruma vitta
Formicidae,Epopostruma,Epopostruma wardi
Formicidae,Erromyrma,Erromyrma latinodis
Formicidae,Euponera,Euponera agnivo
Formicidae,Euponera,Euponera antsiraka
Formicidae,Euponera,Euponera daraina
Formicidae,Euponera,Euponera gorogota
Formicidae,Euponera,Euponera haratsingy
Formicidae,Euponera,Euponera ivolo
Formicidae,Euponera,Euponera maeva
Formicidae,Euponera,Euponera mialy
Formicidae,Euponera,Euponera nosy
Formicidae,Euponera,Euponera rovana
Formicidae,Euponera,Euponera sikorae
Formicidae,Euponera,Euponera sjostedti
Formicidae,Euponera,Euponera tahary
Formicidae,Euponera,Euponera vohitravo
Formicidae,Euponera,Euponera zoro
Formicidae,Euprenolepis,Euprenolepis echinata
Formicidae,Euprenolepis,Euprenolepis maschwitzi
Formicidae,Euprenolepis,Euprenolepis negrosensis
Formicidae,Euprenolepis,Euprenolepis procera
Formicidae,Euprenolepis,Euprenolepis thrix
Formicidae,Euprenolepis,Euprenolepis variegata
Formicidae,Euprenolepis,Euprenolepis wittei
Formicidae,Euprenolepis,Euprenolepis zeta
Formicidae,Eusphinctus,Eusphinctus furcatus
Formicidae,Eusphinctus,Eusphinctus taylori
Formicidae,Eusphinctus,Eusphinctus TH
Formicidae,Eutetramorium,Eutetramorium mocquerysi
Formicidae,Eutetramorium,Eutetramorium monticellii
Formicidae,Eutetramorium,Eutetramorium parvum
Formicidae,Feroponera,Feroponera ferox
Formicidae,Fisheropone,Fisheropone aenigmatica
Formicidae,Fisheropone,Fisheropone ambigua
Formicidae,Fisheropone,Fisheropone brunoi
Formicidae,Fisheropone,Fisheropone fossigera
Formicidae,Fisheropone,Fisheropone hartwigi
Formicidae,Fisheropone,Fisheropone malayana
Formicidae,Fisheropone,Fisheropone pallidipennis
Formicidae,Fisheropone,Fisheropone pilosior
Formicidae,Fisheropone,Fisheropone sakishimensis
Formicidae,Fisheropone,Fisheropone sharpi
Formicidae,Fisheropone,Fisheropone tianzun
Formicidae,Fisheropone,Fisheropone wroughtonii
Formicidae,Forelius,Forelius albiventris
Formicidae,Forelius,Forelius andinus
Formicidae,Forelius,Forelius antarcticus
Formicidae,Forelius,Forelius bahianus
Formicidae,Forelius,Forelius brasiliensis
Formicidae,Forelius,Forelius breviscapus
Formicidae,Forelius,Forelius chalybaeus
Formicidae,Forelius,Forelius damiani
Formicidae,Forelius,Forelius grandis
Formicidae,Forelius,Forelius heyeri
Formicidae,Forelius,Forelius keiferi
Formicidae,Forelius,Forelius lilloi
Formicidae,Forelius,Forelius macrops
Formicidae,Forelius,Forelius maranhaoensis
Formicidae,Forelius,Forelius mccooki
Formicidae,Forelius,Forelius nigriventris
Formicidae,Forelius,Forelius pruinosus
Formicidae,Forelius,Forelius rubriceps
Formicidae,Forelius,Forelius rufus
Formicidae,Formica,Formica abdominalis
Formicidae,Formica,Formica accreta
Formicidae,Formica,Formica adamsi
Formicidae,Formica,Formica adelungi
Formicidae,Formica,Formica aegyptiaca
Formicidae,Formica,Formica aequalis
Formicidae,Formica,Formica aerata
Formicidae,Formica,Formica affinis
Formicidae,Formica,Formica albipennis
Formicidae,Formica,Formica altayensis
Formicidae,Formica,Formica altipetens
Formicidae,Formica,Formica amyoti
Formicidae,Formica,Formica anatolica
Formicidae,Formica,Formica animosa
Formicidae,Formica,Formica approximans
Formicidae,Formica,Formica aquilonia
Formicidae,Formica,Formica archboldi
Formicidae,Formica,Formica arenicola
Formicidae,Formica,Formica argentea
Formicidae,Formica,Formica aserva
Formicidae,Formica,Formica aseta
Formicidae,Formica,Formica aterrima
Formicidae,Formica,Formica bicolor
Formicidae,Formica,Formica biophilica
Formicidae,Formica,Formica bradleyi
Formicidae,Formica,Formica breviscapa
Formicidae,Formica,Formica browni
Formicidae,Formica,Formica bruni
Formicidae,Formica,Formica brunneonitida
Formicidae,Formica,Formica calviceps
Formicidae,Formica,Formica canadensis
Formicidae,Formica,Formica candida
Formicidae,Formica,Formica caucasicola
Formicidae,Formica,Formica chufejif
Formicidae,Formica,Formica ciliata
Formicidae,Formica,Formica cinerea
Formicidae,Formica,Formica cinereofusca
Formicidae,Formica,Formica clara
Formicidae,Formica,Formica clarissima
Formicidae,Formica,Formica coloradensis
Formicidae,Formica,Formica comata
Formicidae,Formica,Formica conica
Formicidae,Formica,Formica connecticutensis
Formicidae,Formica,Formica corsica
Formicidae,Formica,Formica creightoni
Formicidae,Formica,Formica criniventris
Formicidae,Formica,Formica cunicularia
Formicidae,Formica,Formica curiosa
Formicidae,Formica,Formica dachaidanensis
Formicidae,Formica,Formica dakotensis
Formicidae,Formica,Formica decipiens
Formicidae,Formica,Formica delinghaensis
Formicidae,Formica,Formica densiventris
Formicidae,Formica,Formica didyma
Formicidae,Formica,Formica difficilis
Formicidae,Formica,Formica dirksi
Formicidae,Formica,Formica dislocata
Formicidae,Formica,Formica dolosa
Formicidae,Formica,Formica draven
Formicidae,Formica,Formica dusmeti
Formicidae,Formica,Formica elevata
Formicidae,Formica,Formica elongata
Formicidae,Formica,Formica emeryi
Formicidae,Formica,Formica exsecta
Formicidae,Formica,Formica exsectoides
Formicidae,Formica,Formica exsectorubens
Formicidae,Formica,Formica fatale
Formicidae,Formica,Formica fennica
Formicidae,Formica,Formica ferocula
Formicidae,Formica,Formica foetens
Formicidae,Formica,Formica foreli
Formicidae,Formica,Formica foreliana
Formicidae,Formica,Formica forsslundi
Formicidae,Formica,Formica fossaceps
Formicidae,Formica,Formica francoeuri
Formicidae,Formica,Formica frontalis
Formicidae,Formica,Formica fukaii
Formicidae,Formica,Formica fusca
Formicidae,Formica,Formica fuscescens
Formicidae,Formica,Formica fuscicauda
Formicidae,Formica,Formica fuscocinerea
Formicidae,Formica,Formica gagates
Formicidae,Formica,Formica gagatoides
Formicidae,Formica,Formica georgica
Formicidae,Formica,Formica gerardi
Formicidae,Formica,Formica glabra
Formicidae,Formica,Formica glabridorsis
Formicidae,Formica,Formica glacialis
Formicidae,Formica,Formica glauca
Formicidae,Formica,Formica gnava
Formicidae,Formica,Formica gravelyi
Formicidae,Formica,Formica gynocrates
Formicidae,Formica,Formica hayashi
Formicidae,Formica,Formica helvetica
Formicidae,Formica,Formica hewitti
Formicidae,Formica,Formica hirta
Formicidae,Formica,Formica impexa
Formicidae,Formica,Formica incerta
Formicidae,Formica,Formica incisa
Formicidae,Formica,Formica indianensis
Formicidae,Formica,Formica inequalis
Formicidae,Formica,Formica insultans
Formicidae,Formica,Formica integra
Formicidae,Formica,Formica integroides
Formicidae,Formica,Formica japonica
Formicidae,Formica,Formica kashmirica
Formicidae,Formica,Formica knighti
Formicidae,Formica,Formica kozlovi
Formicidae,Formica,Formica kupyanskayae
Formicidae,Formica,Formica laeviceps
Formicidae,Formica,Formica lasioides
Formicidae,Formica,Formica lemani
Formicidae,Formica,Formica lepida
Formicidae,Formica,Formica limata
Formicidae,Formica,Formica lincecumii
Formicidae,Formica,Formica liogaster
Formicidae,Formica,Formica liopthalma
Formicidae,Formica,Formica litoralis
Formicidae,Formica,Formica longiceps
Formicidae,Formica,Formica longipilosa
Formicidae,Formica,Formica lugubris
Formicidae,Formica,Formica lutea
Formicidae,Formica,Formica maculata
Formicidae,Formica,Formica malabarica
Formicidae,Formica,Formica maligna
Formicidae,Formica,Formica manchu
Formicidae,Formica,Formica manni
Formicidae,Formica,Formica maxillosa
Formicidae,Formica,Formica melanophthalma
Formicidae,Formica,Formica melanopis
Formicidae,Formica,Formica mesasiatica
Formicidae,Formica,Formica microgyna
Formicidae,Formica,Formica microphthalma
Formicidae,Formica,Formica miniocca
Formicidae,Formica,Formica minuta
Formicidae,Formica,Formica moki
Formicidae,Formica,Formica molestans
Formicidae,Formica,Formica montana
Formicidae,Formica,Formica montaniformis
Formicidae,Formica,Formica montivaga
Formicidae,Formica,Formica morsei
Formicidae,Formica,Formica mucescens
Formicidae,Formica,Formica mutinensis
Formicidae,Formica,Formica mytara
Formicidae,Formica,Formica nana
Formicidae,Formica,Formica neoclara
Formicidae,Formica,Formica neogagates
Formicidae,Formica,Formica neorufibarbis
Formicidae,Formica,Formica nepticula
Formicidae,Formica,Formica nevadensis
Formicidae,Formica,Formica nitida
Formicidae,Formica,Formica nortonii
Formicidae,Formica,Formica novaanglae
Formicidae,Formica,Formica obscuripes
Formicidae,Formica,Formica obscuriventris
Formicidae,Formica,Formica obsidiana
Formicidae,Formica,Formica obsoleta
Formicidae,Formica,Formica obtusopilosa
Formicidae,Formica,Formica occidentalis
Formicidae,Formica,Formica occulta
Formicidae,Formica,Formica omnivora
Formicidae,Formica,Formica opaciventris
Formicidae,Formica,Formica orangea
Formicidae,Formica,Formica oreas
Formicidae,Formica,Formica oregonensis
Formicidae,Formica,Formica ovata
Formicidae,Formica,Formica pachucana
Formicidae,Formica,Formica pacifica
Formicidae,Formica,Formica pallida
Formicidae,Formica,Formica pallidefulva
Formicidae,Formica,Formica pallidelutea
Formicidae,Formica,Formica pallipes
Formicidae,Formica,Formica pamirica
Formicidae,Formica,Formica paralugubris
Formicidae,Formica,Formica pergandei
Formicidae,Formica,Formica perpilosa
Formicidae,Formica,Formica persica
Formicidae,Formica,Formica phyllophila
Formicidae,Formica,Formica picea
Formicidae,Formica,Formica picipes
Formicidae,Formica,Formica pisarskii
Formicidae,Formica,Formica planipilis
Formicidae,Formica,Formica podzolica
Formicidae,Formica,Formica politurata
Formicidae,Formica,Formica polyctena
Formicidae,Formica,Formica postoculata
Formicidae,Formica,Formica pratensis
Formicidae,Formica,Formica pressilabris
Formicidae,Formica,Formica prociliata
Formicidae,Formica,Formica propatula
Formicidae,Formica,Formica propinqua
Formicidae,Formica,Formica puberula
Formicidae,Formica,Formica pulla
Formicidae,Formica,Formica pusilla
Formicidae,Formica,Formica pyrenaea
Formicidae,Formica,Formica quadrinotata
Formicidae,Formica,Formica querquetulana
Formicidae,Formica,Formica ravida
Formicidae,Formica,Formica rediana
Formicidae,Formica,Formica reflexa
Formicidae,Formica,Formica retecta
Formicidae,Formica,Formica rostrata
Formicidae,Formica,Formica rubescens
Formicidae,Formica,Formica rubicunda
Formicidae,Formica,Formica rufa
Formicidae,Formica,Formica rufibarbis
Formicidae,Formica,Formica ruficeps
Formicidae,Formica,Formica ruficornis
Formicidae,Formica,Formica rufolucida
Formicidae,Formica,Formica rupestris
Formicidae,Formica,Formica saccharivora
Formicidae,Formica,Formica sanguinea
Formicidae,Formica,Formica saxicola
Formicidae,Formica,Formica schardj
Formicidae,Formica,Formica scitula
Formicidae,Formica,Formica selysi
Formicidae,Formica,Formica sentschuensis
Formicidae,Formica,Formica siamicarubra
Formicidae,Formica,Formica sibylla
Formicidae,Formica,Formica sinensis
Formicidae,Formica,Formica spatulata
Formicidae,Formica,Formica stenoptera
Formicidae,Formica,Formica subaenescens
Formicidae,Formica,Formica subcyanea
Formicidae,Formica,Formica subelongata
Formicidae,Formica,Formica subintegra
Formicidae,Formica,Formica subnitens
Formicidae,Formica,Formica subpicea
Formicidae,Formica,Formica subpilosa
Formicidae,Formica,Formica subpolita
Formicidae,Formica,Formica subsericea
Formicidae,Formica,Formica subspinosa
Formicidae,Formica,Formica suecica
Formicidae,Formica,Formica talbotae
Formicidae,Formica,Formica tarimica
Formicidae,Formica,Formica tenuissima
Formicidae,Formica,Formica testacea
Formicidae,Formica,Formica testaceipes
Formicidae,Formica,Formica thoracica
Formicidae,Formica,Formica tianshanica
Formicidae,Formica,Formica tibetana
Formicidae,Formica,Formica tomentosa
Formicidae,Formica,Formica transkaucasica
Formicidae,Formica,Formica transmontanis
Formicidae,Formica,Formica triangularis
Formicidae,Formica,Formica truncorum
Formicidae,Formica,Formica ulkei
Formicidae,Formica,Formica uralensis
Formicidae,Formica,Formica ussuriensis
Formicidae,Formica,Formica vagans
Formicidae,Formica,Formica venosa
Formicidae,Formica,Formica villiscapa
Formicidae,Formica,Formica vinculans
Formicidae,Formica,Formica virginiana
Formicidae,Formica,Formica volgensis
Formicidae,Formica,Formica wheeleri
Formicidae,Formica,Formica wongi
Formicidae,Formica,Formica xerophila
Formicidae,Formica,Formica yessensis
Formicidae,Formica,Formica yoshiokae
Formicidae,Formicoxenus,Formicoxenus chamberlini
Formicidae,Formicoxenus,Formicoxenus diversipilosus
Formicidae,Formicoxenus,Formicoxenus gebaueri
Formicidae,Formicoxenus,Formicoxenus hirticornis
Formicidae,Formicoxenus,Formicoxenus nitidulus
Formicidae,Formicoxenus,Formicoxenus provancheri
Formicidae,Formicoxenus,Formicoxenus quebecensis
Formicidae,Formicoxenus,Formicoxenus sibiricus
Formicidae,Formosimyrma,Formosimyrma lanyuensis
Formicidae,Formosimyrma,Formosimyrma sp
Formicidae,Froggattella,Froggattella kirbii
Formicidae,Froggattella,Froggattella latispina
Formicidae,Fulakora,Fulakora agostii
Formicidae,Fulakora,Fulakora armigera
Formicidae,Fulakora,Fulakora bierigi
Formicidae,Fulakora,Fulakora celata
Formicidae,Fulakora,Fulakora chilensis
Formicidae,Fulakora,Fulakora cleae
Formicidae,Fulakora,Fulakora degenerata
Formicidae,Fulakora,Fulakora egregia
Formicidae,Fulakora,Fulakora elongata
Formicidae,Fulakora,Fulakora estevae
Formicidae,Fulakora,Fulakora exigua
Formicidae,Fulakora,Fulakora falcata
Formicidae,Fulakora,Fulakora gnoma
Formicidae,Fulakora,Fulakora gracilis
Formicidae,Fulakora,Fulakora heraldoi
Formicidae,Fulakora,Fulakora lucida
Formicidae,Fulakora,Fulakora lurilabes
Formicidae,Fulakora,Fulakora minima
Formicidae,Fulakora,Fulakora monrosi
Formicidae,Fulakora,Fulakora mystriops
Formicidae,Fulakora,Fulakora orizabana
Formicidae,Fulakora,Fulakora papuana
Formicidae,Fulakora,Fulakora punctulata
Formicidae,Fulakora,Fulakora saundersi
Formicidae,Fulakora,Fulakora smithi
Formicidae,Fulakora,Fulakora wilsoni
Formicidae,Gaoligongidris,Gaoligongidris planodorsa
Formicidae,Gaoligongidris,Gaoligongidris sp
Formicidae,Gauromyrmex,Gauromyrmex acanthinus
Formicidae,Gauromyrmex,Gauromyrmex bengkalisi
Formicidae,Gauromyrmex,Gauromyrmex orbihumerus
Formicidae,Gesomyrmex,Gesomyrmex chaperi
Formicidae,Gesomyrmex,Gesomyrmex howardi
Formicidae,Gesomyrmex,Gesomyrmex kalshoveni
Formicidae,Gesomyrmex,Gesomyrmex luzonensis
Formicidae,Gesomyrmex,Gesomyrmex spatulatus
Formicidae,Gesomyrmex,Gesomyrmex tobiasi
Formicidae,Gigantiops,Gigantiops destructor
Formicidae,Gnamptogenys,Gnamptogenys acuminata
Formicidae,Gnamptogenys,Gnamptogenys alfaroi
Formicidae,Gnamptogenys,Gnamptogenys andersoni
Formicidae,Gnamptogenys,Gnamptogenys annulata
Formicidae,Gnamptogenys,Gnamptogenys biquetra
Formicidae,Gnamptogenys,Gnamptogenys boliviensis
Formicidae,Gnamptogenys,Gnamptogenys bruchi
Formicidae,Gnamptogenys,Gnamptogenys concinna
Formicidae,Gnamptogenys,Gnamptogenys continua
Formicidae,Gnamptogenys,Gnamptogenys curvoclypeata
Formicidae,Gnamptogenys,Gnamptogenys ericae
Formicidae,Gnamptogenys,Gnamptogenys falcaria
Formicidae,Gnamptogenys,Gnamptogenys fernandezi
Formicidae,Gnamptogenys,Gnamptogenys flava
Formicidae,Gnamptogenys,Gnamptogenys haenschi
Formicidae,Gnamptogenys,Gnamptogenys hartmani
Formicidae,Gnamptogenys,Gnamptogenys horni
Formicidae,Gnamptogenys,Gnamptogenys interrupta
Formicidae,Gnamptogenys,Gnamptogenys kempfi
Formicidae,Gnamptogenys,Gnamptogenys mordax
Formicidae,Gnamptogenys,Gnamptogenys nana
Formicidae,Gnamptogenys,Gnamptogenys regularis
Formicidae,Gnamptogenys,Gnamptogenys rimulosa
Formicidae,Gnamptogenys,Gnamptogenys rugimala
Formicidae,Gnamptogenys,Gnamptogenys rumba
Formicidae,Gnamptogenys,Gnamptogenys schmitti
Formicidae,Gnamptogenys,Gnamptogenys siapensis
Formicidae,Gnamptogenys,Gnamptogenys stellae
Formicidae,Gnamptogenys,Gnamptogenys sulcata
Formicidae,Gnamptogenys,Gnamptogenys tortuolosa
Formicidae,Gnamptogenys,Gnamptogenys transversa
Formicidae,Gnamptogenys,Gnamptogenys volcano
Formicidae,Gracilidris,Gracilidris pombero
Formicidae,Hagensia,Hagensia havilandi
Formicidae,Hagensia,Hagensia peringueyi
Formicidae,Harpagoxenus,Harpagoxenus canadensis
Formicidae,Harpagoxenus,Harpagoxenus sublaevis
Formicidae,Harpagoxenus,Harpagoxenus zaisanicus
Formicidae,Harpegnathos,Harpegnathos alperti
Formicidae,Harpegnathos,Harpegnathos empesoi
Formicidae,Harpegnathos,Harpegnathos hobbyi
Formicidae,Harpegnathos,Harpegnathos honestoi
Formicidae,Harpegnathos,Harpegnathos macgregori
Formicidae,Harpegnathos,Harpegnathos medioniger
Formicidae,Harpegnathos,Harpegnathos pallipes
Formicidae,Harpegnathos,Harpegnathos saltator
Formicidae,Harpegnathos,Harpegnathos venator
Formicidae,Heteroponera,Heteroponera angulata
Formicidae,Heteroponera,Heteroponera brounii
Formicidae,Heteroponera,Heteroponera carinifrons
Formicidae,Heteroponera,Heteroponera crozieri
Formicidae,Heteroponera,Heteroponera darlingtonorum
Formicidae,Heteroponera,Heteroponera dentinodis
Formicidae,Heteroponera,Heteroponera dolo
Formicidae,Heteroponera,Heteroponera ecarinata
Formicidae,Heteroponera,Heteroponera flava
Formicidae,Heteroponera,Heteroponera georgesi
Formicidae,Heteroponera,Heteroponera imbellis
Formicidae,Heteroponera,Heteroponera inca
Formicidae,Heteroponera,Heteroponera inermis
Formicidae,Heteroponera,Heteroponera leae
Formicidae,Heteroponera,Heteroponera lioprocta
Formicidae,Heteroponera,Heteroponera majeri
Formicidae,Heteroponera,Heteroponera mayri
Formicidae,Heteroponera,Heteroponera monteithi
Formicidae,Heteroponera,Heteroponera monticola
Formicidae,Heteroponera,Heteroponera panamensis
Formicidae,Heteroponera,Heteroponera pendergrasti
Formicidae,Heteroponera,Heteroponera relicta
Formicidae,Heteroponera,Heteroponera rhodopygea
Formicidae,Heteroponera,Heteroponera robusta
Formicidae,Heteroponera,Heteroponera trachypyx
Formicidae,Heteroponera,Heteroponera viviennae
Formicidae,Heteroponera,Heteroponera wilsoni
Formicidae,Holcoponera,Holcoponera acuta
Formicidae,Holcoponera,Holcoponera albiclava
Formicidae,Holcoponera,Holcoponera ammophila
Formicidae,Holcoponera,Holcoponera andina
Formicidae,Holcoponera,Holcoponera aspera
Formicidae,Holcoponera,Holcoponera aterrima
Formicidae,Holcoponera,Holcoponera atrata
Formicidae,Holcoponera,Holcoponera auricula
Formicidae,Holcoponera,Holcoponera avus
Formicidae,Holcoponera,Holcoponera bisulca
Formicidae,Holcoponera,Holcoponera brunnea
Formicidae,Holcoponera,Holcoponera crenaticeps
Formicidae,Holcoponera,Holcoponera cribrata
Formicidae,Holcoponera,Holcoponera dichotoma
Formicidae,Holcoponera,Holcoponera ejuncida
Formicidae,Holcoponera,Holcoponera epinotalis
Formicidae,Holcoponera,Holcoponera extra
Formicidae,Holcoponera,Holcoponera gentryi
Formicidae,Holcoponera,Holcoponera gracilis
Formicidae,Holcoponera,Holcoponera haytiana
Formicidae,Holcoponera,Holcoponera ilimani
Formicidae,Holcoponera,Holcoponera latistriata
Formicidae,Holcoponera,Holcoponera lucida
Formicidae,Holcoponera,Holcoponera luzonensis
Formicidae,Holcoponera,Holcoponera major
Formicidae,Holcoponera,Holcoponera malaensis
Formicidae,Holcoponera,Holcoponera mina
Formicidae,Holcoponera,Holcoponera moelleri
Formicidae,Holcoponera,Holcoponera nigrivitrea
Formicidae,Holcoponera,Holcoponera pernambucana
Formicidae,Holcoponera,Holcoponera pilosa
Formicidae,Holcoponera,Holcoponera pittieri
Formicidae,Holcoponera,Holcoponera pleurodon
Formicidae,Holcoponera,Holcoponera porcata
Formicidae,Holcoponera,Holcoponera preciosa
Formicidae,Holcoponera,Holcoponera relicta
Formicidae,Holcoponera,Holcoponera sila
Formicidae,Holcoponera,Holcoponera solomonensis
Formicidae,Holcoponera,Holcoponera striatula
Formicidae,Holcoponera,Holcoponera strigata
Formicidae,Huberia,Huberia brounii
Formicidae,Huberia,Huberia striata
Formicidae,Hylomyrma,Hylomyrma adelae
Formicidae,Hylomyrma,Hylomyrma balzani
Formicidae,Hylomyrma,Hylomyrma blandiens
Formicidae,Hylomyrma,Hylomyrma columbica
Formicidae,Hylomyrma,Hylomyrma dandarae
Formicidae,Hylomyrma,Hylomyrma dentiloba
Formicidae,Hylomyrma,Hylomyrma dolichops
Formicidae,Hylomyrma,Hylomyrma immanis
Formicidae,Hylomyrma,Hylomyrma jeronimae
Formicidae,Hylomyrma,Hylomyrma lispectorae
Formicidae,Hylomyrma,Hylomyrma longiscapa
Formicidae,Hylomyrma,Hylomyrma lopesi
Formicidae,Hylomyrma,Hylomyrma macielae
Formicidae,Hylomyrma,Hylomyrma margaridae
Formicidae,Hylomyrma,Hylomyrma mariae
Formicidae,Hylomyrma,Hylomyrma marielleae
Formicidae,Hylomyrma,Hylomyrma mitiae
Formicidae,Hylomyrma,Hylomyrma montana
Formicidae,Hylomyrma,Hylomyrma peetersi
Formicidae,Hylomyrma,Hylomyrma plumosa
Formicidae,Hylomyrma,Hylomyrma praepotens
Formicidae,Hylomyrma,Hylomyrma primavesi
Formicidae,Hylomyrma,Hylomyrma reginae
Formicidae,Hylomyrma,Hylomyrma reitteri
Formicidae,Hylomyrma,Hylomyrma sagax
Formicidae,Hylomyrma,Hylomyrma transversa
Formicidae,Hylomyrma,Hylomyrma versuta
Formicidae,Hylomyrma,Hylomyrma villemantae
Formicidae,Hylomyrma,Hylomyrma virginiae
Formicidae,Hylomyrma,Hylomyrma wachiperi
Formicidae,Hypoponera,Hypoponera abeillei
Formicidae,Hypoponera,Hypoponera agilis
Formicidae,Hypoponera,Hypoponera aitkenii
Formicidae,Hypoponera,Hypoponera albopubescens
Formicidae,Hypoponera,Hypoponera aliena
Formicidae,Hypoponera,Hypoponera angustata
Formicidae,Hypoponera,Hypoponera aprora
Formicidae,Hypoponera,Hypoponera argentina
Formicidae,Hypoponera,Hypoponera assmuthi
Formicidae,Hypoponera,Hypoponera austra
Formicidae,Hypoponera,Hypoponera beebei
Formicidae,Hypoponera,Hypoponera beppin
Formicidae,Hypoponera,Hypoponera biroi
Formicidae,Hypoponera,Hypoponera blanda
Formicidae,Hypoponera,Hypoponera boerorum
Formicidae,Hypoponera,Hypoponera bugnioni
Formicidae,Hypoponera,Hypoponera bulawayensis
Formicidae,Hypoponera,Hypoponera butteli
Formicidae,Hypoponera,Hypoponera camerunensis
Formicidae,Hypoponera,Hypoponera ceylonensis
Formicidae,Hypoponera,Hypoponera clavatula
Formicidae,Hypoponera,Hypoponera coeca
Formicidae,Hypoponera,Hypoponera collegiana
Formicidae,Hypoponera,Hypoponera comis
Formicidae,Hypoponera,Hypoponera confinis
Formicidae,Hypoponera,Hypoponera congrua
Formicidae,Hypoponera,Hypoponera convexiuscula
Formicidae,Hypoponera,Hypoponera creola
Formicidae,Hypoponera,Hypoponera decora
Formicidae,Hypoponera,Hypoponera defessa
Formicidae,Hypoponera,Hypoponera dema
Formicidae,Hypoponera,Hypoponera dis
Formicidae,Hypoponera,Hypoponera distinguenda
Formicidae,Hypoponera,Hypoponera dulcis
Formicidae,Hypoponera,Hypoponera eduardi
Formicidae,Hypoponera,Hypoponera elliptica
Formicidae,Hypoponera,Hypoponera emeryi
Formicidae,Hypoponera,Hypoponera ergatandria
Formicidae,Hypoponera,Hypoponera eutrepta
Formicidae,Hypoponera,Hypoponera exigua
Formicidae,Hypoponera,Hypoponera exoecata
Formicidae,Hypoponera,Hypoponera faceta
Formicidae,Hypoponera,Hypoponera faex
Formicidae,Hypoponera,Hypoponera fatiga
Formicidae,Hypoponera,Hypoponera fenestralis
Formicidae,Hypoponera,Hypoponera fiebrigi
Formicidae,Hypoponera,Hypoponera foeda
Formicidae,Hypoponera,Hypoponera foreli
Formicidae,Hypoponera,Hypoponera gibbinota
Formicidae,Hypoponera,Hypoponera grandidieri
Formicidae,Hypoponera,Hypoponera hawkesi
Formicidae,Hypoponera,Hypoponera hebes
Formicidae,Hypoponera,Hypoponera herbertonensis
Formicidae,Hypoponera,Hypoponera idelettae
Formicidae,Hypoponera,Hypoponera ignavia
Formicidae,Hypoponera,Hypoponera ignigera
Formicidae,Hypoponera,Hypoponera iheringi
Formicidae,Hypoponera,Hypoponera importuna
Formicidae,Hypoponera,Hypoponera inaudax
Formicidae,Hypoponera,Hypoponera indigens
Formicidae,Hypoponera,Hypoponera inexorata
Formicidae,Hypoponera,Hypoponera javana
Formicidae,Hypoponera,Hypoponera jeanneli
Formicidae,Hypoponera,Hypoponera jocosa
Formicidae,Hypoponera,Hypoponera johannae
Formicidae,Hypoponera,Hypoponera juxta
Formicidae,Hypoponera,Hypoponera kashmirensis
Formicidae,Hypoponera,Hypoponera lassa
Formicidae,Hypoponera,Hypoponera lea
Formicidae,Hypoponera,Hypoponera leninei
Formicidae,Hypoponera,Hypoponera lepida
Formicidae,Hypoponera,Hypoponera leveillei
Formicidae,Hypoponera,Hypoponera longiceps
Formicidae,Hypoponera,Hypoponera ludovicae
Formicidae,Hypoponera,Hypoponera lumpurensis
Formicidae,Hypoponera,Hypoponera mackayensis
Formicidae,Hypoponera,Hypoponera macradelphe
Formicidae,Hypoponera,Hypoponera madecassa
Formicidae,Hypoponera,Hypoponera malayana
Formicidae,Hypoponera,Hypoponera menozzii
Formicidae,Hypoponera,Hypoponera meridia
Formicidae,Hypoponera,Hypoponera mesoponeroides
Formicidae,Hypoponera,Hypoponera mixta
Formicidae,Hypoponera,Hypoponera molesta
Formicidae,Hypoponera,Hypoponera monticola
Formicidae,Hypoponera,Hypoponera natalensis
Formicidae,Hypoponera,Hypoponera neglecta
Formicidae,Hypoponera,Hypoponera nippona
Formicidae,Hypoponera,Hypoponera nitidula
Formicidae,Hypoponera,Hypoponera nivariana
Formicidae,Hypoponera,Hypoponera nubatama
Formicidae,Hypoponera,Hypoponera obtunsa
Formicidae,Hypoponera,Hypoponera occidentalis
Formicidae,Hypoponera,Hypoponera odiosa
Formicidae,Hypoponera,Hypoponera opaciceps
Formicidae,Hypoponera,Hypoponera opacior
Formicidae,Hypoponera,Hypoponera orba
Formicidae,Hypoponera,Hypoponera pallidula
Formicidae,Hypoponera,Hypoponera papuana
Formicidae,Hypoponera,Hypoponera parva
Formicidae,Hypoponera,Hypoponera perparva
Formicidae,Hypoponera,Hypoponera perplexa
Formicidae,Hypoponera,Hypoponera petiolata
Formicidae,Hypoponera,Hypoponera pia
Formicidae,Hypoponera,Hypoponera producta
Formicidae,Hypoponera,Hypoponera pruinosa
Formicidae,Hypoponera,Hypoponera pulchra
Formicidae,Hypoponera,Hypoponera punctatissima
Formicidae,Hypoponera,Hypoponera punctiventris
Formicidae,Hypoponera,Hypoponera pygmaea
Formicidae,Hypoponera,Hypoponera quaestio
Formicidae,Hypoponera,Hypoponera queenslandensis
Formicidae,Hypoponera,Hypoponera ragusai
Formicidae,Hypoponera,Hypoponera rectidens
Formicidae,Hypoponera,Hypoponera regis
Formicidae,Hypoponera,Hypoponera reichenspergeri
Formicidae,Hypoponera,Hypoponera rigida
Formicidae,Hypoponera,Hypoponera rylin
Formicidae,Hypoponera,Hypoponera sabronae
Formicidae,Hypoponera,Hypoponera sakalava
Formicidae,Hypoponera,Hypoponera sauteri
Formicidae,Hypoponera,Hypoponera schmalzi
Formicidae,Hypoponera,Hypoponera schmidti
Formicidae,Hypoponera,Hypoponera schwebeli
Formicidae,Hypoponera,Hypoponera scitula
Formicidae,Hypoponera,Hypoponera segnis
Formicidae,Hypoponera,Hypoponera shattucki
Formicidae,Hypoponera,Hypoponera silvestrii
Formicidae,Hypoponera,Hypoponera singaporensis
Formicidae,Hypoponera,Hypoponera sinuosa
Formicidae,Hypoponera,Hypoponera siremps
Formicidae,Hypoponera,Hypoponera sororcula
Formicidae,Hypoponera,Hypoponera spei
Formicidae,Hypoponera,Hypoponera stoica
Formicidae,Hypoponera,Hypoponera sulcatinasis
Formicidae,Hypoponera,Hypoponera sulciceps
Formicidae,Hypoponera,Hypoponera surda
Formicidae,Hypoponera,Hypoponera taprobanae
Formicidae,Hypoponera,Hypoponera tecta
Formicidae,Hypoponera,Hypoponera tenella
Formicidae,Hypoponera,Hypoponera traegaordhi
Formicidae,Hypoponera,Hypoponera transvaalensis
Formicidae,Hypoponera,Hypoponera trigona
Formicidae,Hypoponera,Hypoponera tristis
Formicidae,Hypoponera,Hypoponera truncata
Formicidae,Hypoponera,Hypoponera turaga
Formicidae,Hypoponera,Hypoponera ursa
Formicidae,Hypoponera,Hypoponera vanreesi
Formicidae,Hypoponera,Hypoponera veltan
Formicidae,Hypoponera,Hypoponera venusta
Formicidae,Hypoponera,Hypoponera vernacula
Formicidae,Hypoponera,Hypoponera viri
Formicidae,Hypoponera,Hypoponera vitiensis
Formicidae,Hypoponera,Hypoponera wilsoni
Formicidae,Hypoponera,Hypoponera wroughtonii
Formicidae,Hypoponera,Hypoponera zwaluwenburgi
Formicidae,Iberoformica,Iberoformica subrufa
Formicidae,Igaponera,Igaponera curiosa
Formicidae,Igaponera,Igaponera sp
Formicidae,Indomyrma,Indomyrma bellae
Formicidae,Indomyrma,Indomyrma dasypyx
Formicidae,Iridomyrmex,Iridomyrmex adstringatus
Formicidae,Iridomyrmex,Iridomyrmex agilis
Formicidae,Iridomyrmex,Iridomyrmex alpinus
Formicidae,Iridomyrmex,Iridomyrmex anceps
Formicidae,Iridomyrmex,Iridomyrmex anderseni
Formicidae,Iridomyrmex,Iridomyrmex angusticeps
Formicidae,Iridomyrmex,Iridomyrmex anteroinclinus
Formicidae,Iridomyrmex,Iridomyrmex atypicus
Formicidae,Iridomyrmex,Iridomyrmex azureus
Formicidae,Iridomyrmex,Iridomyrmex bicknelli
Formicidae,Iridomyrmex,Iridomyrmex bigi
Formicidae,Iridomyrmex,Iridomyrmex brennani
Formicidae,Iridomyrmex,Iridomyrmex brunneus
Formicidae,Iridomyrmex,Iridomyrmex calvus
Formicidae,Iridomyrmex,Iridomyrmex cappoinclinus
Formicidae,Iridomyrmex,Iridomyrmex cephaloinclinus
Formicidae,Iridomyrmex,Iridomyrmex chasei
Formicidae,Iridomyrmex,Iridomyrmex coeruleus
Formicidae,Iridomyrmex,Iridomyrmex conifer
Formicidae,Iridomyrmex,Iridomyrmex continentis
Formicidae,Iridomyrmex,Iridomyrmex cuneiceps
Formicidae,Iridomyrmex,Iridomyrmex cupreus
Formicidae,Iridomyrmex,Iridomyrmex curvifrons
Formicidae,Iridomyrmex,Iridomyrmex cyaneus
Formicidae,Iridomyrmex,Iridomyrmex difficilis
Formicidae,Iridomyrmex,Iridomyrmex discors
Formicidae,Iridomyrmex,Iridomyrmex dromus
Formicidae,Iridomyrmex,Iridomyrmex elongatus
Formicidae,Iridomyrmex,Iridomyrmex exsanguis
Formicidae,Iridomyrmex,Iridomyrmex fulgens
Formicidae,Iridomyrmex,Iridomyrmex galbanus
Formicidae,Iridomyrmex,Iridomyrmex gibbus
Formicidae,Iridomyrmex,Iridomyrmex gumnos
Formicidae,Iridomyrmex,Iridomyrmex hartmeyeri
Formicidae,Iridomyrmex,Iridomyrmex hertogi
Formicidae,Iridomyrmex,Iridomyrmex hesperus
Formicidae,Iridomyrmex,Iridomyrmex infuscus
Formicidae,Iridomyrmex,Iridomyrmex innocens
Formicidae,Iridomyrmex,Iridomyrmex lividus
Formicidae,Iridomyrmex,Iridomyrmex longisoma
Formicidae,Iridomyrmex,Iridomyrmex luteoclypeatus
Formicidae,Iridomyrmex,Iridomyrmex macrops
Formicidae,Iridomyrmex,Iridomyrmex mattiroloi
Formicidae,Iridomyrmex,Iridomyrmex mayri
Formicidae,Iridomyrmex,Iridomyrmex meridianus
Formicidae,Iridomyrmex,Iridomyrmex minor
Formicidae,Iridomyrmex,Iridomyrmex mirabilis
Formicidae,Iridomyrmex,Iridomyrmex mjobergi
Formicidae,Iridomyrmex,Iridomyrmex neocaledonica
Formicidae,Iridomyrmex,Iridomyrmex niger
Formicidae,Iridomyrmex,Iridomyrmex nudipes
Formicidae,Iridomyrmex,Iridomyrmex obscurior
Formicidae,Iridomyrmex,Iridomyrmex obsidianus
Formicidae,Iridomyrmex,Iridomyrmex omalonotus
Formicidae,Iridomyrmex,Iridomyrmex pallidus
Formicidae,Iridomyrmex,Iridomyrmex phillipensis
Formicidae,Iridomyrmex,Iridomyrmex prismatis
Formicidae,Iridomyrmex,Iridomyrmex purpureus
Formicidae,Iridomyrmex,Iridomyrmex reburrus
Formicidae,Iridomyrmex,Iridomyrmex roseatus
Formicidae,Iridomyrmex,Iridomyrmex rubriceps
Formicidae,Iridomyrmex,Iridomyrmex rufoinclinus
Formicidae,Iridomyrmex,Iridomyrmex rufoniger
Formicidae,Iridomyrmex,Iridomyrmex sanguineus
Formicidae,Iridomyrmex,Iridomyrmex setoconus
Formicidae,Iridomyrmex,Iridomyrmex spadius
Formicidae,Iridomyrmex,Iridomyrmex splendens
Formicidae,Iridomyrmex,Iridomyrmex spodipilus
Formicidae,Iridomyrmex,Iridomyrmex spurcus
Formicidae,Iridomyrmex,Iridomyrmex suchieri
Formicidae,Iridomyrmex,Iridomyrmex suchieroides
Formicidae,Iridomyrmex,Iridomyrmex tenebrans
Formicidae,Iridomyrmex,Iridomyrmex tenuiceps
Formicidae,Iridomyrmex,Iridomyrmex trigonoceps
Formicidae,Iridomyrmex,Iridomyrmex turbineus
Formicidae,Iridomyrmex,Iridomyrmex victorianus
Formicidae,Iridomyrmex,Iridomyrmex viridiaeneus
Formicidae,Iridomyrmex,Iridomyrmex viridigaster
Formicidae,Iridomyrmex,Iridomyrmex xanthocoxa
Formicidae,Ishakidris,Ishakidris ascitaspis
Formicidae,Ishakidris,Ishakidris sp
Formicidae,Kalathomyrmex,Kalathomyrmex emeryi
Formicidae,Kartidris,Kartidris ashima
Formicidae,Kartidris,Kartidris fujianensis
Formicidae,Kartidris,Kartidris galos
Formicidae,Kartidris,Kartidris matertera
Formicidae,Kartidris,Kartidris nyos
Formicidae,Kartidris,Kartidris sparsipila
Formicidae,Kempfidris,Kempfidris inusualis
Formicidae,Labidus,Labidus auropubens
Formicidae,Labidus,Labidus coecus
Formicidae,Labidus,Labidus curvipes
Formicidae,Labidus,Labidus denticulatus
Formicidae,Labidus,Labidus nero
Formicidae,Labidus,Labidus praedator
Formicidae,Labidus,Labidus spininodis
Formicidae,Labidus,Labidus truncatidens
Formicidae,Lachnomyrmex,Lachnomyrmex amazonicus
Formicidae,Lachnomyrmex,Lachnomyrmex fernandezi
Formicidae,Lachnomyrmex,Lachnomyrmex grandis
Formicidae,Lachnomyrmex,Lachnomyrmex haskinsi
Formicidae,Lachnomyrmex,Lachnomyrmex laticeps
Formicidae,Lachnomyrmex,Lachnomyrmex lattkei
Formicidae,Lachnomyrmex,Lachnomyrmex longinodus
Formicidae,Lachnomyrmex,Lachnomyrmex longinoi
Formicidae,Lachnomyrmex,Lachnomyrmex mackayi
Formicidae,Lachnomyrmex,Lachnomyrmex nordestinus
Formicidae,Lachnomyrmex,Lachnomyrmex pilosus
Formicidae,Lachnomyrmex,Lachnomyrmex platynodus
Formicidae,Lachnomyrmex,Lachnomyrmex plaumanni
Formicidae,Lachnomyrmex,Lachnomyrmex regularis
Formicidae,Lachnomyrmex,Lachnomyrmex scrobiculatus
Formicidae,Lachnomyrmex,Lachnomyrmex victori
Formicidae,Lasiomyrma,Lasiomyrma gedensis
Formicidae,Lasiomyrma,Lasiomyrma gracilinoda
Formicidae,Lasiomyrma,Lasiomyrma IN01
Formicidae,Lasiomyrma,Lasiomyrma maryatiae
Formicidae,Lasiomyrma,Lasiomyrma wiwatwitayai
Formicidae,Lasiophanes,Lasiophanes atriventris
Formicidae,Lasiophanes,Lasiophanes hoffmanni
Formicidae,Lasiophanes,Lasiophanes perplexus
Formicidae,Lasiophanes,Lasiophanes picinus
Formicidae,Lasiophanes,Lasiophanes strenua
Formicidae,Lasiophanes,Lasiophanes valdiviensis
Formicidae,Lathidris,Lathidris melina
Formicidae,Lathidris,Lathidris montivaga
Formicidae,Lathidris,Lathidris rectithorax
Formicidae,Lenomyrmex,Lenomyrmex colwelli
Formicidae,Lenomyrmex,Lenomyrmex costatus
Formicidae,Lenomyrmex,Lenomyrmex foveolatus
Formicidae,Lenomyrmex,Lenomyrmex hoelldobleri
Formicidae,Lenomyrmex,Lenomyrmex inusitatus
Formicidae,Lenomyrmex,Lenomyrmex mandibularis
Formicidae,Lenomyrmex,Lenomyrmex wardi
Formicidae,Lepisiota,Lepisiota acuta
Formicidae,Lepisiota,Lepisiota affinis
Formicidae,Lepisiota,Lepisiota ajjer
Formicidae,Lepisiota,Lepisiota albata
Formicidae,Lepisiota,Lepisiota alexis
Formicidae,Lepisiota,Lepisiota ambigua
Formicidae,Lepisiota,Lepisiota angolensis
Formicidae,Lepisiota,Lepisiota annandalei
Formicidae,Lepisiota,Lepisiota arabica
Formicidae,Lepisiota,Lepisiota arenaria
Formicidae,Lepisiota,Lepisiota arnoldi
Formicidae,Lepisiota,Lepisiota aurea
Formicidae,Lepisiota,Lepisiota bicolor
Formicidae,Lepisiota,Lepisiota binghami
Formicidae,Lepisiota,Lepisiota bipartita
Formicidae,Lepisiota,Lepisiota cacozela
Formicidae,Lepisiota,Lepisiota canescens
Formicidae,Lepisiota,Lepisiota capensis
Formicidae,Lepisiota,Lepisiota capitata
Formicidae,Lepisiota,Lepisiota carbonaria
Formicidae,Lepisiota,Lepisiota caucasica
Formicidae,Lepisiota,Lepisiota chapmani
Formicidae,Lepisiota,Lepisiota chutimae
Formicidae,Lepisiota,Lepisiota crinita
Formicidae,Lepisiota,Lepisiota curta
Formicidae,Lepisiota,Lepisiota dammama
Formicidae,Lepisiota,Lepisiota dendrophila
Formicidae,Lepisiota,Lepisiota deplanata
Formicidae,Lepisiota,Lepisiota depressa
Formicidae,Lepisiota,Lepisiota dhofara
Formicidae,Lepisiota,Lepisiota dolabellae
Formicidae,Lepisiota,Lepisiota egregia
Formicidae,Lepisiota,Lepisiota elbazi
Formicidae,Lepisiota,Lepisiota elegantissima
Formicidae,Lepisiota,Lepisiota elevata
Formicidae,Lepisiota,Lepisiota emmelii
Formicidae,Lepisiota,Lepisiota erythraea
Formicidae,Lepisiota,Lepisiota fergusoni
Formicidae,Lepisiota,Lepisiota foreli
Formicidae,Lepisiota,Lepisiota frauenfeldi
Formicidae,Lepisiota,Lepisiota gerardi
Formicidae,Lepisiota,Lepisiota gracilicornis
Formicidae,Lepisiota,Lepisiota harteni
Formicidae,Lepisiota,Lepisiota hexiangu
Formicidae,Lepisiota,Lepisiota hirsuta
Formicidae,Lepisiota,Lepisiota imperfecta
Formicidae,Lepisiota,Lepisiota incisa
Formicidae,Lepisiota,Lepisiota integra
Formicidae,Lepisiota,Lepisiota integrisquama
Formicidae,Lepisiota,Lepisiota kabulica
Formicidae,Lepisiota,Lepisiota karawaiewi
Formicidae,Lepisiota,Lepisiota layla
Formicidae,Lepisiota,Lepisiota litoralis
Formicidae,Lepisiota,Lepisiota longinoda
Formicidae,Lepisiota,Lepisiota lunaris
Formicidae,Lepisiota,Lepisiota mayri
Formicidae,Lepisiota,Lepisiota megacephala
Formicidae,Lepisiota,Lepisiota melanogaster
Formicidae,Lepisiota,Lepisiota melas
Formicidae,Lepisiota,Lepisiota mlanjiensis
Formicidae,Lepisiota,Lepisiota modesta
Formicidae,Lepisiota,Lepisiota monardi
Formicidae,Lepisiota,Lepisiota ngangela
Formicidae,Lepisiota,Lepisiota nigra
Formicidae,Lepisiota,Lepisiota nigrescens
Formicidae,Lepisiota,Lepisiota nigrisetosa
Formicidae,Lepisiota,Lepisiota nigriventris
Formicidae,Lepisiota,Lepisiota obtusa
Formicidae,Lepisiota,Lepisiota oculata
Formicidae,Lepisiota,Lepisiota omanensis
Formicidae,Lepisiota,Lepisiota opaca
Formicidae,Lepisiota,Lepisiota opaciventris
Formicidae,Lepisiota,Lepisiota palpalis
Formicidae,Lepisiota,Lepisiota piliscapa
Formicidae,Lepisiota,Lepisiota pulchella
Formicidae,Lepisiota,Lepisiota pusaensis
Formicidae,Lepisiota,Lepisiota quadraticeps
Formicidae,Lepisiota,Lepisiota reticulata
Formicidae,Lepisiota,Lepisiota riyadha
Formicidae,Lepisiota,Lepisiota rothneyi
Formicidae,Lepisiota,Lepisiota rubrovaria
Formicidae,Lepisiota,Lepisiota rugithorax
Formicidae,Lepisiota,Lepisiota satpuraensis
Formicidae,Lepisiota,Lepisiota schoutedeni
Formicidae,Lepisiota,Lepisiota semenovi
Formicidae,Lepisiota,Lepisiota sericea
Formicidae,Lepisiota,Lepisiota siamensis
Formicidae,Lepisiota,Lepisiota silvicola
Formicidae,Lepisiota,Lepisiota simplex
Formicidae,Lepisiota,Lepisiota somalica
Formicidae,Lepisiota,Lepisiota spinisquama
Formicidae,Lepisiota,Lepisiota spinosior
Formicidae,Lepisiota,Lepisiota submetallica
Formicidae,Lepisiota,Lepisiota surchanica
Formicidae,Lepisiota,Lepisiota syriaca
Formicidae,Lepisiota,Lepisiota tenuipilis
Formicidae,Lepisiota,Lepisiota thepthepae
Formicidae,Lepisiota,Lepisiota validiuscula
Formicidae,Lepisiota,Lepisiota velox
Formicidae,Lepisiota,Lepisiota vynia
Formicidae,Lepisiota,Lepisiota wilsoni
Formicidae,Lepisiota,Lepisiota wroughtonii
Formicidae,Lepisiota,Lepisiota xichangensis
Formicidae,Leptanilla,Leptanilla acherontia
Formicidae,Leptanilla,Leptanilla africana
Formicidae,Leptanilla,Leptanilla alexandri
Formicidae,Leptanilla,Leptanilla anomala
Formicidae,Leptanilla,Leptanilla argamani
Formicidae,Leptanilla,Leptanilla astylina
Formicidae,Leptanilla,Leptanilla australis
Formicidae,Leptanilla,Leptanilla beijingensis
Formicidae,Leptanilla,Leptanilla belantan
Formicidae,Leptanilla,Leptanilla belantanoides
Formicidae,Leptanilla,Leptanilla besucheti
Formicidae,Leptanilla,Leptanilla bethyloides
Formicidae,Leptanilla,Leptanilla bifurcata
Formicidae,Leptanilla,Leptanilla boltoni
Formicidae,Leptanilla,Leptanilla buddhista
Formicidae,Leptanilla,Leptanilla butteli
Formicidae,Leptanilla,Leptanilla charonea
Formicidae,Leptanilla,Leptanilla clypeata
Formicidae,Leptanilla,Leptanilla copiosa
Formicidae,Leptanilla,Leptanilla dehongensis
Formicidae,Leptanilla,Leptanilla doderoi
Formicidae,Leptanilla,Leptanilla escheri
Formicidae,Leptanilla,Leptanilla exigua
Formicidae,Leptanilla,Leptanilla havilandi
Formicidae,Leptanilla,Leptanilla hunanensis
Formicidae,Leptanilla,Leptanilla hypodracos
Formicidae,Leptanilla,Leptanilla indica
Formicidae,Leptanilla,Leptanilla islamica
Formicidae,Leptanilla,Leptanilla israelis
Formicidae,Leptanilla,Leptanilla japonica
Formicidae,Leptanilla,Leptanilla javana
Formicidae,Leptanilla,Leptanilla judaica
Formicidae,Leptanilla,Leptanilla kebunraya
Formicidae,Leptanilla,Leptanilla kubotai
Formicidae,Leptanilla,Leptanilla kunmingensis
Formicidae,Leptanilla,Leptanilla lamellata
Formicidae,Leptanilla,Leptanilla laventa
Formicidae,Leptanilla,Leptanilla macauensis
Formicidae,Leptanilla,Leptanilla minuscula
Formicidae,Leptanilla,Leptanilla morimotoi
Formicidae,Leptanilla,Leptanilla najaphalla
Formicidae,Leptanilla,Leptanilla nana
Formicidae,Leptanilla,Leptanilla oceanica
Formicidae,Leptanilla,Leptanilla okinawensis
Formicidae,Leptanilla,Leptanilla ortunoi
Formicidae,Leptanilla,Leptanilla palauensis
Formicidae,Leptanilla,Leptanilla phthirigyna
Formicidae,Leptanilla,Leptanilla plutonia
Formicidae,Leptanilla,Leptanilla poggii
Formicidae,Leptanilla,Leptanilla qinlingensis
Formicidae,Leptanilla,Leptanilla revelierii
Formicidae,Leptanilla,Leptanilla santschii
Formicidae,Leptanilla,Leptanilla sapa
Formicidae,Leptanilla,Leptanilla sichuanensis
Formicidae,Leptanilla,Leptanilla swani
Formicidae,Leptanilla,Leptanilla taiwanensis
Formicidae,Leptanilla,Leptanilla tanakai
Formicidae,Leptanilla,Leptanilla tanit
Formicidae,Leptanilla,Leptanilla tenuis
Formicidae,Leptanilla,Leptanilla thai
Formicidae,Leptanilla,Leptanilla theryi
Formicidae,Leptanilla,Leptanilla ujjalai
Formicidae,Leptanilla,Leptanilla vaucheri
Formicidae,Leptanilla,Leptanilla voldemort
Formicidae,Leptanilla,Leptanilla yunnanensis
Formicidae,Leptanilla,Leptanilla zaballosi
Formicidae,Leptanilloides,Leptanilloides amazonus
Formicidae,Leptanilloides,Leptanilloides anae
Formicidae,Leptanilloides,Leptanilloides atlanticus
Formicidae,Leptanilloides,Leptanilloides biconstrictus
Formicidae,Leptanilloides,Leptanilloides caracola
Formicidae,Leptanilloides,Leptanilloides chihuahuaensis
Formicidae,Leptanilloides,Leptanilloides copalinga
Formicidae,Leptanilloides,Leptanilloides erinys
Formicidae,Leptanilloides,Leptanilloides femoralis
Formicidae,Leptanilloides,Leptanilloides golbachi
Formicidae,Leptanilloides,Leptanilloides gracilis
Formicidae,Leptanilloides,Leptanilloides improvisus
Formicidae,Leptanilloides,Leptanilloides legionarius
Formicidae,Leptanilloides,Leptanilloides manauara
Formicidae,Leptanilloides,Leptanilloides mckennae
Formicidae,Leptanilloides,Leptanilloides nomadus
Formicidae,Leptanilloides,Leptanilloides nubecula
Formicidae,Leptanilloides,Leptanilloides prometeus
Formicidae,Leptanilloides,Leptanilloides sculpturatus
Formicidae,Leptogenys,Leptogenys academica
Formicidae,Leptogenys,Leptogenys acutangula
Formicidae,Leptogenys,Leptogenys acutirostris
Formicidae,Leptogenys,Leptogenys adlerzi
Formicidae,Leptogenys,Leptogenys alamando
Formicidae,Leptogenys,Leptogenys alatapia
Formicidae,Leptogenys,Leptogenys alluaudi
Formicidae,Leptogenys,Leptogenys amazonica
Formicidae,Leptogenys,Leptogenys ambo
Formicidae,Leptogenys,Leptogenys amon
Formicidae,Leptogenys,Leptogenys amu
Formicidae,Leptogenys,Leptogenys andritantely
Formicidae,Leptogenys,Leptogenys angusta
Formicidae,Leptogenys,Leptogenys angustinoda
Formicidae,Leptogenys,Leptogenys anitae
Formicidae,Leptogenys,Leptogenys anjara
Formicidae,Leptogenys,Leptogenys ankhesa
Formicidae,Leptogenys,Leptogenys antillana
Formicidae,Leptogenys,Leptogenys antongilensis
Formicidae,Leptogenys,Leptogenys arcirostris
Formicidae,Leptogenys,Leptogenys arcuata
Formicidae,Leptogenys,Leptogenys arnoldi
Formicidae,Leptogenys,Leptogenys aspera
Formicidae,Leptogenys,Leptogenys assamensis
Formicidae,Leptogenys,Leptogenys atra
Formicidae,Leptogenys,Leptogenys attenuata
Formicidae,Leptogenys,Leptogenys australis
Formicidae,Leptogenys,Leptogenys avaratra
Formicidae,Leptogenys,Leptogenys avo
Formicidae,Leptogenys,Leptogenys barimaso
Formicidae,Leptogenys,Leptogenys bellii
Formicidae,Leptogenys,Leptogenys bezanozano
Formicidae,Leptogenys,Leptogenys bhartii
Formicidae,Leptogenys,Leptogenys bidentata
Formicidae,Leptogenys,Leptogenys bifida
Formicidae,Leptogenys,Leptogenys binghamii
Formicidae,Leptogenys,Leptogenys birmana
Formicidae,Leptogenys,Leptogenys bituberculata
Formicidae,Leptogenys,Leptogenys bohlsi
Formicidae,Leptogenys,Leptogenys borivava
Formicidae,Leptogenys,Leptogenys borneensis
Formicidae,Leptogenys,Leptogenys breviceps
Formicidae,Leptogenys,Leptogenys breviloba
Formicidae,Leptogenys,Leptogenys bubastis
Formicidae,Leptogenys,Leptogenys buyssoni
Formicidae,Leptogenys,Leptogenys caeciliae
Formicidae,Leptogenys,Leptogenys camerunensis
Formicidae,Leptogenys,Leptogenys carbonaria
Formicidae,Leptogenys,Leptogenys carinata
Formicidae,Leptogenys,Leptogenys carioca
Formicidae,Leptogenys,Leptogenys castanea
Formicidae,Leptogenys,Leptogenys centralis
Formicidae,Leptogenys,Leptogenys chalybaea
Formicidae,Leptogenys,Leptogenys chamela
Formicidae,Leptogenys,Leptogenys chelifera
Formicidae,Leptogenys,Leptogenys chinensis
Formicidae,Leptogenys,Leptogenys chrislaini
Formicidae,Leptogenys,Leptogenys ciliata
Formicidae,Leptogenys,Leptogenys clarki
Formicidae,Leptogenys,Leptogenys coerulescens
Formicidae,Leptogenys,Leptogenys comajojo
Formicidae,Leptogenys,Leptogenys confucii
Formicidae,Leptogenys,Leptogenys conigera
Formicidae,Leptogenys,Leptogenys conradti
Formicidae,Leptogenys,Leptogenys consanguinea
Formicidae,Leptogenys,Leptogenys cordoba
Formicidae,Leptogenys,Leptogenys corniculans
Formicidae,Leptogenys,Leptogenys cracens
Formicidae,Leptogenys,Leptogenys crassicornis
Formicidae,Leptogenys,Leptogenys crassinoda
Formicidae,Leptogenys,Leptogenys crudelis
Formicidae,Leptogenys,Leptogenys crustosa
Formicidae,Leptogenys,Leptogenys cryptica
Formicidae,Leptogenys,Leptogenys cuneata
Formicidae,Leptogenys,Leptogenys curva
Formicidae,Leptogenys,Leptogenys cyanicatena
Formicidae,Leptogenys,Leptogenys dalyi
Formicidae,Leptogenys,Leptogenys darlingtoni
Formicidae,Leptogenys,Leptogenys davydovi
Formicidae,Leptogenys,Leptogenys deborae
Formicidae,Leptogenys,Leptogenys dentilobis
Formicidae,Leptogenys,Leptogenys diana
Formicidae,Leptogenys,Leptogenys diatra
Formicidae,Leptogenys,Leptogenys diminuta
Formicidae,Leptogenys,Leptogenys donisthorpei
Formicidae,Leptogenys,Leptogenys drepanon
Formicidae,Leptogenys,Leptogenys ebenina
Formicidae,Leptogenys,Leptogenys edsoni
Formicidae,Leptogenys,Leptogenys elegans
Formicidae,Leptogenys,Leptogenys elongata
Formicidae,Leptogenys,Leptogenys elzasoares
Formicidae,Leptogenys,Leptogenys emeryi
Formicidae,Leptogenys,Leptogenys emiliae
Formicidae,Leptogenys,Leptogenys ergatogyna
Formicidae,Leptogenys,Leptogenys erugata
Formicidae,Leptogenys,Leptogenys erythraea
Formicidae,Leptogenys,Leptogenys excellens
Formicidae,Leptogenys,Leptogenys excisa
Formicidae,Leptogenys,Leptogenys exigua
Formicidae,Leptogenys,Leptogenys exundans
Formicidae,Leptogenys,Leptogenys falcigera
Formicidae,Leptogenys,Leptogenys fallax
Formicidae,Leptogenys,Leptogenys famelica
Formicidae,Leptogenys,Leptogenys fasika
Formicidae,Leptogenys,Leptogenys ferrarii
Formicidae,Leptogenys,Leptogenys fiandry
Formicidae,Leptogenys,Leptogenys foraminosa
Formicidae,Leptogenys,Leptogenys foreli
Formicidae,Leptogenys,Leptogenys fortior
Formicidae,Leptogenys,Leptogenys fotsivava
Formicidae,Leptogenys,Leptogenys foveonates
Formicidae,Leptogenys,Leptogenys foveopunctata
Formicidae,Leptogenys,Leptogenys fugax
Formicidae,Leptogenys,Leptogenys furtiva
Formicidae,Leptogenys,Leptogenys gagates
Formicidae,Leptogenys,Leptogenys gaigei
Formicidae,Leptogenys,Leptogenys gatu
Formicidae,Leptogenys,Leptogenys glabra
Formicidae,Leptogenys,Leptogenys gorgona
Formicidae,Leptogenys,Leptogenys gracilis
Formicidae,Leptogenys,Leptogenys grandidieri
Formicidae,Leptogenys,Leptogenys grohli
Formicidae,Leptogenys,Leptogenys guianensis
Formicidae,Leptogenys,Leptogenys guineensis
Formicidae,Leptogenys,Leptogenys hackeri
Formicidae,Leptogenys,Leptogenys hainanensis
Formicidae,Leptogenys,Leptogenys harmsi
Formicidae,Leptogenys,Leptogenys havilandi
Formicidae,Leptogenys,Leptogenys hebrideana
Formicidae,Leptogenys,Leptogenys hemioptica
Formicidae,Leptogenys,Leptogenys hezhouensis
Formicidae,Leptogenys,Leptogenys honduriana
Formicidae,Leptogenys,Leptogenys honoria
Formicidae,Leptogenys,Leptogenys huapingensis
Formicidae,Leptogenys,Leptogenys humiliata
Formicidae,Leptogenys,Leptogenys hysterica
Formicidae,Leptogenys,Leptogenys iheringi
Formicidae,Leptogenys,Leptogenys imerinensis
Formicidae,Leptogenys,Leptogenys imperatrix
Formicidae,Leptogenys,Leptogenys incisa
Formicidae,Leptogenys,Leptogenys indagatrix
Formicidae,Leptogenys,Leptogenys ingens
Formicidae,Leptogenys,Leptogenys intermedia
Formicidae,Leptogenys,Leptogenys intricata
Formicidae,Leptogenys,Leptogenys iridescens
Formicidae,Leptogenys,Leptogenys iridipennis
Formicidae,Leptogenys,Leptogenys itoi
Formicidae,Leptogenys,Leptogenys ixta
Formicidae,Leptogenys,Leptogenys jeanettei
Formicidae,Leptogenys,Leptogenys jeanneli
Formicidae,Leptogenys,Leptogenys johary
Formicidae,Leptogenys,Leptogenys josephi
Formicidae,Leptogenys,Leptogenys kanaoi
Formicidae,Leptogenys,Leptogenys karawaiewi
Formicidae,Leptogenys,Leptogenys keysseri
Formicidae,Leptogenys,Leptogenys khammouanensis
Formicidae,Leptogenys,Leptogenys khaura
Formicidae,Leptogenys,Leptogenys kiche
Formicidae,Leptogenys,Leptogenys kitteli
Formicidae,Leptogenys,Leptogenys kraepelini
Formicidae,Leptogenys,Leptogenys laeviceps
Formicidae,Leptogenys,Leptogenys laeviterga
Formicidae,Leptogenys,Leptogenys langi
Formicidae,Leptogenys,Leptogenys laozii
Formicidae,Leptogenys,Leptogenys lattkei
Formicidae,Leptogenys,Leptogenys lavavava
Formicidae,Leptogenys,Leptogenys leiothorax
Formicidae,Leptogenys,Leptogenys leleji
Formicidae,Leptogenys,Leptogenys letilae
Formicidae,Leptogenys,Leptogenys linda
Formicidae,Leptogenys,Leptogenys linearis
Formicidae,Leptogenys,Leptogenys loarelae
Formicidae,Leptogenys,Leptogenys lohahela
Formicidae,Leptogenys,Leptogenys longensis
Formicidae,Leptogenys,Leptogenys longiceps
Formicidae,Leptogenys,Leptogenys longiscapus
Formicidae,Leptogenys,Leptogenys lucida
Formicidae,Leptogenys,Leptogenys lucidula
Formicidae,Leptogenys,Leptogenys luederwaldti
Formicidae,Leptogenys,Leptogenys mactans
Formicidae,Leptogenys,Leptogenys magna
Formicidae,Leptogenys,Leptogenys malama
Formicidae,Leptogenys,Leptogenys malayana
Formicidae,Leptogenys,Leptogenys mangabe
Formicidae,Leptogenys,Leptogenys manja
Formicidae,Leptogenys,Leptogenys manni
Formicidae,Leptogenys,Leptogenys manongarivo
Formicidae,Leptogenys,Leptogenys mastax
Formicidae,Leptogenys,Leptogenys mavaca
Formicidae,Leptogenys,Leptogenys maxillosa
Formicidae,Leptogenys,Leptogenys maya
Formicidae,Leptogenys,Leptogenys mayotte
Formicidae,Leptogenys,Leptogenys melena
Formicidae,Leptogenys,Leptogenys mengzii
Formicidae,Leptogenys,Leptogenys meritans
Formicidae,Leptogenys,Leptogenys microps
Formicidae,Leptogenys,Leptogenys minima
Formicidae,Leptogenys,Leptogenys mjobergi
Formicidae,Leptogenys,Leptogenys modiglianii
Formicidae,Leptogenys,Leptogenys moelleri
Formicidae,Leptogenys,Leptogenys montuosa
Formicidae,Leptogenys,Leptogenys mucronata
Formicidae,Leptogenys,Leptogenys mutabilis
Formicidae,Leptogenys,Leptogenys myops
Formicidae,Leptogenys,Leptogenys namana
Formicidae,Leptogenys,Leptogenys namoroka
Formicidae,Leptogenys,Leptogenys navua
Formicidae,Leptogenys,Leptogenys nebra
Formicidae,Leptogenys,Leptogenys neutralis
Formicidae,Leptogenys,Leptogenys nigricans
Formicidae,Leptogenys,Leptogenys nitens
Formicidae,Leptogenys,Leptogenys nuserra
Formicidae,Leptogenys,Leptogenys oaxaca
Formicidae,Leptogenys,Leptogenys occidentalis
Formicidae,Leptogenys,Leptogenys optica
Formicidae,Leptogenys,Leptogenys orchidioides
Formicidae,Leptogenys,Leptogenys oresbia
Formicidae,Leptogenys,Leptogenys oswaldi
Formicidae,Leptogenys,Leptogenys pangui
Formicidae,Leptogenys,Leptogenys panops
Formicidae,Leptogenys,Leptogenys papuana
Formicidae,Leptogenys,Leptogenys paraensis
Formicidae,Leptogenys,Leptogenys parvula
Formicidae,Leptogenys,Leptogenys pavesii
Formicidae,Leptogenys,Leptogenys peninsularis
Formicidae,Leptogenys,Leptogenys peringueyi
Formicidae,Leptogenys,Leptogenys peruana
Formicidae,Leptogenys,Leptogenys peuqueti
Formicidae,Leptogenys,Leptogenys phylloba
Formicidae,Leptogenys,Leptogenys pilaka
Formicidae,Leptogenys,Leptogenys pinna
Formicidae,Leptogenys,Leptogenys piroskae
Formicidae,Leptogenys,Leptogenys pittieri
Formicidae,Leptogenys,Leptogenys podenzanai
Formicidae,Leptogenys,Leptogenys polaszeki
Formicidae,Leptogenys,Leptogenys pompiloides
Formicidae,Leptogenys,Leptogenys princeps
Formicidae,Leptogenys,Leptogenys processionalis
Formicidae,Leptogenys,Leptogenys pruinosa
Formicidae,Leptogenys,Leptogenys pubiceps
Formicidae,Leptogenys,Leptogenys pucuna
Formicidae,Leptogenys,Leptogenys pujoli
Formicidae,Leptogenys,Leptogenys punctata
Formicidae,Leptogenys,Leptogenys punctaticeps
Formicidae,Leptogenys,Leptogenys punctiventris
Formicidae,Leptogenys,Leptogenys purpurea
Formicidae,Leptogenys,Leptogenys pusilla
Formicidae,Leptogenys,Leptogenys qini
Formicidae,Leptogenys,Leptogenys quadrata
Formicidae,Leptogenys,Leptogenys quiriguana
Formicidae,Leptogenys,Leptogenys quirozi
Formicidae,Leptogenys,Leptogenys rabebe
Formicidae,Leptogenys,Leptogenys rabesoni
Formicidae,Leptogenys,Leptogenys ralipra
Formicidae,Leptogenys,Leptogenys rasila
Formicidae,Leptogenys,Leptogenys ravida
Formicidae,Leptogenys,Leptogenys reggae
Formicidae,Leptogenys,Leptogenys regis
Formicidae,Leptogenys,Leptogenys ridens
Formicidae,Leptogenys,Leptogenys ritae
Formicidae,Leptogenys,Leptogenys roberti
Formicidae,Leptogenys,Leptogenys rouxi
Formicidae,Leptogenys,Leptogenys rufa
Formicidae,Leptogenys,Leptogenys rufida
Formicidae,Leptogenys,Leptogenys rugosopunctata
Formicidae,Leptogenys,Leptogenys sagaris
Formicidae,Leptogenys,Leptogenys sahamalaza
Formicidae,Leptogenys,Leptogenys santacruzi
Formicidae,Leptogenys,Leptogenys saussurei
Formicidae,Leptogenys,Leptogenys scabra
Formicidae,Leptogenys,Leptogenys schwabi
Formicidae,Leptogenys,Leptogenys serrata
Formicidae,Leptogenys,Leptogenys sianka
Formicidae,Leptogenys,Leptogenys sjostedti
Formicidae,Leptogenys,Leptogenys socorda
Formicidae,Leptogenys,Leptogenys sonora
Formicidae,Leptogenys,Leptogenys spandax
Formicidae,Leptogenys,Leptogenys stenocheilos
Formicidae,Leptogenys,Leptogenys sterops
Formicidae,Leptogenys,Leptogenys strator
Formicidae,Leptogenys,Leptogenys strena
Formicidae,Leptogenys,Leptogenys striatidens
Formicidae,Leptogenys,Leptogenys stuhlmanni
Formicidae,Leptogenys,Leptogenys stygia
Formicidae,Leptogenys,Leptogenys suarensis
Formicidae,Leptogenys,Leptogenys sulcinoda
Formicidae,Leptogenys,Leptogenys sunyatseni
Formicidae,Leptogenys,Leptogenys sunzii
Formicidae,Leptogenys,Leptogenys tama
Formicidae,Leptogenys,Leptogenys tatsimo
Formicidae,Leptogenys,Leptogenys terroni
Formicidae,Leptogenys,Leptogenys testacea
Formicidae,Leptogenys,Leptogenys tiobil
Formicidae,Leptogenys,Leptogenys titan
Formicidae,Leptogenys,Leptogenys toeraniva
Formicidae,Leptogenys,Leptogenys toxeres
Formicidae,Leptogenys,Leptogenys transitionis
Formicidae,Leptogenys,Leptogenys tricosa
Formicidae,Leptogenys,Leptogenys triloba
Formicidae,Leptogenys,Leptogenys trilobata
Formicidae,Leptogenys,Leptogenys truncata
Formicidae,Leptogenys,Leptogenys truncatirostris
Formicidae,Leptogenys,Leptogenys tsingy
Formicidae,Leptogenys,Leptogenys turneri
Formicidae,Leptogenys,Leptogenys unistimulosa
Formicidae,Leptogenys,Leptogenys variabilis
Formicidae,Leptogenys,Leptogenys varicosa
Formicidae,Leptogenys,Leptogenys vatovavy
Formicidae,Leptogenys,Leptogenys vindicis
Formicidae,Leptogenys,Leptogenys violacea
Formicidae,Leptogenys,Leptogenys vitiensis
Formicidae,Leptogenys,Leptogenys vitsy
Formicidae,Leptogenys,Leptogenys voeltzkowi
Formicidae,Leptogenys,Leptogenys vogeli
Formicidae,Leptogenys,Leptogenys volcanica
Formicidae,Leptogenys,Leptogenys wheeleri
Formicidae,Leptogenys,Leptogenys yandii
Formicidae,Leptogenys,Leptogenys yerburyi
Formicidae,Leptogenys,Leptogenys yocota
Formicidae,Leptogenys,Leptogenys zapyxis
Formicidae,Leptogenys,Leptogenys zhoui
Formicidae,Leptogenys,Leptogenys zhuangzii
Formicidae,Leptogenys,Leptogenys zohy
Formicidae,Leptomyrmex,Leptomyrmex aitchisoni
Formicidae,Leptomyrmex,Leptomyrmex burwelli
Formicidae,Leptomyrmex,Leptomyrmex cnemidatus
Formicidae,Leptomyrmex,Leptomyrmex darlingtoni
Formicidae,Leptomyrmex,Leptomyrmex dolichoscapus
Formicidae,Leptomyrmex,Leptomyrmex erythrocephalus
Formicidae,Leptomyrmex,Leptomyrmex flavitarsus
Formicidae,Leptomyrmex,Leptomyrmex fragilis
Formicidae,Leptomyrmex,Leptomyrmex garretti
Formicidae,Leptomyrmex,Leptomyrmex geniculatus
Formicidae,Leptomyrmex,Leptomyrmex melanoticus
Formicidae,Leptomyrmex,Leptomyrmex mjobergi
Formicidae,Leptomyrmex,Leptomyrmex niger
Formicidae,Leptomyrmex,Leptomyrmex nigriceps
Formicidae,Leptomyrmex,Leptomyrmex nigriventris
Formicidae,Leptomyrmex,Leptomyrmex pallens
Formicidae,Leptomyrmex,Leptomyrmex pilosus
Formicidae,Leptomyrmex,Leptomyrmex puberulus
Formicidae,Leptomyrmex,Leptomyrmex ramorniensis
Formicidae,Leptomyrmex,Leptomyrmex relictus
Formicidae,Leptomyrmex,Leptomyrmex rothneyi
Formicidae,Leptomyrmex,Leptomyrmex ruficeps
Formicidae,Leptomyrmex,Leptomyrmex rufipes
Formicidae,Leptomyrmex,Leptomyrmex rufithorax
Formicidae,Leptomyrmex,Leptomyrmex tibialis
Formicidae,Leptomyrmex,Leptomyrmex unicolor
Formicidae,Leptomyrmex,Leptomyrmex varians
Formicidae,Leptomyrmex,Leptomyrmex wiburdi
Formicidae,Linepithema,Linepithema anathema
Formicidae,Linepithema,Linepithema angulatum
Formicidae,Linepithema,Linepithema aztecoides
Formicidae,Linepithema,Linepithema cerradense
Formicidae,Linepithema,Linepithema cryptobioticum
Formicidae,Linepithema,Linepithema dispertitum
Formicidae,Linepithema,Linepithema flavescens
Formicidae,Linepithema,Linepithema fuscum
Formicidae,Linepithema,Linepithema gallardoi
Formicidae,Linepithema,Linepithema hirsutum
Formicidae,Linepithema,Linepithema humile
Formicidae,Linepithema,Linepithema inacatum
Formicidae,Linepithema,Linepithema iniquum
Formicidae,Linepithema,Linepithema keiteli
Formicidae,Linepithema,Linepithema leucomelas
Formicidae,Linepithema,Linepithema micans
Formicidae,Linepithema,Linepithema neotropicum
Formicidae,Linepithema,Linepithema oblongum
Formicidae,Linepithema,Linepithema paulistana
Formicidae,Linepithema,Linepithema piliferum
Formicidae,Linepithema,Linepithema pulex
Formicidae,Linepithema,Linepithema tsachila
Formicidae,Liometopum,Liometopum apiculatum
Formicidae,Liometopum,Liometopum lindgreeni
Formicidae,Liometopum,Liometopum luctuosum
Formicidae,Liometopum,Liometopum microcephalum
Formicidae,Liometopum,Liometopum occidentale
Formicidae,Liometopum,Liometopum orientale
Formicidae,Liometopum,Liometopum sinense
Formicidae,Liomyrmex,Liomyrmex gestroi
Formicidae,Lioponera,Lioponera aberrans
Formicidae,Lioponera,Lioponera adama
Formicidae,Lioponera,Lioponera angustata
Formicidae,Lioponera,Lioponera anokha
Formicidae,Lioponera,Lioponera bakeri
Formicidae,Lioponera,Lioponera bicolor
Formicidae,Lioponera,Lioponera binodis
Formicidae,Lioponera,Lioponera bispinata
Formicidae,Lioponera,Lioponera braunsi
Formicidae,Lioponera,Lioponera braytoni
Formicidae,Lioponera,Lioponera brevicollis
Formicidae,Lioponera,Lioponera brevis
Formicidae,Lioponera,Lioponera clara
Formicidae,Lioponera,Lioponera clarki
Formicidae,Lioponera,Lioponera cohici
Formicidae,Lioponera,Lioponera collingwoodi
Formicidae,Lioponera,Lioponera constricta
Formicidae,Lioponera,Lioponera coxalis
Formicidae,Lioponera,Lioponera crassa
Formicidae,Lioponera,Lioponera daikoku
Formicidae,Lioponera,Lioponera decorsei
Formicidae,Lioponera,Lioponera desertorum
Formicidae,Lioponera,Lioponera dumbletoni
Formicidae,Lioponera,Lioponera elegans
Formicidae,Lioponera,Lioponera emeryi
Formicidae,Lioponera,Lioponera fervida
Formicidae,Lioponera,Lioponera ficosa
Formicidae,Lioponera,Lioponera flammea
Formicidae,Lioponera,Lioponera foreli
Formicidae,Lioponera,Lioponera gilesi
Formicidae,Lioponera,Lioponera grandis
Formicidae,Lioponera,Lioponera greavesi
Formicidae,Lioponera,Lioponera gwynethae
Formicidae,Lioponera,Lioponera heros
Formicidae,Lioponera,Lioponera hewitti
Formicidae,Lioponera,Lioponera huode
Formicidae,Lioponera,Lioponera inconspicua
Formicidae,Lioponera,Lioponera iovis
Formicidae,Lioponera,Lioponera kraepelinii
Formicidae,Lioponera,Lioponera krombeini
Formicidae,Lioponera,Lioponera larvata
Formicidae,Lioponera,Lioponera longitarsus
Formicidae,Lioponera,Lioponera luzuriagae
Formicidae,Lioponera,Lioponera macrops
Formicidae,Lioponera,Lioponera marginata
Formicidae,Lioponera,Lioponera mayri
Formicidae,Lioponera,Lioponera mjobergi
Formicidae,Lioponera,Lioponera mullewana
Formicidae,Lioponera,Lioponera nayana
Formicidae,Lioponera,Lioponera neocaledonica
Formicidae,Lioponera,Lioponera nigra
Formicidae,Lioponera,Lioponera nigriventris
Formicidae,Lioponera,Lioponera nkomoensis
Formicidae,Lioponera,Lioponera noctambula
Formicidae,Lioponera,Lioponera parva
Formicidae,Lioponera,Lioponera picipes
Formicidae,Lioponera,Lioponera picta
Formicidae,Lioponera,Lioponera piliventris
Formicidae,Lioponera,Lioponera potteri
Formicidae,Lioponera,Lioponera pruinosa
Formicidae,Lioponera,Lioponera pubescens
Formicidae,Lioponera,Lioponera punctatissima
Formicidae,Lioponera,Lioponera reticulata
Formicidae,Lioponera,Lioponera ruficornis
Formicidae,Lioponera,Lioponera rugulinodis
Formicidae,Lioponera,Lioponera senescens
Formicidae,Lioponera,Lioponera similis
Formicidae,Lioponera,Lioponera simmonsae
Formicidae,Lioponera,Lioponera singaporensis
Formicidae,Lioponera,Lioponera singularis
Formicidae,Lioponera,Lioponera sjostedti
Formicidae,Lioponera,Lioponera suscitata
Formicidae,Lioponera,Lioponera turneri
Formicidae,Lioponera,Lioponera varians
Formicidae,Lioponera,Lioponera versicolor
Formicidae,Lioponera,Lioponera vespula
Formicidae,Lividopone,Lividopone livida
Formicidae,Lividopone,Lividopone MG
Formicidae,Loboponera,Loboponera basalis
Formicidae,Loboponera,Loboponera edentula
Formicidae,Loboponera,Loboponera nasica
Formicidae,Loboponera,Loboponera nobiliae
Formicidae,Loboponera,Loboponera obeliscata
Formicidae,Loboponera,Loboponera politula
Formicidae,Loboponera,Loboponera subatra
Formicidae,Loboponera,Loboponera trica
Formicidae,Loboponera,Loboponera vigilans
Formicidae,Lophomyrmex,Lophomyrmex ambiguus
Formicidae,Lophomyrmex,Lophomyrmex bedoti
Formicidae,Lophomyrmex,Lophomyrmex birmanus
Formicidae,Lophomyrmex,Lophomyrmex changlangensis
Formicidae,Lophomyrmex,Lophomyrmex indosinensis
Formicidae,Lophomyrmex,Lophomyrmex kali
Formicidae,Lophomyrmex,Lophomyrmex longicornis
Formicidae,Lophomyrmex,Lophomyrmex lucidus
Formicidae,Lophomyrmex,Lophomyrmex opaciceps
Formicidae,Lophomyrmex,Lophomyrmex quadrispinosus
Formicidae,Lophomyrmex,Lophomyrmex striatulus
Formicidae,Lophomyrmex,Lophomyrmex taivanae
Formicidae,Lophomyrmex,Lophomyrmex terraceensis
Formicidae,Loweriella,Loweriella boltoni
Formicidae,Makebapone,Makebapone caffraria
Formicidae,Makebapone,Makebapone ingesta
Formicidae,Malagidris,Malagidris alperti
Formicidae,Malagidris,Malagidris belti
Formicidae,Malagidris,Malagidris dulcis
Formicidae,Malagidris,Malagidris galokoa
Formicidae,Malagidris,Malagidris jugum
Formicidae,Malagidris,Malagidris sofina
Formicidae,Manica,Manica bradleyi
Formicidae,Manica,Manica hunteri
Formicidae,Manica,Manica invidia
Formicidae,Manica,Manica rubida
Formicidae,Manica,Manica shanyii
Formicidae,Manica,Manica yessensis
Formicidae,Martialis,Martialis heureka
Formicidae,Mayaponera,Mayaponera arhuaca
Formicidae,Mayaponera,Mayaponera becculata
Formicidae,Mayaponera,Mayaponera cernua
Formicidae,Mayaponera,Mayaponera conicula
Formicidae,Mayaponera,Mayaponera constricta
Formicidae,Mayaponera,Mayaponera longidentata
Formicidae,Mayaponera,Mayaponera pergandei
Formicidae,Mayriella,Mayriella abstinens
Formicidae,Mayriella,Mayriella ebbei
Formicidae,Mayriella,Mayriella granulata
Formicidae,Mayriella,Mayriella occidua
Formicidae,Mayriella,Mayriella overbecki
Formicidae,Mayriella,Mayriella sharpi
Formicidae,Mayriella,Mayriella spinosior
Formicidae,Mayriella,Mayriella transfuga
Formicidae,Mayriella,Mayriella warchalowskii
Formicidae,Megalomyrmex,Megalomyrmex acauna
Formicidae,Megalomyrmex,Megalomyrmex adamsae
Formicidae,Megalomyrmex,Megalomyrmex ayri
Formicidae,Megalomyrmex,Megalomyrmex balzani
Formicidae,Megalomyrmex,Megalomyrmex bidentatus
Formicidae,Megalomyrmex,Megalomyrmex bituberculatus
Formicidae,Megalomyrmex,Megalomyrmex brandaoi
Formicidae,Megalomyrmex,Megalomyrmex caete
Formicidae,Megalomyrmex,Megalomyrmex cuatiara
Formicidae,Megalomyrmex,Megalomyrmex cupecuara
Formicidae,Megalomyrmex,Megalomyrmex cyendyra
Formicidae,Megalomyrmex,Megalomyrmex drifti
Formicidae,Megalomyrmex,Megalomyrmex emeryi
Formicidae,Megalomyrmex,Megalomyrmex foreli
Formicidae,Megalomyrmex,Megalomyrmex fungiraptor
Formicidae,Megalomyrmex,Megalomyrmex glaesarius
Formicidae,Megalomyrmex,Megalomyrmex gnomus
Formicidae,Megalomyrmex,Megalomyrmex goeldii
Formicidae,Megalomyrmex,Megalomyrmex iheringi
Formicidae,Megalomyrmex,Megalomyrmex incisus
Formicidae,Megalomyrmex,Megalomyrmex leoninus
Formicidae,Megalomyrmex,Megalomyrmex longinoi
Formicidae,Megalomyrmex,Megalomyrmex megadrifti
Formicidae,Megalomyrmex,Megalomyrmex milenae
Formicidae,Megalomyrmex,Megalomyrmex miri
Formicidae,Megalomyrmex,Megalomyrmex modestus
Formicidae,Megalomyrmex,Megalomyrmex mondabora
Formicidae,Megalomyrmex,Megalomyrmex mondaboroides
Formicidae,Megalomyrmex,Megalomyrmex myops
Formicidae,Megalomyrmex,Megalomyrmex nocarina
Formicidae,Megalomyrmex,Megalomyrmex osadrifti
Formicidae,Megalomyrmex,Megalomyrmex pacova
Formicidae,Megalomyrmex,Megalomyrmex peetersi
Formicidae,Megalomyrmex,Megalomyrmex piriana
Formicidae,Megalomyrmex,Megalomyrmex poatan
Formicidae,Megalomyrmex,Megalomyrmex pusillus
Formicidae,Megalomyrmex,Megalomyrmex reina
Formicidae,Megalomyrmex,Megalomyrmex silvestrii
Formicidae,Megalomyrmex,Megalomyrmex staudingeri
Formicidae,Megalomyrmex,Megalomyrmex symmetochus
Formicidae,Megalomyrmex,Megalomyrmex tasyba
Formicidae,Megalomyrmex,Megalomyrmex timbira
Formicidae,Megalomyrmex,Megalomyrmex wallacei
Formicidae,Megalomyrmex,Megalomyrmex wettereri
Formicidae,Megalomyrmex,Megalomyrmex weyrauchi
Formicidae,Megaponera,Megaponera analis
Formicidae,Melissotarsus,Melissotarsus beccarii
Formicidae,Melissotarsus,Melissotarsus emeryi
Formicidae,Melissotarsus,Melissotarsus insularis
Formicidae,Melissotarsus,Melissotarsus weissi
Formicidae,Melophorus,Melophorus aeneovirens
Formicidae,Melophorus,Melophorus anderseni
Formicidae,Melophorus,Melophorus andersenioides
Formicidae,Melophorus,Melophorus ankylochaetes
Formicidae,Melophorus,Melophorus argus
Formicidae,Melophorus,Melophorus attenuipes
Formicidae,Melophorus,Melophorus bagoti
Formicidae,Melophorus,Melophorus barbellulatus
Formicidae,Melophorus,Melophorus biroi
Formicidae,Melophorus,Melophorus brevignathus
Formicidae,Melophorus,Melophorus brevipalpus
Formicidae,Melophorus,Melophorus bruneus
Formicidae,Melophorus,Melophorus caeruleoviolaceus
Formicidae,Melophorus,Melophorus canus
Formicidae,Melophorus,Melophorus castaneus
Formicidae,Melophorus,Melophorus cerasinoniger
Formicidae,Melophorus,Melophorus chauliodon
Formicidae,Melophorus,Melophorus chrysus
Formicidae,Melophorus,Melophorus clypeatus
Formicidae,Melophorus,Melophorus compactus
Formicidae,Melophorus,Melophorus cuneatus
Formicidae,Melophorus,Melophorus curtus
Formicidae,Melophorus,Melophorus dicyrtos
Formicidae,Melophorus,Melophorus diversus
Formicidae,Melophorus,Melophorus eumorphus
Formicidae,Melophorus,Melophorus fieldi
Formicidae,Melophorus,Melophorus fulgidus
Formicidae,Melophorus,Melophorus fulvidus
Formicidae,Melophorus,Melophorus fulvihirtus
Formicidae,Melophorus,Melophorus gibbosus
Formicidae,Melophorus,Melophorus gilliatensis
Formicidae,Melophorus,Melophorus graciliceps
Formicidae,Melophorus,Melophorus gracilipes
Formicidae,Melophorus,Melophorus gracilis
Formicidae,Melophorus,Melophorus griseus
Formicidae,Melophorus,Melophorus hexidens
Formicidae,Melophorus,Melophorus hirsutipes
Formicidae,Melophorus,Melophorus hirsutus
Formicidae,Melophorus,Melophorus incisus
Formicidae,Melophorus,Melophorus inconspicuus
Formicidae,Melophorus,Melophorus isaiah
Formicidae,Melophorus,Melophorus kuklos
Formicidae,Melophorus,Melophorus lanuginosus
Formicidae,Melophorus,Melophorus laticeps
Formicidae,Melophorus,Melophorus latinotus
Formicidae,Melophorus,Melophorus lissotriches
Formicidae,Melophorus,Melophorus longiceps
Formicidae,Melophorus,Melophorus longipes
Formicidae,Melophorus,Melophorus ludius
Formicidae,Melophorus,Melophorus macrops
Formicidae,Melophorus,Melophorus macroschismus
Formicidae,Melophorus,Melophorus majeri
Formicidae,Melophorus,Melophorus major
Formicidae,Melophorus,Melophorus marius
Formicidae,Melophorus,Melophorus marmar
Formicidae,Melophorus,Melophorus microreticulatus
Formicidae,Melophorus,Melophorus microtriches
Formicidae,Melophorus,Melophorus minimus
Formicidae,Melophorus,Melophorus mjobergi
Formicidae,Melophorus,Melophorus mullewaensis
Formicidae,Melophorus,Melophorus nemophilus
Formicidae,Melophorus,Melophorus oblongiceps
Formicidae,Melophorus,Melophorus orthonotus
Formicidae,Melophorus,Melophorus paramorphomenus
Formicidae,Melophorus,Melophorus parvimolaris
Formicidae,Melophorus,Melophorus pelecygnathus
Formicidae,Melophorus,Melophorus pelorocephalus
Formicidae,Melophorus,Melophorus perthensis
Formicidae,Melophorus,Melophorus platyceps
Formicidae,Melophorus,Melophorus postlei
Formicidae,Melophorus,Melophorus potteri
Formicidae,Melophorus,Melophorus praesens
Formicidae,Melophorus,Melophorus prominens
Formicidae,Melophorus,Melophorus propebiroi
Formicidae,Melophorus,Melophorus purpureus
Formicidae,Melophorus,Melophorus pusillus
Formicidae,Melophorus,Melophorus quadratus
Formicidae,Melophorus,Melophorus rufoniger
Formicidae,Melophorus,Melophorus sericothrix
Formicidae,Melophorus,Melophorus setosus
Formicidae,Melophorus,Melophorus solitudinis
Formicidae,Melophorus,Melophorus subulipalpus
Formicidae,Melophorus,Melophorus sulconotus
Formicidae,Melophorus,Melophorus sulla
Formicidae,Melophorus,Melophorus tenuis
Formicidae,Melophorus,Melophorus teretinotus
Formicidae,Melophorus,Melophorus translucens
Formicidae,Melophorus,Melophorus turbineus
Formicidae,Melophorus,Melophorus turneri
Formicidae,Melophorus,Melophorus vitreus
Formicidae,Melophorus,Melophorus wheeleri
Formicidae,Melophorus,Melophorus xouthos
Formicidae,Meranoplus,Meranoplus ajax
Formicidae,Meranoplus,Meranoplus angustinodis
Formicidae,Meranoplus,Meranoplus arcuatus
Formicidae,Meranoplus,Meranoplus armatus
Formicidae,Meranoplus,Meranoplus astericus
Formicidae,Meranoplus,Meranoplus aureolus
Formicidae,Meranoplus,Meranoplus barretti
Formicidae,Meranoplus,Meranoplus beatoni
Formicidae,Meranoplus,Meranoplus bellii
Formicidae,Meranoplus,Meranoplus berrimah
Formicidae,Meranoplus,Meranoplus bicolor
Formicidae,Meranoplus,Meranoplus biliran
Formicidae,Meranoplus,Meranoplus birmanus
Formicidae,Meranoplus,Meranoplus boltoni
Formicidae,Meranoplus,Meranoplus borneensis
Formicidae,Meranoplus,Meranoplus castaneus
Formicidae,Meranoplus,Meranoplus christinae
Formicidae,Meranoplus,Meranoplus clypeatus
Formicidae,Meranoplus,Meranoplus convexius
Formicidae,Meranoplus,Meranoplus crassispina
Formicidae,Meranoplus,Meranoplus cryptomys
Formicidae,Meranoplus,Meranoplus curvispina
Formicidae,Meranoplus,Meranoplus deserticola
Formicidae,Meranoplus,Meranoplus dichrous
Formicidae,Meranoplus,Meranoplus digitatus
Formicidae,Meranoplus,Meranoplus dimidiatus
Formicidae,Meranoplus,Meranoplus discalis
Formicidae,Meranoplus,Meranoplus diversoides
Formicidae,Meranoplus,Meranoplus diversus
Formicidae,Meranoplus,Meranoplus dlusskyi
Formicidae,Meranoplus,Meranoplus doddi
Formicidae,Meranoplus,Meranoplus duyfkeni
Formicidae,Meranoplus,Meranoplus excavatus
Formicidae,Meranoplus,Meranoplus fenestratus
Formicidae,Meranoplus,Meranoplus ferrugineus
Formicidae,Meranoplus,Meranoplus froggatti
Formicidae,Meranoplus,Meranoplus glaber
Formicidae,Meranoplus,Meranoplus hilli
Formicidae,Meranoplus,Meranoplus hirsutus
Formicidae,Meranoplus,Meranoplus hoplites
Formicidae,Meranoplus,Meranoplus hospes
Formicidae,Meranoplus,Meranoplus inermis
Formicidae,Meranoplus,Meranoplus laeviventris
Formicidae,Meranoplus,Meranoplus leveillei
Formicidae,Meranoplus,Meranoplus levis
Formicidae,Meranoplus,Meranoplus linae
Formicidae,Meranoplus,Meranoplus loebli
Formicidae,Meranoplus,Meranoplus magrettii
Formicidae,Meranoplus,Meranoplus malaysianus
Formicidae,Meranoplus,Meranoplus mars
Formicidae,Meranoplus,Meranoplus mayri
Formicidae,Meranoplus,Meranoplus mcarthuri
Formicidae,Meranoplus,Meranoplus minimus
Formicidae,Meranoplus,Meranoplus minor
Formicidae,Meranoplus,Meranoplus mjobergi
Formicidae,Meranoplus,Meranoplus montanus
Formicidae,Meranoplus,Meranoplus mosalahi
Formicidae,Meranoplus,Meranoplus mucronatus
Formicidae,Meranoplus,Meranoplus naitsabes
Formicidae,Meranoplus,Meranoplus nanus
Formicidae,Meranoplus,Meranoplus nepalensis
Formicidae,Meranoplus,Meranoplus niger
Formicidae,Meranoplus,Meranoplus occidentalis
Formicidae,Meranoplus,Meranoplus oceanicus
Formicidae,Meranoplus,Meranoplus orientalis
Formicidae,Meranoplus,Meranoplus oxleyi
Formicidae,Meranoplus,Meranoplus parviumgulatus
Formicidae,Meranoplus,Meranoplus peringueyi
Formicidae,Meranoplus,Meranoplus periyarensis
Formicidae,Meranoplus,Meranoplus pubescens
Formicidae,Meranoplus,Meranoplus pulcher
Formicidae,Meranoplus,Meranoplus puryi
Formicidae,Meranoplus,Meranoplus radamae
Formicidae,Meranoplus,Meranoplus raripilis
Formicidae,Meranoplus,Meranoplus rothneyi
Formicidae,Meranoplus,Meranoplus rugosus
Formicidae,Meranoplus,Meranoplus sabronensis
Formicidae,Meranoplus,Meranoplus schoedli
Formicidae,Meranoplus,Meranoplus siamensis
Formicidae,Meranoplus,Meranoplus similis
Formicidae,Meranoplus,Meranoplus snellingi
Formicidae,Meranoplus,Meranoplus spininodis
Formicidae,Meranoplus,Meranoplus spinosus
Formicidae,Meranoplus,Meranoplus sthenus
Formicidae,Meranoplus,Meranoplus sylvarius
Formicidae,Meranoplus,Meranoplus tanomtongi
Formicidae,Meranoplus,Meranoplus taurus
Formicidae,Meranoplus,Meranoplus testudineus
Formicidae,Meranoplus,Meranoplus tricuspidatus
Formicidae,Meranoplus,Meranoplus unicolor
Formicidae,Meranoplus,Meranoplus variabilis
Formicidae,Meranoplus,Meranoplus vestigator
Formicidae,Meranoplus,Meranoplus wilsoni
Formicidae,Mesoponera,Mesoponera australis
Formicidae,Mesoponera,Mesoponera javana
Formicidae,Mesoponera,Mesoponera manni
Formicidae,Mesoponera,Mesoponera melanaria
Formicidae,Mesoponera,Mesoponera papuana
Formicidae,Mesoponera,Mesoponera rubra
Formicidae,Mesostruma,Mesostruma bella
Formicidae,Mesostruma,Mesostruma browni
Formicidae,Mesostruma,Mesostruma eccentrica
Formicidae,Mesostruma,Mesostruma exolympica
Formicidae,Mesostruma,Mesostruma inornata
Formicidae,Mesostruma,Mesostruma laevigata
Formicidae,Mesostruma,Mesostruma loweryi
Formicidae,Mesostruma,Mesostruma spinosa
Formicidae,Mesostruma,Mesostruma turneri
Formicidae,Messor,Messor abdelazizi
Formicidae,Messor,Messor aciculatus
Formicidae,Messor,Messor aegyptiacus
Formicidae,Messor,Messor alexandri
Formicidae,Messor,Messor angularis
Formicidae,Messor,Messor antennatus
Formicidae,Messor,Messor aphaenogasteroides
Formicidae,Messor,Messor aralocaspius
Formicidae,Messor,Messor arenarius
Formicidae,Messor,Messor asmaae
Formicidae,Messor,Messor atanassovii
Formicidae,Messor,Messor barbarus
Formicidae,Messor,Messor berbericus
Formicidae,Messor,Messor bernardi
Formicidae,Messor,Messor bouvieri
Formicidae,Messor,Messor boyeri
Formicidae,Messor,Messor brevispinosus
Formicidae,Messor,Messor bucephalus
Formicidae,Messor,Messor buettikeri
Formicidae,Messor,Messor caducus
Formicidae,Messor,Messor capensis
Formicidae,Messor,Messor capitatus
Formicidae,Messor,Messor carpathous
Formicidae,Messor,Messor caviceps
Formicidae,Messor,Messor celiae
Formicidae,Messor,Messor cephalotes
Formicidae,Messor,Messor ceresis
Formicidae,Messor,Messor clivorum
Formicidae,Messor,Messor clypeatus
Formicidae,Messor,Messor collingwoodi
Formicidae,Messor,Messor concolor
Formicidae,Messor,Messor crawleyi
Formicidae,Messor,Messor creticus
Formicidae,Messor,Messor danaes
Formicidae,Messor,Messor decipiens
Formicidae,Messor,Messor dentatus
Formicidae,Messor,Messor denticornis
Formicidae,Messor,Messor desertora
Formicidae,Messor,Messor diabarensis
Formicidae,Messor,Messor ebeninus
Formicidae,Messor,Messor eglalae
Formicidae,Messor,Messor erectus
Formicidae,Messor,Messor erwini
Formicidae,Messor,Messor excursionis
Formicidae,Messor,Messor ferreri
Formicidae,Messor,Messor foreli
Formicidae,Messor,Messor galla
Formicidae,Messor,Messor grandinidus
Formicidae,Messor,Messor hebraeus
Formicidae,Messor,Messor hellenius
Formicidae,Messor,Messor himalayanus
Formicidae,Messor,Messor hismai
Formicidae,Messor,Messor hispanicus
Formicidae,Messor,Messor hodnii
Formicidae,Messor,Messor hoggarensis
Formicidae,Messor,Messor ibericus
Formicidae,Messor,Messor incisus
Formicidae,Messor,Messor incorruptus
Formicidae,Messor,Messor inermis
Formicidae,Messor,Messor instabilis
Formicidae,Messor,Messor intermedius
Formicidae,Messor,Messor isekram
Formicidae,Messor,Messor kardamenae
Formicidae,Messor,Messor kasakorum
Formicidae,Messor,Messor kisilkumensis
Formicidae,Messor,Messor laboriosus
Formicidae,Messor,Messor lamellicornis
Formicidae,Messor,Messor lobicornis
Formicidae,Messor,Messor luebberti
Formicidae,Messor,Messor luridus
Formicidae,Messor,Messor lusitanicus
Formicidae,Messor,Messor maculifrons
Formicidae,Messor,Messor marikovskii
Formicidae,Messor,Messor marocanus
Formicidae,Messor,Messor mcarthuri
Formicidae,Messor,Messor medioruber
Formicidae,Messor,Messor mediosanguineus
Formicidae,Messor,Messor melancholicus
Formicidae,Messor,Messor meridionalis
Formicidae,Messor,Messor minor
Formicidae,Messor,Messor muraywahus
Formicidae,Messor,Messor muscatus
Formicidae,Messor,Messor muticus
Formicidae,Messor,Messor nahali
Formicidae,Messor,Messor niloticus
Formicidae,Messor,Messor nondentatus
Formicidae,Messor,Messor nuvia
Formicidae,Messor,Messor obscurior
Formicidae,Messor,Messor oertzeni
Formicidae,Messor,Messor olegianus
Formicidae,Messor,Messor orientalis
Formicidae,Messor,Messor perantennatus
Formicidae,Messor,Messor piceus
Formicidae,Messor,Messor picturatus
Formicidae,Messor,Messor platyceras
Formicidae,Messor,Messor ponticus
Formicidae,Messor,Messor postpetiolatus
Formicidae,Messor,Messor postquadratus
Formicidae,Messor,Messor punctaticeps
Formicidae,Messor,Messor regalis
Formicidae,Messor,Messor reticuliventris
Formicidae,Messor,Messor rufotestaceus
Formicidae,Messor,Messor rufus
Formicidae,Messor,Messor ruginodis
Formicidae,Messor,Messor rugosus
Formicidae,Messor,Messor sanctus
Formicidae,Messor,Messor sanganus
Formicidae,Messor,Messor santschii
Formicidae,Messor,Messor semirufus
Formicidae,Messor,Messor semoni
Formicidae,Messor,Messor sordidus
Formicidae,Messor,Messor striatellus
Formicidae,Messor,Messor striaticeps
Formicidae,Messor,Messor striatifrons
Formicidae,Messor,Messor striativentris
Formicidae,Messor,Messor striatulus
Formicidae,Messor,Messor structor
Formicidae,Messor,Messor subgracilinodis
Formicidae,Messor,Messor sultanus
Formicidae,Messor,Messor syriacus
Formicidae,Messor,Messor tadzhikorum
Formicidae,Messor,Messor tataricus
Formicidae,Messor,Messor testaceus
Formicidae,Messor,Messor timidus
Formicidae,Messor,Messor tropicorum
Formicidae,Messor,Messor turcmenochorassanicus
Formicidae,Messor,Messor valentinae
Formicidae,Messor,Messor variabilis
Formicidae,Messor,Messor varrialei
Formicidae,Messor,Messor vaucheri
Formicidae,Messor,Messor veneris
Formicidae,Messor,Messor vicinus
Formicidae,Messor,Messor wasmanni
Formicidae,Metalasius,Metalasius myrmidon
Formicidae,Metapone,Metapone africana
Formicidae,Metapone,Metapone bakeri
Formicidae,Metapone,Metapone balinensis
Formicidae,Metapone,Metapone emersoni
Formicidae,Metapone,Metapone enigmatica
Formicidae,Metapone,Metapone gracilis
Formicidae,Metapone,Metapone greeni
Formicidae,Metapone,Metapone hewitti
Formicidae,Metapone,Metapone hoelldobleri
Formicidae,Metapone,Metapone jacobsoni
Formicidae,Metapone,Metapone javana
Formicidae,Metapone,Metapone kanak
Formicidae,Metapone,Metapone krombeini
Formicidae,Metapone,Metapone leae
Formicidae,Metapone,Metapone madagascarica
Formicidae,Metapone,Metapone manni
Formicidae,Metapone,Metapone mathinnae
Formicidae,Metapone,Metapone mjobergi
Formicidae,Metapone,Metapone murphyi
Formicidae,Metapone,Metapone nigrolucidus
Formicidae,Metapone,Metapone nivanuatu
Formicidae,Metapone,Metapone philwardi
Formicidae,Metapone,Metapone quadridentata
Formicidae,Metapone,Metapone salomonis
Formicidae,Metapone,Metapone sauteri
Formicidae,Metapone,Metapone shanyii
Formicidae,Metapone,Metapone tecklini
Formicidae,Metapone,Metapone tillyardi
Formicidae,Metapone,Metapone titan
Formicidae,Metapone,Metapone tricolor
Formicidae,Metapone,Metapone truki
Formicidae,Metapone,Metapone vincimus
Formicidae,Metapone,Metapone wallaceana
Formicidae,Microdaceton,Microdaceton exornatum
Formicidae,Microdaceton,Microdaceton tanyspinosum
Formicidae,Microdaceton,Microdaceton tibialis
Formicidae,Microdaceton,Microdaceton viriosum
Formicidae,Monomorium,Monomorium abeillei
Formicidae,Monomorium,Monomorium acutinode
Formicidae,Monomorium,Monomorium advena
Formicidae,Monomorium,Monomorium aeyade
Formicidae,Monomorium,Monomorium affabile
Formicidae,Monomorium,Monomorium afrum
Formicidae,Monomorium,Monomorium aithoderum
Formicidae,Monomorium,Monomorium alamarum
Formicidae,Monomorium,Monomorium albopilosum
Formicidae,Monomorium,Monomorium algiricum
Formicidae,Monomorium,Monomorium altinode
Formicidae,Monomorium,Monomorium amri
Formicidae,Monomorium,Monomorium anceps
Formicidae,Monomorium,Monomorium anderseni
Formicidae,Monomorium,Monomorium andrei
Formicidae,Monomorium,Monomorium angustinode
Formicidae,Monomorium,Monomorium annamense
Formicidae,Monomorium,Monomorium antipodum
Formicidae,Monomorium,Monomorium arboreum
Formicidae,Monomorium,Monomorium arenarium
Formicidae,Monomorium,Monomorium areniphilum
Formicidae,Monomorium,Monomorium arnoldi
Formicidae,Monomorium,Monomorium asiriense
Formicidae,Monomorium,Monomorium atomum
Formicidae,Monomorium,Monomorium australe
Formicidae,Monomorium,Monomorium balathir
Formicidae,Monomorium,Monomorium banksi
Formicidae,Monomorium,Monomorium barbatulum
Formicidae,Monomorium,Monomorium bequaerti
Formicidae,Monomorium,Monomorium bevisi
Formicidae,Monomorium,Monomorium bicolor
Formicidae,Monomorium,Monomorium bidentata
Formicidae,Monomorium,Monomorium bidentatum
Formicidae,Monomorium,Monomorium bifidoclypeatum
Formicidae,Monomorium,Monomorium bimaculatum
Formicidae,Monomorium,Monomorium biroi
Formicidae,Monomorium,Monomorium boerorum
Formicidae,Monomorium,Monomorium bogischi
Formicidae,Monomorium,Monomorium boltoni
Formicidae,Monomorium,Monomorium borlei
Formicidae,Monomorium,Monomorium brachypterum
Formicidae,Monomorium,Monomorium brasiliense
Formicidae,Monomorium,Monomorium braunsi
Formicidae,Monomorium,Monomorium broschorum
Formicidae,Monomorium,Monomorium brunneolucidulum
Formicidae,Monomorium,Monomorium buettikeri
Formicidae,Monomorium,Monomorium butteli
Formicidae,Monomorium,Monomorium buxtoni
Formicidae,Monomorium,Monomorium capeyork
Formicidae,Monomorium,Monomorium captator
Formicidae,Monomorium,Monomorium carbo
Formicidae,Monomorium,Monomorium carbonarium
Formicidae,Monomorium,Monomorium carinatum
Formicidae,Monomorium,Monomorium castaneum
Formicidae,Monomorium,Monomorium cekalovici
Formicidae,Monomorium,Monomorium chilense
Formicidae,Monomorium,Monomorium chinense
Formicidae,Monomorium,Monomorium chnodes
Formicidae,Monomorium,Monomorium clavicorne
Formicidae,Monomorium,Monomorium compressum
Formicidae,Monomorium,Monomorium concolor
Formicidae,Monomorium,Monomorium crawleyi
Formicidae,Monomorium,Monomorium creticum
Formicidae,Monomorium,Monomorium dakarense
Formicidae,Monomorium,Monomorium damarense
Formicidae,Monomorium,Monomorium dammame
Formicidae,Monomorium,Monomorium delabiei
Formicidae,Monomorium,Monomorium delagoense
Formicidae,Monomorium,Monomorium demisum
Formicidae,Monomorium,Monomorium denticulatum
Formicidae,Monomorium,Monomorium denticulum
Formicidae,Monomorium,Monomorium dictator
Formicidae,Monomorium,Monomorium dine
Formicidae,Monomorium,Monomorium dirie
Formicidae,Monomorium,Monomorium disertum
Formicidae,Monomorium,Monomorium disetigerum
Formicidae,Monomorium,Monomorium disoriente
Formicidae,Monomorium,Monomorium dolatu
Formicidae,Monomorium,Monomorium drapenum
Formicidae,Monomorium,Monomorium draxocum
Formicidae,Monomorium,Monomorium ebangaense
Formicidae,Monomorium,Monomorium ebeninum
Formicidae,Monomorium,Monomorium effractor
Formicidae,Monomorium,Monomorium egens
Formicidae,Monomorium,Monomorium elghazalyi
Formicidae,Monomorium,Monomorium ellenarium
Formicidae,Monomorium,Monomorium elongatum
Formicidae,Monomorium,Monomorium emarginatum
Formicidae,Monomorium,Monomorium eremoides
Formicidae,Monomorium,Monomorium eremophilum
Formicidae,Monomorium,Monomorium eremum
Formicidae,Monomorium,Monomorium ergatogyna
Formicidae,Monomorium,Monomorium esharre
Formicidae,Monomorium,Monomorium excelsior
Formicidae,Monomorium,Monomorium excensurae
Formicidae,Monomorium,Monomorium exiguum
Formicidae,Monomorium,Monomorium fasciatum
Formicidae,Monomorium,Monomorium fastidium
Formicidae,Monomorium,Monomorium fayfaense
Formicidae,Monomorium,Monomorium fieldi
Formicidae,Monomorium,Monomorium firmum
Formicidae,Monomorium,Monomorium flavimembra
Formicidae,Monomorium,Monomorium flavum
Formicidae,Monomorium,Monomorium floricola
Formicidae,Monomorium,Monomorium fridae
Formicidae,Monomorium,Monomorium fugelanum
Formicidae,Monomorium,Monomorium gabrielense
Formicidae,Monomorium,Monomorium gallagheri
Formicidae,Monomorium,Monomorium gallicum
Formicidae,Monomorium,Monomorium geminum
Formicidae,Monomorium,Monomorium grassei
Formicidae,Monomorium,Monomorium guillarmodi
Formicidae,Monomorium,Monomorium guineense
Formicidae,Monomorium,Monomorium hainanense
Formicidae,Monomorium,Monomorium hanaqe
Formicidae,Monomorium,Monomorium hanneli
Formicidae,Monomorium,Monomorium hannonis
Formicidae,Monomorium,Monomorium harithe
Formicidae,Monomorium,Monomorium havilandi
Formicidae,Monomorium,Monomorium heggyi
Formicidae,Monomorium,Monomorium hercules
Formicidae,Monomorium,Monomorium herero
Formicidae,Monomorium,Monomorium hertogi
Formicidae,Monomorium,Monomorium hesperium
Formicidae,Monomorium,Monomorium hirsutum
Formicidae,Monomorium,Monomorium hiten
Formicidae,Monomorium,Monomorium hoffmanni
Formicidae,Monomorium,Monomorium holothir
Formicidae,Monomorium,Monomorium hospitum
Formicidae,Monomorium,Monomorium humilior
Formicidae,Monomorium,Monomorium ilgii
Formicidae,Monomorium,Monomorium impexum
Formicidae,Monomorium,Monomorium indicum
Formicidae,Monomorium,Monomorium inquietum
Formicidae,Monomorium,Monomorium inquilinum
Formicidae,Monomorium,Monomorium intrudens
Formicidae,Monomorium,Monomorium invidium
Formicidae,Monomorium,Monomorium iyenasu
Formicidae,Monomorium,Monomorium jacksoni
Formicidae,Monomorium,Monomorium jizane
Formicidae,Monomorium,Monomorium judaicum
Formicidae,Monomorium,Monomorium junodi
Formicidae,Monomorium,Monomorium katir
Formicidae,Monomorium,Monomorium kelapre
Formicidae,Monomorium,Monomorium khalidi
Formicidae,Monomorium,Monomorium kidman
Formicidae,Monomorium,Monomorium kineti
Formicidae,Monomorium,Monomorium kitectum
Formicidae,Monomorium,Monomorium knappi
Formicidae,Monomorium,Monomorium kugitangi
Formicidae,Monomorium,Monomorium kusnezowi
Formicidae,Monomorium,Monomorium laeve
Formicidae,Monomorium,Monomorium latastei
Formicidae,Monomorium,Monomorium leda
Formicidae,Monomorium,Monomorium lene
Formicidae,Monomorium,Monomorium lepidum
Formicidae,Monomorium,Monomorium libanicum
Formicidae,Monomorium,Monomorium liliuokalanii
Formicidae,Monomorium,Monomorium lindbergi
Formicidae,Monomorium,Monomorium longi
Formicidae,Monomorium,Monomorium lorenzoi
Formicidae,Monomorium,Monomorium lubricum
Formicidae,Monomorium,Monomorium luisae
Formicidae,Monomorium,Monomorium luteum
Formicidae,Monomorium,Monomorium macrops
Formicidae,Monomorium,Monomorium madecassum
Formicidae,Monomorium,Monomorium mahyoubi
Formicidae,Monomorium,Monomorium majarishe
Formicidae,Monomorium,Monomorium malatu
Formicidae,Monomorium,Monomorium manir
Formicidae,Monomorium,Monomorium mantazenum
Formicidae,Monomorium,Monomorium marjoriae
Formicidae,Monomorium,Monomorium marshi
Formicidae,Monomorium,Monomorium maryannae
Formicidae,Monomorium,Monomorium mavide
Formicidae,Monomorium,Monomorium medinae
Formicidae,Monomorium,Monomorium mediocre
Formicidae,Monomorium,Monomorium megalops
Formicidae,Monomorium,Monomorium merepah
Formicidae,Monomorium,Monomorium micrommaton
Formicidae,Monomorium,Monomorium micropacum
Formicidae,Monomorium,Monomorium mictilis
Formicidae,Monomorium,Monomorium micula
Formicidae,Monomorium,Monomorium minor
Formicidae,Monomorium,Monomorium mirandum
Formicidae,Monomorium,Monomorium mitchell
Formicidae,Monomorium,Monomorium moathi
Formicidae,Monomorium,Monomorium mohammedi
Formicidae,Monomorium,Monomorium monomorium
Formicidae,Monomorium,Monomorium musicum
Formicidae,Monomorium,Monomorium nanum
Formicidae,Monomorium,Monomorium nigricans
Formicidae,Monomorium,Monomorium niloticoides
Formicidae,Monomorium,Monomorium niloticum
Formicidae,Monomorium,Monomorium nimihil
Formicidae,Monomorium,Monomorium nirvanum
Formicidae,Monomorium,Monomorium nitidiventre
Formicidae,Monomorium,Monomorium notulum
Formicidae,Monomorium,Monomorium noualhieri
Formicidae,Monomorium,Monomorium noxitum
Formicidae,Monomorium,Monomorium nuptialis
Formicidae,Monomorium,Monomorium occidentale
Formicidae,Monomorium,Monomorium ocellatum
Formicidae,Monomorium,Monomorium oodnadatta
Formicidae,Monomorium,Monomorium opacior
Formicidae,Monomorium,Monomorium opacum
Formicidae,Monomorium,Monomorium ophthalmicum
Formicidae,Monomorium,Monomorium orangiae
Formicidae,Monomorium,Monomorium orientale
Formicidae,Monomorium,Monomorium osiridis
Formicidae,Monomorium,Monomorium pacis
Formicidae,Monomorium,Monomorium pallidipes
Formicidae,Monomorium,Monomorium pallidum
Formicidae,Monomorium,Monomorium parvinode
Formicidae,Monomorium,Monomorium paternum
Formicidae,Monomorium,Monomorium pergandei
Formicidae,Monomorium,Monomorium personatum
Formicidae,Monomorium,Monomorium pharaonis
Formicidae,Monomorium,Monomorium pilbara
Formicidae,Monomorium,Monomorium platynode
Formicidae,Monomorium,Monomorium pulchrum
Formicidae,Monomorium,Monomorium punctipectore
Formicidae,Monomorium,Monomorium rabirium
Formicidae,Monomorium,Monomorium rastractum
Formicidae,Monomorium,Monomorium rhopalocerum
Formicidae,Monomorium,Monomorium rimae
Formicidae,Monomorium,Monomorium riyadhe
Formicidae,Monomorium,Monomorium rosae
Formicidae,Monomorium,Monomorium rothsteini
Formicidae,Monomorium,Monomorium rotundatum
Formicidae,Monomorium,Monomorium rufulum
Formicidae,Monomorium,Monomorium rugifrons
Formicidae,Monomorium,Monomorium ruzskyi
Formicidae,Monomorium,Monomorium sagei
Formicidae,Monomorium,Monomorium sahlbergi
Formicidae,Monomorium,Monomorium sakalavum
Formicidae,Monomorium,Monomorium salomonis
Formicidae,Monomorium,Monomorium santschii
Formicidae,Monomorium,Monomorium sarawatense
Formicidae,Monomorium,Monomorium schultzei
Formicidae,Monomorium,Monomorium schurri
Formicidae,Monomorium,Monomorium senegalense
Formicidae,Monomorium,Monomorium setuliferum
Formicidae,Monomorium,Monomorium shilohense
Formicidae,Monomorium,Monomorium sichelii
Formicidae,Monomorium,Monomorium silaceum
Formicidae,Monomorium,Monomorium silvestrii
Formicidae,Monomorium,Monomorium sommieri
Formicidae,Monomorium,Monomorium sordidum
Formicidae,Monomorium,Monomorium spatulicorne
Formicidae,Monomorium,Monomorium spectrum
Formicidae,Monomorium,Monomorium speculum
Formicidae,Monomorium,Monomorium speluncarum
Formicidae,Monomorium,Monomorium springvalense
Formicidae,Monomorium,Monomorium sryetum
Formicidae,Monomorium,Monomorium stagnum
Formicidae,Monomorium,Monomorium stictonotum
Formicidae,Monomorium,Monomorium strangulatum
Formicidae,Monomorium,Monomorium subapterum
Formicidae,Monomorium,Monomorium subcomae
Formicidae,Monomorium,Monomorium subdentatum
Formicidae,Monomorium,Monomorium subdenticorne
Formicidae,Monomorium,Monomorium subopacum
Formicidae,Monomorium,Monomorium suleyile
Formicidae,Monomorium,Monomorium sutu
Formicidae,Monomorium,Monomorium sydneyense
Formicidae,Monomorium,Monomorium symmotu
Formicidae,Monomorium,Monomorium syriacum
Formicidae,Monomorium,Monomorium tablense
Formicidae,Monomorium,Monomorium taedium
Formicidae,Monomorium,Monomorium talbotae
Formicidae,Monomorium,Monomorium tanysum
Formicidae,Monomorium,Monomorium taprobanae
Formicidae,Monomorium,Monomorium tchelichofi
Formicidae,Monomorium,Monomorium tenebrosum
Formicidae,Monomorium,Monomorium termitarium
Formicidae,Monomorium,Monomorium termitobium
Formicidae,Monomorium,Monomorium topend
Formicidae,Monomorium,Monomorium torrens
Formicidae,Monomorium,Monomorium torvicte
Formicidae,Monomorium,Monomorium trake
Formicidae,Monomorium,Monomorium triviale
Formicidae,Monomorium,Monomorium tumaire
Formicidae,Monomorium,Monomorium tynsorum
Formicidae,Monomorium,Monomorium vaguum
Formicidae,Monomorium,Monomorium vatranum
Formicidae,Monomorium,Monomorium vecte
Formicidae,Monomorium,Monomorium venustum
Formicidae,Monomorium,Monomorium versicolor
Formicidae,Monomorium,Monomorium viator
Formicidae,Monomorium,Monomorium viridum
Formicidae,Monomorium,Monomorium vonatu
Formicidae,Monomorium,Monomorium westi
Formicidae,Monomorium,Monomorium willowmorense
Formicidae,Monomorium,Monomorium wilsoni
Formicidae,Monomorium,Monomorium wroughtoni
Formicidae,Monomorium,Monomorium xanthognathum
Formicidae,Monomorium,Monomorium xuthosoma
Formicidae,Monomorium,Monomorium zhinu
Formicidae,Monomorium,Monomorium zulu
Formicidae,Mycetagroicus,Mycetagroicus cerradensis
Formicidae,Mycetagroicus,Mycetagroicus inflatus
Formicidae,Mycetagroicus,Mycetagroicus triangularis
Formicidae,Mycetagroicus,Mycetagroicus urbanus
Formicidae,Mycetarotes,Mycetarotes acutus
Formicidae,Mycetarotes,Mycetarotes carinatus
Formicidae,Mycetarotes,Mycetarotes parallelus
Formicidae,Mycetarotes,Mycetarotes senticosus
Formicidae,Mycetomoellerius,Mycetomoellerius agudensis
Formicidae,Mycetomoellerius,Mycetomoellerius atlanticus
Formicidae,Mycetomoellerius,Mycetomoellerius cirratus
Formicidae,Mycetomoellerius,Mycetomoellerius compactus
Formicidae,Mycetomoellerius,Mycetomoellerius dichrous
Formicidae,Mycetomoellerius,Mycetomoellerius echinus
Formicidae,Mycetomoellerius,Mycetomoellerius farinosus
Formicidae,Mycetomoellerius,Mycetomoellerius fiebrigi
Formicidae,Mycetomoellerius,Mycetomoellerius gaigei
Formicidae,Mycetomoellerius,Mycetomoellerius guianensis
Formicidae,Mycetomoellerius,Mycetomoellerius haytianus
Formicidae,Mycetomoellerius,Mycetomoellerius holmgreni
Formicidae,Mycetomoellerius,Mycetomoellerius iheringi
Formicidae,Mycetomoellerius,Mycetomoellerius isthmicus
Formicidae,Mycetomoellerius,Mycetomoellerius ixyodus
Formicidae,Mycetomoellerius,Mycetomoellerius jamaicensis
Formicidae,Mycetomoellerius,Mycetomoellerius janildae
Formicidae,Mycetomoellerius,Mycetomoellerius kempfi
Formicidae,Mycetomoellerius,Mycetomoellerius mesopleuralis
Formicidae,Mycetomoellerius,Mycetomoellerius mikromelanos
Formicidae,Mycetomoellerius,Mycetomoellerius oetkeri
Formicidae,Mycetomoellerius,Mycetomoellerius opulentus
Formicidae,Mycetomoellerius,Mycetomoellerius papulatus
Formicidae,Mycetomoellerius,Mycetomoellerius pruinosus
Formicidae,Mycetomoellerius,Mycetomoellerius relictus
Formicidae,Mycetomoellerius,Mycetomoellerius ruthae
Formicidae,Mycetomoellerius,Mycetomoellerius squamulifer
Formicidae,Mycetomoellerius,Mycetomoellerius tucumanus
Formicidae,Mycetomoellerius,Mycetomoellerius turrifex
Formicidae,Mycetomoellerius,Mycetomoellerius urichii
Formicidae,Mycetomoellerius,Mycetomoellerius verrucosus
Formicidae,Mycetomoellerius,Mycetomoellerius zeteki
Formicidae,Mycetophylax,Mycetophylax andersoni
Formicidae,Mycetophylax,Mycetophylax asper
Formicidae,Mycetophylax,Mycetophylax auritus
Formicidae,Mycetophylax,Mycetophylax bigibbosus
Formicidae,Mycetophylax,Mycetophylax bruchi
Formicidae,Mycetophylax,Mycetophylax clorindae
Formicidae,Mycetophylax,Mycetophylax conformis
Formicidae,Mycetophylax,Mycetophylax daguerrei
Formicidae,Mycetophylax,Mycetophylax faunulus
Formicidae,Mycetophylax,Mycetophylax lectus
Formicidae,Mycetophylax,Mycetophylax lilloanus
Formicidae,Mycetophylax,Mycetophylax morschi
Formicidae,Mycetophylax,Mycetophylax nemei
Formicidae,Mycetophylax,Mycetophylax occultus
Formicidae,Mycetophylax,Mycetophylax olitor
Formicidae,Mycetophylax,Mycetophylax paniscus
Formicidae,Mycetophylax,Mycetophylax plaumanni
Formicidae,Mycetophylax,Mycetophylax simplex
Formicidae,Mycetophylax,Mycetophylax snellingi
Formicidae,Mycetophylax,Mycetophylax strigatus
Formicidae,Mycetophylax,Mycetophylax vallensis
Formicidae,Mycetosoritis,Mycetosoritis hartmanni
Formicidae,Mycetosoritis,Mycetosoritis vinsoni
Formicidae,Mycocepurus,Mycocepurus castrator
Formicidae,Mycocepurus,Mycocepurus curvispinosus
Formicidae,Mycocepurus,Mycocepurus goeldii
Formicidae,Mycocepurus,Mycocepurus obsoletus
Formicidae,Mycocepurus,Mycocepurus smithii
Formicidae,Mycocepurus,Mycocepurus tardus
Formicidae,Myopias,Myopias amblyops
Formicidae,Myopias,Myopias bidens
Formicidae,Myopias,Myopias breviloba
Formicidae,Myopias,Myopias castaneicola
Formicidae,Myopias,Myopias chapmani
Formicidae,Myopias,Myopias concava
Formicidae,Myopias,Myopias conicara
Formicidae,Myopias,Myopias crawleyi
Formicidae,Myopias,Myopias cribriceps
Formicidae,Myopias,Myopias daia
Formicidae,Myopias,Myopias darioi
Formicidae,Myopias,Myopias delta
Formicidae,Myopias,Myopias densesticta
Formicidae,Myopias,Myopias emeryi
Formicidae,Myopias,Myopias etsukoae
Formicidae,Myopias,Myopias gigas
Formicidae,Myopias,Myopias hania
Formicidae,Myopias,Myopias hollandi
Formicidae,Myopias,Myopias julivora
Formicidae,Myopias,Myopias kuehni
Formicidae,Myopias,Myopias latinoda
Formicidae,Myopias,Myopias levigata
Formicidae,Myopias,Myopias lobosa
Formicidae,Myopias,Myopias loriai
Formicidae,Myopias,Myopias luoba
Formicidae,Myopias,Myopias maligna
Formicidae,Myopias,Myopias mandibularis
Formicidae,Myopias,Myopias mayri
Formicidae,Myopias,Myopias media
Formicidae,Myopias,Myopias menba
Formicidae,Myopias,Myopias minima
Formicidae,Myopias,Myopias modiglianii
Formicidae,Myopias,Myopias nops
Formicidae,Myopias,Myopias papua
Formicidae,Myopias,Myopias paratenuis
Formicidae,Myopias,Myopias philippinensis
Formicidae,Myopias,Myopias ruthae
Formicidae,Myopias,Myopias sakaeratensis
Formicidae,Myopias,Myopias santschii
Formicidae,Myopias,Myopias shivalikensis
Formicidae,Myopias,Myopias sonthichaiae
Formicidae,Myopias,Myopias striaticeps
Formicidae,Myopias,Myopias suwannaphaki
Formicidae,Myopias,Myopias tasmaniensis
Formicidae,Myopias,Myopias tenuis
Formicidae,Myopias,Myopias trumani
Formicidae,Myopias,Myopias xiphias
Formicidae,Myopopone,Myopopone castanea
Formicidae,Myrcidris,Myrcidris epicharis
Formicidae,Myrmecia,Myrmecia aberrans
Formicidae,Myrmecia,Myrmecia acuta
Formicidae,Myrmecia,Myrmecia analis
Formicidae,Myrmecia,Myrmecia apicalis
Formicidae,Myrmecia,Myrmecia arnoldi
Formicidae,Myrmecia,Myrmecia athertonensis
Formicidae,Myrmecia,Myrmecia auriventris
Formicidae,Myrmecia,Myrmecia banksi
Formicidae,Myrmecia,Myrmecia borealis
Formicidae,Myrmecia,Myrmecia brevinoda
Formicidae,Myrmecia,Myrmecia browningi
Formicidae,Myrmecia,Myrmecia callima
Formicidae,Myrmecia,Myrmecia cephalotes
Formicidae,Myrmecia,Myrmecia chasei
Formicidae,Myrmecia,Myrmecia chrysogaster
Formicidae,Myrmecia,Myrmecia clarki
Formicidae,Myrmecia,Myrmecia comata
Formicidae,Myrmecia,Myrmecia croslandi
Formicidae,Myrmecia,Myrmecia cydista
Formicidae,Myrmecia,Myrmecia desertorum
Formicidae,Myrmecia,Myrmecia dichospila
Formicidae,Myrmecia,Myrmecia dimidiata
Formicidae,Myrmecia,Myrmecia dispar
Formicidae,Myrmecia,Myrmecia elegans
Formicidae,Myrmecia,Myrmecia erecta
Formicidae,Myrmecia,Myrmecia esuriens
Formicidae,Myrmecia,Myrmecia eungellensis
Formicidae,Myrmecia,Myrmecia exigua
Formicidae,Myrmecia,Myrmecia fabricii
Formicidae,Myrmecia,Myrmecia ferruginea
Formicidae,Myrmecia,Myrmecia flammicollis
Formicidae,Myrmecia,Myrmecia flavicoma
Formicidae,Myrmecia,Myrmecia forceps
Formicidae,Myrmecia,Myrmecia forficata
Formicidae,Myrmecia,Myrmecia formosa
Formicidae,Myrmecia,Myrmecia froggatti
Formicidae,Myrmecia,Myrmecia fucosa
Formicidae,Myrmecia,Myrmecia fulgida
Formicidae,Myrmecia,Myrmecia fulviculis
Formicidae,Myrmecia,Myrmecia fulvipes
Formicidae,Myrmecia,Myrmecia fuscipes
Formicidae,Myrmecia,Myrmecia gilberti
Formicidae,Myrmecia,Myrmecia gratiosa
Formicidae,Myrmecia,Myrmecia gulosa
Formicidae,Myrmecia,Myrmecia harderi
Formicidae,Myrmecia,Myrmecia haskinsorum
Formicidae,Myrmecia,Myrmecia hilli
Formicidae,Myrmecia,Myrmecia hirsuta
Formicidae,Myrmecia,Myrmecia imaii
Formicidae,Myrmecia,Myrmecia impaternata
Formicidae,Myrmecia,Myrmecia infima
Formicidae,Myrmecia,Myrmecia inquilina
Formicidae,Myrmecia,Myrmecia loweryi
Formicidae,Myrmecia,Myrmecia ludlowi
Formicidae,Myrmecia,Myrmecia luteiforceps
Formicidae,Myrmecia,Myrmecia mandibularis
Formicidae,Myrmecia,Myrmecia maura
Formicidae,Myrmecia,Myrmecia michaelseni
Formicidae,Myrmecia,Myrmecia midas
Formicidae,Myrmecia,Myrmecia minuscula
Formicidae,Myrmecia,Myrmecia mjobergi
Formicidae,Myrmecia,Myrmecia nigra
Formicidae,Myrmecia,Myrmecia nigriceps
Formicidae,Myrmecia,Myrmecia nigriscapa
Formicidae,Myrmecia,Myrmecia nigrocincta
Formicidae,Myrmecia,Myrmecia nobilis
Formicidae,Myrmecia,Myrmecia occidentalis
Formicidae,Myrmecia,Myrmecia pavida
Formicidae,Myrmecia,Myrmecia petiolata
Formicidae,Myrmecia,Myrmecia picta
Formicidae,Myrmecia,Myrmecia picticeps
Formicidae,Myrmecia,Myrmecia piliventris
Formicidae,Myrmecia,Myrmecia pilosula
Formicidae,Myrmecia,Myrmecia potteri
Formicidae,Myrmecia,Myrmecia pulchra
Formicidae,Myrmecia,Myrmecia pyriformis
Formicidae,Myrmecia,Myrmecia queenslandica
Formicidae,Myrmecia,Myrmecia regularis
Formicidae,Myrmecia,Myrmecia rowlandi
Formicidae,Myrmecia,Myrmecia rubicunda
Formicidae,Myrmecia,Myrmecia rubripes
Formicidae,Myrmecia,Myrmecia rufinodis
Formicidae,Myrmecia,Myrmecia rugosa
Formicidae,Myrmecia,Myrmecia simillima
Formicidae,Myrmecia,Myrmecia subfasciata
Formicidae,Myrmecia,Myrmecia swalei
Formicidae,Myrmecia,Myrmecia tarsata
Formicidae,Myrmecia,Myrmecia tepperi
Formicidae,Myrmecia,Myrmecia testaceipes
Formicidae,Myrmecia,Myrmecia tridentata
Formicidae,Myrmecia,Myrmecia urens
Formicidae,Myrmecia,Myrmecia varians
Formicidae,Myrmecia,Myrmecia vindex
Formicidae,Myrmecina,Myrmecina alpina
Formicidae,Myrmecina,Myrmecina amamiana
Formicidae,Myrmecina,Myrmecina americana
Formicidae,Myrmecina,Myrmecina andalas
Formicidae,Myrmecina,Myrmecina arcuata
Formicidae,Myrmecina,Myrmecina asiatica
Formicidae,Myrmecina,Myrmecina aspera
Formicidae,Myrmecina,Myrmecina asthena
Formicidae,Myrmecina,Myrmecina atlantis
Formicidae,Myrmecina,Myrmecina australis
Formicidae,Myrmecina,Myrmecina bandarensis
Formicidae,Myrmecina,Myrmecina bawai
Formicidae,Myrmecina,Myrmecina boltoni
Formicidae,Myrmecina,Myrmecina breviata
Formicidae,Myrmecina,Myrmecina brevicornis
Formicidae,Myrmecina,Myrmecina butteli
Formicidae,Myrmecina,Myrmecina cacabau
Formicidae,Myrmecina,Myrmecina camellia
Formicidae,Myrmecina,Myrmecina celebensis
Formicidae,Myrmecina,Myrmecina cooperi
Formicidae,Myrmecina,Myrmecina curtisi
Formicidae,Myrmecina,Myrmecina curvispina
Formicidae,Myrmecina,Myrmecina dasynota
Formicidae,Myrmecina,Myrmecina davisoni
Formicidae,Myrmecina,Myrmecina dechai
Formicidae,Myrmecina,Myrmecina difficulta
Formicidae,Myrmecina,Myrmecina dolichothrix
Formicidae,Myrmecina,Myrmecina elegans
Formicidae,Myrmecina,Myrmecina eowilsoni
Formicidae,Myrmecina,Myrmecina eruga
Formicidae,Myrmecina,Myrmecina flava
Formicidae,Myrmecina,Myrmecina gaoligongensis
Formicidae,Myrmecina,Myrmecina glabra
Formicidae,Myrmecina,Myrmecina gopa
Formicidae,Myrmecina,Myrmecina gracilis
Formicidae,Myrmecina,Myrmecina graminicola
Formicidae,Myrmecina,Myrmecina grandis
Formicidae,Myrmecina,Myrmecina guangxiensis
Formicidae,Myrmecina,Myrmecina gymnocephala
Formicidae,Myrmecina,Myrmecina hamula
Formicidae,Myrmecina,Myrmecina harrisoni
Formicidae,Myrmecina,Myrmecina inaequala
Formicidae,Myrmecina,Myrmecina inflata
Formicidae,Myrmecina,Myrmecina insulana
Formicidae,Myrmecina,Myrmecina inthanonensis
Formicidae,Myrmecina,Myrmecina itoi
Formicidae,Myrmecina,Myrmecina kaigong
Formicidae,Myrmecina,Myrmecina lambirensis
Formicidae,Myrmecina,Myrmecina lombokensis
Formicidae,Myrmecina,Myrmecina longiseta
Formicidae,Myrmecina,Myrmecina macrops
Formicidae,Myrmecina,Myrmecina magnificens
Formicidae,Myrmecina,Myrmecina mahuana
Formicidae,Myrmecina,Myrmecina mandibularis
Formicidae,Myrmecina,Myrmecina maryatiae
Formicidae,Myrmecina,Myrmecina melonii
Formicidae,Myrmecina,Myrmecina modesta
Formicidae,Myrmecina,Myrmecina monticola
Formicidae,Myrmecina,Myrmecina muluensis
Formicidae,Myrmecina,Myrmecina narendra
Formicidae,Myrmecina,Myrmecina nesaea
Formicidae,Myrmecina,Myrmecina nigra
Formicidae,Myrmecina,Myrmecina nipponica
Formicidae,Myrmecina,Myrmecina nitidiuscula
Formicidae,Myrmecina,Myrmecina nomurai
Formicidae,Myrmecina,Myrmecina opaciventris
Formicidae,Myrmecina,Myrmecina padangensis
Formicidae,Myrmecina,Myrmecina parallela
Formicidae,Myrmecina,Myrmecina pauca
Formicidae,Myrmecina,Myrmecina pierceae
Formicidae,Myrmecina,Myrmecina pilicornis
Formicidae,Myrmecina,Myrmecina polita
Formicidae,Myrmecina,Myrmecina poringensis
Formicidae,Myrmecina,Myrmecina pumila
Formicidae,Myrmecina,Myrmecina punctata
Formicidae,Myrmecina,Myrmecina raviwonghei
Formicidae,Myrmecina,Myrmecina reticulata
Formicidae,Myrmecina,Myrmecina rugosa
Formicidae,Myrmecina,Myrmecina ryukyuensis
Formicidae,Myrmecina,Myrmecina sabahna
Formicidae,Myrmecina,Myrmecina salmahae
Formicidae,Myrmecina,Myrmecina sauteri
Formicidae,Myrmecina,Myrmecina semipolita
Formicidae,Myrmecina,Myrmecina sicula
Formicidae,Myrmecina,Myrmecina silvalaeva
Formicidae,Myrmecina,Myrmecina silvampla
Formicidae,Myrmecina,Myrmecina silvangula
Formicidae,Myrmecina,Myrmecina silvarugosa
Formicidae,Myrmecina,Myrmecina silvatransversa
Formicidae,Myrmecina,Myrmecina sinensis
Formicidae,Myrmecina,Myrmecina spinosa
Formicidae,Myrmecina,Myrmecina striata
Formicidae,Myrmecina,Myrmecina strigis
Formicidae,Myrmecina,Myrmecina sulawesiana
Formicidae,Myrmecina,Myrmecina sulcata
Formicidae,Myrmecina,Myrmecina sundanica
Formicidae,Myrmecina,Myrmecina taiwana
Formicidae,Myrmecina,Myrmecina transversa
Formicidae,Myrmecina,Myrmecina tridentata
Formicidae,Myrmecina,Myrmecina undulata
Formicidae,Myrmecina,Myrmecina urbanii
Formicidae,Myrmecina,Myrmecina vidyae
Formicidae,Myrmecina,Myrmecina vieti
Formicidae,Myrmecina,Myrmecina wesselensis
Formicidae,Myrmecina,Myrmecina yamanei
Formicidae,Myrmecocystus,Myrmecocystus arenarius
Formicidae,Myrmecocystus,Myrmecocystus baja
Formicidae,Myrmecocystus,Myrmecocystus christineae
Formicidae,Myrmecocystus,Myrmecocystus colei
Formicidae,Myrmecocystus,Myrmecocystus creightoni
Formicidae,Myrmecocystus,Myrmecocystus depilis
Formicidae,Myrmecocystus,Myrmecocystus ewarti
Formicidae,Myrmecocystus,Myrmecocystus flaviceps
Formicidae,Myrmecocystus,Myrmecocystus hammettensis
Formicidae,Myrmecocystus,Myrmecocystus intonsus
Formicidae,Myrmecocystus,Myrmecocystus kathjuli
Formicidae,Myrmecocystus,Myrmecocystus kennedyi
Formicidae,Myrmecocystus,Myrmecocystus koso
Formicidae,Myrmecocystus,Myrmecocystus lugubris
Formicidae,Myrmecocystus,Myrmecocystus melanoticus
Formicidae,Myrmecocystus,Myrmecocystus melliger
Formicidae,Myrmecocystus,Myrmecocystus melligera
Formicidae,Myrmecocystus,Myrmecocystus mendax
Formicidae,Myrmecocystus,Myrmecocystus mexicanus
Formicidae,Myrmecocystus,Myrmecocystus mimicus
Formicidae,Myrmecocystus,Myrmecocystus navajo
Formicidae,Myrmecocystus,Myrmecocystus nequazcatl
Formicidae,Myrmecocystus,Myrmecocystus perimeces
Formicidae,Myrmecocystus,Myrmecocystus placodops
Formicidae,Myrmecocystus,Myrmecocystus pyramicus
Formicidae,Myrmecocystus,Myrmecocystus romainei
Formicidae,Myrmecocystus,Myrmecocystus semirufus
Formicidae,Myrmecocystus,Myrmecocystus tenuinodis
Formicidae,Myrmecocystus,Myrmecocystus testaceus
Formicidae,Myrmecocystus,Myrmecocystus wheeleri
Formicidae,Myrmecocystus,Myrmecocystus yuma
Formicidae,Myrmecorhynchus,Myrmecorhynchus carteri
Formicidae,Myrmecorhynchus,Myrmecorhynchus emeryi
Formicidae,Myrmecorhynchus,Myrmecorhynchus nitidus
Formicidae,Myrmelachista,Myrmelachista ambigua
Formicidae,Myrmelachista,Myrmelachista amicta
Formicidae,Myrmelachista,Myrmelachista arborea
Formicidae,Myrmelachista,Myrmelachista arthuri
Formicidae,Myrmelachista,Myrmelachista bambusarum
Formicidae,Myrmelachista,Myrmelachista bettinae
Formicidae,Myrmelachista,Myrmelachista brevicornis
Formicidae,Myrmelachista,Myrmelachista bruchi
Formicidae,Myrmelachista,Myrmelachista catharinae
Formicidae,Myrmelachista,Myrmelachista chilensis
Formicidae,Myrmelachista,Myrmelachista cooperi
Formicidae,Myrmelachista,Myrmelachista dalmasi
Formicidae,Myrmelachista,Myrmelachista donisthorpei
Formicidae,Myrmelachista,Myrmelachista elata
Formicidae,Myrmelachista,Myrmelachista elongata
Formicidae,Myrmelachista,Myrmelachista flavida
Formicidae,Myrmelachista,Myrmelachista flavocotea
Formicidae,Myrmelachista,Myrmelachista flavoguarea
Formicidae,Myrmelachista,Myrmelachista gagates
Formicidae,Myrmelachista,Myrmelachista gagatina
Formicidae,Myrmelachista,Myrmelachista gallicola
Formicidae,Myrmelachista,Myrmelachista goeldii
Formicidae,Myrmelachista,Myrmelachista goetschi
Formicidae,Myrmelachista,Myrmelachista guyanensis
Formicidae,Myrmelachista,Myrmelachista haberi
Formicidae,Myrmelachista,Myrmelachista hoffmanni
Formicidae,Myrmelachista,Myrmelachista joycei
Formicidae,Myrmelachista,Myrmelachista kloetersi
Formicidae,Myrmelachista,Myrmelachista kraatzii
Formicidae,Myrmelachista,Myrmelachista lauroatlantica
Formicidae,Myrmelachista,Myrmelachista lauropacifica
Formicidae,Myrmelachista,Myrmelachista longiceps
Formicidae,Myrmelachista,Myrmelachista longinoda
Formicidae,Myrmelachista,Myrmelachista mayri
Formicidae,Myrmelachista,Myrmelachista meganaranja
Formicidae,Myrmelachista,Myrmelachista mexicana
Formicidae,Myrmelachista,Myrmelachista muelleri
Formicidae,Myrmelachista,Myrmelachista nigella
Formicidae,Myrmelachista,Myrmelachista nigrocotea
Formicidae,Myrmelachista,Myrmelachista nodigera
Formicidae,Myrmelachista,Myrmelachista osa
Formicidae,Myrmelachista,Myrmelachista paderewskii
Formicidae,Myrmelachista,Myrmelachista plebecula
Formicidae,Myrmelachista,Myrmelachista ramulorum
Formicidae,Myrmelachista,Myrmelachista reclusi
Formicidae,Myrmelachista,Myrmelachista reichenspergeri
Formicidae,Myrmelachista,Myrmelachista reticulata
Formicidae,Myrmelachista,Myrmelachista rogeri
Formicidae,Myrmelachista,Myrmelachista rudolphi
Formicidae,Myrmelachista,Myrmelachista ruzskyi
Formicidae,Myrmelachista,Myrmelachista schachovskoi
Formicidae,Myrmelachista,Myrmelachista schumanni
Formicidae,Myrmelachista,Myrmelachista skwarrae
Formicidae,Myrmelachista,Myrmelachista ulei
Formicidae,Myrmelachista,Myrmelachista vicina
Formicidae,Myrmelachista,Myrmelachista zeledoni
Formicidae,Myrmica,Myrmica ademonia
Formicidae,Myrmica,Myrmica adrijae
Formicidae,Myrmica,Myrmica afghanica
Formicidae,Myrmica,Myrmica aimonissabaudiae
Formicidae,Myrmica,Myrmica alaskensis
Formicidae,Myrmica,Myrmica aloba
Formicidae,Myrmica,Myrmica alperti
Formicidae,Myrmica,Myrmica americana
Formicidae,Myrmica,Myrmica anatolica
Formicidae,Myrmica,Myrmica angulata
Formicidae,Myrmica,Myrmica angulinodis
Formicidae,Myrmica,Myrmica arisana
Formicidae,Myrmica,Myrmica arnoldii
Formicidae,Myrmica,Myrmica assimilis
Formicidae,Myrmica,Myrmica babiensis
Formicidae,Myrmica,Myrmica bactriana
Formicidae,Myrmica,Myrmica bakurianica
Formicidae,Myrmica,Myrmica bergi
Formicidae,Myrmica,Myrmica bessarabicus
Formicidae,Myrmica,Myrmica bibikoffi
Formicidae,Myrmica,Myrmica boltoni
Formicidae,Myrmica,Myrmica brancuccii
Formicidae,Myrmica,Myrmica breviceps
Formicidae,Myrmica,Myrmica brevispinosa
Formicidae,Myrmica,Myrmica cachmiriensis
Formicidae,Myrmica,Myrmica caeca
Formicidae,Myrmica,Myrmica cagnianti
Formicidae,Myrmica,Myrmica caucasicola
Formicidae,Myrmica,Myrmica colax
Formicidae,Myrmica,Myrmica collingwoodi
Formicidae,Myrmica,Myrmica commarginata
Formicidae,Myrmica,Myrmica constricta
Formicidae,Myrmica,Myrmica corrugata
Formicidae,Myrmica,Myrmica crassirugis
Formicidae,Myrmica,Myrmica curiosa
Formicidae,Myrmica,Myrmica cursor
Formicidae,Myrmica,Myrmica curvispinosa
Formicidae,Myrmica,Myrmica curvithorax
Formicidae,Myrmica,Myrmica deplanata
Formicidae,Myrmica,Myrmica detritinodis
Formicidae,Myrmica,Myrmica dimidiata
Formicidae,Myrmica,Myrmica discontinua
Formicidae,Myrmica,Myrmica displicentia
Formicidae,Myrmica,Myrmica divergens
Formicidae,Myrmica,Myrmica diversa
Formicidae,Myrmica,Myrmica dongi
Formicidae,Myrmica,Myrmica draco
Formicidae,Myrmica,Myrmica dshungarica
Formicidae,Myrmica,Myrmica eidmanni
Formicidae,Myrmica,Myrmica elbrusi
Formicidae,Myrmica,Myrmica elmesi
Formicidae,Myrmica,Myrmica emeryi
Formicidae,Myrmica,Myrmica ereptrix
Formicidae,Myrmica,Myrmica excelsa
Formicidae,Myrmica,Myrmica ferganensis
Formicidae,Myrmica,Myrmica forcipata
Formicidae,Myrmica,Myrmica foreliana
Formicidae,Myrmica,Myrmica fortior
Formicidae,Myrmica,Myrmica fracticornis
Formicidae,Myrmica,Myrmica gallienii
Formicidae,Myrmica,Myrmica gebaueri
Formicidae,Myrmica,Myrmica gigantea
Formicidae,Myrmica,Myrmica glacialis
Formicidae,Myrmica,Myrmica granulinodis
Formicidae,Myrmica,Myrmica hamulata
Formicidae,Myrmica,Myrmica hecate
Formicidae,Myrmica,Myrmica hellenica
Formicidae,Myrmica,Myrmica heterorhytida
Formicidae,Myrmica,Myrmica hirsuta
Formicidae,Myrmica,Myrmica hlavaci
Formicidae,Myrmica,Myrmica huaii
Formicidae,Myrmica,Myrmica incompleta
Formicidae,Myrmica,Myrmica indica
Formicidae,Myrmica,Myrmica inermis
Formicidae,Myrmica,Myrmica inezae
Formicidae,Myrmica,Myrmica inflecta
Formicidae,Myrmica,Myrmica inucta
Formicidae,Myrmica,Myrmica jennyae
Formicidae,Myrmica,Myrmica jessensis
Formicidae,Myrmica,Myrmica jucunda
Formicidae,Myrmica,Myrmica juglandeti
Formicidae,Myrmica,Myrmica kabylica
Formicidae,Myrmica,Myrmica kamtschatica
Formicidae,Myrmica,Myrmica karavajevi
Formicidae,Myrmica,Myrmica kasczenkoi
Formicidae,Myrmica,Myrmica khamensis
Formicidae,Myrmica,Myrmica kirghisorum
Formicidae,Myrmica,Myrmica koreana
Formicidae,Myrmica,Myrmica kothiensis
Formicidae,Myrmica,Myrmica kotokui
Formicidae,Myrmica,Myrmica kozakorum
Formicidae,Myrmica,Myrmica kozlovi
Formicidae,Myrmica,Myrmica kryzhanovskii
Formicidae,Myrmica,Myrmica kurokii
Formicidae,Myrmica,Myrmica lampra
Formicidae,Myrmica,Myrmica latifrons
Formicidae,Myrmica,Myrmica latra
Formicidae,Myrmica,Myrmica laurae
Formicidae,Myrmica,Myrmica lemasnei
Formicidae,Myrmica,Myrmica lineolata
Formicidae,Myrmica,Myrmica liui
Formicidae,Myrmica,Myrmica lobicornis
Formicidae,Myrmica,Myrmica lobifrons
Formicidae,Myrmica,Myrmica lobulicornis
Formicidae,Myrmica,Myrmica lonae
Formicidae,Myrmica,Myrmica longisculpta
Formicidae,Myrmica,Myrmica luctuosa
Formicidae,Myrmica,Myrmica luteola
Formicidae,Myrmica,Myrmica margaritae
Formicidae,Myrmica,Myrmica martensi
Formicidae,Myrmica,Myrmica mexicana
Formicidae,Myrmica,Myrmica mifui
Formicidae,Myrmica,Myrmica mirabilis
Formicidae,Myrmica,Myrmica mixta
Formicidae,Myrmica,Myrmica montana
Formicidae,Myrmica,Myrmica monticola
Formicidae,Myrmica,Myrmica multiplex
Formicidae,Myrmica,Myrmica myrmicoxena
Formicidae,Myrmica,Myrmica nearctica
Formicidae,Myrmica,Myrmica nefaria
Formicidae,Myrmica,Myrmica nitida
Formicidae,Myrmica,Myrmica obscura
Formicidae,Myrmica,Myrmica obscurata
Formicidae,Myrmica,Myrmica onoyamai
Formicidae,Myrmica,Myrmica ordinaria
Formicidae,Myrmica,Myrmica orthostyla
Formicidae,Myrmica,Myrmica oui
Formicidae,Myrmica,Myrmica pachei
Formicidae,Myrmica,Myrmica pararitae
Formicidae,Myrmica,Myrmica pelops
Formicidae,Myrmica,Myrmica petita
Formicidae,Myrmica,Myrmica phalacra
Formicidae,Myrmica,Myrmica pilinodis
Formicidae,Myrmica,Myrmica pinetorum
Formicidae,Myrmica,Myrmica pisarskii
Formicidae,Myrmica,Myrmica pleiorhytida
Formicidae,Myrmica,Myrmica poldii
Formicidae,Myrmica,Myrmica polyglypta
Formicidae,Myrmica,Myrmica pseudorugosa
Formicidae,Myrmica,Myrmica pulchella
Formicidae,Myrmica,Myrmica punctinops
Formicidae,Myrmica,Myrmica punctiventris
Formicidae,Myrmica,Myrmica quebecensis
Formicidae,Myrmica,Myrmica radchenkoi
Formicidae,Myrmica,Myrmica ravasinii
Formicidae,Myrmica,Myrmica religiosa
Formicidae,Myrmica,Myrmica rhynchophora
Formicidae,Myrmica,Myrmica rhytida
Formicidae,Myrmica,Myrmica rigatoi
Formicidae,Myrmica,Myrmica ritae
Formicidae,Myrmica,Myrmica rubra
Formicidae,Myrmica,Myrmica ruginodis
Formicidae,Myrmica,Myrmica rugiventris
Formicidae,Myrmica,Myrmica rugosa
Formicidae,Myrmica,Myrmica rugulosa
Formicidae,Myrmica,Myrmica rupestris
Formicidae,Myrmica,Myrmica sabuleti
Formicidae,Myrmica,Myrmica salina
Formicidae,Myrmica,Myrmica saposhnikovi
Formicidae,Myrmica,Myrmica scabrata
Formicidae,Myrmica,Myrmica scabrinodis
Formicidae,Myrmica,Myrmica schencki
Formicidae,Myrmica,Myrmica schoedli
Formicidae,Myrmica,Myrmica schulzi
Formicidae,Myrmica,Myrmica sculptiventris
Formicidae,Myrmica,Myrmica semiparasitica
Formicidae,Myrmica,Myrmica serica
Formicidae,Myrmica,Myrmica siciliana
Formicidae,Myrmica,Myrmica sinensis
Formicidae,Myrmica,Myrmica sinoschencki
Formicidae,Myrmica,Myrmica smythiesii
Formicidae,Myrmica,Myrmica spatulata
Formicidae,Myrmica,Myrmica specioides
Formicidae,Myrmica,Myrmica spinosior
Formicidae,Myrmica,Myrmica stangeana
Formicidae,Myrmica,Myrmica striolagaster
Formicidae,Myrmica,Myrmica sublanuginosa
Formicidae,Myrmica,Myrmica sulcinodis
Formicidae,Myrmica,Myrmica surusumi
Formicidae,Myrmica,Myrmica tahoensis
Formicidae,Myrmica,Myrmica taibaiensis
Formicidae,Myrmica,Myrmica tamarae
Formicidae,Myrmica,Myrmica tenuispina
Formicidae,Myrmica,Myrmica tibetana
Formicidae,Myrmica,Myrmica titanica
Formicidae,Myrmica,Myrmica transsibirica
Formicidae,Myrmica,Myrmica trullicornis
Formicidae,Myrmica,Myrmica tschekanovskii
Formicidae,Myrmica,Myrmica tulinae
Formicidae,Myrmica,Myrmica urbanii
Formicidae,Myrmica,Myrmica ussuriensis
Formicidae,Myrmica,Myrmica vandeli
Formicidae,Myrmica,Myrmica varisculpta
Formicidae,Myrmica,Myrmica villosa
Formicidae,Myrmica,Myrmica vittata
Formicidae,Myrmica,Myrmica wangi
Formicidae,Myrmica,Myrmica wardi
Formicidae,Myrmica,Myrmica weberi
Formicidae,Myrmica,Myrmica weii
Formicidae,Myrmica,Myrmica wesmaeli
Formicidae,Myrmica,Myrmica wheeleri
Formicidae,Myrmica,Myrmica wheelerorum
Formicidae,Myrmica,Myrmica williamsi
Formicidae,Myrmica,Myrmica wittmeri
Formicidae,Myrmica,Myrmica xavieri
Formicidae,Myrmica,Myrmica yadori
Formicidae,Myrmica,Myrmica yamanei
Formicidae,Myrmica,Myrmica yani
Formicidae,Myrmica,Myrmica yezomonticola
Formicidae,Myrmica,Myrmica yunnanensis
Formicidae,Myrmica,Myrmica zhengi
Formicidae,Myrmica,Myrmica zojae
Formicidae,Myrmicaria,Myrmicaria adpressipilosa
Formicidae,Myrmicaria,Myrmicaria anomala
Formicidae,Myrmicaria,Myrmicaria aphidicola
Formicidae,Myrmicaria,Myrmicaria arachnoides
Formicidae,Myrmicaria,Myrmicaria arnoldi
Formicidae,Myrmicaria,Myrmicaria basutorum
Formicidae,Myrmicaria,Myrmicaria baumi
Formicidae,Myrmicaria,Myrmicaria birmana
Formicidae,Myrmicaria,Myrmicaria brunnea
Formicidae,Myrmicaria,Myrmicaria buenaventei
Formicidae,Myrmicaria,Myrmicaria carinata
Formicidae,Myrmicaria,Myrmicaria castanea
Formicidae,Myrmicaria,Myrmicaria chapmani
Formicidae,Myrmicaria,Myrmicaria distincta
Formicidae,Myrmicaria,Myrmicaria exigua
Formicidae,Myrmicaria,Myrmicaria faurei
Formicidae,Myrmicaria,Myrmicaria fodiens
Formicidae,Myrmicaria,Myrmicaria foreli
Formicidae,Myrmicaria,Myrmicaria fumata
Formicidae,Myrmicaria,Myrmicaria fusca
Formicidae,Myrmicaria,Myrmicaria irregularis
Formicidae,Myrmicaria,Myrmicaria laevior
Formicidae,Myrmicaria,Myrmicaria luteiventris
Formicidae,Myrmicaria,Myrmicaria melanogaster
Formicidae,Myrmicaria,Myrmicaria morettoi
Formicidae,Myrmicaria,Myrmicaria natalensis
Formicidae,Myrmicaria,Myrmicaria nigra
Formicidae,Myrmicaria,Myrmicaria opaciventris
Formicidae,Myrmicaria,Myrmicaria reichenspergeri
Formicidae,Myrmicaria,Myrmicaria rhodesiae
Formicidae,Myrmicaria,Myrmicaria rugosa
Formicidae,Myrmicaria,Myrmicaria rustica
Formicidae,Myrmicaria,Myrmicaria salambo
Formicidae,Myrmicaria,Myrmicaria striata
Formicidae,Myrmicaria,Myrmicaria striatula
Formicidae,Myrmicaria,Myrmicaria tigreensis
Formicidae,Myrmicaria,Myrmicaria transversa
Formicidae,Myrmicaria,Myrmicaria vidua
Formicidae,Myrmicocrypta,Myrmicocrypta boliviana
Formicidae,Myrmicocrypta,Myrmicocrypta bruchi
Formicidae,Myrmicocrypta,Myrmicocrypta bucki
Formicidae,Myrmicocrypta,Myrmicocrypta buenzlii
Formicidae,Myrmicocrypta,Myrmicocrypta camargoi
Formicidae,Myrmicocrypta,Myrmicocrypta collaris
Formicidae,Myrmicocrypta,Myrmicocrypta dilacerata
Formicidae,Myrmicocrypta,Myrmicocrypta ednaella
Formicidae,Myrmicocrypta,Myrmicocrypta elisabethae
Formicidae,Myrmicocrypta,Myrmicocrypta erectapilosa
Formicidae,Myrmicocrypta,Myrmicocrypta foreli
Formicidae,Myrmicocrypta,Myrmicocrypta godmani
Formicidae,Myrmicocrypta,Myrmicocrypta guianensis
Formicidae,Myrmicocrypta,Myrmicocrypta infuscata
Formicidae,Myrmicocrypta,Myrmicocrypta longinoda
Formicidae,Myrmicocrypta,Myrmicocrypta microphthalma
Formicidae,Myrmicocrypta,Myrmicocrypta occipitalis
Formicidae,Myrmicocrypta,Myrmicocrypta ogloblini
Formicidae,Myrmicocrypta,Myrmicocrypta rudiscapa
Formicidae,Myrmicocrypta,Myrmicocrypta spinosa
Formicidae,Myrmicocrypta,Myrmicocrypta squamosa
Formicidae,Myrmicocrypta,Myrmicocrypta subnitida
Formicidae,Myrmicocrypta,Myrmicocrypta triangulata
Formicidae,Myrmicocrypta,Myrmicocrypta tuberculata
Formicidae,Myrmicocrypta,Myrmicocrypta unidentata
Formicidae,Myrmicocrypta,Myrmicocrypta urichi
Formicidae,Myrmicocrypta,Myrmicocrypta weyrauchi
Formicidae,Myrmoteras,Myrmoteras agostii
Formicidae,Myrmoteras,Myrmoteras arcoelinae
Formicidae,Myrmoteras,Myrmoteras bakeri
Formicidae,Myrmoteras,Myrmoteras barbouri
Formicidae,Myrmoteras,Myrmoteras baslerorum
Formicidae,Myrmoteras,Myrmoteras binghamii
Formicidae,Myrmoteras,Myrmoteras brachygnathum
Formicidae,Myrmoteras,Myrmoteras brigitteae
Formicidae,Myrmoteras,Myrmoteras ceylonicum
Formicidae,Myrmoteras,Myrmoteras chondrogastrum
Formicidae,Myrmoteras,Myrmoteras concolor
Formicidae,Myrmoteras,Myrmoteras cuneonodus
Formicidae,Myrmoteras,Myrmoteras danieli
Formicidae,Myrmoteras,Myrmoteras diastematum
Formicidae,Myrmoteras,Myrmoteras donisthorpei
Formicidae,Myrmoteras,Myrmoteras elfeorum
Formicidae,Myrmoteras,Myrmoteras estrudae
Formicidae,Myrmoteras,Myrmoteras glabrum
Formicidae,Myrmoteras,Myrmoteras indicum
Formicidae,Myrmoteras,Myrmoteras insulcatum
Formicidae,Myrmoteras,Myrmoteras iriodum
Formicidae,Myrmoteras,Myrmoteras ivani
Formicidae,Myrmoteras,Myrmoteras jacquelinae
Formicidae,Myrmoteras,Myrmoteras jaitrongi
Formicidae,Myrmoteras,Myrmoteras karnyi
Formicidae,Myrmoteras,Myrmoteras marianneae
Formicidae,Myrmoteras,Myrmoteras maudeae
Formicidae,Myrmoteras,Myrmoteras mcarthuri
Formicidae,Myrmoteras,Myrmoteras mjoebergi
Formicidae,Myrmoteras,Myrmoteras moffetti
Formicidae,Myrmoteras,Myrmoteras morowali
Formicidae,Myrmoteras,Myrmoteras namphuong
Formicidae,Myrmoteras,Myrmoteras nicoletteae
Formicidae,Myrmoteras,Myrmoteras opalinum
Formicidae,Myrmoteras,Myrmoteras scabrum
Formicidae,Myrmoteras,Myrmoteras susanneae
Formicidae,Myrmoteras,Myrmoteras tomimasai
Formicidae,Myrmoteras,Myrmoteras tonboli
Formicidae,Myrmoteras,Myrmoteras toro
Formicidae,Myrmoteras,Myrmoteras williamsi
Formicidae,Myrmoteras,Myrmoteras wolasi
Formicidae,Myrmoteras,Myrmoteras yamanei
Formicidae,Mystrium,Mystrium barrybressleri
Formicidae,Mystrium,Mystrium camillae
Formicidae,Mystrium,Mystrium eques
Formicidae,Mystrium,Mystrium janovitzi
Formicidae,Mystrium,Mystrium labyrinth
Formicidae,Mystrium,Mystrium leonie
Formicidae,Mystrium,Mystrium maren
Formicidae,Mystrium,Mystrium mirror
Formicidae,Mystrium,Mystrium mysticum
Formicidae,Mystrium,Mystrium oberthueri
Formicidae,Mystrium,Mystrium rogeri
Formicidae,Mystrium,Mystrium shadow
Formicidae,Mystrium,Mystrium silvestrii
Formicidae,Mystrium,Mystrium voeltzkowi
Formicidae,Nebothriomyrmex,Nebothriomyrmex majeri
Formicidae,Neivamyrmex,Neivamyrmex adnepos
Formicidae,Neivamyrmex,Neivamyrmex agilis
Formicidae,Neivamyrmex,Neivamyrmex albacorpus
Formicidae,Neivamyrmex,Neivamyrmex alfaroi
Formicidae,Neivamyrmex,Neivamyrmex andrei
Formicidae,Neivamyrmex,Neivamyrmex angulimandibulatus
Formicidae,Neivamyrmex,Neivamyrmex angustinodis
Formicidae,Neivamyrmex,Neivamyrmex antillanus
Formicidae,Neivamyrmex,Neivamyrmex asper
Formicidae,Neivamyrmex,Neivamyrmex balzani
Formicidae,Neivamyrmex,Neivamyrmex baylori
Formicidae,Neivamyrmex,Neivamyrmex bohlsi
Formicidae,Neivamyrmex,Neivamyrmex bruchi
Formicidae,Neivamyrmex,Neivamyrmex bureni
Formicidae,Neivamyrmex,Neivamyrmex californicus
Formicidae,Neivamyrmex,Neivamyrmex carettei
Formicidae,Neivamyrmex,Neivamyrmex carinifrons
Formicidae,Neivamyrmex,Neivamyrmex carolinensis
Formicidae,Neivamyrmex,Neivamyrmex chamelensis
Formicidae,Neivamyrmex,Neivamyrmex clavifemur
Formicidae,Neivamyrmex,Neivamyrmex cloosae
Formicidae,Neivamyrmex,Neivamyrmex coeca
Formicidae,Neivamyrmex,Neivamyrmex compressinodis
Formicidae,Neivamyrmex,Neivamyrmex cornutus
Formicidae,Neivamyrmex,Neivamyrmex crassiscapus
Formicidae,Neivamyrmex,Neivamyrmex cratensis
Formicidae,Neivamyrmex,Neivamyrmex cristatus
Formicidae,Neivamyrmex,Neivamyrmex curvinotus
Formicidae,Neivamyrmex,Neivamyrmex densepunctatus
Formicidae,Neivamyrmex,Neivamyrmex detectus
Formicidae,Neivamyrmex,Neivamyrmex diabolus
Formicidae,Neivamyrmex,Neivamyrmex diana
Formicidae,Neivamyrmex,Neivamyrmex digitistipus
Formicidae,Neivamyrmex,Neivamyrmex diversinodis
Formicidae,Neivamyrmex,Neivamyrmex dorbignii
Formicidae,Neivamyrmex,Neivamyrmex emersoni
Formicidae,Neivamyrmex,Neivamyrmex emeryi
Formicidae,Neivamyrmex,Neivamyrmex erichsonii
Formicidae,Neivamyrmex,Neivamyrmex falcifer
Formicidae,Neivamyrmex,Neivamyrmex foveolatus
Formicidae,Neivamyrmex,Neivamyrmex fumosus
Formicidae,Neivamyrmex,Neivamyrmex fuscipennis
Formicidae,Neivamyrmex,Neivamyrmex genalis
Formicidae,Neivamyrmex,Neivamyrmex gibbatus
Formicidae,Neivamyrmex,Neivamyrmex goeldii
Formicidae,Neivamyrmex,Neivamyrmex graciellae
Formicidae,Neivamyrmex,Neivamyrmex gracilis
Formicidae,Neivamyrmex,Neivamyrmex gradualis
Formicidae,Neivamyrmex,Neivamyrmex guerinii
Formicidae,Neivamyrmex,Neivamyrmex guyanensis
Formicidae,Neivamyrmex,Neivamyrmex halidaii
Formicidae,Neivamyrmex,Neivamyrmex harrisii
Formicidae,Neivamyrmex,Neivamyrmex hetschkoi
Formicidae,Neivamyrmex,Neivamyrmex hopei
Formicidae,Neivamyrmex,Neivamyrmex humilis
Formicidae,Neivamyrmex,Neivamyrmex iheringi
Formicidae,Neivamyrmex,Neivamyrmex imbellis
Formicidae,Neivamyrmex,Neivamyrmex impudens
Formicidae,Neivamyrmex,Neivamyrmex inca
Formicidae,Neivamyrmex,Neivamyrmex inflatus
Formicidae,Neivamyrmex,Neivamyrmex iridescens
Formicidae,Neivamyrmex,Neivamyrmex jerrmanni
Formicidae,Neivamyrmex,Neivamyrmex kiowapache
Formicidae,Neivamyrmex,Neivamyrmex klugii
Formicidae,Neivamyrmex,Neivamyrmex kuertii
Formicidae,Neivamyrmex,Neivamyrmex laevigatus
Formicidae,Neivamyrmex,Neivamyrmex latiscapus
Formicidae,Neivamyrmex,Neivamyrmex legionis
Formicidae,Neivamyrmex,Neivamyrmex leonardi
Formicidae,Neivamyrmex,Neivamyrmex leptognathus
Formicidae,Neivamyrmex,Neivamyrmex lieselae
Formicidae,Neivamyrmex,Neivamyrmex longiscapus
Formicidae,Neivamyrmex,Neivamyrmex macrodentatus
Formicidae,Neivamyrmex,Neivamyrmex mandibularis
Formicidae,Neivamyrmex,Neivamyrmex manni
Formicidae,Neivamyrmex,Neivamyrmex maroccanus
Formicidae,Neivamyrmex,Neivamyrmex mars
Formicidae,Neivamyrmex,Neivamyrmex maxillosus
Formicidae,Neivamyrmex,Neivamyrmex megathrix
Formicidae,Neivamyrmex,Neivamyrmex melanocephalus
Formicidae,Neivamyrmex,Neivamyrmex melshaemeri
Formicidae,Neivamyrmex,Neivamyrmex micans
Formicidae,Neivamyrmex,Neivamyrmex microps
Formicidae,Neivamyrmex,Neivamyrmex minensis
Formicidae,Neivamyrmex,Neivamyrmex minor
Formicidae,Neivamyrmex,Neivamyrmex modestus
Formicidae,Neivamyrmex,Neivamyrmex mojave
Formicidae,Neivamyrmex,Neivamyrmex moseri
Formicidae,Neivamyrmex,Neivamyrmex ndeh
Formicidae,Neivamyrmex,Neivamyrmex nigrescens
Formicidae,Neivamyrmex,Neivamyrmex nordenskioldii
Formicidae,Neivamyrmex,Neivamyrmex nyensis
Formicidae,Neivamyrmex,Neivamyrmex opacithorax
Formicidae,Neivamyrmex,Neivamyrmex orthonotus
Formicidae,Neivamyrmex,Neivamyrmex pacificus
Formicidae,Neivamyrmex,Neivamyrmex pauxillus
Formicidae,Neivamyrmex,Neivamyrmex perplexus
Formicidae,Neivamyrmex,Neivamyrmex pertii
Formicidae,Neivamyrmex,Neivamyrmex physognathus
Formicidae,Neivamyrmex,Neivamyrmex pilosus
Formicidae,Neivamyrmex,Neivamyrmex piraticus
Formicidae,Neivamyrmex,Neivamyrmex planidens
Formicidae,Neivamyrmex,Neivamyrmex planidorsus
Formicidae,Neivamyrmex,Neivamyrmex postangustatus
Formicidae,Neivamyrmex,Neivamyrmex postcarinatus
Formicidae,Neivamyrmex,Neivamyrmex pseudops
Formicidae,Neivamyrmex,Neivamyrmex puerulus
Formicidae,Neivamyrmex,Neivamyrmex pulchellus
Formicidae,Neivamyrmex,Neivamyrmex pullus
Formicidae,Neivamyrmex,Neivamyrmex punctaticeps
Formicidae,Neivamyrmex,Neivamyrmex quadratoocciputus
Formicidae,Neivamyrmex,Neivamyrmex radoszkowskii
Formicidae,Neivamyrmex,Neivamyrmex raptor
Formicidae,Neivamyrmex,Neivamyrmex romandii
Formicidae,Neivamyrmex,Neivamyrmex rosenbergi
Formicidae,Neivamyrmex,Neivamyrmex rugulosus
Formicidae,Neivamyrmex,Neivamyrmex scutellaris
Formicidae,Neivamyrmex,Neivamyrmex shuckardi
Formicidae,Neivamyrmex,Neivamyrmex spatulatus
Formicidae,Neivamyrmex,Neivamyrmex spoliator
Formicidae,Neivamyrmex,Neivamyrmex sulcatus
Formicidae,Neivamyrmex,Neivamyrmex sumichrasti
Formicidae,Neivamyrmex,Neivamyrmex swainsonii
Formicidae,Neivamyrmex,Neivamyrmex tenuis
Formicidae,Neivamyrmex,Neivamyrmex texanus
Formicidae,Neivamyrmex,Neivamyrmex tristis
Formicidae,Neivamyrmex,Neivamyrmex vicinus
Formicidae,Neivamyrmex,Neivamyrmex walkerii
Formicidae,Neivamyrmex,Neivamyrmex wilsoni
Formicidae,Neocerapachys,Neocerapachys neotropicus
Formicidae,Neocerapachys,Neocerapachys splendens
Formicidae,Neoponera,Neoponera aenescens
Formicidae,Neoponera,Neoponera agilis
Formicidae,Neoponera,Neoponera antecurvata
Formicidae,Neoponera,Neoponera apicalis
Formicidae,Neoponera,Neoponera bactronica
Formicidae,Neoponera,Neoponera billemma
Formicidae,Neoponera,Neoponera bucki
Formicidae,Neoponera,Neoponera bugabensis
Formicidae,Neoponera,Neoponera carbonaria
Formicidae,Neoponera,Neoponera carinulata
Formicidae,Neoponera,Neoponera cavinodis
Formicidae,Neoponera,Neoponera chyzeri
Formicidae,Neoponera,Neoponera commutata
Formicidae,Neoponera,Neoponera concava
Formicidae,Neoponera,Neoponera cooki
Formicidae,Neoponera,Neoponera coveri
Formicidae,Neoponera,Neoponera crenata
Formicidae,Neoponera,Neoponera curvinodis
Formicidae,Neoponera,Neoponera dismarginata
Formicidae,Neoponera,Neoponera donosoi
Formicidae,Neoponera,Neoponera eleonorae
Formicidae,Neoponera,Neoponera emiliae
Formicidae,Neoponera,Neoponera fauveli
Formicidae,Neoponera,Neoponera fiebrigi
Formicidae,Neoponera,Neoponera fisheri
Formicidae,Neoponera,Neoponera foetida
Formicidae,Neoponera,Neoponera fusca
Formicidae,Neoponera,Neoponera globularia
Formicidae,Neoponera,Neoponera goeldii
Formicidae,Neoponera,Neoponera gojira
Formicidae,Neoponera,Neoponera hispida
Formicidae,Neoponera,Neoponera holcotyle
Formicidae,Neoponera,Neoponera insignis
Formicidae,Neoponera,Neoponera inversa
Formicidae,Neoponera,Neoponera laevigata
Formicidae,Neoponera,Neoponera latinoda
Formicidae,Neoponera,Neoponera lineaticeps
Formicidae,Neoponera,Neoponera luteola
Formicidae,Neoponera,Neoponera magnifica
Formicidae,Neoponera,Neoponera marginata
Formicidae,Neoponera,Neoponera mashpi
Formicidae,Neoponera,Neoponera metanotalis
Formicidae,Neoponera,Neoponera moesta
Formicidae,Neoponera,Neoponera oberthueri
Formicidae,Neoponera,Neoponera obscuricornis
Formicidae,Neoponera,Neoponera recava
Formicidae,Neoponera,Neoponera rostrata
Formicidae,Neoponera,Neoponera rugosula
Formicidae,Neoponera,Neoponera schoedli
Formicidae,Neoponera,Neoponera schultzi
Formicidae,Neoponera,Neoponera solisi
Formicidae,Neoponera,Neoponera striatinodis
Formicidae,Neoponera,Neoponera theresiae
Formicidae,Neoponera,Neoponera unidentata
Formicidae,Neoponera,Neoponera venusta
Formicidae,Neoponera,Neoponera verenae
Formicidae,Neoponera,Neoponera villosa
Formicidae,Neoponera,Neoponera zuparkoi
Formicidae,Nesomyrmex,Nesomyrmex anduzei
Formicidae,Nesomyrmex,Nesomyrmex angulatus
Formicidae,Nesomyrmex,Nesomyrmex antoinetteae
Formicidae,Nesomyrmex,Nesomyrmex argentinus
Formicidae,Nesomyrmex,Nesomyrmex asper
Formicidae,Nesomyrmex,Nesomyrmex bidentatus
Formicidae,Nesomyrmex,Nesomyrmex brasiliensis
Formicidae,Nesomyrmex,Nesomyrmex braunsi
Formicidae,Nesomyrmex,Nesomyrmex brevicornis
Formicidae,Nesomyrmex,Nesomyrmex brimodus
Formicidae,Nesomyrmex,Nesomyrmex brunneus
Formicidae,Nesomyrmex,Nesomyrmex capricornis
Formicidae,Nesomyrmex,Nesomyrmex cataulacoides
Formicidae,Nesomyrmex,Nesomyrmex cederbergensis
Formicidae,Nesomyrmex,Nesomyrmex cingulatus
Formicidae,Nesomyrmex,Nesomyrmex clavipilis
Formicidae,Nesomyrmex,Nesomyrmex clypeatus
Formicidae,Nesomyrmex,Nesomyrmex costatus
Formicidae,Nesomyrmex,Nesomyrmex denticulatus
Formicidae,Nesomyrmex,Nesomyrmex devius
Formicidae,Nesomyrmex,Nesomyrmex echinatinodis
Formicidae,Nesomyrmex,Nesomyrmex edentatus
Formicidae,Nesomyrmex,Nesomyrmex entabeni
Formicidae,Nesomyrmex,Nesomyrmex evelynae
Formicidae,Nesomyrmex,Nesomyrmex excelsior
Formicidae,Nesomyrmex,Nesomyrmex exiguus
Formicidae,Nesomyrmex,Nesomyrmex ezantsi
Formicidae,Nesomyrmex,Nesomyrmex flavigaster
Formicidae,Nesomyrmex,Nesomyrmex flavus
Formicidae,Nesomyrmex,Nesomyrmex fragilis
Formicidae,Nesomyrmex,Nesomyrmex gibber
Formicidae,Nesomyrmex,Nesomyrmex gracilis
Formicidae,Nesomyrmex,Nesomyrmex grisoni
Formicidae,Nesomyrmex,Nesomyrmex hafahafa
Formicidae,Nesomyrmex,Nesomyrmex hirtellus
Formicidae,Nesomyrmex,Nesomyrmex humerosus
Formicidae,Nesomyrmex,Nesomyrmex iku
Formicidae,Nesomyrmex,Nesomyrmex inhaca
Formicidae,Nesomyrmex,Nesomyrmex innocens
Formicidae,Nesomyrmex,Nesomyrmex inye
Formicidae,Nesomyrmex,Nesomyrmex itinerans
Formicidae,Nesomyrmex,Nesomyrmex karooensis
Formicidae,Nesomyrmex,Nesomyrmex koebergensis
Formicidae,Nesomyrmex,Nesomyrmex konina
Formicidae,Nesomyrmex,Nesomyrmex larsenae
Formicidae,Nesomyrmex,Nesomyrmex latinodis
Formicidae,Nesomyrmex,Nesomyrmex longiceps
Formicidae,Nesomyrmex,Nesomyrmex madecassus
Formicidae,Nesomyrmex,Nesomyrmex mcgregori
Formicidae,Nesomyrmex,Nesomyrmex medusa
Formicidae,Nesomyrmex,Nesomyrmex micheleae
Formicidae,Nesomyrmex,Nesomyrmex minutus
Formicidae,Nesomyrmex,Nesomyrmex mirassolis
Formicidae,Nesomyrmex,Nesomyrmex modestus
Formicidae,Nesomyrmex,Nesomyrmex nanniae
Formicidae,Nesomyrmex,Nesomyrmex nitidus
Formicidae,Nesomyrmex,Nesomyrmex njengelanga
Formicidae,Nesomyrmex,Nesomyrmex paquisha
Formicidae,Nesomyrmex,Nesomyrmex pittieri
Formicidae,Nesomyrmex,Nesomyrmex pleuriticus
Formicidae,Nesomyrmex,Nesomyrmex pulcher
Formicidae,Nesomyrmex,Nesomyrmex punctaticeps
Formicidae,Nesomyrmex,Nesomyrmex reticulatus
Formicidae,Nesomyrmex,Nesomyrmex retusispinosus
Formicidae,Nesomyrmex,Nesomyrmex ruani
Formicidae,Nesomyrmex,Nesomyrmex rugosus
Formicidae,Nesomyrmex,Nesomyrmex rutilans
Formicidae,Nesomyrmex,Nesomyrmex saasveldensis
Formicidae,Nesomyrmex,Nesomyrmex schwebeli
Formicidae,Nesomyrmex,Nesomyrmex sculptiventris
Formicidae,Nesomyrmex,Nesomyrmex sellaris
Formicidae,Nesomyrmex,Nesomyrmex sikorai
Formicidae,Nesomyrmex,Nesomyrmex simoni
Formicidae,Nesomyrmex,Nesomyrmex spininodis
Formicidae,Nesomyrmex,Nesomyrmex spinosus
Formicidae,Nesomyrmex,Nesomyrmex stramineus
Formicidae,Nesomyrmex,Nesomyrmex striatus
Formicidae,Nesomyrmex,Nesomyrmex tamatavensis
Formicidae,Nesomyrmex,Nesomyrmex tonsuratus
Formicidae,Nesomyrmex,Nesomyrmex tshiguvhoae
Formicidae,Nesomyrmex,Nesomyrmex vannoorti
Formicidae,Nesomyrmex,Nesomyrmex vargasi
Formicidae,Nesomyrmex,Nesomyrmex vicinus
Formicidae,Nesomyrmex,Nesomyrmex wilda
Formicidae,Nesomyrmex,Nesomyrmex xerophilus
Formicidae,Nesomyrmex,Nesomyrmex zaheri
Formicidae,Nomamyrmex,Nomamyrmex esenbeckii
Formicidae,Nomamyrmex,Nomamyrmex hartigii
Formicidae,Nothomyrmecia,Nothomyrmecia macrops
Formicidae,Notoncus,Notoncus capitatus
Formicidae,Notoncus,Notoncus ectatommoides
Formicidae,Notoncus,Notoncus enormis
Formicidae,Notoncus,Notoncus gilberti
Formicidae,Notoncus,Notoncus hickmani
Formicidae,Notoncus,Notoncus spinisquamis
Formicidae,Notostigma,Notostigma carazzii
Formicidae,Notostigma,Notostigma foreli
Formicidae,Novomessor,Novomessor albisetosus
Formicidae,Novomessor,Novomessor cockerelli
Formicidae,Novomessor,Novomessor ensifer
Formicidae,Nylanderia,Nylanderia acuminata
Formicidae,Nylanderia,Nylanderia amblyops
Formicidae,Nylanderia,Nylanderia amia
Formicidae,Nylanderia,Nylanderia anthracina
Formicidae,Nylanderia,Nylanderia arenivaga
Formicidae,Nylanderia,Nylanderia assimilis
Formicidae,Nylanderia,Nylanderia austroccidua
Formicidae,Nylanderia,Nylanderia bibadia
Formicidae,Nylanderia,Nylanderia birmana
Formicidae,Nylanderia,Nylanderia boltoni
Formicidae,Nylanderia,Nylanderia bourbonica
Formicidae,Nylanderia,Nylanderia brasiliensis
Formicidae,Nylanderia,Nylanderia braueri
Formicidae,Nylanderia,Nylanderia breviscapa
Formicidae,Nylanderia,Nylanderia brevisetula
Formicidae,Nylanderia,Nylanderia bruesii
Formicidae,Nylanderia,Nylanderia burgesi
Formicidae,Nylanderia,Nylanderia caeciliae
Formicidae,Nylanderia,Nylanderia caerula
Formicidae,Nylanderia,Nylanderia clandestina
Formicidae,Nylanderia,Nylanderia colchica
Formicidae,Nylanderia,Nylanderia comorensis
Formicidae,Nylanderia,Nylanderia concinna
Formicidae,Nylanderia,Nylanderia consuta
Formicidae,Nylanderia,Nylanderia contraria
Formicidae,Nylanderia,Nylanderia coveri
Formicidae,Nylanderia,Nylanderia deceptrix
Formicidae,Nylanderia,Nylanderia deyrupi
Formicidae,Nylanderia,Nylanderia disatra
Formicidae,Nylanderia,Nylanderia dispar
Formicidae,Nylanderia,Nylanderia docilis
Formicidae,Nylanderia,Nylanderia dodo
Formicidae,Nylanderia,Nylanderia emmae
Formicidae,Nylanderia,Nylanderia esperanza
Formicidae,Nylanderia,Nylanderia faisonensis
Formicidae,Nylanderia,Nylanderia flaviabdominis
Formicidae,Nylanderia,Nylanderia flavipes
Formicidae,Nylanderia,Nylanderia formosae
Formicidae,Nylanderia,Nylanderia fulva
Formicidae,Nylanderia,Nylanderia fuscaspecula
Formicidae,Nylanderia,Nylanderia glabrior
Formicidae,Nylanderia,Nylanderia goeldii
Formicidae,Nylanderia,Nylanderia gracilis
Formicidae,Nylanderia,Nylanderia guanyin
Formicidae,Nylanderia,Nylanderia guatemalensis
Formicidae,Nylanderia,Nylanderia gulinensis
Formicidae,Nylanderia,Nylanderia helleri
Formicidae,Nylanderia,Nylanderia himalayana
Formicidae,Nylanderia,Nylanderia hubrechti
Formicidae,Nylanderia,Nylanderia humbloti
Formicidae,Nylanderia,Nylanderia hystrix
Formicidae,Nylanderia,Nylanderia impolita
Formicidae,Nylanderia,Nylanderia incallida
Formicidae,Nylanderia,Nylanderia indica
Formicidae,Nylanderia,Nylanderia integera
Formicidae,Nylanderia,Nylanderia jaegerskioeldi
Formicidae,Nylanderia,Nylanderia johannae
Formicidae,Nylanderia,Nylanderia kraepelini
Formicidae,Nylanderia,Nylanderia laevigata
Formicidae,Nylanderia,Nylanderia lazulina
Formicidae,Nylanderia,Nylanderia lepida
Formicidae,Nylanderia,Nylanderia lietzi
Formicidae,Nylanderia,Nylanderia lucayana
Formicidae,Nylanderia,Nylanderia luceata
Formicidae,Nylanderia,Nylanderia luteafra
Formicidae,Nylanderia,Nylanderia madagascarensis
Formicidae,Nylanderia,Nylanderia magnella
Formicidae,Nylanderia,Nylanderia manni
Formicidae,Nylanderia,Nylanderia mendax
Formicidae,Nylanderia,Nylanderia mendica
Formicidae,Nylanderia,Nylanderia metacista
Formicidae,Nylanderia,Nylanderia mexicana
Formicidae,Nylanderia,Nylanderia microps
Formicidae,Nylanderia,Nylanderia mixta
Formicidae,Nylanderia,Nylanderia mosaica
Formicidae,Nylanderia,Nylanderia myops
Formicidae,Nylanderia,Nylanderia natalensis
Formicidae,Nylanderia,Nylanderia nodifera
Formicidae,Nylanderia,Nylanderia nubatama
Formicidae,Nylanderia,Nylanderia nuggeti
Formicidae,Nylanderia,Nylanderia obscura
Formicidae,Nylanderia,Nylanderia ogasawarensis
Formicidae,Nylanderia,Nylanderia opisopthalmia
Formicidae,Nylanderia,Nylanderia otome
Formicidae,Nylanderia,Nylanderia parasitica
Formicidae,Nylanderia,Nylanderia parvula
Formicidae,Nylanderia,Nylanderia pearsei
Formicidae,Nylanderia,Nylanderia perminuta
Formicidae,Nylanderia,Nylanderia phantasma
Formicidae,Nylanderia,Nylanderia picta
Formicidae,Nylanderia,Nylanderia pieli
Formicidae,Nylanderia,Nylanderia pini
Formicidae,Nylanderia,Nylanderia polita
Formicidae,Nylanderia,Nylanderia pubens
Formicidae,Nylanderia,Nylanderia querna
Formicidae,Nylanderia,Nylanderia rosae
Formicidae,Nylanderia,Nylanderia ryukyuensis
Formicidae,Nylanderia,Nylanderia scintilla
Formicidae,Nylanderia,Nylanderia semitincta
Formicidae,Nylanderia,Nylanderia sharpii
Formicidae,Nylanderia,Nylanderia sierra
Formicidae,Nylanderia,Nylanderia sikorae
Formicidae,Nylanderia,Nylanderia silvestrii
Formicidae,Nylanderia,Nylanderia silvula
Formicidae,Nylanderia,Nylanderia simpliciuscula
Formicidae,Nylanderia,Nylanderia sindbadi
Formicidae,Nylanderia,Nylanderia smythiesii
Formicidae,Nylanderia,Nylanderia staudingeri
Formicidae,Nylanderia,Nylanderia steeli
Formicidae,Nylanderia,Nylanderia steinheili
Formicidae,Nylanderia,Nylanderia stigmatica
Formicidae,Nylanderia,Nylanderia tasmaniensis
Formicidae,Nylanderia,Nylanderia taylori
Formicidae,Nylanderia,Nylanderia teranishii
Formicidae,Nylanderia,Nylanderia terricola
Formicidae,Nylanderia,Nylanderia tjibodana
Formicidae,Nylanderia,Nylanderia tococae
Formicidae,Nylanderia,Nylanderia trageri
Formicidae,Nylanderia,Nylanderia umbella
Formicidae,Nylanderia,Nylanderia usambarica
Formicidae,Nylanderia,Nylanderia usul
Formicidae,Nylanderia,Nylanderia vaga
Formicidae,Nylanderia,Nylanderia vagabunda
Formicidae,Nylanderia,Nylanderia vitiensis
Formicidae,Nylanderia,Nylanderia vividula
Formicidae,Nylanderia,Nylanderia waelbroecki
Formicidae,Nylanderia,Nylanderia wardi
Formicidae,Nylanderia,Nylanderia wojciki
Formicidae,Nylanderia,Nylanderia xestonota
Formicidae,Nylanderia,Nylanderia yaeyamensis
Formicidae,Nylanderia,Nylanderia yambaru
Formicidae,Nylanderia,Nylanderia yerburyi
Formicidae,Nylanderia,Nylanderia zaminyops
Formicidae,Ochetellus,Ochetellus democles
Formicidae,Ochetellus,Ochetellus epinotalis
Formicidae,Ochetellus,Ochetellus flavipes
Formicidae,Ochetellus,Ochetellus glaber
Formicidae,Ochetellus,Ochetellus punctatissimus
Formicidae,Ochetellus,Ochetellus sororis
Formicidae,Ochetellus,Ochetellus vinsoni
Formicidae,Ochetomyrmex,Ochetomyrmex neopolitus
Formicidae,Ochetomyrmex,Ochetomyrmex semipolitus
Formicidae,Octostruma,Octostruma amrishi
Formicidae,Octostruma,Octostruma ascrobicula
Formicidae,Octostruma,Octostruma ascrobis
Formicidae,Octostruma,Octostruma balzani
Formicidae,Octostruma,Octostruma batesi
Formicidae,Octostruma,Octostruma betschi
Formicidae,Octostruma,Octostruma convallis
Formicidae,Octostruma,Octostruma convallisur
Formicidae,Octostruma,Octostruma cyrtinotum
Formicidae,Octostruma,Octostruma excertirugis
Formicidae,Octostruma,Octostruma gymnogon
Formicidae,Octostruma,Octostruma gymnosoma
Formicidae,Octostruma,Octostruma iheringi
Formicidae,Octostruma,Octostruma impressa
Formicidae,Octostruma,Octostruma inca
Formicidae,Octostruma,Octostruma leptoceps
Formicidae,Octostruma,Octostruma limbifrons
Formicidae,Octostruma,Octostruma lutzi
Formicidae,Octostruma,Octostruma megabalzani
Formicidae,Octostruma,Octostruma montanis
Formicidae,Octostruma,Octostruma obtusidens
Formicidae,Octostruma,Octostruma onorei
Formicidae,Octostruma,Octostruma petiolata
Formicidae,Octostruma,Octostruma pexidorsum
Formicidae,Octostruma,Octostruma planities
Formicidae,Octostruma,Octostruma reducta
Formicidae,Octostruma,Octostruma rugifera
Formicidae,Octostruma,Octostruma rugiferoides
Formicidae,Octostruma,Octostruma schusteri
Formicidae,Octostruma,Octostruma stenognatha
Formicidae,Octostruma,Octostruma stenoscapa
Formicidae,Octostruma,Octostruma triangulabrum
Formicidae,Octostruma,Octostruma triquetrilabrum
Formicidae,Octostruma,Octostruma trithrix
Formicidae,Octostruma,Octostruma wheeleri
Formicidae,Ocymyrmex,Ocymyrmex afradu
Formicidae,Ocymyrmex,Ocymyrmex alacer
Formicidae,Ocymyrmex,Ocymyrmex ankhu
Formicidae,Ocymyrmex,Ocymyrmex barbiger
Formicidae,Ocymyrmex,Ocymyrmex cavatodorsatus
Formicidae,Ocymyrmex,Ocymyrmex celer
Formicidae,Ocymyrmex,Ocymyrmex cursor
Formicidae,Ocymyrmex,Ocymyrmex dekerus
Formicidae,Ocymyrmex,Ocymyrmex engytachys
Formicidae,Ocymyrmex,Ocymyrmex flavescens
Formicidae,Ocymyrmex,Ocymyrmex flaviventris
Formicidae,Ocymyrmex,Ocymyrmex foreli
Formicidae,Ocymyrmex,Ocymyrmex fortior
Formicidae,Ocymyrmex,Ocymyrmex hirsutus
Formicidae,Ocymyrmex,Ocymyrmex ignotus
Formicidae,Ocymyrmex,Ocymyrmex kahas
Formicidae,Ocymyrmex,Ocymyrmex laticeps
Formicidae,Ocymyrmex,Ocymyrmex micans
Formicidae,Ocymyrmex,Ocymyrmex monardi
Formicidae,Ocymyrmex,Ocymyrmex nitidulus
Formicidae,Ocymyrmex,Ocymyrmex okys
Formicidae,Ocymyrmex,Ocymyrmex phraxus
Formicidae,Ocymyrmex,Ocymyrmex picardi
Formicidae,Ocymyrmex,Ocymyrmex resekhes
Formicidae,Ocymyrmex,Ocymyrmex robecchii
Formicidae,Ocymyrmex,Ocymyrmex robustior
Formicidae,Ocymyrmex,Ocymyrmex shushan
Formicidae,Ocymyrmex,Ocymyrmex sobek
Formicidae,Ocymyrmex,Ocymyrmex sphinx
Formicidae,Ocymyrmex,Ocymyrmex tachys
Formicidae,Ocymyrmex,Ocymyrmex turneri
Formicidae,Ocymyrmex,Ocymyrmex velox
Formicidae,Ocymyrmex,Ocymyrmex weitzeckeri
Formicidae,Ocymyrmex,Ocymyrmex zekhem
Formicidae,Odontomachus,Odontomachus aciculatus
Formicidae,Odontomachus,Odontomachus affinis
Formicidae,Odontomachus,Odontomachus alius
Formicidae,Odontomachus,Odontomachus allolabis
Formicidae,Odontomachus,Odontomachus ampipitbaybay
Formicidae,Odontomachus,Odontomachus angulatus
Formicidae,Odontomachus,Odontomachus animosus
Formicidae,Odontomachus,Odontomachus assiniensis
Formicidae,Odontomachus,Odontomachus banksi
Formicidae,Odontomachus,Odontomachus bauri
Formicidae,Odontomachus,Odontomachus biolleyi
Formicidae,Odontomachus,Odontomachus biumbonatus
Formicidae,Odontomachus,Odontomachus bradleyi
Formicidae,Odontomachus,Odontomachus brunneus
Formicidae,Odontomachus,Odontomachus caelatus
Formicidae,Odontomachus,Odontomachus cephalotes
Formicidae,Odontomachus,Odontomachus chelifer
Formicidae,Odontomachus,Odontomachus chicomendesi
Formicidae,Odontomachus,Odontomachus circulus
Formicidae,Odontomachus,Odontomachus clarus
Formicidae,Odontomachus,Odontomachus coquereli
Formicidae,Odontomachus,Odontomachus cornutus
Formicidae,Odontomachus,Odontomachus cupreus
Formicidae,Odontomachus,Odontomachus davidsoni
Formicidae,Odontomachus,Odontomachus desertorum
Formicidae,Odontomachus,Odontomachus dubius
Formicidae,Odontomachus,Odontomachus erythrocephalus
Formicidae,Odontomachus,Odontomachus ferminae
Formicidae,Odontomachus,Odontomachus floresensis
Formicidae,Odontomachus,Odontomachus fulgidus
Formicidae,Odontomachus,Odontomachus goumang
Formicidae,Odontomachus,Odontomachus granatus
Formicidae,Odontomachus,Odontomachus haematodus
Formicidae,Odontomachus,Odontomachus hastatus
Formicidae,Odontomachus,Odontomachus imperator
Formicidae,Odontomachus,Odontomachus infandus
Formicidae,Odontomachus,Odontomachus insularis
Formicidae,Odontomachus,Odontomachus kuroiwae
Formicidae,Odontomachus,Odontomachus laticeps
Formicidae,Odontomachus,Odontomachus latidens
Formicidae,Odontomachus,Odontomachus latissimus
Formicidae,Odontomachus,Odontomachus linearis
Formicidae,Odontomachus,Odontomachus litoralis
Formicidae,Odontomachus,Odontomachus macrorhynchus
Formicidae,Odontomachus,Odontomachus malignus
Formicidae,Odontomachus,Odontomachus meinerti
Formicidae,Odontomachus,Odontomachus minangkabau
Formicidae,Odontomachus,Odontomachus montanus
Formicidae,Odontomachus,Odontomachus monticola
Formicidae,Odontomachus,Odontomachus mormo
Formicidae,Odontomachus,Odontomachus nigriceps
Formicidae,Odontomachus,Odontomachus opaciventris
Formicidae,Odontomachus,Odontomachus opaculus
Formicidae,Odontomachus,Odontomachus panamensis
Formicidae,Odontomachus,Odontomachus pangantihoni
Formicidae,Odontomachus,Odontomachus papuanus
Formicidae,Odontomachus,Odontomachus pararixosus
Formicidae,Odontomachus,Odontomachus peruanus
Formicidae,Odontomachus,Odontomachus philippinus
Formicidae,Odontomachus,Odontomachus procerus
Formicidae,Odontomachus,Odontomachus relictus
Formicidae,Odontomachus,Odontomachus rixosus
Formicidae,Odontomachus,Odontomachus ruficeps
Formicidae,Odontomachus,Odontomachus rufithorax
Formicidae,Odontomachus,Odontomachus ruginodis
Formicidae,Odontomachus,Odontomachus saevissimus
Formicidae,Odontomachus,Odontomachus scalptus
Formicidae,Odontomachus,Odontomachus schoedli
Formicidae,Odontomachus,Odontomachus scifictus
Formicidae,Odontomachus,Odontomachus silvestrii
Formicidae,Odontomachus,Odontomachus simillimus
Formicidae,Odontomachus,Odontomachus spissus
Formicidae,Odontomachus,Odontomachus sumbensis
Formicidae,Odontomachus,Odontomachus tensus
Formicidae,Odontomachus,Odontomachus testaceus
Formicidae,Odontomachus,Odontomachus troglodytes
Formicidae,Odontomachus,Odontomachus turneri
Formicidae,Odontomachus,Odontomachus tyrannicus
Formicidae,Odontomachus,Odontomachus unispinosa
Formicidae,Odontomachus,Odontomachus xeta
Formicidae,Odontomachus,Odontomachus xizangensis
Formicidae,Odontomachus,Odontomachus yamanei
Formicidae,Odontomachus,Odontomachus yucatecus
Formicidae,Odontoponera,Odontoponera denticulata
Formicidae,Odontoponera,Odontoponera transversa
Formicidae,Oecophylla,Oecophylla kolhapurensis
Formicidae,Oecophylla,Oecophylla longinoda
Formicidae,Oecophylla,Oecophylla smaragdina
Formicidae,Onychomyrmex,Onychomyrmex doddi
Formicidae,Onychomyrmex,Onychomyrmex glauerti
Formicidae,Onychomyrmex,Onychomyrmex hedleyi
Formicidae,Onychomyrmex,Onychomyrmex mjobergi
Formicidae,Ooceraea,Ooceraea alii
Formicidae,Ooceraea,Ooceraea australis
Formicidae,Ooceraea,Ooceraea besucheti
Formicidae,Ooceraea,Ooceraea biroi
Formicidae,Ooceraea,Ooceraea coeca
Formicidae,Ooceraea,Ooceraea crypta
Formicidae,Ooceraea,Ooceraea decamera
Formicidae,Ooceraea,Ooceraea fragosa
Formicidae,Ooceraea,Ooceraea fuscior
Formicidae,Ooceraea,Ooceraea hainingensis
Formicidae,Ooceraea,Ooceraea joshii
Formicidae,Ooceraea,Ooceraea magna
Formicidae,Ooceraea,Ooceraea octoantenna
Formicidae,Ooceraea,Ooceraea papuana
Formicidae,Ooceraea,Ooceraea pawa
Formicidae,Ooceraea,Ooceraea pusilla
Formicidae,Ooceraea,Ooceraea quadridentata
Formicidae,Ooceraea,Ooceraea siamensis
Formicidae,Opamyrma,Opamyrma hungvuong
Formicidae,Ophthalmopone,Ophthalmopone berthoudi
Formicidae,Ophthalmopone,Ophthalmopone depilis
Formicidae,Ophthalmopone,Ophthalmopone hottentota
Formicidae,Ophthalmopone,Ophthalmopone ilgii
Formicidae,Ophthalmopone,Ophthalmopone mocquerysi
Formicidae,Opisthopsis,Opisthopsis diademata
Formicidae,Opisthopsis,Opisthopsis haddoni
Formicidae,Opisthopsis,Opisthopsis halmaherae
Formicidae,Opisthopsis,Opisthopsis jocosa
Formicidae,Opisthopsis,Opisthopsis lienosa
Formicidae,Opisthopsis,Opisthopsis linnaei
Formicidae,Opisthopsis,Opisthopsis major
Formicidae,Opisthopsis,Opisthopsis manni
Formicidae,Opisthopsis,Opisthopsis maura
Formicidae,Opisthopsis,Opisthopsis panops
Formicidae,Opisthopsis,Opisthopsis picta
Formicidae,Opisthopsis,Opisthopsis respiciens
Formicidae,Opisthopsis,Opisthopsis rufithorax
Formicidae,Orectognathus,Orectognathus alligator
Formicidae,Orectognathus,Orectognathus antennatus
Formicidae,Orectognathus,Orectognathus biroi
Formicidae,Orectognathus,Orectognathus chyzeri
Formicidae,Orectognathus,Orectognathus clarki
Formicidae,Orectognathus,Orectognathus coccinatus
Formicidae,Orectognathus,Orectognathus csikii
Formicidae,Orectognathus,Orectognathus darlingtoni
Formicidae,Orectognathus,Orectognathus echinus
Formicidae,Orectognathus,Orectognathus elegantulus
Formicidae,Orectognathus,Orectognathus horvathi
Formicidae,Orectognathus,Orectognathus howensis
Formicidae,Orectognathus,Orectognathus hystrix
Formicidae,Orectognathus,Orectognathus kanangra
Formicidae,Orectognathus,Orectognathus longispinosus
Formicidae,Orectognathus,Orectognathus mjobergi
Formicidae,Orectognathus,Orectognathus nanus
Formicidae,Orectognathus,Orectognathus nigriventris
Formicidae,Orectognathus,Orectognathus parvispinus
Formicidae,Orectognathus,Orectognathus phyllobates
Formicidae,Orectognathus,Orectognathus robustus
Formicidae,Orectognathus,Orectognathus roomi
Formicidae,Orectognathus,Orectognathus rostratus
Formicidae,Orectognathus,Orectognathus sarasini
Formicidae,Orectognathus,Orectognathus satan
Formicidae,Orectognathus,Orectognathus sexspinosus
Formicidae,Orectognathus,Orectognathus szentivanyi
Formicidae,Orectognathus,Orectognathus velutinus
Formicidae,Orectognathus,Orectognathus versicolor
Formicidae,Overbeckia,Overbeckia jambiensis
Formicidae,Overbeckia,Overbeckia papuana
Formicidae,Overbeckia,Overbeckia subclavata
Formicidae,Oxyepoecus,Oxyepoecus bidentatus
Formicidae,Oxyepoecus,Oxyepoecus browni
Formicidae,Oxyepoecus,Oxyepoecus bruchi
Formicidae,Oxyepoecus,Oxyepoecus crassinodus
Formicidae,Oxyepoecus,Oxyepoecus daguerrei
Formicidae,Oxyepoecus,Oxyepoecus ephippiatus
Formicidae,Oxyepoecus,Oxyepoecus inquilinus
Formicidae,Oxyepoecus,Oxyepoecus kempfi
Formicidae,Oxyepoecus,Oxyepoecus longicephalus
Formicidae,Oxyepoecus,Oxyepoecus mandibularis
Formicidae,Oxyepoecus,Oxyepoecus myops
Formicidae,Oxyepoecus,Oxyepoecus plaumanni
Formicidae,Oxyepoecus,Oxyepoecus punctifrons
Formicidae,Oxyepoecus,Oxyepoecus quadratus
Formicidae,Oxyepoecus,Oxyepoecus rastratus
Formicidae,Oxyepoecus,Oxyepoecus regularis
Formicidae,Oxyepoecus,Oxyepoecus reticulatus
Formicidae,Oxyepoecus,Oxyepoecus rosai
Formicidae,Oxyepoecus,Oxyepoecus striatus
Formicidae,Oxyepoecus,Oxyepoecus vezenyii
Formicidae,Oxyepoecus,Oxyepoecus vivax
Formicidae,Oxyopomyrmex,Oxyopomyrmex arenarius
Formicidae,Oxyopomyrmex,Oxyopomyrmex emeryi
Formicidae,Oxyopomyrmex,Oxyopomyrmex insularis
Formicidae,Oxyopomyrmex,Oxyopomyrmex krueperi
Formicidae,Oxyopomyrmex,Oxyopomyrmex laevibus
Formicidae,Oxyopomyrmex,Oxyopomyrmex magnus
Formicidae,Oxyopomyrmex,Oxyopomyrmex negevensis
Formicidae,Oxyopomyrmex,Oxyopomyrmex nigripes
Formicidae,Oxyopomyrmex,Oxyopomyrmex nitidior
Formicidae,Oxyopomyrmex,Oxyopomyrmex oculatus
Formicidae,Oxyopomyrmex,Oxyopomyrmex pallens
Formicidae,Oxyopomyrmex,Oxyopomyrmex polybotesi
Formicidae,Oxyopomyrmex,Oxyopomyrmex pygmalioni
Formicidae,Oxyopomyrmex,Oxyopomyrmex saulcyi
Formicidae,Pachycondyla,Pachycondyla beneditoi
Formicidae,Pachycondyla,Pachycondyla constricticeps
Formicidae,Pachycondyla,Pachycondyla crassinoda
Formicidae,Pachycondyla,Pachycondyla fuscoatra
Formicidae,Pachycondyla,Pachycondyla harpax
Formicidae,Pachycondyla,Pachycondyla impressa
Formicidae,Pachycondyla,Pachycondyla inca
Formicidae,Pachycondyla,Pachycondyla lattkei
Formicidae,Pachycondyla,Pachycondyla lenis
Formicidae,Pachycondyla,Pachycondyla lenkoi
Formicidae,Pachycondyla,Pachycondyla procidua
Formicidae,Pachycondyla,Pachycondyla purpurascens
Formicidae,Pachycondyla,Pachycondyla striata
Formicidae,Pachycondyla,Pachycondyla vieirai
Formicidae,Paltothyreus,Paltothyreus tarsatus
Formicidae,Papyrius,Papyrius flavus
Formicidae,Papyrius,Papyrius nitidus
Formicidae,Paramycetophylax,Paramycetophylax bruchi
Formicidae,Paraparatrechina,Paraparatrechina albipes
Formicidae,Paraparatrechina,Paraparatrechina ali
Formicidae,Paraparatrechina,Paraparatrechina aseta
Formicidae,Paraparatrechina,Paraparatrechina brunnella
Formicidae,Paraparatrechina,Paraparatrechina bufona
Formicidae,Paraparatrechina,Paraparatrechina butteli
Formicidae,Paraparatrechina,Paraparatrechina caledonica
Formicidae,Paraparatrechina,Paraparatrechina concinnata
Formicidae,Paraparatrechina,Paraparatrechina dichroa
Formicidae,Paraparatrechina,Paraparatrechina emarginata
Formicidae,Paraparatrechina,Paraparatrechina foreli
Formicidae,Paraparatrechina,Paraparatrechina glabra
Formicidae,Paraparatrechina,Paraparatrechina gnoma
Formicidae,Paraparatrechina,Paraparatrechina illusio
Formicidae,Paraparatrechina,Paraparatrechina iridescens
Formicidae,Paraparatrechina,Paraparatrechina kongming
Formicidae,Paraparatrechina,Paraparatrechina koningsbergeri
Formicidae,Paraparatrechina,Paraparatrechina lecamopteridis
Formicidae,Paraparatrechina,Paraparatrechina luminella
Formicidae,Paraparatrechina,Paraparatrechina malaccana
Formicidae,Paraparatrechina,Paraparatrechina minutula
Formicidae,Paraparatrechina,Paraparatrechina myops
Formicidae,Paraparatrechina,Paraparatrechina nana
Formicidae,Paraparatrechina,Paraparatrechina neela
Formicidae,Paraparatrechina,Paraparatrechina nettae
Formicidae,Paraparatrechina,Paraparatrechina oceanica
Formicidae,Paraparatrechina,Paraparatrechina ocellatula
Formicidae,Paraparatrechina,Paraparatrechina opaca
Formicidae,Paraparatrechina,Paraparatrechina oreias
Formicidae,Paraparatrechina,Paraparatrechina pallida
Formicidae,Paraparatrechina,Paraparatrechina pusillima
Formicidae,Paraparatrechina,Paraparatrechina sakurae
Formicidae,Paraparatrechina,Paraparatrechina sakuya
Formicidae,Paraparatrechina,Paraparatrechina sauteri
Formicidae,Paraparatrechina,Paraparatrechina sohryngkham
Formicidae,Paraparatrechina,Paraparatrechina sordida
Formicidae,Paraparatrechina,Paraparatrechina splendida
Formicidae,Paraparatrechina,Paraparatrechina subtilis
Formicidae,Paraparatrechina,Paraparatrechina tapinomoides
Formicidae,Paraparatrechina,Paraparatrechina umbranatis
Formicidae,Paraparatrechina,Paraparatrechina weissi
Formicidae,Paraponera,Paraponera clavata
Formicidae,Parasyscia,Parasyscia afer
Formicidae,Parasyscia,Parasyscia aitkenii
Formicidae,Parasyscia,Parasyscia arnoldi
Formicidae,Parasyscia,Parasyscia browni
Formicidae,Parasyscia,Parasyscia bryanti
Formicidae,Parasyscia,Parasyscia centurio
Formicidae,Parasyscia,Parasyscia conservata
Formicidae,Parasyscia,Parasyscia cribrinodis
Formicidae,Parasyscia,Parasyscia desposyne
Formicidae,Parasyscia,Parasyscia dohertyi
Formicidae,Parasyscia,Parasyscia dominula
Formicidae,Parasyscia,Parasyscia faurei
Formicidae,Parasyscia,Parasyscia flavaclavata
Formicidae,Parasyscia,Parasyscia fossulata
Formicidae,Parasyscia,Parasyscia foveolata
Formicidae,Parasyscia,Parasyscia ganeshaiahi
Formicidae,Parasyscia,Parasyscia hashimotoi
Formicidae,Parasyscia,Parasyscia imerinensis
Formicidae,Parasyscia,Parasyscia inconspicua
Formicidae,Parasyscia,Parasyscia indica
Formicidae,Parasyscia,Parasyscia kenyensis
Formicidae,Parasyscia,Parasyscia keralensis
Formicidae,Parasyscia,Parasyscia kodecorum
Formicidae,Parasyscia,Parasyscia lamborni
Formicidae,Parasyscia,Parasyscia lindrothi
Formicidae,Parasyscia,Parasyscia luteoviger
Formicidae,Parasyscia,Parasyscia majuscula
Formicidae,Parasyscia,Parasyscia muiri
Formicidae,Parasyscia,Parasyscia natalensis
Formicidae,Parasyscia,Parasyscia nigrita
Formicidae,Parasyscia,Parasyscia nitens
Formicidae,Parasyscia,Parasyscia nitidulus
Formicidae,Parasyscia,Parasyscia opaca
Formicidae,Parasyscia,Parasyscia peringueyi
Formicidae,Parasyscia,Parasyscia piochardi
Formicidae,Parasyscia,Parasyscia polynikes
Formicidae,Parasyscia,Parasyscia reticulata
Formicidae,Parasyscia,Parasyscia rifati
Formicidae,Parasyscia,Parasyscia rufithorax
Formicidae,Parasyscia,Parasyscia salimani
Formicidae,Parasyscia,Parasyscia schoedli
Formicidae,Parasyscia,Parasyscia sculpturata
Formicidae,Parasyscia,Parasyscia seema
Formicidae,Parasyscia,Parasyscia shii
Formicidae,Parasyscia,Parasyscia simeuluensis
Formicidae,Parasyscia,Parasyscia sudanensis
Formicidae,Parasyscia,Parasyscia superata
Formicidae,Parasyscia,Parasyscia sylvicola
Formicidae,Parasyscia,Parasyscia terricola
Formicidae,Parasyscia,Parasyscia tibetana
Formicidae,Parasyscia,Parasyscia valida
Formicidae,Parasyscia,Parasyscia villiersi
Formicidae,Parasyscia,Parasyscia vitiensis
Formicidae,Parasyscia,Parasyscia wighti
Formicidae,Parasyscia,Parasyscia wilsoni
Formicidae,Parasyscia,Parasyscia wittmeri
Formicidae,Parasyscia,Parasyscia xui
Formicidae,Parasyscia,Parasyscia zimmermani
Formicidae,Paratopula,Paratopula andamanensis
Formicidae,Paratopula,Paratopula ankistra
Formicidae,Paratopula,Paratopula bauhinia
Formicidae,Paratopula,Paratopula catocha
Formicidae,Paratopula,Paratopula ceylonica
Formicidae,Paratopula,Paratopula demeta
Formicidae,Paratopula,Paratopula intermedia
Formicidae,Paratopula,Paratopula longispina
Formicidae,Paratopula,Paratopula macta
Formicidae,Paratopula,Paratopula oculata
Formicidae,Paratopula,Paratopula sumatrensis
Formicidae,Paratopula,Paratopula TH01
Formicidae,Paratopula,Paratopula zhengi
Formicidae,Paratrachymyrmex,Paratrachymyrmex bugnioni
Formicidae,Paratrachymyrmex,Paratrachymyrmex carib
Formicidae,Paratrachymyrmex,Paratrachymyrmex cornetzi
Formicidae,Paratrachymyrmex,Paratrachymyrmex diversus
Formicidae,Paratrachymyrmex,Paratrachymyrmex intermedius
Formicidae,Paratrachymyrmex,Paratrachymyrmex irmgardae
Formicidae,Paratrachymyrmex,Paratrachymyrmex levis
Formicidae,Paratrachymyrmex,Paratrachymyrmex mandibularis
Formicidae,Paratrachymyrmex,Paratrachymyrmex phaleratus
Formicidae,Paratrechina,Paratrechina ankarana
Formicidae,Paratrechina,Paratrechina antsingy
Formicidae,Paratrechina,Paratrechina longicornis
Formicidae,Paratrechina,Paratrechina umbra
Formicidae,Paratrechina,Paratrechina zanjensis
Formicidae,Parvaponera,Parvaponera cavimaculata
Formicidae,Parvaponera,Parvaponera darwinii
Formicidae,Parvaponera,Parvaponera sheldoni
Formicidae,Patagonomyrmex,Patagonomyrmex angustus
Formicidae,Patagonomyrmex,Patagonomyrmex laevigatus
Formicidae,Patagonomyrmex,Patagonomyrmex odoratus
Formicidae,Perissomyrmex,Perissomyrmex bidentatus
Formicidae,Perissomyrmex,Perissomyrmex fissus
Formicidae,Perissomyrmex,Perissomyrmex guizhouensis
Formicidae,Perissomyrmex,Perissomyrmex medogensis
Formicidae,Perissomyrmex,Perissomyrmex monticola
Formicidae,Perissomyrmex,Perissomyrmex snyderi
Formicidae,Peronomyrmex,Peronomyrmex bartoni
Formicidae,Peronomyrmex,Peronomyrmex greavesi
Formicidae,Peronomyrmex,Peronomyrmex overbecki
Formicidae,Peronomyrmex,Peronomyrmex sp
Formicidae,Petalomyrmex,Petalomyrmex phylax
Formicidae,Phalacromyrmex,Phalacromyrmex fugax
Formicidae,Pheidole,Pheidole aana
Formicidae,Pheidole,Pheidole abakytan
Formicidae,Pheidole,Pheidole abaticanga
Formicidae,Pheidole,Pheidole aberrans
Formicidae,Pheidole,Pheidole absurda
Formicidae,Pheidole,Pheidole acamata
Formicidae,Pheidole,Pheidole acantha
Formicidae,Pheidole,Pheidole accinota
Formicidae,Pheidole,Pheidole aciculata
Formicidae,Pheidole,Pheidole aculifera
Formicidae,Pheidole,Pheidole acutidens
Formicidae,Pheidole,Pheidole acutilobata
Formicidae,Pheidole,Pheidole ademonia
Formicidae,Pheidole,Pheidole adrianoi
Formicidae,Pheidole,Pheidole aeberlii
Formicidae,Pheidole,Pheidole aelloea
Formicidae,Pheidole,Pheidole aenescens
Formicidae,Pheidole,Pheidole aequiseta
Formicidae,Pheidole,Pheidole aglae
Formicidae,Pheidole,Pheidole agricola
Formicidae,Pheidole,Pheidole ajax
Formicidae,Pheidole,Pheidole ajaxigibba
Formicidae,Pheidole,Pheidole akermani
Formicidae,Pheidole,Pheidole ala
Formicidae,Pheidole,Pheidole alacris
Formicidae,Pheidole,Pheidole alayoi
Formicidae,Pheidole,Pheidole albidula
Formicidae,Pheidole,Pheidole albipes
Formicidae,Pheidole,Pheidole alexeter
Formicidae,Pheidole,Pheidole alfaroi
Formicidae,Pheidole,Pheidole alienata
Formicidae,Pheidole,Pheidole alina
Formicidae,Pheidole,Pheidole allani
Formicidae,Pheidole,Pheidole allarmata
Formicidae,Pheidole,Pheidole alpestris
Formicidae,Pheidole,Pheidole alpinensis
Formicidae,Pheidole,Pheidole alticola
Formicidae,Pheidole,Pheidole amabilis
Formicidae,Pheidole,Pheidole amazonica
Formicidae,Pheidole,Pheidole amber
Formicidae,Pheidole,Pheidole ambigua
Formicidae,Pheidole,Pheidole ambohimanga
Formicidae,Pheidole,Pheidole ambonensis
Formicidae,Pheidole,Pheidole ampangabe
Formicidae,Pheidole,Pheidole ampla
Formicidae,Pheidole,Pheidole amplificata
Formicidae,Pheidole,Pheidole analavelona
Formicidae,Pheidole,Pheidole anastasii
Formicidae,Pheidole,Pheidole andapa
Formicidae,Pheidole,Pheidole andersoni
Formicidae,Pheidole,Pheidole andohahela
Formicidae,Pheidole,Pheidole andrieui
Formicidae,Pheidole,Pheidole androsana
Formicidae,Pheidole,Pheidole angulicollis
Formicidae,Pheidole,Pheidole angulifera
Formicidae,Pheidole,Pheidole angusta
Formicidae,Pheidole,Pheidole angusticeps
Formicidae,Pheidole,Pheidole angustinigra
Formicidae,Pheidole,Pheidole anima
Formicidae,Pheidole,Pheidole ankerana
Formicidae,Pheidole,Pheidole annemariae
Formicidae,Pheidole,Pheidole annexa
Formicidae,Pheidole,Pheidole anomala
Formicidae,Pheidole,Pheidole anosyenne
Formicidae,Pheidole,Pheidole anthracina
Formicidae,Pheidole,Pheidole antillana
Formicidae,Pheidole,Pheidole antipodum
Formicidae,Pheidole,Pheidole antranohofa
Formicidae,Pheidole,Pheidole antsahabe
Formicidae,Pheidole,Pheidole aper
Formicidae,Pheidole,Pheidole aphrasta
Formicidae,Pheidole,Pheidole arachnion
Formicidae,Pheidole,Pheidole araneoides
Formicidae,Pheidole,Pheidole arboricola
Formicidae,Pheidole,Pheidole arcifera
Formicidae,Pheidole,Pheidole areniphila
Formicidae,Pheidole,Pheidole argentina
Formicidae,Pheidole,Pheidole arhuaca
Formicidae,Pheidole,Pheidole ariel
Formicidae,Pheidole,Pheidole aripoensis
Formicidae,Pheidole,Pheidole aristotelis
Formicidae,Pheidole,Pheidole arivo
Formicidae,Pheidole,Pheidole arnoldi
Formicidae,Pheidole,Pheidole aspera
Formicidae,Pheidole,Pheidole asperata
Formicidae,Pheidole,Pheidole asperithorax
Formicidae,Pheidole,Pheidole aspidata
Formicidae,Pheidole,Pheidole astur
Formicidae,Pheidole,Pheidole athertonensis
Formicidae,Pheidole,Pheidole atitlana
Formicidae,Pheidole,Pheidole atsirakambiaty
Formicidae,Pheidole,Pheidole atticola
Formicidae,Pheidole,Pheidole atua
Formicidae,Pheidole,Pheidole aurea
Formicidae,Pheidole,Pheidole aurivillii
Formicidae,Pheidole,Pheidole auropilosa
Formicidae,Pheidole,Pheidole avaratra
Formicidae,Pheidole,Pheidole avia
Formicidae,Pheidole,Pheidole azteca
Formicidae,Pheidole,Pheidole bahai
Formicidae,Pheidole,Pheidole bajaensis
Formicidae,Pheidole,Pheidole bakeri
Formicidae,Pheidole,Pheidole balatro
Formicidae,Pheidole,Pheidole balcanica
Formicidae,Pheidole,Pheidole balzani
Formicidae,Pheidole,Pheidole bambusarum
Formicidae,Pheidole,Pheidole bandata
Formicidae,Pheidole,Pheidole barbata
Formicidae,Pheidole,Pheidole barreleti
Formicidae,Pheidole,Pheidole barumtaun
Formicidae,Pheidole,Pheidole batrachorum
Formicidae,Pheidole,Pheidole beanka
Formicidae,Pheidole,Pheidole beauforti
Formicidae,Pheidole,Pheidole befotaka
Formicidae,Pheidole,Pheidole bellatrix
Formicidae,Pheidole,Pheidole belli
Formicidae,Pheidole,Pheidole beloceps
Formicidae,Pheidole,Pheidole belonorte
Formicidae,Pheidole,Pheidole bemarahaensis
Formicidae,Pheidole,Pheidole bemarivoensis
Formicidae,Pheidole,Pheidole bequaerti
Formicidae,Pheidole,Pheidole bergi
Formicidae,Pheidole,Pheidole besalon
Formicidae,Pheidole,Pheidole bessonii
Formicidae,Pheidole,Pheidole bicarinata
Formicidae,Pheidole,Pheidole biconstricta
Formicidae,Pheidole,Pheidole bicornis
Formicidae,Pheidole,Pheidole bicornisculpta
Formicidae,Pheidole,Pheidole bidens
Formicidae,Pheidole,Pheidole bifurca
Formicidae,Pheidole,Pheidole bigote
Formicidae,Pheidole,Pheidole bilimeki
Formicidae,Pheidole,Pheidole biloba
Formicidae,Pheidole,Pheidole binara
Formicidae,Pheidole,Pheidole binasifera
Formicidae,Pheidole,Pheidole binghamii
Formicidae,Pheidole,Pheidole biolleyi
Formicidae,Pheidole,Pheidole bison
Formicidae,Pheidole,Pheidole blumenauensis
Formicidae,Pheidole,Pheidole bluntschlii
Formicidae,Pheidole,Pheidole boliviana
Formicidae,Pheidole,Pheidole boltoni
Formicidae,Pheidole,Pheidole borgmeieri
Formicidae,Pheidole,Pheidole boribora
Formicidae,Pheidole,Pheidole boruca
Formicidae,Pheidole,Pheidole bos
Formicidae,Pheidole,Pheidole brachyops
Formicidae,Pheidole,Pheidole brandaoi
Formicidae,Pheidole,Pheidole branstetteri
Formicidae,Pheidole,Pheidole braueri
Formicidae,Pheidole,Pheidole brevicona
Formicidae,Pheidole,Pheidole brevicornis
Formicidae,Pheidole,Pheidole brevipilosa
Formicidae,Pheidole,Pheidole breviseta
Formicidae,Pheidole,Pheidole brownampla
Formicidae,Pheidole,Pheidole browni
Formicidae,Pheidole,Pheidole bruchella
Formicidae,Pheidole,Pheidole bruchi
Formicidae,Pheidole,Pheidole bruesi
Formicidae,Pheidole,Pheidole brunnescens
Formicidae,Pheidole,Pheidole bucculenta
Formicidae,Pheidole,Pheidole buchholzi
Formicidae,Pheidole,Pheidole buckleyi
Formicidae,Pheidole,Pheidole bufo
Formicidae,Pheidole,Pheidole bula
Formicidae,Pheidole,Pheidole bulliceps
Formicidae,Pheidole,Pheidole bureni
Formicidae,Pheidole,Pheidole butteli
Formicidae,Pheidole,Pheidole caffra
Formicidae,Pheidole,Pheidole cahui
Formicidae,Pheidole,Pheidole cairnsiana
Formicidae,Pheidole,Pheidole caldwelli
Formicidae,Pheidole,Pheidole calens
Formicidae,Pheidole,Pheidole californica
Formicidae,Pheidole,Pheidole caliginosa
Formicidae,Pheidole,Pheidole calimana
Formicidae,Pheidole,Pheidole caltrop
Formicidae,Pheidole,Pheidole cameroni
Formicidae,Pheidole,Pheidole camilla
Formicidae,Pheidole,Pheidole camptostela
Formicidae,Pheidole,Pheidole cangussu
Formicidae,Pheidole,Pheidole capellinii
Formicidae,Pheidole,Pheidole capensis
Formicidae,Pheidole,Pheidole capillata
Formicidae,Pheidole,Pheidole caracalla
Formicidae,Pheidole,Pheidole carapuna
Formicidae,Pheidole,Pheidole carapunco
Formicidae,Pheidole,Pheidole cardiella
Formicidae,Pheidole,Pheidole cardinalis
Formicidae,Pheidole,Pheidole caribbaea
Formicidae,Pheidole,Pheidole carinata
Formicidae,Pheidole,Pheidole cariniceps
Formicidae,Pheidole,Pheidole carinitida
Formicidae,Pheidole,Pheidole carinote
Formicidae,Pheidole,Pheidole carrolli
Formicidae,Pheidole,Pheidole casta
Formicidae,Pheidole,Pheidole castanea
Formicidae,Pheidole,Pheidole cataphracta
Formicidae,Pheidole,Pheidole cataractae
Formicidae,Pheidole,Pheidole caulicola
Formicidae,Pheidole,Pheidole cavifrons
Formicidae,Pheidole,Pheidole cavigenis
Formicidae,Pheidole,Pheidole ceibana
Formicidae,Pheidole,Pheidole celaena
Formicidae,Pheidole,Pheidole centeotl
Formicidae,Pheidole,Pheidole cerebrosior
Formicidae,Pheidole,Pheidole ceres
Formicidae,Pheidole,Pheidole cerina
Formicidae,Pheidole,Pheidole cervicornis
Formicidae,Pheidole,Pheidole ceylonica
Formicidae,Pheidole,Pheidole chalca
Formicidae,Pheidole,Pheidole charazana
Formicidae,Pheidole,Pheidole cheesmanae
Formicidae,Pheidole,Pheidole chilensis
Formicidae,Pheidole,Pheidole chocoensis
Formicidae,Pheidole,Pheidole christinae
Formicidae,Pheidole,Pheidole christopherseni
Formicidae,Pheidole,Pheidole chrysops
Formicidae,Pheidole,Pheidole cicatricosa
Formicidae,Pheidole,Pheidole cingulata
Formicidae,Pheidole,Pheidole citrina
Formicidae,Pheidole,Pheidole clara
Formicidae,Pheidole,Pheidole clavata
Formicidae,Pheidole,Pheidole claviscapa
Formicidae,Pheidole,Pheidole clementensis
Formicidae,Pheidole,Pheidole clydei
Formicidae,Pheidole,Pheidole clypeocornis
Formicidae,Pheidole,Pheidole cockerelli
Formicidae,Pheidole,Pheidole coffeicola
Formicidae,Pheidole,Pheidole colaensis
Formicidae,Pheidole,Pheidole colobopsis
Formicidae,Pheidole,Pheidole colpigaleata
Formicidae,Pheidole,Pheidole comata
Formicidae,Pheidole,Pheidole comosa
Formicidae,Pheidole,Pheidole concentrica
Formicidae,Pheidole,Pheidole concinna
Formicidae,Pheidole,Pheidole conficta
Formicidae,Pheidole,Pheidole confoedusta
Formicidae,Pheidole,Pheidole constanciae
Formicidae,Pheidole,Pheidole constipata
Formicidae,Pheidole,Pheidole coonoorensis
Formicidae,Pheidole,Pheidole coracina
Formicidae,Pheidole,Pheidole cordiceps
Formicidae,Pheidole,Pheidole corniclypeus
Formicidae,Pheidole,Pheidole cornicula
Formicidae,Pheidole,Pheidole corticicola
Formicidae,Pheidole,Pheidole costaricensis
Formicidae,Pheidole,Pheidole coveri
Formicidae,Pheidole,Pheidole cramptoni
Formicidae,Pheidole,Pheidole crassicornis
Formicidae,Pheidole,Pheidole crassinoda
Formicidae,Pheidole,Pheidole creightoni
Formicidae,Pheidole,Pheidole crinita
Formicidae,Pheidole,Pheidole crozieri
Formicidae,Pheidole,Pheidole cryptocera
Formicidae,Pheidole,Pheidole cubaensis
Formicidae,Pheidole,Pheidole cuevasi
Formicidae,Pheidole,Pheidole cuitensis
Formicidae,Pheidole,Pheidole cuprina
Formicidae,Pheidole,Pheidole cursor
Formicidae,Pheidole,Pheidole curupira
Formicidae,Pheidole,Pheidole curvistriata
Formicidae,Pheidole,Pheidole cusuco
Formicidae,Pheidole,Pheidole cyrtostela
Formicidae,Pheidole,Pheidole dammermani
Formicidae,Pheidole,Pheidole daphne
Formicidae,Pheidole,Pheidole darlingtoni
Formicidae,Pheidole,Pheidole darwini
Formicidae,Pheidole,Pheidole dasos
Formicidae,Pheidole,Pheidole dasypyx
Formicidae,Pheidole,Pheidole davidsonae
Formicidae,Pheidole,Pheidole davisi
Formicidae,Pheidole,Pheidole dea
Formicidae,Pheidole,Pheidole debilis
Formicidae,Pheidole,Pheidole decarinata
Formicidae,Pheidole,Pheidole deceptrix
Formicidae,Pheidole,Pheidole decollata
Formicidae,Pheidole,Pheidole defecta
Formicidae,Pheidole,Pheidole deima
Formicidae,Pheidole,Pheidole delecta
Formicidae,Pheidole,Pheidole delicata
Formicidae,Pheidole,Pheidole deltea
Formicidae,Pheidole,Pheidole demeter
Formicidae,Pheidole,Pheidole dentata
Formicidae,Pheidole,Pheidole dentigula
Formicidae,Pheidole,Pheidole depressinoda
Formicidae,Pheidole,Pheidole descolei
Formicidae,Pheidole,Pheidole deserticola
Formicidae,Pheidole,Pheidole desertorum
Formicidae,Pheidole,Pheidole diabolus
Formicidae,Pheidole,Pheidole diakritos
Formicidae,Pheidole,Pheidole diana
Formicidae,Pheidole,Pheidole diffidens
Formicidae,Pheidole,Pheidole diffusa
Formicidae,Pheidole,Pheidole diligens
Formicidae,Pheidole,Pheidole dinophila
Formicidae,Pheidole,Pheidole dione
Formicidae,Pheidole,Pheidole dispar
Formicidae,Pheidole,Pheidole distincta
Formicidae,Pheidole,Pheidole distorta
Formicidae,Pheidole,Pheidole diversipilosa
Formicidae,Pheidole,Pheidole dodo
Formicidae,Pheidole,Pheidole dolon
Formicidae,Pheidole,Pheidole dorsata
Formicidae,Pheidole,Pheidole dossena
Formicidae,Pheidole,Pheidole drepanon
Formicidae,Pheidole,Pheidole drogon
Formicidae,Pheidole,Pheidole dryas
Formicidae,Pheidole,Pheidole dugasi
Formicidae,Pheidole,Pheidole dumicola
Formicidae,Pheidole,Pheidole duneraensis
Formicidae,Pheidole,Pheidole durionei
Formicidae,Pheidole,Pheidole dwyeri
Formicidae,Pheidole,Pheidole dyctiota
Formicidae,Pheidole,Pheidole ectatommoides
Formicidae,Pheidole,Pheidole ecuadorana
Formicidae,Pheidole,Pheidole ehazoara
Formicidae,Pheidole,Pheidole eidmanni
Formicidae,Pheidole,Pheidole elecebra
Formicidae,Pheidole,Pheidole elegans
Formicidae,Pheidole,Pheidole elisae
Formicidae,Pheidole,Pheidole elongicephala
Formicidae,Pheidole,Pheidole embolopyx
Formicidae,Pheidole,Pheidole emmae
Formicidae,Pheidole,Pheidole ensifera
Formicidae,Pheidole,Pheidole eosimilis
Formicidae,Pheidole,Pheidole eowilsoni
Formicidae,Pheidole,Pheidole eparmata
Formicidae,Pheidole,Pheidole epetrion
Formicidae,Pheidole,Pheidole epiphyta
Formicidae,Pheidole,Pheidole erato
Formicidae,Pheidole,Pheidole erethizon
Formicidae,Pheidole,Pheidole eriophora
Formicidae,Pheidole,Pheidole ernsti
Formicidae,Pheidole,Pheidole erratilis
Formicidae,Pheidole,Pheidole escherichii
Formicidae,Pheidole,Pheidole euryscopa
Formicidae,Pheidole,Pheidole exarata
Formicidae,Pheidole,Pheidole exasperata
Formicidae,Pheidole,Pheidole excellens
Formicidae,Pheidole,Pheidole excubitor
Formicidae,Pheidole,Pheidole exigua
Formicidae,Pheidole,Pheidole exquisita
Formicidae,Pheidole,Pheidole fabricator
Formicidae,Pheidole,Pheidole fadli
Formicidae,Pheidole,Pheidole fallax
Formicidae,Pheidole,Pheidole familiaparra
Formicidae,Pheidole,Pheidole fantasia
Formicidae,Pheidole,Pheidole fatigata
Formicidae,Pheidole,Pheidole feae
Formicidae,Pheidole,Pheidole fera
Formicidae,Pheidole,Pheidole fergusoni
Formicidae,Pheidole,Pheidole ferruginea
Formicidae,Pheidole,Pheidole fervens
Formicidae,Pheidole,Pheidole fervida
Formicidae,Pheidole,Pheidole fimbriata
Formicidae,Pheidole,Pheidole fincanaranjo
Formicidae,Pheidole,Pheidole fiorii
Formicidae,Pheidole,Pheidole fisaka
Formicidae,Pheidole,Pheidole fissiceps
Formicidae,Pheidole,Pheidole fitarata
Formicidae,Pheidole,Pheidole flammea
Formicidae,Pheidole,Pheidole flavens
Formicidae,Pheidole,Pheidole flaveria
Formicidae,Pheidole,Pheidole flavida
Formicidae,Pheidole,Pheidole flavifrons
Formicidae,Pheidole,Pheidole flavigaster
Formicidae,Pheidole,Pheidole flavodepressa
Formicidae,Pheidole,Pheidole flavominuta
Formicidae,Pheidole,Pheidole flavothoracica
Formicidae,Pheidole,Pheidole floricola
Formicidae,Pheidole,Pheidole floridana
Formicidae,Pheidole,Pheidole foederalis
Formicidae,Pheidole,Pheidole foreli
Formicidae,Pheidole,Pheidole fortis
Formicidae,Pheidole,Pheidole fossimandibula
Formicidae,Pheidole,Pheidole foveolata
Formicidae,Pheidole,Pheidole fowleri
Formicidae,Pheidole,Pheidole fracticeps
Formicidae,Pheidole,Pheidole fullerae
Formicidae,Pheidole,Pheidole funki
Formicidae,Pheidole,Pheidole funkikoensis
Formicidae,Pheidole,Pheidole furcata
Formicidae,Pheidole,Pheidole furtiva
Formicidae,Pheidole,Pheidole fuscula
Formicidae,Pheidole,Pheidole gagates
Formicidae,Pheidole,Pheidole gaigei
Formicidae,Pheidole,Pheidole galba
Formicidae,Pheidole,Pheidole gambogia
Formicidae,Pheidole,Pheidole gatesi
Formicidae,Pheidole,Pheidole gauthieri
Formicidae,Pheidole,Pheidole gellibrandi
Formicidae,Pheidole,Pheidole geminata
Formicidae,Pheidole,Pheidole gemmula
Formicidae,Pheidole,Pheidole geraesensis
Formicidae,Pheidole,Pheidole germaini
Formicidae,Pheidole,Pheidole gertrudae
Formicidae,Pheidole,Pheidole ghatica
Formicidae,Pheidole,Pheidole ghigii
Formicidae,Pheidole,Pheidole gibba
Formicidae,Pheidole,Pheidole gibbata
Formicidae,Pheidole,Pheidole gigaflavens
Formicidae,Pheidole,Pheidole gigas
Formicidae,Pheidole,Pheidole gigliolii
Formicidae,Pheidole,Pheidole gilva
Formicidae,Pheidole,Pheidole gilvescens
Formicidae,Pheidole,Pheidole glabra
Formicidae,Pheidole,Pheidole glabrella
Formicidae,Pheidole,Pheidole globularia
Formicidae,Pheidole,Pheidole glomericeps
Formicidae,Pheidole,Pheidole gnomus
Formicidae,Pheidole,Pheidole goavana
Formicidae,Pheidole,Pheidole godmani
Formicidae,Pheidole,Pheidole goeldii
Formicidae,Pheidole,Pheidole gombakensis
Formicidae,Pheidole,Pheidole gouldi
Formicidae,Pheidole,Pheidole gracilescens
Formicidae,Pheidole,Pheidole gracilipes
Formicidae,Pheidole,Pheidole gracilis
Formicidae,Pheidole,Pheidole grallatrix
Formicidae,Pheidole,Pheidole grandinodus
Formicidae,Pheidole,Pheidole granulata
Formicidae,Pheidole,Pheidole gravida
Formicidae,Pheidole,Pheidole grayi
Formicidae,Pheidole,Pheidole grex
Formicidae,Pheidole,Pheidole grundmanni
Formicidae,Pheidole,Pheidole guajirana
Formicidae,Pheidole,Pheidole guayasana
Formicidae,Pheidole,Pheidole guerrerana
Formicidae,Pheidole,Pheidole guilelmimuelleri
Formicidae,Pheidole,Pheidole guineensis
Formicidae,Pheidole,Pheidole gulo
Formicidae,Pheidole,Pheidole gymnoceras
Formicidae,Pheidole,Pheidole haboka
Formicidae,Pheidole,Pheidole hainanensis
Formicidae,Pheidole,Pheidole hamtoni
Formicidae,Pheidole,Pheidole hansoni
Formicidae,Pheidole,Pheidole harlequina
Formicidae,Pheidole,Pheidole harrisonfordi
Formicidae,Pheidole,Pheidole hartmeyeri
Formicidae,Pheidole,Pheidole haskinsorum
Formicidae,Pheidole,Pheidole hasticeps
Formicidae,Pheidole,Pheidole havilandi
Formicidae,Pheidole,Pheidole havoana
Formicidae,Pheidole,Pheidole haywardi
Formicidae,Pheidole,Pheidole hazenae
Formicidae,Pheidole,Pheidole hazo
Formicidae,Pheidole,Pheidole hecate
Formicidae,Pheidole,Pheidole hector
Formicidae,Pheidole,Pheidole hectornitida
Formicidae,Pheidole,Pheidole hedlundorum
Formicidae,Pheidole,Pheidole heliosa
Formicidae,Pheidole,Pheidole hercules
Formicidae,Pheidole,Pheidole heterothrix
Formicidae,Pheidole,Pheidole hetschkoi
Formicidae,Pheidole,Pheidole hewitti
Formicidae,Pheidole,Pheidole heyeri
Formicidae,Pheidole,Pheidole hierax
Formicidae,Pheidole,Pheidole hirsuta
Formicidae,Pheidole,Pheidole hispaniolae
Formicidae,Pheidole,Pheidole hitoy
Formicidae,Pheidole,Pheidole hizemops
Formicidae,Pheidole,Pheidole hoelldobleri
Formicidae,Pheidole,Pheidole hongkongensis
Formicidae,Pheidole,Pheidole hoplitica
Formicidae,Pheidole,Pheidole horni
Formicidae,Pheidole,Pheidole horribilis
Formicidae,Pheidole,Pheidole hortensis
Formicidae,Pheidole,Pheidole hortonae
Formicidae,Pheidole,Pheidole hospes
Formicidae,Pheidole,Pheidole hospita
Formicidae,Pheidole,Pheidole huacana
Formicidae,Pheidole,Pheidole huarache
Formicidae,Pheidole,Pheidole huberi
Formicidae,Pheidole,Pheidole huilana
Formicidae,Pheidole,Pheidole humeralis
Formicidae,Pheidole,Pheidole humeridens
Formicidae,Pheidole,Pheidole hyatti
Formicidae,Pheidole,Pheidole iceni
Formicidae,Pheidole,Pheidole idiota
Formicidae,Pheidole,Pheidole imbrilis
Formicidae,Pheidole,Pheidole impressa
Formicidae,Pheidole,Pheidole impressiceps
Formicidae,Pheidole,Pheidole inca
Formicidae,Pheidole,Pheidole incerta
Formicidae,Pheidole,Pheidole incisa
Formicidae,Pheidole,Pheidole incurvata
Formicidae,Pheidole,Pheidole indagarama
Formicidae,Pheidole,Pheidole indagatrix
Formicidae,Pheidole,Pheidole indica
Formicidae,Pheidole,Pheidole indosinensis
Formicidae,Pheidole,Pheidole industa
Formicidae,Pheidole,Pheidole infernalis
Formicidae,Pheidole,Pheidole inflexa
Formicidae,Pheidole,Pheidole innotata
Formicidae,Pheidole,Pheidole innupta
Formicidae,Pheidole,Pheidole inornata
Formicidae,Pheidole,Pheidole inquilina
Formicidae,Pheidole,Pheidole inscrobiculata
Formicidae,Pheidole,Pheidole insipida
Formicidae,Pheidole,Pheidole inversa
Formicidae,Pheidole,Pheidole irritans
Formicidae,Pheidole,Pheidole isis
Formicidae,Pheidole,Pheidole itremo
Formicidae,Pheidole,Pheidole jacobsoni
Formicidae,Pheidole,Pheidole jaculifera
Formicidae,Pheidole,Pheidole jamaicensis
Formicidae,Pheidole,Pheidole janzeni
Formicidae,Pheidole,Pheidole jeannei
Formicidae,Pheidole,Pheidole jelskii
Formicidae,Pheidole,Pheidole jivaro
Formicidae,Pheidole,Pheidole joffreville
Formicidae,Pheidole,Pheidole jolalpanensis
Formicidae,Pheidole,Pheidole jonas
Formicidae,Pheidole,Pheidole jordanica
Formicidae,Pheidole,Pheidole jubilans
Formicidae,Pheidole,Pheidole jucunda
Formicidae,Pheidole,Pheidole jujuyensis
Formicidae,Pheidole,Pheidole juniperae
Formicidae,Pheidole,Pheidole karolmorae
Formicidae,Pheidole,Pheidole karolsetosa
Formicidae,Pheidole,Pheidole kasparii
Formicidae,Pheidole,Pheidole katonae
Formicidae,Pheidole,Pheidole kava
Formicidae,Pheidole,Pheidole keftiuensis
Formicidae,Pheidole,Pheidole kelainos
Formicidae,Pheidole,Pheidole kely
Formicidae,Pheidole,Pheidole kikutai
Formicidae,Pheidole,Pheidole kitschneri
Formicidae,Pheidole,Pheidole klaman
Formicidae,Pheidole,Pheidole knowlesi
Formicidae,Pheidole,Pheidole kochi
Formicidae,Pheidole,Pheidole kohli
Formicidae,Pheidole,Pheidole komori
Formicidae,Pheidole,Pheidole koshewnikovi
Formicidae,Pheidole,Pheidole kugleri
Formicidae,Pheidole,Pheidole kukrana
Formicidae,Pheidole,Pheidole kuna
Formicidae,Pheidole,Pheidole kusnezovi
Formicidae,Pheidole,Pheidole laelaps
Formicidae,Pheidole,Pheidole laevicolor
Formicidae,Pheidole,Pheidole laevifrons
Formicidae,Pheidole,Pheidole laevinota
Formicidae,Pheidole,Pheidole laevithorax
Formicidae,Pheidole,Pheidole laeviventris
Formicidae,Pheidole,Pheidole laevivertex
Formicidae,Pheidole,Pheidole lagunculiminor
Formicidae,Pheidole,Pheidole lagunculinoda
Formicidae,Pheidole,Pheidole laidlowi
Formicidae,Pheidole,Pheidole lamancha
Formicidae,Pheidole,Pheidole lamellinoda
Formicidae,Pheidole,Pheidole lamia
Formicidae,Pheidole,Pheidole laminata
Formicidae,Pheidole,Pheidole lamperos
Formicidae,Pheidole,Pheidole lancifera
Formicidae,Pheidole,Pheidole lanigera
Formicidae,Pheidole,Pheidole lanuginosa
Formicidae,Pheidole,Pheidole laselva
Formicidae,Pheidole,Pheidole laselvoides
Formicidae,Pheidole,Pheidole laticrista
Formicidae,Pheidole,Pheidole latinoda
Formicidae,Pheidole,Pheidole latiscava
Formicidae,Pheidole,Pheidole lattkei
Formicidae,Pheidole,Pheidole laudatana
Formicidae,Pheidole,Pheidole lavasoa
Formicidae,Pheidole,Pheidole leloi
Formicidae,Pheidole,Pheidole lemnisca
Formicidae,Pheidole,Pheidole lemur
Formicidae,Pheidole,Pheidole leoncortesi
Formicidae,Pheidole,Pheidole leonina
Formicidae,Pheidole,Pheidole leptina
Formicidae,Pheidole,Pheidole liengmei
Formicidae,Pheidole,Pheidole lignicola
Formicidae,Pheidole,Pheidole lilloi
Formicidae,Pheidole,Pheidole lineafrons
Formicidae,Pheidole,Pheidole liteae
Formicidae,Pheidole,Pheidole litigiosa
Formicidae,Pheidole,Pheidole littoralis
Formicidae,Pheidole,Pheidole lobulata
Formicidae,Pheidole,Pheidole loki
Formicidae,Pheidole,Pheidole lokitae
Formicidae,Pheidole,Pheidole longiceps
Formicidae,Pheidole,Pheidole longicornis
Formicidae,Pheidole,Pheidole longinoi
Formicidae,Pheidole,Pheidole longior
Formicidae,Pheidole,Pheidole longipes
Formicidae,Pheidole,Pheidole longipilosa
Formicidae,Pheidole,Pheidole longiscapa
Formicidae,Pheidole,Pheidole longiseta
Formicidae,Pheidole,Pheidole longispinosa
Formicidae,Pheidole,Pheidole lourothi
Formicidae,Pheidole,Pheidole lovejoyi
Formicidae,Pheidole,Pheidole lucaris
Formicidae,Pheidole,Pheidole lucida
Formicidae,Pheidole,Pheidole lucioccipitalis
Formicidae,Pheidole,Pheidole lucretii
Formicidae,Pheidole,Pheidole lupus
Formicidae,Pheidole,Pheidole lustrata
Formicidae,Pheidole,Pheidole lutea
Formicidae,Pheidole,Pheidole luteagossamer
Formicidae,Pheidole,Pheidole luteipes
Formicidae,Pheidole,Pheidole lutzi
Formicidae,Pheidole,Pheidole macclendoni
Formicidae,Pheidole,Pheidole machaquila
Formicidae,Pheidole,Pheidole machetula
Formicidae,Pheidole,Pheidole mackayi
Formicidae,Pheidole,Pheidole macracantha
Formicidae,Pheidole,Pheidole macromischoides
Formicidae,Pheidole,Pheidole macrops
Formicidae,Pheidole,Pheidole maculifrons
Formicidae,Pheidole,Pheidole madecassa
Formicidae,Pheidole,Pheidole madinika
Formicidae,Pheidole,Pheidole madrensis
Formicidae,Pheidole,Pheidole magna
Formicidae,Pheidole,Pheidole magrettii
Formicidae,Pheidole,Pheidole mahaboensis
Formicidae,Pheidole,Pheidole mahamavo
Formicidae,Pheidole,Pheidole mainty
Formicidae,Pheidole,Pheidole maizina
Formicidae,Pheidole,Pheidole maja
Formicidae,Pheidole,Pheidole makaensis
Formicidae,Pheidole,Pheidole makilingi
Formicidae,Pheidole,Pheidole makirovana
Formicidae,Pheidole,Pheidole malabarica
Formicidae,Pheidole,Pheidole malinsii
Formicidae,Pheidole,Pheidole mallota
Formicidae,Pheidole,Pheidole mamirapiratra
Formicidae,Pheidole,Pheidole mamiratra
Formicidae,Pheidole,Pheidole mamore
Formicidae,Pheidole,Pheidole manantenensis
Formicidae,Pheidole,Pheidole manantenina
Formicidae,Pheidole,Pheidole mantadia
Formicidae,Pheidole,Pheidole mantadioflava
Formicidae,Pheidole,Pheidole manteroi
Formicidae,Pheidole,Pheidole mantilla
Formicidae,Pheidole,Pheidole manuana
Formicidae,Pheidole,Pheidole manukana
Formicidae,Pheidole,Pheidole mapinguari
Formicidae,Pheidole,Pheidole marcidula
Formicidae,Pheidole,Pheidole marieannae
Formicidae,Pheidole,Pheidole marmor
Formicidae,Pheidole,Pheidole maro
Formicidae,Pheidole,Pheidole masoala
Formicidae,Pheidole,Pheidole masoandro
Formicidae,Pheidole,Pheidole maufei
Formicidae,Pheidole,Pheidole mavesatra
Formicidae,Pheidole,Pheidole mavohavoana
Formicidae,Pheidole,Pheidole mayri
Formicidae,Pheidole,Pheidole medioflava
Formicidae,Pheidole,Pheidole megacephala
Formicidae,Pheidole,Pheidole megatron
Formicidae,Pheidole,Pheidole meihuashanensis
Formicidae,Pheidole,Pheidole meinerti
Formicidae,Pheidole,Pheidole meinertopsis
Formicidae,Pheidole,Pheidole melanogaster
Formicidae,Pheidole,Pheidole melastomae
Formicidae,Pheidole,Pheidole mena
Formicidae,Pheidole,Pheidole mendanai
Formicidae,Pheidole,Pheidole mendicula
Formicidae,Pheidole,Pheidole mentita
Formicidae,Pheidole,Pheidole mera
Formicidae,Pheidole,Pheidole merimbun
Formicidae,Pheidole,Pheidole mesomontana
Formicidae,Pheidole,Pheidole metallescens
Formicidae,Pheidole,Pheidole metana
Formicidae,Pheidole,Pheidole micon
Formicidae,Pheidole,Pheidole micridris
Formicidae,Pheidole,Pheidole microgyna
Formicidae,Pheidole,Pheidole microps
Formicidae,Pheidole,Pheidole micula
Formicidae,Pheidole,Pheidole midas
Formicidae,Pheidole,Pheidole midongy
Formicidae,Pheidole,Pheidole mikros
Formicidae,Pheidole,Pheidole militicida
Formicidae,Pheidole,Pheidole minax
Formicidae,Pheidole,Pheidole minensis
Formicidae,Pheidole,Pheidole minima
Formicidae,Pheidole,Pheidole minor
Formicidae,Pheidole,Pheidole minuscula
Formicidae,Pheidole,Pheidole minutula
Formicidae,Pheidole,Pheidole mirabilis
Formicidae,Pheidole,Pheidole miramila
Formicidae,Pheidole,Pheidole miseranda
Formicidae,Pheidole,Pheidole mittermeieri
Formicidae,Pheidole,Pheidole mivory
Formicidae,Pheidole,Pheidole mixteca
Formicidae,Pheidole,Pheidole mjobergi
Formicidae,Pheidole,Pheidole modiglianii
Formicidae,Pheidole,Pheidole moerens
Formicidae,Pheidole,Pheidole moffetti
Formicidae,Pheidole,Pheidole monstrosa
Formicidae,Pheidole,Pheidole montana
Formicidae,Pheidole,Pheidole monteverdensis
Formicidae,Pheidole,Pheidole moramanaensis
Formicidae,Pheidole,Pheidole morelosana
Formicidae,Pheidole,Pheidole morrisii
Formicidae,Pheidole,Pheidole moseni
Formicidae,Pheidole,Pheidole mosenopsis
Formicidae,Pheidole,Pheidole moskitia
Formicidae,Pheidole,Pheidole multidens
Formicidae,Pheidole,Pheidole multispina
Formicidae,Pheidole,Pheidole muralla
Formicidae,Pheidole,Pheidole mus
Formicidae,Pheidole,Pheidole musacolor
Formicidae,Pheidole,Pheidole musinermis
Formicidae,Pheidole,Pheidole mutisi
Formicidae,Pheidole,Pheidole mylognatha
Formicidae,Pheidole,Pheidole nana
Formicidae,Pheidole,Pheidole naoroji
Formicidae,Pheidole,Pheidole napoensis
Formicidae,Pheidole,Pheidole nasifera
Formicidae,Pheidole,Pheidole nasutoides
Formicidae,Pheidole,Pheidole natalie
Formicidae,Pheidole,Pheidole navigans
Formicidae,Pheidole,Pheidole navoatrensis
Formicidae,Pheidole,Pheidole naylae
Formicidae,Pheidole,Pheidole nebulosa
Formicidae,Pheidole,Pheidole nemoralis
Formicidae,Pheidole,Pheidole neokohli
Formicidae,Pheidole,Pheidole neolongiceps
Formicidae,Pheidole,Pheidole neolongiscapa
Formicidae,Pheidole,Pheidole neoschultzi
Formicidae,Pheidole,Pheidole nephele
Formicidae,Pheidole,Pheidole nesiota
Formicidae,Pheidole,Pheidole nietneri
Formicidae,Pheidole,Pheidole nigella
Formicidae,Pheidole,Pheidole nigeriensis
Formicidae,Pheidole,Pheidole nigricula
Formicidae,Pheidole,Pheidole nigritella
Formicidae,Pheidole,Pheidole nimba
Formicidae,Pheidole,Pheidole nindi
Formicidae,Pheidole,Pheidole nitella
Formicidae,Pheidole,Pheidole nitidicollis
Formicidae,Pheidole,Pheidole nitidobruna
Formicidae,Pheidole,Pheidole nitidula
Formicidae,Pheidole,Pheidole njassae
Formicidae,Pheidole,Pheidole noar
Formicidae,Pheidole,Pheidole nodgii
Formicidae,Pheidole,Pheidole nodifera
Formicidae,Pheidole,Pheidole nodus
Formicidae,Pheidole,Pheidole nubicola
Formicidae,Pheidole,Pheidole nubila
Formicidae,Pheidole,Pheidole nuculiceps
Formicidae,Pheidole,Pheidole oaxacana
Formicidae,Pheidole,Pheidole obapara
Formicidae,Pheidole,Pheidole obnixa
Formicidae,Pheidole,Pheidole obrima
Formicidae,Pheidole,Pheidole obscurifrons
Formicidae,Pheidole,Pheidole obscurior
Formicidae,Pheidole,Pheidole obscurithorax
Formicidae,Pheidole,Pheidole obturaculum
Formicidae,Pheidole,Pheidole obtusopilosa
Formicidae,Pheidole,Pheidole obtusospinosa
Formicidae,Pheidole,Pheidole occipitalis
Formicidae,Pheidole,Pheidole oceanica
Formicidae,Pheidole,Pheidole ocellata
Formicidae,Pheidole,Pheidole ochracea
Formicidae,Pheidole,Pheidole oculata
Formicidae,Pheidole,Pheidole ocypodea
Formicidae,Pheidole,Pheidole oliveirai
Formicidae,Pheidole,Pheidole olsoni
Formicidae,Pheidole,Pheidole onifera
Formicidae,Pheidole,Pheidole onyx
Formicidae,Pheidole,Pheidole opaciventris
Formicidae,Pheidole,Pheidole optiva
Formicidae,Pheidole,Pheidole orbica
Formicidae,Pheidole,Pheidole oswaldi
Formicidae,Pheidole,Pheidole otisi
Formicidae,Pheidole,Pheidole ovalinoda
Formicidae,Pheidole,Pheidole oxyops
Formicidae,Pheidole,Pheidole paiute
Formicidae,Pheidole,Pheidole palenquensis
Formicidae,Pheidole,Pheidole pallidula
Formicidae,Pheidole,Pheidole pampana
Formicidae,Pheidole,Pheidole paraensis
Formicidae,Pheidole,Pheidole paranana
Formicidae,Pheidole,Pheidole pararugiceps
Formicidae,Pheidole,Pheidole parasitica
Formicidae,Pheidole,Pheidole pariana
Formicidae,Pheidole,Pheidole parva
Formicidae,Pheidole,Pheidole parvicorpus
Formicidae,Pheidole,Pheidole parviocula
Formicidae,Pheidole,Pheidole parvula
Formicidae,Pheidole,Pheidole parvulogibba
Formicidae,Pheidole,Pheidole passivaeferox
Formicidae,Pheidole,Pheidole peckorum
Formicidae,Pheidole,Pheidole pedana
Formicidae,Pheidole,Pheidole pegasus
Formicidae,Pheidole,Pheidole peguensis
Formicidae,Pheidole,Pheidole pelor
Formicidae,Pheidole,Pheidole peltastes
Formicidae,Pheidole,Pheidole penetralis
Formicidae,Pheidole,Pheidole pepo
Formicidae,Pheidole,Pheidole peregrina
Formicidae,Pheidole,Pheidole perissothrix
Formicidae,Pheidole,Pheidole perkinsi
Formicidae,Pheidole,Pheidole perpilosa
Formicidae,Pheidole,Pheidole perpusilla
Formicidae,Pheidole,Pheidole perryorum
Formicidae,Pheidole,Pheidole peruviana
Formicidae,Pheidole,Pheidole petax
Formicidae,Pheidole,Pheidole phanigaster
Formicidae,Pheidole,Pheidole philemon
Formicidae,Pheidole,Pheidole philippi
Formicidae,Pheidole,Pheidole phipsoni
Formicidae,Pheidole,Pheidole pholeops
Formicidae,Pheidole,Pheidole picea
Formicidae,Pheidole,Pheidole piceonigra
Formicidae,Pheidole,Pheidole picobarva
Formicidae,Pheidole,Pheidole pidax
Formicidae,Pheidole,Pheidole pieli
Formicidae,Pheidole,Pheidole pilifera
Formicidae,Pheidole,Pheidole pilispina
Formicidae,Pheidole,Pheidole piliventris
Formicidae,Pheidole,Pheidole pilosior
Formicidae,Pheidole,Pheidole pinealis
Formicidae,Pheidole,Pheidole pinicola
Formicidae,Pheidole,Pheidole plagiaria
Formicidae,Pheidole,Pheidole planidorsum
Formicidae,Pheidole,Pheidole planifrons
Formicidae,Pheidole,Pheidole plato
Formicidae,Pheidole,Pheidole platypus
Formicidae,Pheidole,Pheidole platyscapa
Formicidae,Pheidole,Pheidole plebecula
Formicidae,Pheidole,Pheidole plinii
Formicidae,Pheidole,Pheidole podargea
Formicidae,Pheidole,Pheidole polita
Formicidae,Pheidole,Pheidole polymorpha
Formicidae,Pheidole,Pheidole porcula
Formicidae,Pheidole,Pheidole poringensis
Formicidae,Pheidole,Pheidole portalensis
Formicidae,Pheidole,Pheidole potosiana
Formicidae,Pheidole,Pheidole praegrandis
Formicidae,Pheidole,Pheidole praeses
Formicidae,Pheidole,Pheidole praeusta
Formicidae,Pheidole,Pheidole prattorum
Formicidae,Pheidole,Pheidole prelli
Formicidae,Pheidole,Pheidole probolonotum
Formicidae,Pheidole,Pheidole pronotalis
Formicidae,Pheidole,Pheidole prostrata
Formicidae,Pheidole,Pheidole protaxi
Formicidae,Pheidole,Pheidole protea
Formicidae,Pheidole,Pheidole protensa
Formicidae,Pheidole,Pheidole providens
Formicidae,Pheidole,Pheidole proxima
Formicidae,Pheidole,Pheidole psammophila
Formicidae,Pheidole,Pheidole psilogaster
Formicidae,Pheidole,Pheidole pubiventris
Formicidae,Pheidole,Pheidole pugnax
Formicidae,Pheidole,Pheidole pulchella
Formicidae,Pheidole,Pheidole pullula
Formicidae,Pheidole,Pheidole punctatissima
Formicidae,Pheidole,Pheidole punctithorax
Formicidae,Pheidole,Pheidole punctulata
Formicidae,Pheidole,Pheidole purpurascens
Formicidae,Pheidole,Pheidole purpurea
Formicidae,Pheidole,Pheidole puttemansi
Formicidae,Pheidole,Pheidole pygmaea
Formicidae,Pheidole,Pheidole quadrensis
Formicidae,Pheidole,Pheidole quadriceps
Formicidae,Pheidole,Pheidole quadricuspis
Formicidae,Pheidole,Pheidole quadriprojecta
Formicidae,Pheidole,Pheidole quadrispinosa
Formicidae,Pheidole,Pheidole quercicola
Formicidae,Pheidole,Pheidole quiaccana
Formicidae,Pheidole,Pheidole quinata
Formicidae,Pheidole,Pheidole rabo
Formicidae,Pheidole,Pheidole radoszkowskii
Formicidae,Pheidole,Pheidole ragnax
Formicidae,Pheidole,Pheidole ranohirensis
Formicidae,Pheidole,Pheidole rasnitsyni
Formicidae,Pheidole,Pheidole rebeccae
Formicidae,Pheidole,Pheidole reclusi
Formicidae,Pheidole,Pheidole recondita
Formicidae,Pheidole,Pheidole rectisentis
Formicidae,Pheidole,Pheidole rectispina
Formicidae,Pheidole,Pheidole rectitrudis
Formicidae,Pheidole,Pheidole reflexans
Formicidae,Pheidole,Pheidole reichenspergeri
Formicidae,Pheidole,Pheidole renae
Formicidae,Pheidole,Pheidole renirano
Formicidae,Pheidole,Pheidole retivertex
Formicidae,Pheidole,Pheidole retronitens
Formicidae,Pheidole,Pheidole rhea
Formicidae,Pheidole,Pheidole rhinoceros
Formicidae,Pheidole,Pheidole rhinomontana
Formicidae,Pheidole,Pheidole rhytifera
Formicidae,Pheidole,Pheidole rima
Formicidae,Pheidole,Pheidole rinae
Formicidae,Pheidole,Pheidole risii
Formicidae,Pheidole,Pheidole riveti
Formicidae,Pheidole,Pheidole roberti
Formicidae,Pheidole,Pheidole rochai
Formicidae,Pheidole,Pheidole rogeri
Formicidae,Pheidole,Pheidole rogeripolita
Formicidae,Pheidole,Pheidole rogersi
Formicidae,Pheidole,Pheidole rohani
Formicidae,Pheidole,Pheidole rojasae
Formicidae,Pheidole,Pheidole roosevelti
Formicidae,Pheidole,Pheidole rosae
Formicidae,Pheidole,Pheidole rosula
Formicidae,Pheidole,Pheidole rotundiceps
Formicidae,Pheidole,Pheidole roushae
Formicidae,Pheidole,Pheidole rubiceps
Formicidae,Pheidole,Pheidole rudigenis
Formicidae,Pheidole,Pheidole ruficeps
Formicidae,Pheidole,Pheidole rufipilis
Formicidae,Pheidole,Pheidole rugaticeps
Formicidae,Pheidole,Pheidole rugatula
Formicidae,Pheidole,Pheidole rugiceps
Formicidae,Pheidole,Pheidole rugifera
Formicidae,Pheidole,Pheidole rugithorax
Formicidae,Pheidole,Pheidole rugocephala
Formicidae,Pheidole,Pheidole rugofitarata
Formicidae,Pheidole,Pheidole rugosa
Formicidae,Pheidole,Pheidole rugosula
Formicidae,Pheidole,Pheidole rugulosa
Formicidae,Pheidole,Pheidole rutilana
Formicidae,Pheidole,Pheidole ryukyuensis
Formicidae,Pheidole,Pheidole sabahna
Formicidae,Pheidole,Pheidole sabella
Formicidae,Pheidole,Pheidole sabina
Formicidae,Pheidole,Pheidole sagax
Formicidae,Pheidole,Pheidole sagei
Formicidae,Pheidole,Pheidole sagittaria
Formicidae,Pheidole,Pheidole sarae
Formicidae,Pheidole,Pheidole sarawakana
Formicidae,Pheidole,Pheidole sarcina
Formicidae,Pheidole,Pheidole sarpedon
Formicidae,Pheidole,Pheidole sauberi
Formicidae,Pheidole,Pheidole sava
Formicidae,Pheidole,Pheidole savegre
Formicidae,Pheidole,Pheidole saxicola
Formicidae,Pheidole,Pheidole sayapensis
Formicidae,Pheidole,Pheidole scabrata
Formicidae,Pheidole,Pheidole scabriuscula
Formicidae,Pheidole,Pheidole scapulata
Formicidae,Pheidole,Pheidole schmalzi
Formicidae,Pheidole,Pheidole schoedli
Formicidae,Pheidole,Pheidole schoutedeni
Formicidae,Pheidole,Pheidole schultzei
Formicidae,Pheidole,Pheidole schwarzmaieri
Formicidae,Pheidole,Pheidole sciara
Formicidae,Pheidole,Pheidole scimitara
Formicidae,Pheidole,Pheidole sciophila
Formicidae,Pheidole,Pheidole scolioceps
Formicidae,Pheidole,Pheidole scrobifera
Formicidae,Pheidole,Pheidole sculptior
Formicidae,Pheidole,Pheidole sculpturata
Formicidae,Pheidole,Pheidole sebofila
Formicidae,Pheidole,Pheidole securigera
Formicidae,Pheidole,Pheidole seeldrayersi
Formicidae,Pheidole,Pheidole selathorax
Formicidae,Pheidole,Pheidole seligmanni
Formicidae,Pheidole,Pheidole semidea
Formicidae,Pheidole,Pheidole semilaevis
Formicidae,Pheidole,Pheidole senex
Formicidae,Pheidole,Pheidole senilis
Formicidae,Pheidole,Pheidole sensipelada
Formicidae,Pheidole,Pheidole sensitiva
Formicidae,Pheidole,Pheidole sepulchralis
Formicidae,Pheidole,Pheidole sepultura
Formicidae,Pheidole,Pheidole sericella
Formicidae,Pheidole,Pheidole servilia
Formicidae,Pheidole,Pheidole setosa
Formicidae,Pheidole,Pheidole setsukoae
Formicidae,Pheidole,Pheidole severini
Formicidae,Pheidole,Pheidole sexdentata
Formicidae,Pheidole,Pheidole sexspinosa
Formicidae,Pheidole,Pheidole sharpi
Formicidae,Pheidole,Pheidole sicaria
Formicidae,Pheidole,Pheidole sigillata
Formicidae,Pheidole,Pheidole sikorae
Formicidae,Pheidole,Pheidole similigena
Formicidae,Pheidole,Pheidole similis
Formicidae,Pheidole,Pheidole simoni
Formicidae,Pheidole,Pheidole simonsi
Formicidae,Pheidole,Pheidole simplex
Formicidae,Pheidole,Pheidole simplispinosa
Formicidae,Pheidole,Pheidole sinaitica
Formicidae,Pheidole,Pheidole singaporensis
Formicidae,Pheidole,Pheidole singularis
Formicidae,Pheidole,Pheidole sinica
Formicidae,Pheidole,Pheidole sitiens
Formicidae,Pheidole,Pheidole skwarrae
Formicidae,Pheidole,Pheidole smythiesii
Formicidae,Pheidole,Pheidole socrates
Formicidae,Pheidole,Pheidole soesilae
Formicidae,Pheidole,Pheidole sofia
Formicidae,Pheidole,Pheidole soritis
Formicidae,Pheidole,Pheidole sospes
Formicidae,Pheidole,Pheidole spadonia
Formicidae,Pheidole,Pheidole sparsa
Formicidae,Pheidole,Pheidole sparsisculpta
Formicidae,Pheidole,Pheidole spathicornis
Formicidae,Pheidole,Pheidole spathifera
Formicidae,Pheidole,Pheidole spathipilosa
Formicidae,Pheidole,Pheidole specularis
Formicidae,Pheidole,Pheidole speculifera
Formicidae,Pheidole,Pheidole sperata
Formicidae,Pheidole,Pheidole sphaerica
Formicidae,Pheidole,Pheidole spilota
Formicidae,Pheidole,Pheidole spinicornis
Formicidae,Pheidole,Pheidole spininodis
Formicidae,Pheidole,Pheidole spinoda
Formicidae,Pheidole,Pheidole spinosa
Formicidae,Pheidole,Pheidole spinulosa
Formicidae,Pheidole,Pheidole squalida
Formicidae,Pheidole,Pheidole steinheili
Formicidae,Pheidole,Pheidole stigma
Formicidae,Pheidole,Pheidole stomachosa
Formicidae,Pheidole,Pheidole strator
Formicidae,Pheidole,Pheidole striata
Formicidae,Pheidole,Pheidole striaticeps
Formicidae,Pheidole,Pheidole strigosa
Formicidae,Pheidole,Pheidole strobeli
Formicidae,Pheidole,Pheidole stulta
Formicidae,Pheidole,Pheidole styrax
Formicidae,Pheidole,Pheidole subaberrans
Formicidae,Pheidole,Pheidole subarmata
Formicidae,Pheidole,Pheidole submonticola
Formicidae,Pheidole,Pheidole subnuda
Formicidae,Pheidole,Pheidole subreticulata
Formicidae,Pheidole,Pheidole subsphaerica
Formicidae,Pheidole,Pheidole sulcaticeps
Formicidae,Pheidole,Pheidole superba
Formicidae,Pheidole,Pheidole susannae
Formicidae,Pheidole,Pheidole susanowo
Formicidae,Pheidole,Pheidole sykesii
Formicidae,Pheidole,Pheidole synanthropica
Formicidae,Pheidole,Pheidole synarmata
Formicidae,Pheidole,Pheidole tachigaliae
Formicidae,Pheidole,Pheidole tachirana
Formicidae,Pheidole,Pheidole taipoana
Formicidae,Pheidole,Pheidole taivanensis
Formicidae,Pheidole,Pheidole tambopatae
Formicidae,Pheidole,Pheidole tampony
Formicidae,Pheidole,Pheidole tandjongensis
Formicidae,Pheidole,Pheidole tanyscapa
Formicidae,Pheidole,Pheidole tapanti
Formicidae,Pheidole,Pheidole tarchon
Formicidae,Pheidole,Pheidole tasmaniensis
Formicidae,Pheidole,Pheidole taurus
Formicidae,Pheidole,Pheidole tawauensis
Formicidae,Pheidole,Pheidole templaria
Formicidae,Pheidole,Pheidole tenebricosa
Formicidae,Pheidole,Pheidole tenebrovulgaris
Formicidae,Pheidole,Pheidole tenerescens
Formicidae,Pheidole,Pheidole tennantae
Formicidae,Pheidole,Pheidole tenuicephala
Formicidae,Pheidole,Pheidole tenuiclavata
Formicidae,Pheidole,Pheidole tenuinodis
Formicidae,Pheidole,Pheidole tenuis
Formicidae,Pheidole,Pheidole tepicana
Formicidae,Pheidole,Pheidole tepuicola
Formicidae,Pheidole,Pheidole termitobia
Formicidae,Pheidole,Pheidole termitophila
Formicidae,Pheidole,Pheidole terraceensis
Formicidae,Pheidole,Pheidole terresi
Formicidae,Pheidole,Pheidole terribilis
Formicidae,Pheidole,Pheidole tetra
Formicidae,Pheidole,Pheidole tetracantha
Formicidae,Pheidole,Pheidole tetrica
Formicidae,Pheidole,Pheidole tetroides
Formicidae,Pheidole,Pheidole texana
Formicidae,Pheidole,Pheidole tigris
Formicidae,Pheidole,Pheidole tijucana
Formicidae,Pheidole,Pheidole tikal
Formicidae,Pheidole,Pheidole tillandsiarum
Formicidae,Pheidole,Pheidole tinamu
Formicidae,Pheidole,Pheidole tisiphone
Formicidae,Pheidole,Pheidole titanis
Formicidae,Pheidole,Pheidole tjibodana
Formicidae,Pheidole,Pheidole tobini
Formicidae,Pheidole,Pheidole tolteca
Formicidae,Pheidole,Pheidole torosa
Formicidae,Pheidole,Pheidole trachyderma
Formicidae,Pheidole,Pheidole trageri
Formicidae,Pheidole,Pheidole tragica
Formicidae,Pheidole,Pheidole traini
Formicidae,Pheidole,Pheidole transfigens
Formicidae,Pheidole,Pheidole transversostriata
Formicidae,Pheidole,Pheidole trapezoidea
Formicidae,Pheidole,Pheidole tricarinata
Formicidae,Pheidole,Pheidole trichotos
Formicidae,Pheidole,Pheidole tricolor
Formicidae,Pheidole,Pheidole triconstricta
Formicidae,Pheidole,Pheidole trinitatis
Formicidae,Pheidole,Pheidole triplex
Formicidae,Pheidole,Pheidole tristis
Formicidae,Pheidole,Pheidole tristops
Formicidae,Pheidole,Pheidole truncula
Formicidae,Pheidole,Pheidole tsaravoniana
Formicidae,Pheidole,Pheidole tschinkeli
Formicidae,Pheidole,Pheidole tsontekonwei
Formicidae,Pheidole,Pheidole tuculutan
Formicidae,Pheidole,Pheidole tumida
Formicidae,Pheidole,Pheidole turneri
Formicidae,Pheidole,Pheidole tuxtlasana
Formicidae,Pheidole,Pheidole typhlos
Formicidae,Pheidole,Pheidole tysoni
Formicidae,Pheidole,Pheidole ulothrix
Formicidae,Pheidole,Pheidole ululevu
Formicidae,Pheidole,Pheidole umbonata
Formicidae,Pheidole,Pheidole umphreyi
Formicidae,Pheidole,Pheidole uncagena
Formicidae,Pheidole,Pheidole unicornis
Formicidae,Pheidole,Pheidole upeneci
Formicidae,Pheidole,Pheidole uranus
Formicidae,Pheidole,Pheidole urbana
Formicidae,Pheidole,Pheidole ursus
Formicidae,Pheidole,Pheidole vadum
Formicidae,Pheidole,Pheidole vafella
Formicidae,Pheidole,Pheidole vafra
Formicidae,Pheidole,Pheidole valens
Formicidae,Pheidole,Pheidole vallicola
Formicidae,Pheidole,Pheidole vallifica
Formicidae,Pheidole,Pheidole vanderveldi
Formicidae,Pheidole,Pheidole variabilis
Formicidae,Pheidole,Pheidole variolosa
Formicidae,Pheidole,Pheidole vatovavensis
Formicidae,Pheidole,Pheidole vatu
Formicidae,Pheidole,Pheidole veletis
Formicidae,Pheidole,Pheidole velox
Formicidae,Pheidole,Pheidole venatrix
Formicidae,Pheidole,Pheidole verricula
Formicidae,Pheidole,Pheidole vestita
Formicidae,Pheidole,Pheidole veteratrix
Formicidae,Pheidole,Pheidole victima
Formicidae,Pheidole,Pheidole victoris
Formicidae,Pheidole,Pheidole vieti
Formicidae,Pheidole,Pheidole vigilans
Formicidae,Pheidole,Pheidole violacea
Formicidae,Pheidole,Pheidole virago
Formicidae,Pheidole,Pheidole viriosa
Formicidae,Pheidole,Pheidole viserion
Formicidae,Pheidole,Pheidole vistana
Formicidae,Pheidole,Pheidole voasara
Formicidae,Pheidole,Pheidole vohemarensis
Formicidae,Pheidole,Pheidole volontany
Formicidae,Pheidole,Pheidole vomer
Formicidae,Pheidole,Pheidole vony
Formicidae,Pheidole,Pheidole vorax
Formicidae,Pheidole,Pheidole voreios
Formicidae,Pheidole,Pheidole vulcan
Formicidae,Pheidole,Pheidole vulgaris
Formicidae,Pheidole,Pheidole walkeri
Formicidae,Pheidole,Pheidole wallacei
Formicidae,Pheidole,Pheidole wardi
Formicidae,Pheidole,Pheidole watsoni
Formicidae,Pheidole,Pheidole weiseri
Formicidae,Pheidole,Pheidole wheelerorum
Formicidae,Pheidole,Pheidole wiesei
Formicidae,Pheidole,Pheidole williamsi
Formicidae,Pheidole,Pheidole wilsoni
Formicidae,Pheidole,Pheidole wolfringi
Formicidae,Pheidole,Pheidole woodmasoni
Formicidae,Pheidole,Pheidole wroughtonii
Formicidae,Pheidole,Pheidole xanthocnemis
Formicidae,Pheidole,Pheidole xanthogaster
Formicidae,Pheidole,Pheidole xerophila
Formicidae,Pheidole,Pheidole xiloa
Formicidae,Pheidole,Pheidole xocensis
Formicidae,Pheidole,Pheidole xyston
Formicidae,Pheidole,Pheidole yaqui
Formicidae,Pheidole,Pheidole yeensis
Formicidae,Pheidole,Pheidole yucatana
Formicidae,Pheidole,Pheidole zannia
Formicidae,Pheidole,Pheidole zavamanira
Formicidae,Pheidole,Pheidole zelata
Formicidae,Pheidole,Pheidole zeteki
Formicidae,Pheidole,Pheidole zhoushanensis
Formicidae,Pheidole,Pheidole zirafy
Formicidae,Pheidole,Pheidole zoceana
Formicidae,Pheidole,Pheidole zoster
Formicidae,Philidris,Philidris brunnea
Formicidae,Philidris,Philidris cordata
Formicidae,Philidris,Philidris cruda
Formicidae,Philidris,Philidris jiugongshanensis
Formicidae,Philidris,Philidris laevigata
Formicidae,Philidris,Philidris myrmecodiae
Formicidae,Philidris,Philidris nagasau
Formicidae,Philidris,Philidris notiala
Formicidae,Philidris,Philidris pubescens
Formicidae,Phrynoponera,Phrynoponera bequaerti
Formicidae,Phrynoponera,Phrynoponera gabonensis
Formicidae,Phrynoponera,Phrynoponera pulchella
Formicidae,Phrynoponera,Phrynoponera sveni
Formicidae,Phrynoponera,Phrynoponera transversa
Formicidae,Pilotrochus,Pilotrochus besmerus
Formicidae,Plagiolepis,Plagiolepis abyssinica
Formicidae,Plagiolepis,Plagiolepis adynata
Formicidae,Plagiolepis,Plagiolepis alluaudi
Formicidae,Plagiolepis,Plagiolepis ampeloni
Formicidae,Plagiolepis,Plagiolepis arnoldii
Formicidae,Plagiolepis,Plagiolepis atlantis
Formicidae,Plagiolepis,Plagiolepis balestrierii
Formicidae,Plagiolepis,Plagiolepis barbara
Formicidae,Plagiolepis,Plagiolepis bicolor
Formicidae,Plagiolepis,Plagiolepis boltoni
Formicidae,Plagiolepis,Plagiolepis breviscapa
Formicidae,Plagiolepis,Plagiolepis brunni
Formicidae,Plagiolepis,Plagiolepis calva
Formicidae,Plagiolepis,Plagiolepis capensis
Formicidae,Plagiolepis,Plagiolepis cardiocarenis
Formicidae,Plagiolepis,Plagiolepis chirindensis
Formicidae,Plagiolepis,Plagiolepis chomphuphuangi
Formicidae,Plagiolepis,Plagiolepis clarki
Formicidae,Plagiolepis,Plagiolepis compressa
Formicidae,Plagiolepis,Plagiolepis decora
Formicidae,Plagiolepis,Plagiolepis delaugerrei
Formicidae,Plagiolepis,Plagiolepis demangei
Formicidae,Plagiolepis,Plagiolepis deweti
Formicidae,Plagiolepis,Plagiolepis dichroa
Formicidae,Plagiolepis,Plagiolepis dlusskyi
Formicidae,Plagiolepis,Plagiolepis exigua
Formicidae,Plagiolepis,Plagiolepis flavescens
Formicidae,Plagiolepis,Plagiolepis funicularis
Formicidae,Plagiolepis,Plagiolepis fuscula
Formicidae,Plagiolepis,Plagiolepis grassei
Formicidae,Plagiolepis,Plagiolepis hoggarensis
Formicidae,Plagiolepis,Plagiolepis intermedia
Formicidae,Plagiolepis,Plagiolepis invadens
Formicidae,Plagiolepis,Plagiolepis jerdonii
Formicidae,Plagiolepis,Plagiolepis jouberti
Formicidae,Plagiolepis,Plagiolepis juddi
Formicidae,Plagiolepis,Plagiolepis karawajewi
Formicidae,Plagiolepis,Plagiolepis livingstonei
Formicidae,Plagiolepis,Plagiolepis longwang
Formicidae,Plagiolepis,Plagiolepis lucidula
Formicidae,Plagiolepis,Plagiolepis madecassa
Formicidae,Plagiolepis,Plagiolepis manczshurica
Formicidae,Plagiolepis,Plagiolepis mediorufa
Formicidae,Plagiolepis,Plagiolepis moelleri
Formicidae,Plagiolepis,Plagiolepis montivaga
Formicidae,Plagiolepis,Plagiolepis nitida
Formicidae,Plagiolepis,Plagiolepis nynganensis
Formicidae,Plagiolepis,Plagiolepis pallescens
Formicidae,Plagiolepis,Plagiolepis perperamus
Formicidae,Plagiolepis,Plagiolepis pictipes
Formicidae,Plagiolepis,Plagiolepis pissina
Formicidae,Plagiolepis,Plagiolepis pontii
Formicidae,Plagiolepis,Plagiolepis puncta
Formicidae,Plagiolepis,Plagiolepis pygmaea
Formicidae,Plagiolepis,Plagiolepis pyrenaica
Formicidae,Plagiolepis,Plagiolepis regis
Formicidae,Plagiolepis,Plagiolepis rogeri
Formicidae,Plagiolepis,Plagiolepis schmitzii
Formicidae,Plagiolepis,Plagiolepis silpaarchai
Formicidae,Plagiolepis,Plagiolepis simoni
Formicidae,Plagiolepis,Plagiolepis squamulosa
Formicidae,Plagiolepis,Plagiolepis sudanica
Formicidae,Plagiolepis,Plagiolepis vanderkelleni
Formicidae,Plagiolepis,Plagiolepis vladileni
Formicidae,Plagiolepis,Plagiolepis wilsoni
Formicidae,Plagiolepis,Plagiolepis xene
Formicidae,Platythyrea,Platythyrea angusta
Formicidae,Platythyrea,Platythyrea arnoldi
Formicidae,Platythyrea,Platythyrea arthuri
Formicidae,Platythyrea,Platythyrea bicuspis
Formicidae,Platythyrea,Platythyrea bidentata
Formicidae,Platythyrea,Platythyrea brunnipes
Formicidae,Platythyrea,Platythyrea clypeata
Formicidae,Platythyrea,Platythyrea conradti
Formicidae,Platythyrea,Platythyrea cooperi
Formicidae,Platythyrea,Platythyrea cribrinodis
Formicidae,Platythyrea,Platythyrea crucheti
Formicidae,Platythyrea,Platythyrea dentinodis
Formicidae,Platythyrea,Platythyrea exigua
Formicidae,Platythyrea,Platythyrea frontalis
Formicidae,Platythyrea,Platythyrea gracillima
Formicidae,Platythyrea,Platythyrea homasawini
Formicidae,Platythyrea,Platythyrea inermis
Formicidae,Platythyrea,Platythyrea janyai
Formicidae,Platythyrea,Platythyrea lamellosa
Formicidae,Platythyrea,Platythyrea lenca
Formicidae,Platythyrea,Platythyrea matopoensis
Formicidae,Platythyrea,Platythyrea micans
Formicidae,Platythyrea,Platythyrea mocquerysi
Formicidae,Platythyrea,Platythyrea modesta
Formicidae,Platythyrea,Platythyrea nicobarensis
Formicidae,Platythyrea,Platythyrea occidentalis
Formicidae,Platythyrea,Platythyrea parallela
Formicidae,Platythyrea,Platythyrea pilosula
Formicidae,Platythyrea,Platythyrea prizo
Formicidae,Platythyrea,Platythyrea punctata
Formicidae,Platythyrea,Platythyrea quadridenta
Formicidae,Platythyrea,Platythyrea sagei
Formicidae,Platythyrea,Platythyrea schultzei
Formicidae,Platythyrea,Platythyrea sinuata
Formicidae,Platythyrea,Platythyrea strenua
Formicidae,Platythyrea,Platythyrea tenuis
Formicidae,Platythyrea,Platythyrea tricuspidata
Formicidae,Platythyrea,Platythyrea turneri
Formicidae,Platythyrea,Platythyrea viehmeyeri
Formicidae,Platythyrea,Platythyrea zodion
Formicidae,Plectroctena,Plectroctena anops
Formicidae,Plectroctena,Plectroctena cristata
Formicidae,Plectroctena,Plectroctena cryptica
Formicidae,Plectroctena,Plectroctena dentata
Formicidae,Plectroctena,Plectroctena gestroi
Formicidae,Plectroctena,Plectroctena hastifera
Formicidae,Plectroctena,Plectroctena laevior
Formicidae,Plectroctena,Plectroctena latinodis
Formicidae,Plectroctena,Plectroctena lygaria
Formicidae,Plectroctena,Plectroctena macgeei
Formicidae,Plectroctena,Plectroctena mandibularis
Formicidae,Plectroctena,Plectroctena minor
Formicidae,Plectroctena,Plectroctena strigosa
Formicidae,Plectroctena,Plectroctena subterranea
Formicidae,Plectroctena,Plectroctena thaui
Formicidae,Plectroctena,Plectroctena ugandensis
Formicidae,Podomyrma,Podomyrma abdominalis
Formicidae,Podomyrma,Podomyrma adelaidae
Formicidae,Podomyrma,Podomyrma alae
Formicidae,Podomyrma,Podomyrma albertisi
Formicidae,Podomyrma,Podomyrma basalis
Formicidae,Podomyrma,Podomyrma bispinosa
Formicidae,Podomyrma,Podomyrma carinata
Formicidae,Podomyrma,Podomyrma chasei
Formicidae,Podomyrma,Podomyrma christae
Formicidae,Podomyrma,Podomyrma clarki
Formicidae,Podomyrma,Podomyrma delbrueckii
Formicidae,Podomyrma,Podomyrma densestrigosa
Formicidae,Podomyrma,Podomyrma elongata
Formicidae,Podomyrma,Podomyrma femorata
Formicidae,Podomyrma,Podomyrma ferruginea
Formicidae,Podomyrma,Podomyrma formosa
Formicidae,Podomyrma,Podomyrma gastralis
Formicidae,Podomyrma,Podomyrma gibbula
Formicidae,Podomyrma,Podomyrma gratiosa
Formicidae,Podomyrma,Podomyrma grossestriata
Formicidae,Podomyrma,Podomyrma inermis
Formicidae,Podomyrma,Podomyrma keysseri
Formicidae,Podomyrma,Podomyrma kitschneri
Formicidae,Podomyrma,Podomyrma kraepelini
Formicidae,Podomyrma,Podomyrma laevifrons
Formicidae,Podomyrma,Podomyrma laevissima
Formicidae,Podomyrma,Podomyrma lampros
Formicidae,Podomyrma,Podomyrma libra
Formicidae,Podomyrma,Podomyrma macrophthalma
Formicidae,Podomyrma,Podomyrma maculiventris
Formicidae,Podomyrma,Podomyrma maligna
Formicidae,Podomyrma,Podomyrma marginata
Formicidae,Podomyrma,Podomyrma micans
Formicidae,Podomyrma,Podomyrma minor
Formicidae,Podomyrma,Podomyrma mjobergi
Formicidae,Podomyrma,Podomyrma muckeli
Formicidae,Podomyrma,Podomyrma nitida
Formicidae,Podomyrma,Podomyrma novemdentata
Formicidae,Podomyrma,Podomyrma obscurior
Formicidae,Podomyrma,Podomyrma octodentata
Formicidae,Podomyrma,Podomyrma odae
Formicidae,Podomyrma,Podomyrma omniparens
Formicidae,Podomyrma,Podomyrma overbecki
Formicidae,Podomyrma,Podomyrma pulchella
Formicidae,Podomyrma,Podomyrma ruficeps
Formicidae,Podomyrma,Podomyrma rugosa
Formicidae,Podomyrma,Podomyrma silvicola
Formicidae,Podomyrma,Podomyrma simillima
Formicidae,Podomyrma,Podomyrma testacea
Formicidae,Podomyrma,Podomyrma tristis
Formicidae,Podomyrma,Podomyrma turneri
Formicidae,Podomyrma,Podomyrma vidua
Formicidae,Poecilomyrma,Poecilomyrma myrmecodiae
Formicidae,Poecilomyrma,Poecilomyrma senirewae
Formicidae,Pogonomyrmex,Pogonomyrmex abdominalis
Formicidae,Pogonomyrmex,Pogonomyrmex andinus
Formicidae,Pogonomyrmex,Pogonomyrmex anergismus
Formicidae,Pogonomyrmex,Pogonomyrmex anzensis
Formicidae,Pogonomyrmex,Pogonomyrmex apache
Formicidae,Pogonomyrmex,Pogonomyrmex apterogenos
Formicidae,Pogonomyrmex,Pogonomyrmex araucania
Formicidae,Pogonomyrmex,Pogonomyrmex atacama
Formicidae,Pogonomyrmex,Pogonomyrmex aterrimus
Formicidae,Pogonomyrmex,Pogonomyrmex atratus
Formicidae,Pogonomyrmex,Pogonomyrmex badius
Formicidae,Pogonomyrmex,Pogonomyrmex barbatus
Formicidae,Pogonomyrmex,Pogonomyrmex bicolor
Formicidae,Pogonomyrmex,Pogonomyrmex bigbendensis
Formicidae,Pogonomyrmex,Pogonomyrmex bispinosus
Formicidae,Pogonomyrmex,Pogonomyrmex bolivianus
Formicidae,Pogonomyrmex,Pogonomyrmex brevibarbis
Formicidae,Pogonomyrmex,Pogonomyrmex brevispinosus
Formicidae,Pogonomyrmex,Pogonomyrmex californicus
Formicidae,Pogonomyrmex,Pogonomyrmex carbonarius
Formicidae,Pogonomyrmex,Pogonomyrmex catanlilensis
Formicidae,Pogonomyrmex,Pogonomyrmex coarctatus
Formicidae,Pogonomyrmex,Pogonomyrmex colca
Formicidae,Pogonomyrmex,Pogonomyrmex colei
Formicidae,Pogonomyrmex,Pogonomyrmex comanche
Formicidae,Pogonomyrmex,Pogonomyrmex cunicularius
Formicidae,Pogonomyrmex,Pogonomyrmex cusquena
Formicidae,Pogonomyrmex,Pogonomyrmex desertorum
Formicidae,Pogonomyrmex,Pogonomyrmex eremicus
Formicidae,Pogonomyrmex,Pogonomyrmex excelsior
Formicidae,Pogonomyrmex,Pogonomyrmex forelii
Formicidae,Pogonomyrmex,Pogonomyrmex granulatus
Formicidae,Pogonomyrmex,Pogonomyrmex guatemaltecus
Formicidae,Pogonomyrmex,Pogonomyrmex hoelldobleri
Formicidae,Pogonomyrmex,Pogonomyrmex huachucanus
Formicidae,Pogonomyrmex,Pogonomyrmex humerotumidus
Formicidae,Pogonomyrmex,Pogonomyrmex imberbiculus
Formicidae,Pogonomyrmex,Pogonomyrmex inermis
Formicidae,Pogonomyrmex,Pogonomyrmex intermedius
Formicidae,Pogonomyrmex,Pogonomyrmex laevinodis
Formicidae,Pogonomyrmex,Pogonomyrmex lagunabravensis
Formicidae,Pogonomyrmex,Pogonomyrmex laticeps
Formicidae,Pogonomyrmex,Pogonomyrmex leonis
Formicidae,Pogonomyrmex,Pogonomyrmex loaensis
Formicidae,Pogonomyrmex,Pogonomyrmex lobatus
Formicidae,Pogonomyrmex,Pogonomyrmex longibarbis
Formicidae,Pogonomyrmex,Pogonomyrmex magnacanthus
Formicidae,Pogonomyrmex,Pogonomyrmex mapuche
Formicidae,Pogonomyrmex,Pogonomyrmex marcusi
Formicidae,Pogonomyrmex,Pogonomyrmex maricopa
Formicidae,Pogonomyrmex,Pogonomyrmex maulensis
Formicidae,Pogonomyrmex,Pogonomyrmex mayri
Formicidae,Pogonomyrmex,Pogonomyrmex mendozanus
Formicidae,Pogonomyrmex,Pogonomyrmex meridionalis
Formicidae,Pogonomyrmex,Pogonomyrmex micans
Formicidae,Pogonomyrmex,Pogonomyrmex mohavensis
Formicidae,Pogonomyrmex,Pogonomyrmex montanus
Formicidae,Pogonomyrmex,Pogonomyrmex naegelii
Formicidae,Pogonomyrmex,Pogonomyrmex occidentalis
Formicidae,Pogonomyrmex,Pogonomyrmex pencosensis
Formicidae,Pogonomyrmex,Pogonomyrmex pichachen
Formicidae,Pogonomyrmex,Pogonomyrmex pima
Formicidae,Pogonomyrmex,Pogonomyrmex pronotalis
Formicidae,Pogonomyrmex,Pogonomyrmex propinquus
Formicidae,Pogonomyrmex,Pogonomyrmex pulchellus
Formicidae,Pogonomyrmex,Pogonomyrmex rastratus
Formicidae,Pogonomyrmex,Pogonomyrmex rugosus
Formicidae,Pogonomyrmex,Pogonomyrmex salinus
Formicidae,Pogonomyrmex,Pogonomyrmex sanmartini
Formicidae,Pogonomyrmex,Pogonomyrmex santschii
Formicidae,Pogonomyrmex,Pogonomyrmex saucius
Formicidae,Pogonomyrmex,Pogonomyrmex schmitti
Formicidae,Pogonomyrmex,Pogonomyrmex semistriata
Formicidae,Pogonomyrmex,Pogonomyrmex serpens
Formicidae,Pogonomyrmex,Pogonomyrmex snellingi
Formicidae,Pogonomyrmex,Pogonomyrmex spinolae
Formicidae,Pogonomyrmex,Pogonomyrmex stefani
Formicidae,Pogonomyrmex,Pogonomyrmex striatinodus
Formicidae,Pogonomyrmex,Pogonomyrmex strioligaster
Formicidae,Pogonomyrmex,Pogonomyrmex subdentatus
Formicidae,Pogonomyrmex,Pogonomyrmex subnitidus
Formicidae,Pogonomyrmex,Pogonomyrmex sylvestris
Formicidae,Pogonomyrmex,Pogonomyrmex tafi
Formicidae,Pogonomyrmex,Pogonomyrmex tenuipubens
Formicidae,Pogonomyrmex,Pogonomyrmex tenuispinus
Formicidae,Pogonomyrmex,Pogonomyrmex texanus
Formicidae,Pogonomyrmex,Pogonomyrmex theresiae
Formicidae,Pogonomyrmex,Pogonomyrmex tinogasta
Formicidae,Pogonomyrmex,Pogonomyrmex uruguayensis
Formicidae,Pogonomyrmex,Pogonomyrmex varicolor
Formicidae,Pogonomyrmex,Pogonomyrmex vermiculatus
Formicidae,Pogonomyrmex,Pogonomyrmex weiseri
Formicidae,Pogonomyrmex,Pogonomyrmex wheeleri
Formicidae,Pogonomyrmex,Pogonomyrmex wilsoni
Formicidae,Polyergus,Polyergus bicolor
Formicidae,Polyergus,Polyergus breviceps
Formicidae,Polyergus,Polyergus longicornis
Formicidae,Polyergus,Polyergus lucidus
Formicidae,Polyergus,Polyergus mexicanus
Formicidae,Polyergus,Polyergus montivagus
Formicidae,Polyergus,Polyergus nigerrimus
Formicidae,Polyergus,Polyergus oligergus
Formicidae,Polyergus,Polyergus ruber
Formicidae,Polyergus,Polyergus rufescens
Formicidae,Polyergus,Polyergus samurai
Formicidae,Polyergus,Polyergus sanwaldi
Formicidae,Polyergus,Polyergus texana
Formicidae,Polyergus,Polyergus topoffi
Formicidae,Polyergus,Polyergus vinosus
Formicidae,Polyrhachis,Polyrhachis abbreviata
Formicidae,Polyrhachis,Polyrhachis abdita
Formicidae,Polyrhachis,Polyrhachis abdominalis
Formicidae,Polyrhachis,Polyrhachis aberrans
Formicidae,Polyrhachis,Polyrhachis abnormis
Formicidae,Polyrhachis,Polyrhachis abrupta
Formicidae,Polyrhachis,Polyrhachis achterbergi
Formicidae,Polyrhachis,Polyrhachis aculeata
Formicidae,Polyrhachis,Polyrhachis acuminata
Formicidae,Polyrhachis,Polyrhachis aenescens
Formicidae,Polyrhachis,Polyrhachis aequalis
Formicidae,Polyrhachis,Polyrhachis aerope
Formicidae,Polyrhachis,Polyrhachis agesilas
Formicidae,Polyrhachis,Polyrhachis alata
Formicidae,Polyrhachis,Polyrhachis alatisquamis
Formicidae,Polyrhachis,Polyrhachis albertisi
Formicidae,Polyrhachis,Polyrhachis alexisi
Formicidae,Polyrhachis,Polyrhachis alluaudi
Formicidae,Polyrhachis,Polyrhachis alphea
Formicidae,Polyrhachis,Polyrhachis alphena
Formicidae,Polyrhachis,Polyrhachis amana
Formicidae,Polyrhachis,Polyrhachis ammon
Formicidae,Polyrhachis,Polyrhachis ammonoeides
Formicidae,Polyrhachis,Polyrhachis anderseni
Formicidae,Polyrhachis,Polyrhachis andrei
Formicidae,Polyrhachis,Polyrhachis andromache
Formicidae,Polyrhachis,Polyrhachis angusta
Formicidae,Polyrhachis,Polyrhachis annae
Formicidae,Polyrhachis,Polyrhachis annulata
Formicidae,Polyrhachis,Polyrhachis antennata
Formicidae,Polyrhachis,Polyrhachis antoniae
Formicidae,Polyrhachis,Polyrhachis aporema
Formicidae,Polyrhachis,Polyrhachis appendiculata
Formicidae,Polyrhachis,Polyrhachis arachne
Formicidae,Polyrhachis,Polyrhachis arborea
Formicidae,Polyrhachis,Polyrhachis archeri
Formicidae,Polyrhachis,Polyrhachis arcuata
Formicidae,Polyrhachis,Polyrhachis argenteosignata
Formicidae,Polyrhachis,Polyrhachis argentosa
Formicidae,Polyrhachis,Polyrhachis armata
Formicidae,Polyrhachis,Polyrhachis arnoldi
Formicidae,Polyrhachis,Polyrhachis aruensis
Formicidae,Polyrhachis,Polyrhachis asomaningi
Formicidae,Polyrhachis,Polyrhachis aspasia
Formicidae,Polyrhachis,Polyrhachis atossa
Formicidae,Polyrhachis,Polyrhachis atropos
Formicidae,Polyrhachis,Polyrhachis atrovirens
Formicidae,Polyrhachis,Polyrhachis aurea
Formicidae,Polyrhachis,Polyrhachis aureovestita
Formicidae,Polyrhachis,Polyrhachis auriformis
Formicidae,Polyrhachis,Polyrhachis aurita
Formicidae,Polyrhachis,Polyrhachis aurora
Formicidae,Polyrhachis,Polyrhachis australis
Formicidae,Polyrhachis,Polyrhachis baca
Formicidae,Polyrhachis,Polyrhachis bakana
Formicidae,Polyrhachis,Polyrhachis bakeri
Formicidae,Polyrhachis,Polyrhachis bamaga
Formicidae,Polyrhachis,Polyrhachis banghaasi
Formicidae,Polyrhachis,Polyrhachis barretti
Formicidae,Polyrhachis,Polyrhachis barryi
Formicidae,Polyrhachis,Polyrhachis basirufa
Formicidae,Polyrhachis,Polyrhachis batesi
Formicidae,Polyrhachis,Polyrhachis beauforti
Formicidae,Polyrhachis,Polyrhachis beccarii
Formicidae,Polyrhachis,Polyrhachis becvari
Formicidae,Polyrhachis,Polyrhachis bedeloweryi
Formicidae,Polyrhachis,Polyrhachis bedoti
Formicidae,Polyrhachis,Polyrhachis bellicosa
Formicidae,Polyrhachis,Polyrhachis bicolor
Formicidae,Polyrhachis,Polyrhachis bihamata
Formicidae,Polyrhachis,Polyrhachis binghamii
Formicidae,Polyrhachis,Polyrhachis bismarckensis
Formicidae,Polyrhachis,Polyrhachis bispinosa
Formicidae,Polyrhachis,Polyrhachis bohemia
Formicidae,Polyrhachis,Polyrhachis boltoni
Formicidae,Polyrhachis,Polyrhachis bosi
Formicidae,Polyrhachis,Polyrhachis bouvieri
Formicidae,Polyrhachis,Polyrhachis brachyspina
Formicidae,Polyrhachis,Polyrhachis braxa
Formicidae,Polyrhachis,Polyrhachis brendelli
Formicidae,Polyrhachis,Polyrhachis breviata
Formicidae,Polyrhachis,Polyrhachis brevicorpa
Formicidae,Polyrhachis,Polyrhachis brevinoda
Formicidae,Polyrhachis,Polyrhachis breviorspinosa
Formicidae,Polyrhachis,Polyrhachis brevipilosa
Formicidae,Polyrhachis,Polyrhachis brisbanensis
Formicidae,Polyrhachis,Polyrhachis browni
Formicidae,Polyrhachis,Polyrhachis bruehli
Formicidae,Polyrhachis,Polyrhachis brutella
Formicidae,Polyrhachis,Polyrhachis bubastes
Formicidae,Polyrhachis,Polyrhachis bugnioni
Formicidae,Polyrhachis,Polyrhachis burmanensis
Formicidae,Polyrhachis,Polyrhachis burwelli
Formicidae,Polyrhachis,Polyrhachis busiris
Formicidae,Polyrhachis,Polyrhachis caeciliae
Formicidae,Polyrhachis,Polyrhachis callima
Formicidae,Polyrhachis,Polyrhachis calliope
Formicidae,Polyrhachis,Polyrhachis calypso
Formicidae,Polyrhachis,Polyrhachis campbelli
Formicidae,Polyrhachis,Polyrhachis capeyorkensis
Formicidae,Polyrhachis,Polyrhachis capillata
Formicidae,Polyrhachis,Polyrhachis captiva
Formicidae,Polyrhachis,Polyrhachis carbonaria
Formicidae,Polyrhachis,Polyrhachis carinata
Formicidae,Polyrhachis,Polyrhachis castaneiventris
Formicidae,Polyrhachis,Polyrhachis caulomma
Formicidae,Polyrhachis,Polyrhachis cedarensis
Formicidae,Polyrhachis,Polyrhachis celebensis
Formicidae,Polyrhachis,Polyrhachis cephalotes
Formicidae,Polyrhachis,Polyrhachis ceramensis
Formicidae,Polyrhachis,Polyrhachis chaita
Formicidae,Polyrhachis,Polyrhachis chalybea
Formicidae,Polyrhachis,Polyrhachis chapmani
Formicidae,Polyrhachis,Polyrhachis charaxa
Formicidae,Polyrhachis,Polyrhachis chartifex
Formicidae,Polyrhachis,Polyrhachis cheesmanae
Formicidae,Polyrhachis,Polyrhachis cincta
Formicidae,Polyrhachis,Polyrhachis cingula
Formicidae,Polyrhachis,Polyrhachis circumdata
Formicidae,Polyrhachis,Polyrhachis clarkei
Formicidae,Polyrhachis,Polyrhachis clarki
Formicidae,Polyrhachis,Polyrhachis cleopatra
Formicidae,Polyrhachis,Polyrhachis cleophanes
Formicidae,Polyrhachis,Polyrhachis clio
Formicidae,Polyrhachis,Polyrhachis clotho
Formicidae,Polyrhachis,Polyrhachis coerulescens
Formicidae,Polyrhachis,Polyrhachis cognata
Formicidae,Polyrhachis,Polyrhachis compressicornis
Formicidae,Polyrhachis,Polyrhachis concava
Formicidae,Polyrhachis,Polyrhachis conciliata
Formicidae,Polyrhachis,Polyrhachis confusa
Formicidae,Polyrhachis,Polyrhachis conops
Formicidae,Polyrhachis,Polyrhachis consimilis
Formicidae,Polyrhachis,Polyrhachis conspicua
Formicidae,Polyrhachis,Polyrhachis constricta
Formicidae,Polyrhachis,Polyrhachis constructor
Formicidae,Polyrhachis,Polyrhachis contemta
Formicidae,Polyrhachis,Polyrhachis continua
Formicidae,Polyrhachis,Polyrhachis convexa
Formicidae,Polyrhachis,Polyrhachis cornihumera
Formicidae,Polyrhachis,Polyrhachis cornuhumera
Formicidae,Polyrhachis,Polyrhachis cornuta
Formicidae,Polyrhachis,Polyrhachis corporaali
Formicidae,Polyrhachis,Polyrhachis costulata
Formicidae,Polyrhachis,Polyrhachis cracenta
Formicidae,Polyrhachis,Polyrhachis craddocki
Formicidae,Polyrhachis,Polyrhachis crassispinosa
Formicidae,Polyrhachis,Polyrhachis crawleyi
Formicidae,Polyrhachis,Polyrhachis creusa
Formicidae,Polyrhachis,Polyrhachis croceiventris
Formicidae,Polyrhachis,Polyrhachis cryptoceroides
Formicidae,Polyrhachis,Polyrhachis cubaensis
Formicidae,Polyrhachis,Polyrhachis cupreata
Formicidae,Polyrhachis,Polyrhachis curta
Formicidae,Polyrhachis,Polyrhachis curtospinosa
Formicidae,Polyrhachis,Polyrhachis curvispina
Formicidae,Polyrhachis,Polyrhachis cyaniventris
Formicidae,Polyrhachis,Polyrhachis cybele
Formicidae,Polyrhachis,Polyrhachis cydista
Formicidae,Polyrhachis,Polyrhachis cyphonota
Formicidae,Polyrhachis,Polyrhachis cyrus
Formicidae,Polyrhachis,Polyrhachis daemeli
Formicidae,Polyrhachis,Polyrhachis dahlii
Formicidae,Polyrhachis,Polyrhachis danum
Formicidae,Polyrhachis,Polyrhachis daphne
Formicidae,Polyrhachis,Polyrhachis darlingtoni
Formicidae,Polyrhachis,Polyrhachis davydovi
Formicidae,Polyrhachis,Polyrhachis debilis
Formicidae,Polyrhachis,Polyrhachis decellei
Formicidae,Polyrhachis,Polyrhachis decemdentata
Formicidae,Polyrhachis,Polyrhachis deceptor
Formicidae,Polyrhachis,Polyrhachis decipiens
Formicidae,Polyrhachis,Polyrhachis decora
Formicidae,Polyrhachis,Polyrhachis decumbens
Formicidae,Polyrhachis,Polyrhachis delecta
Formicidae,Polyrhachis,Polyrhachis delicata
Formicidae,Polyrhachis,Polyrhachis demangei
Formicidae,Polyrhachis,Polyrhachis denselineata
Formicidae,Polyrhachis,Polyrhachis dentata
Formicidae,Polyrhachis,Polyrhachis denticulata
Formicidae,Polyrhachis,Polyrhachis dentihumera
Formicidae,Polyrhachis,Polyrhachis derecyna
Formicidae,Polyrhachis,Polyrhachis diana
Formicidae,Polyrhachis,Polyrhachis diaphanta
Formicidae,Polyrhachis,Polyrhachis dimoculata
Formicidae,Polyrhachis,Polyrhachis diotima
Formicidae,Polyrhachis,Polyrhachis dispar
Formicidae,Polyrhachis,Polyrhachis diversa
Formicidae,Polyrhachis,Polyrhachis dives
Formicidae,Polyrhachis,Polyrhachis dohrni
Formicidae,Polyrhachis,Polyrhachis dolomedes
Formicidae,Polyrhachis,Polyrhachis dorowi
Formicidae,Polyrhachis,Polyrhachis dorsena
Formicidae,Polyrhachis,Polyrhachis dostali
Formicidae,Polyrhachis,Polyrhachis doudou
Formicidae,Polyrhachis,Polyrhachis dougcooki
Formicidae,Polyrhachis,Polyrhachis dubia
Formicidae,Polyrhachis,Polyrhachis durbanensis
Formicidae,Polyrhachis,Polyrhachis durvillei
Formicidae,Polyrhachis,Polyrhachis edentula
Formicidae,Polyrhachis,Polyrhachis edwardi
Formicidae,Polyrhachis,Polyrhachis electra
Formicidae,Polyrhachis,Polyrhachis elegantula
Formicidae,Polyrhachis,Polyrhachis emeryana
Formicidae,Polyrhachis,Polyrhachis emmae
Formicidae,Polyrhachis,Polyrhachis empesoi
Formicidae,Polyrhachis,Polyrhachis enigma
Formicidae,Polyrhachis,Polyrhachis epinotalis
Formicidae,Polyrhachis,Polyrhachis equina
Formicidae,Polyrhachis,Polyrhachis erato
Formicidae,Polyrhachis,Polyrhachis eremita
Formicidae,Polyrhachis,Polyrhachis erosispina
Formicidae,Polyrhachis,Polyrhachis esarata
Formicidae,Polyrhachis,Polyrhachis escherichi
Formicidae,Polyrhachis,Polyrhachis esuriens
Formicidae,Polyrhachis,Polyrhachis etheli
Formicidae,Polyrhachis,Polyrhachis eudora
Formicidae,Polyrhachis,Polyrhachis eureka
Formicidae,Polyrhachis,Polyrhachis euryala
Formicidae,Polyrhachis,Polyrhachis eurynota
Formicidae,Polyrhachis,Polyrhachis euterpe
Formicidae,Polyrhachis,Polyrhachis euthiacaena
Formicidae,Polyrhachis,Polyrhachis exarata
Formicidae,Polyrhachis,Polyrhachis excellens
Formicidae,Polyrhachis,Polyrhachis excisa
Formicidae,Polyrhachis,Polyrhachis excitata
Formicidae,Polyrhachis,Polyrhachis exercita
Formicidae,Polyrhachis,Polyrhachis exotica
Formicidae,Polyrhachis,Polyrhachis expressa
Formicidae,Polyrhachis,Polyrhachis feehani
Formicidae,Polyrhachis,Polyrhachis fellowesi
Formicidae,Polyrhachis,Polyrhachis femorata
Formicidae,Polyrhachis,Polyrhachis fervens
Formicidae,Polyrhachis,Polyrhachis festina
Formicidae,Polyrhachis,Polyrhachis fisheri
Formicidae,Polyrhachis,Polyrhachis fissa
Formicidae,Polyrhachis,Polyrhachis flavibasis
Formicidae,Polyrhachis,Polyrhachis flavicornis
Formicidae,Polyrhachis,Polyrhachis flavoflagellata
Formicidae,Polyrhachis,Polyrhachis follicula
Formicidae,Polyrhachis,Polyrhachis foreli
Formicidae,Polyrhachis,Polyrhachis fornicata
Formicidae,Polyrhachis,Polyrhachis fortis
Formicidae,Polyrhachis,Polyrhachis frauenfeldi
Formicidae,Polyrhachis,Polyrhachis fruhstorferi
Formicidae,Polyrhachis,Polyrhachis fulakora
Formicidae,Polyrhachis,Polyrhachis fulgens
Formicidae,Polyrhachis,Polyrhachis furcata
Formicidae,Polyrhachis,Polyrhachis furcula
Formicidae,Polyrhachis,Polyrhachis fuscipes
Formicidae,Polyrhachis,Polyrhachis gab
Formicidae,Polyrhachis,Polyrhachis gagates
Formicidae,Polyrhachis,Polyrhachis gamaii
Formicidae,Polyrhachis,Polyrhachis gazelle
Formicidae,Polyrhachis,Polyrhachis geminata
Formicidae,Polyrhachis,Polyrhachis gentilis
Formicidae,Polyrhachis,Polyrhachis geometrica
Formicidae,Polyrhachis,Polyrhachis gerstaeckeri
Formicidae,Polyrhachis,Polyrhachis gestroi
Formicidae,Polyrhachis,Polyrhachis gibba
Formicidae,Polyrhachis,Polyrhachis gibbosa
Formicidae,Polyrhachis,Polyrhachis gibbula
Formicidae,Polyrhachis,Polyrhachis glabrinotum
Formicidae,Polyrhachis,Polyrhachis glykera
Formicidae,Polyrhachis,Polyrhachis gobini
Formicidae,Polyrhachis,Polyrhachis goramensis
Formicidae,Polyrhachis,Polyrhachis gracilior
Formicidae,Polyrhachis,Polyrhachis grandis
Formicidae,Polyrhachis,Polyrhachis gravis
Formicidae,Polyrhachis,Polyrhachis greensladei
Formicidae,Polyrhachis,Polyrhachis gressitti
Formicidae,Polyrhachis,Polyrhachis gribodoi
Formicidae,Polyrhachis,Polyrhachis grisescens
Formicidae,Polyrhachis,Polyrhachis guerini
Formicidae,Polyrhachis,Polyrhachis halidayi
Formicidae,Polyrhachis,Polyrhachis hashimotoi
Formicidae,Polyrhachis,Polyrhachis hastata
Formicidae,Polyrhachis,Polyrhachis hauxwelli
Formicidae,Polyrhachis,Polyrhachis hector
Formicidae,Polyrhachis,Polyrhachis heinlethii
Formicidae,Polyrhachis,Polyrhachis hemiopticoides
Formicidae,Polyrhachis,Polyrhachis hera
Formicidae,Polyrhachis,Polyrhachis hermione
Formicidae,Polyrhachis,Polyrhachis hespera
Formicidae,Polyrhachis,Polyrhachis hexacantha
Formicidae,Polyrhachis,Polyrhachis hilaris
Formicidae,Polyrhachis,Polyrhachis hippomanes
Formicidae,Polyrhachis,Polyrhachis hirsuta
Formicidae,Polyrhachis,Polyrhachis hirta
Formicidae,Polyrhachis,Polyrhachis hispida
Formicidae,Polyrhachis,Polyrhachis hodgsoni
Formicidae,Polyrhachis,Polyrhachis hoelldobleri
Formicidae,Polyrhachis,Polyrhachis hoffmanni
Formicidae,Polyrhachis,Polyrhachis hookeri
Formicidae,Polyrhachis,Polyrhachis horacei
Formicidae,Polyrhachis,Polyrhachis horni
Formicidae,Polyrhachis,Polyrhachis hortensis
Formicidae,Polyrhachis,Polyrhachis hosei
Formicidae,Polyrhachis,Polyrhachis hostilis
Formicidae,Polyrhachis,Polyrhachis hunggeuk
Formicidae,Polyrhachis,Polyrhachis hungi
Formicidae,Polyrhachis,Polyrhachis hybosa
Formicidae,Polyrhachis,Polyrhachis ignota
Formicidae,Polyrhachis,Polyrhachis illaudata
Formicidae,Polyrhachis,Polyrhachis imitator
Formicidae,Polyrhachis,Polyrhachis impressa
Formicidae,Polyrhachis,Polyrhachis incerta
Formicidae,Polyrhachis,Polyrhachis inclusa
Formicidae,Polyrhachis,Polyrhachis incognita
Formicidae,Polyrhachis,Polyrhachis inconspicua
Formicidae,Polyrhachis,Polyrhachis inducta
Formicidae,Polyrhachis,Polyrhachis inermis
Formicidae,Polyrhachis,Polyrhachis inflata
Formicidae,Polyrhachis,Polyrhachis injinooi
Formicidae,Polyrhachis,Polyrhachis insularis
Formicidae,Polyrhachis,Polyrhachis integra
Formicidae,Polyrhachis,Polyrhachis inusitata
Formicidae,Polyrhachis,Polyrhachis io
Formicidae,Polyrhachis,Polyrhachis isacantha
Formicidae,Polyrhachis,Polyrhachis isolata
Formicidae,Polyrhachis,Polyrhachis ithona
Formicidae,Polyrhachis,Polyrhachis jacksoniana
Formicidae,Polyrhachis,Polyrhachis jacobsoni
Formicidae,Polyrhachis,Polyrhachis javanica
Formicidae,Polyrhachis,Polyrhachis jerdonii
Formicidae,Polyrhachis,Polyrhachis jianghuaensis
Formicidae,Polyrhachis,Polyrhachis johnsoni
Formicidae,Polyrhachis,Polyrhachis jurii
Formicidae,Polyrhachis,Polyrhachis kaipi
Formicidae,Polyrhachis,Polyrhachis kazuoi
Formicidae,Polyrhachis,Polyrhachis kebunraya
Formicidae,Polyrhachis,Polyrhachis keratifera
Formicidae,Polyrhachis,Polyrhachis khepra
Formicidae,Polyrhachis,Polyrhachis kohli
Formicidae,Polyrhachis,Polyrhachis kohouti
Formicidae,Polyrhachis,Polyrhachis kokoda
Formicidae,Polyrhachis,Polyrhachis kubani
Formicidae,Polyrhachis,Polyrhachis kyawthani
Formicidae,Polyrhachis,Polyrhachis labella
Formicidae,Polyrhachis,Polyrhachis laboriosa
Formicidae,Polyrhachis,Polyrhachis lachesis
Formicidae,Polyrhachis,Polyrhachis laciniata
Formicidae,Polyrhachis,Polyrhachis lacroixi
Formicidae,Polyrhachis,Polyrhachis lacteipennis
Formicidae,Polyrhachis,Polyrhachis laevigata
Formicidae,Polyrhachis,Polyrhachis laevissima
Formicidae,Polyrhachis,Polyrhachis lama
Formicidae,Polyrhachis,Polyrhachis lamellidens
Formicidae,Polyrhachis,Polyrhachis laminata
Formicidae,Polyrhachis,Polyrhachis lanuginosa
Formicidae,Polyrhachis,Polyrhachis lao
Formicidae,Polyrhachis,Polyrhachis lata
Formicidae,Polyrhachis,Polyrhachis latharis
Formicidae,Polyrhachis,Polyrhachis latinota
Formicidae,Polyrhachis,Polyrhachis latispina
Formicidae,Polyrhachis,Polyrhachis latona
Formicidae,Polyrhachis,Polyrhachis latreillii
Formicidae,Polyrhachis,Polyrhachis lauta
Formicidae,Polyrhachis,Polyrhachis leae
Formicidae,Polyrhachis,Polyrhachis leonidas
Formicidae,Polyrhachis,Polyrhachis leopoldi
Formicidae,Polyrhachis,Polyrhachis lepida
Formicidae,Polyrhachis,Polyrhachis lestoni
Formicidae,Polyrhachis,Polyrhachis levior
Formicidae,Polyrhachis,Polyrhachis leviuscula
Formicidae,Polyrhachis,Polyrhachis lilianae
Formicidae,Polyrhachis,Polyrhachis limbata
Formicidae,Polyrhachis,Polyrhachis limitis
Formicidae,Polyrhachis,Polyrhachis linae
Formicidae,Polyrhachis,Polyrhachis litigiosa
Formicidae,Polyrhachis,Polyrhachis lombokensis
Formicidae,Polyrhachis,Polyrhachis longipes
Formicidae,Polyrhachis,Polyrhachis longipilosa
Formicidae,Polyrhachis,Polyrhachis longiseta
Formicidae,Polyrhachis,Polyrhachis loriai
Formicidae,Polyrhachis,Polyrhachis loweryi
Formicidae,Polyrhachis,Polyrhachis lownei
Formicidae,Polyrhachis,Polyrhachis lucidula
Formicidae,Polyrhachis,Polyrhachis luctuosa
Formicidae,Polyrhachis,Polyrhachis lugens
Formicidae,Polyrhachis,Polyrhachis lumi
Formicidae,Polyrhachis,Polyrhachis luteipes
Formicidae,Polyrhachis,Polyrhachis luteogaster
Formicidae,Polyrhachis,Polyrhachis lydiae
Formicidae,Polyrhachis,Polyrhachis maai
Formicidae,Polyrhachis,Polyrhachis machaon
Formicidae,Polyrhachis,Polyrhachis mackayi
Formicidae,Polyrhachis,Polyrhachis macropus
Formicidae,Polyrhachis,Polyrhachis maculata
Formicidae,Polyrhachis,Polyrhachis magnifica
Formicidae,Polyrhachis,Polyrhachis malaensis
Formicidae,Polyrhachis,Polyrhachis maliau
Formicidae,Polyrhachis,Polyrhachis mamba
Formicidae,Polyrhachis,Polyrhachis manni
Formicidae,Polyrhachis,Polyrhachis manusensis
Formicidae,Polyrhachis,Polyrhachis marginata
Formicidae,Polyrhachis,Polyrhachis maryatiae
Formicidae,Polyrhachis,Polyrhachis masaokai
Formicidae,Polyrhachis,Polyrhachis medusa
Formicidae,Polyrhachis,Polyrhachis melanura
Formicidae,Polyrhachis,Polyrhachis mellita
Formicidae,Polyrhachis,Polyrhachis melpomene
Formicidae,Polyrhachis,Polyrhachis menelas
Formicidae,Polyrhachis,Polyrhachis menozzii
Formicidae,Polyrhachis,Polyrhachis mentor
Formicidae,Polyrhachis,Polyrhachis metella
Formicidae,Polyrhachis,Polyrhachis micans
Formicidae,Polyrhachis,Polyrhachis militaris
Formicidae,Polyrhachis,Polyrhachis mindanaensis
Formicidae,Polyrhachis,Polyrhachis minima
Formicidae,Polyrhachis,Polyrhachis mitrata
Formicidae,Polyrhachis,Polyrhachis mjobergi
Formicidae,Polyrhachis,Polyrhachis mkomaziae
Formicidae,Polyrhachis,Polyrhachis modesta
Formicidae,Polyrhachis,Polyrhachis moeschi
Formicidae,Polyrhachis,Polyrhachis moesta
Formicidae,Polyrhachis,Polyrhachis mondoi
Formicidae,Polyrhachis,Polyrhachis monista
Formicidae,Polyrhachis,Polyrhachis montana
Formicidae,Polyrhachis,Polyrhachis monteithi
Formicidae,Polyrhachis,Polyrhachis monticola
Formicidae,Polyrhachis,Polyrhachis muara
Formicidae,Polyrhachis,Polyrhachis mucronata
Formicidae,Polyrhachis,Polyrhachis muelleri
Formicidae,Polyrhachis,Polyrhachis murina
Formicidae,Polyrhachis,Polyrhachis mutata
Formicidae,Polyrhachis,Polyrhachis narendrani
Formicidae,Polyrhachis,Polyrhachis neglecta
Formicidae,Polyrhachis,Polyrhachis nepenthicola
Formicidae,Polyrhachis,Polyrhachis neptunus
Formicidae,Polyrhachis,Polyrhachis neuguinensis
Formicidae,Polyrhachis,Polyrhachis nidificans
Formicidae,Polyrhachis,Polyrhachis nigra
Formicidae,Polyrhachis,Polyrhachis nigrescens
Formicidae,Polyrhachis,Polyrhachis nigriceps
Formicidae,Polyrhachis,Polyrhachis nigripes
Formicidae,Polyrhachis,Polyrhachis nigrita
Formicidae,Polyrhachis,Polyrhachis nigropilosa
Formicidae,Polyrhachis,Polyrhachis nitens
Formicidae,Polyrhachis,Polyrhachis nitida
Formicidae,Polyrhachis,Polyrhachis noesaensis
Formicidae,Polyrhachis,Polyrhachis nofra
Formicidae,Polyrhachis,Polyrhachis nomo
Formicidae,Polyrhachis,Polyrhachis noonananti
Formicidae,Polyrhachis,Polyrhachis nourlangie
Formicidae,Polyrhachis,Polyrhachis nudata
Formicidae,Polyrhachis,Polyrhachis numeria
Formicidae,Polyrhachis,Polyrhachis obesior
Formicidae,Polyrhachis,Polyrhachis obliqua
Formicidae,Polyrhachis,Polyrhachis obscura
Formicidae,Polyrhachis,Polyrhachis obtusa
Formicidae,Polyrhachis,Polyrhachis ochracea
Formicidae,Polyrhachis,Polyrhachis oedacantha
Formicidae,Polyrhachis,Polyrhachis oedipus
Formicidae,Polyrhachis,Polyrhachis ogatai
Formicidae,Polyrhachis,Polyrhachis olena
Formicidae,Polyrhachis,Polyrhachis olybria
Formicidae,Polyrhachis,Polyrhachis omissa
Formicidae,Polyrhachis,Polyrhachis omyrmex
Formicidae,Polyrhachis,Polyrhachis opacita
Formicidae,Polyrhachis,Polyrhachis opalescens
Formicidae,Polyrhachis,Polyrhachis ops
Formicidae,Polyrhachis,Polyrhachis orbihumera
Formicidae,Polyrhachis,Polyrhachis ornata
Formicidae,Polyrhachis,Polyrhachis orokana
Formicidae,Polyrhachis,Polyrhachis orpheus
Formicidae,Polyrhachis,Polyrhachis orsylla
Formicidae,Polyrhachis,Polyrhachis osae
Formicidae,Polyrhachis,Polyrhachis osiris
Formicidae,Polyrhachis,Polyrhachis otleti
Formicidae,Polyrhachis,Polyrhachis pacifica
Formicidae,Polyrhachis,Polyrhachis pagana
Formicidae,Polyrhachis,Polyrhachis palaearctica
Formicidae,Polyrhachis,Polyrhachis palawanensis
Formicidae,Polyrhachis,Polyrhachis pallescens
Formicidae,Polyrhachis,Polyrhachis pallipes
Formicidae,Polyrhachis,Polyrhachis palmerae
Formicidae,Polyrhachis,Polyrhachis parabiotica
Formicidae,Polyrhachis,Polyrhachis paracamponota
Formicidae,Polyrhachis,Polyrhachis paromala
Formicidae,Polyrhachis,Polyrhachis parva
Formicidae,Polyrhachis,Polyrhachis patiens
Formicidae,Polyrhachis,Polyrhachis paxilla
Formicidae,Polyrhachis,Polyrhachis peetersi
Formicidae,Polyrhachis,Polyrhachis pelecta
Formicidae,Polyrhachis,Polyrhachis pellita
Formicidae,Polyrhachis,Polyrhachis penelope
Formicidae,Polyrhachis,Polyrhachis peregrina
Formicidae,Polyrhachis,Polyrhachis personata
Formicidae,Polyrhachis,Polyrhachis phalerata
Formicidae,Polyrhachis,Polyrhachis phidias
Formicidae,Polyrhachis,Polyrhachis philippinensis
Formicidae,Polyrhachis,Polyrhachis phryne
Formicidae,Polyrhachis,Polyrhachis pilbara
Formicidae,Polyrhachis,Polyrhachis pilosa
Formicidae,Polyrhachis,Polyrhachis pirata
Formicidae,Polyrhachis,Polyrhachis placida
Formicidae,Polyrhachis,Polyrhachis planata
Formicidae,Polyrhachis,Polyrhachis planoculata
Formicidae,Polyrhachis,Polyrhachis plato
Formicidae,Polyrhachis,Polyrhachis platynota
Formicidae,Polyrhachis,Polyrhachis platyomma
Formicidae,Polyrhachis,Polyrhachis polymnia
Formicidae,Polyrhachis,Polyrhachis porcata
Formicidae,Polyrhachis,Polyrhachis pressa
Formicidae,Polyrhachis,Polyrhachis procera
Formicidae,Polyrhachis,Polyrhachis prometheus
Formicidae,Polyrhachis,Polyrhachis proxima
Formicidae,Polyrhachis,Polyrhachis pruinosa
Formicidae,Polyrhachis,Polyrhachis pseudothrinax
Formicidae,Polyrhachis,Polyrhachis pubescens
Formicidae,Polyrhachis,Polyrhachis pulleni
Formicidae,Polyrhachis,Polyrhachis punctillata
Formicidae,Polyrhachis,Polyrhachis punctiventris
Formicidae,Polyrhachis,Polyrhachis punjabi
Formicidae,Polyrhachis,Polyrhachis pyrrhus
Formicidae,Polyrhachis,Polyrhachis quadrispinosa
Formicidae,Polyrhachis,Polyrhachis queenslandica
Formicidae,Polyrhachis,Polyrhachis radicicola
Formicidae,Polyrhachis,Polyrhachis ralumensis
Formicidae,Polyrhachis,Polyrhachis rastellata
Formicidae,Polyrhachis,Polyrhachis reclinata
Formicidae,Polyrhachis,Polyrhachis regesa
Formicidae,Polyrhachis,Polyrhachis regularis
Formicidae,Polyrhachis,Polyrhachis reidi
Formicidae,Polyrhachis,Polyrhachis relucens
Formicidae,Polyrhachis,Polyrhachis rere
Formicidae,Polyrhachis,Polyrhachis retrorsa
Formicidae,Polyrhachis,Polyrhachis retusa
Formicidae,Polyrhachis,Polyrhachis revoili
Formicidae,Polyrhachis,Polyrhachis rhea
Formicidae,Polyrhachis,Polyrhachis ridleyi
Formicidae,Polyrhachis,Polyrhachis rixosa
Formicidae,Polyrhachis,Polyrhachis roberti
Formicidae,Polyrhachis,Polyrhachis robsoni
Formicidae,Polyrhachis,Polyrhachis robusta
Formicidae,Polyrhachis,Polyrhachis romanovi
Formicidae,Polyrhachis,Polyrhachis roomi
Formicidae,Polyrhachis,Polyrhachis rossi
Formicidae,Polyrhachis,Polyrhachis rotoccipita
Formicidae,Polyrhachis,Polyrhachis rotumana
Formicidae,Polyrhachis,Polyrhachis rowlandi
Formicidae,Polyrhachis,Polyrhachis rubigastrica
Formicidae,Polyrhachis,Polyrhachis ruficornis
Formicidae,Polyrhachis,Polyrhachis rufifemur
Formicidae,Polyrhachis,Polyrhachis rufipalpis
Formicidae,Polyrhachis,Polyrhachis rufipes
Formicidae,Polyrhachis,Polyrhachis rufofemorata
Formicidae,Polyrhachis,Polyrhachis rugifrons
Formicidae,Polyrhachis,Polyrhachis rupicapra
Formicidae,Polyrhachis,Polyrhachis rustica
Formicidae,Polyrhachis,Polyrhachis rutila
Formicidae,Polyrhachis,Polyrhachis saevissima
Formicidae,Polyrhachis,Polyrhachis saigonensis
Formicidae,Polyrhachis,Polyrhachis salebrosa
Formicidae,Polyrhachis,Polyrhachis salomo
Formicidae,Polyrhachis,Polyrhachis santschii
Formicidae,Polyrhachis,Polyrhachis scabra
Formicidae,Polyrhachis,Polyrhachis scapulata
Formicidae,Polyrhachis,Polyrhachis schang
Formicidae,Polyrhachis,Polyrhachis schellerichae
Formicidae,Polyrhachis,Polyrhachis schenckii
Formicidae,Polyrhachis,Polyrhachis schistacea
Formicidae,Polyrhachis,Polyrhachis schlueteri
Formicidae,Polyrhachis,Polyrhachis schoopae
Formicidae,Polyrhachis,Polyrhachis schwiedlandi
Formicidae,Polyrhachis,Polyrhachis scissa
Formicidae,Polyrhachis,Polyrhachis sculpta
Formicidae,Polyrhachis,Polyrhachis sculpturata
Formicidae,Polyrhachis,Polyrhachis scutulata
Formicidae,Polyrhachis,Polyrhachis sedlaceki
Formicidae,Polyrhachis,Polyrhachis seducta
Formicidae,Polyrhachis,Polyrhachis selecta
Formicidae,Polyrhachis,Polyrhachis semiaurata
Formicidae,Polyrhachis,Polyrhachis semiinermis
Formicidae,Polyrhachis,Polyrhachis semiobscura
Formicidae,Polyrhachis,Polyrhachis semipolita
Formicidae,Polyrhachis,Polyrhachis semitestacea
Formicidae,Polyrhachis,Polyrhachis senilis
Formicidae,Polyrhachis,Polyrhachis sericata
Formicidae,Polyrhachis,Polyrhachis sericeopubescens
Formicidae,Polyrhachis,Polyrhachis setosa
Formicidae,Polyrhachis,Polyrhachis sexspinosa
Formicidae,Polyrhachis,Polyrhachis shattucki
Formicidae,Polyrhachis,Polyrhachis shixingensis
Formicidae,Polyrhachis,Polyrhachis sidnica
Formicidae,Polyrhachis,Polyrhachis similis
Formicidae,Polyrhachis,Polyrhachis simillima
Formicidae,Polyrhachis,Polyrhachis simpla
Formicidae,Polyrhachis,Polyrhachis simulans
Formicidae,Polyrhachis,Polyrhachis sinuata
Formicidae,Polyrhachis,Polyrhachis smithersi
Formicidae,Polyrhachis,Polyrhachis smithi
Formicidae,Polyrhachis,Polyrhachis snellingi
Formicidae,Polyrhachis,Polyrhachis sokolova
Formicidae,Polyrhachis,Polyrhachis solivaga
Formicidae,Polyrhachis,Polyrhachis solmsi
Formicidae,Polyrhachis,Polyrhachis sophocles
Formicidae,Polyrhachis,Polyrhachis sparaxes
Formicidae,Polyrhachis,Polyrhachis spengeli
Formicidae,Polyrhachis,Polyrhachis spinicola
Formicidae,Polyrhachis,Polyrhachis spinifera
Formicidae,Polyrhachis,Polyrhachis spinigera
Formicidae,Polyrhachis,Polyrhachis spinosa
Formicidae,Polyrhachis,Polyrhachis spitteleri
Formicidae,Polyrhachis,Polyrhachis splendens
Formicidae,Polyrhachis,Polyrhachis starri
Formicidae,Polyrhachis,Polyrhachis stigmatifera
Formicidae,Polyrhachis,Polyrhachis stitzi
Formicidae,Polyrhachis,Polyrhachis storki
Formicidae,Polyrhachis,Polyrhachis striata
Formicidae,Polyrhachis,Polyrhachis striatorugosa
Formicidae,Polyrhachis,Polyrhachis stricta
Formicidae,Polyrhachis,Polyrhachis strictifrons
Formicidae,Polyrhachis,Polyrhachis strumosa
Formicidae,Polyrhachis,Polyrhachis stylifera
Formicidae,Polyrhachis,Polyrhachis subaenescens
Formicidae,Polyrhachis,Polyrhachis subcyanea
Formicidae,Polyrhachis,Polyrhachis subfossa
Formicidae,Polyrhachis,Polyrhachis subfossoides
Formicidae,Polyrhachis,Polyrhachis submarginata
Formicidae,Polyrhachis,Polyrhachis subpilosa
Formicidae,Polyrhachis,Polyrhachis subtridens
Formicidae,Polyrhachis,Polyrhachis sukarmani
Formicidae,Polyrhachis,Polyrhachis sulang
Formicidae,Polyrhachis,Polyrhachis sulawesiensis
Formicidae,Polyrhachis,Polyrhachis sulcata
Formicidae,Polyrhachis,Polyrhachis sulcifera
Formicidae,Polyrhachis,Polyrhachis sylvicola
Formicidae,Polyrhachis,Polyrhachis tambourinensis
Formicidae,Polyrhachis,Polyrhachis tanami
Formicidae,Polyrhachis,Polyrhachis tapini
Formicidae,Polyrhachis,Polyrhachis taylori
Formicidae,Polyrhachis,Polyrhachis templi
Formicidae,Polyrhachis,Polyrhachis tenebra
Formicidae,Polyrhachis,Polyrhachis terminata
Formicidae,Polyrhachis,Polyrhachis terpsichore
Formicidae,Polyrhachis,Polyrhachis tersa
Formicidae,Polyrhachis,Polyrhachis textor
Formicidae,Polyrhachis,Polyrhachis thailandica
Formicidae,Polyrhachis,Polyrhachis thais
Formicidae,Polyrhachis,Polyrhachis thompsoni
Formicidae,Polyrhachis,Polyrhachis thrinax
Formicidae,Polyrhachis,Polyrhachis thusnelda
Formicidae,Polyrhachis,Polyrhachis tianjingshanensis
Formicidae,Polyrhachis,Polyrhachis tibialis
Formicidae,Polyrhachis,Polyrhachis tonsilis
Formicidae,Polyrhachis,Polyrhachis tragos
Formicidae,Polyrhachis,Polyrhachis transiens
Formicidae,Polyrhachis,Polyrhachis trapezoidea
Formicidae,Polyrhachis,Polyrhachis triaena
Formicidae,Polyrhachis,Polyrhachis tricuspis
Formicidae,Polyrhachis,Polyrhachis trina
Formicidae,Polyrhachis,Polyrhachis trispinosa
Formicidae,Polyrhachis,Polyrhachis tristis
Formicidae,Polyrhachis,Polyrhachis trophima
Formicidae,Polyrhachis,Polyrhachis tschu
Formicidae,Polyrhachis,Polyrhachis tubericeps
Formicidae,Polyrhachis,Polyrhachis tuberosa
Formicidae,Polyrhachis,Polyrhachis tubifera
Formicidae,Polyrhachis,Polyrhachis tubifex
Formicidae,Polyrhachis,Polyrhachis turneri
Formicidae,Polyrhachis,Polyrhachis tyrannica
Formicidae,Polyrhachis,Polyrhachis ugiensis
Formicidae,Polyrhachis,Polyrhachis ulysses
Formicidae,Polyrhachis,Polyrhachis umboi
Formicidae,Polyrhachis,Polyrhachis uncaria
Formicidae,Polyrhachis,Polyrhachis undulata
Formicidae,Polyrhachis,Polyrhachis unicornis
Formicidae,Polyrhachis,Polyrhachis unicuspis
Formicidae,Polyrhachis,Polyrhachis vanachterbergi
Formicidae,Polyrhachis,Polyrhachis varicolor
Formicidae,Polyrhachis,Polyrhachis variegata
Formicidae,Polyrhachis,Polyrhachis venus
Formicidae,Polyrhachis,Polyrhachis vermiculosa
Formicidae,Polyrhachis,Polyrhachis vernoni
Formicidae,Polyrhachis,Polyrhachis vestita
Formicidae,Polyrhachis,Polyrhachis vicina
Formicidae,Polyrhachis,Polyrhachis viehmeyeri
Formicidae,Polyrhachis,Polyrhachis vigilans
Formicidae,Polyrhachis,Polyrhachis villipes
Formicidae,Polyrhachis,Polyrhachis villosa
Formicidae,Polyrhachis,Polyrhachis vindex
Formicidae,Polyrhachis,Polyrhachis viola
Formicidae,Polyrhachis,Polyrhachis violaceonigra
Formicidae,Polyrhachis,Polyrhachis viscosa
Formicidae,Polyrhachis,Polyrhachis vitalisi
Formicidae,Polyrhachis,Polyrhachis volkarti
Formicidae,Polyrhachis,Polyrhachis wagneri
Formicidae,Polyrhachis,Polyrhachis waigeuensis
Formicidae,Polyrhachis,Polyrhachis wallacei
Formicidae,Polyrhachis,Polyrhachis wamuki
Formicidae,Polyrhachis,Polyrhachis wardi
Formicidae,Polyrhachis,Polyrhachis watanasiti
Formicidae,Polyrhachis,Polyrhachis weiri
Formicidae,Polyrhachis,Polyrhachis weissi
Formicidae,Polyrhachis,Polyrhachis wellmani
Formicidae,Polyrhachis,Polyrhachis wheeleri
Formicidae,Polyrhachis,Polyrhachis widodoi
Formicidae,Polyrhachis,Polyrhachis wilmsi
Formicidae,Polyrhachis,Polyrhachis wilsoni
Formicidae,Polyrhachis,Polyrhachis wolfi
Formicidae,Polyrhachis,Polyrhachis wroughtonii
Formicidae,Polyrhachis,Polyrhachis xanthippe
Formicidae,Polyrhachis,Polyrhachis xiphias
Formicidae,Polyrhachis,Polyrhachis yarrabahensis
Formicidae,Polyrhachis,Polyrhachis yerburyi
Formicidae,Polyrhachis,Polyrhachis yorkana
Formicidae,Polyrhachis,Polyrhachis ypsilon
Formicidae,Polyrhachis,Polyrhachis zhengi
Formicidae,Polyrhachis,Polyrhachis zhoui
Formicidae,Polyrhachis,Polyrhachis zimmerae
Formicidae,Polyrhachis,Polyrhachis zopyra
Formicidae,Ponera,Ponera adumbrans
Formicidae,Ponera,Ponera affinis
Formicidae,Ponera,Ponera alisana
Formicidae,Ponera,Ponera alpha
Formicidae,Ponera,Ponera augusta
Formicidae,Ponera,Ponera baka
Formicidae,Ponera,Ponera bawana
Formicidae,Ponera,Ponera bishamon
Formicidae,Ponera,Ponera borneensis
Formicidae,Ponera,Ponera chapmani
Formicidae,Ponera,Ponera chiponensis
Formicidae,Ponera,Ponera clavicornis
Formicidae,Ponera,Ponera coarctata
Formicidae,Ponera,Ponera colaensis
Formicidae,Ponera,Ponera diodonta
Formicidae,Ponera,Ponera elegantula
Formicidae,Ponera,Ponera exotica
Formicidae,Ponera,Ponera guangxiensis
Formicidae,Ponera,Ponera hubeiensis
Formicidae,Ponera,Ponera incerta
Formicidae,Ponera,Ponera indica
Formicidae,Ponera,Ponera japonica
Formicidae,Ponera,Ponera kohmoku
Formicidae,Ponera,Ponera leae
Formicidae,Ponera,Ponera loi
Formicidae,Ponera,Ponera longlina
Formicidae,Ponera,Ponera manni
Formicidae,Ponera,Ponera menglana
Formicidae,Ponera,Ponera nangongshana
Formicidae,Ponera,Ponera oreas
Formicidae,Ponera,Ponera paedericera
Formicidae,Ponera,Ponera pennsylvanica
Formicidae,Ponera,Ponera pentodontos
Formicidae,Ponera,Ponera petila
Formicidae,Ponera,Ponera pianmana
Formicidae,Ponera,Ponera pumila
Formicidae,Ponera,Ponera rishen
Formicidae,Ponera,Ponera ruficornis
Formicidae,Ponera,Ponera scabra
Formicidae,Ponera,Ponera selenophora
Formicidae,Ponera,Ponera shennong
Formicidae,Ponera,Ponera sikkimensis
Formicidae,Ponera,Ponera sinensis
Formicidae,Ponera,Ponera swezeyi
Formicidae,Ponera,Ponera syscena
Formicidae,Ponera,Ponera sysphinctoides
Formicidae,Ponera,Ponera szaboi
Formicidae,Ponera,Ponera szentivanyi
Formicidae,Ponera,Ponera taipingensis
Formicidae,Ponera,Ponera taiyangshen
Formicidae,Ponera,Ponera takaminei
Formicidae,Ponera,Ponera tamon
Formicidae,Ponera,Ponera taylori
Formicidae,Ponera,Ponera tenuis
Formicidae,Ponera,Ponera terayamai
Formicidae,Ponera,Ponera testacea
Formicidae,Ponera,Ponera tudigong
Formicidae,Ponera,Ponera woodwardi
Formicidae,Ponera,Ponera wui
Formicidae,Ponera,Ponera xantha
Formicidae,Ponera,Ponera xenagos
Formicidae,Ponera,Ponera yuhuang
Formicidae,Poneracantha,Poneracantha banksi
Formicidae,Poneracantha,Poneracantha bispinosa
Formicidae,Poneracantha,Poneracantha cuneiforma
Formicidae,Poneracantha,Poneracantha enodis
Formicidae,Poneracantha,Poneracantha ingeborgae
Formicidae,Poneracantha,Poneracantha insularis
Formicidae,Poneracantha,Poneracantha lanei
Formicidae,Poneracantha,Poneracantha laticephala
Formicidae,Poneracantha,Poneracantha lineolata
Formicidae,Poneracantha,Poneracantha lucaris
Formicidae,Poneracantha,Poneracantha mecotyle
Formicidae,Poneracantha,Poneracantha mediatrix
Formicidae,Poneracantha,Poneracantha menozzii
Formicidae,Poneracantha,Poneracantha perspicax
Formicidae,Poneracantha,Poneracantha rastrata
Formicidae,Poneracantha,Poneracantha semiferox
Formicidae,Poneracantha,Poneracantha triangularis
Formicidae,Poneracantha,Poneracantha wilsoni
Formicidae,Prenolepis,Prenolepis angularis
Formicidae,Prenolepis,Prenolepis cyclopia
Formicidae,Prenolepis,Prenolepis darlena
Formicidae,Prenolepis,Prenolepis dugasi
Formicidae,Prenolepis,Prenolepis fisheri
Formicidae,Prenolepis,Prenolepis fustinoda
Formicidae,Prenolepis,Prenolepis imparis
Formicidae,Prenolepis,Prenolepis jacobsoni
Formicidae,Prenolepis,Prenolepis jerdoni
Formicidae,Prenolepis,Prenolepis lakekamu
Formicidae,Prenolepis,Prenolepis mediops
Formicidae,Prenolepis,Prenolepis melanogaster
Formicidae,Prenolepis,Prenolepis naoroji
Formicidae,Prenolepis,Prenolepis nepalensis
Formicidae,Prenolepis,Prenolepis nitens
Formicidae,Prenolepis,Prenolepis quinquedenta
Formicidae,Prenolepis,Prenolepis rinpoche
Formicidae,Prenolepis,Prenolepis shanialena
Formicidae,Prenolepis,Prenolepis striata
Formicidae,Prenolepis,Prenolepis subopaca
Formicidae,Prenolepis,Prenolepis tosa
Formicidae,Prionopelta,Prionopelta aethiopica
Formicidae,Prionopelta,Prionopelta amabilis
Formicidae,Prionopelta,Prionopelta amieti
Formicidae,Prionopelta,Prionopelta antillana
Formicidae,Prionopelta,Prionopelta brocha
Formicidae,Prionopelta,Prionopelta concenta
Formicidae,Prionopelta,Prionopelta descarpentriesi
Formicidae,Prionopelta,Prionopelta dubia
Formicidae,Prionopelta,Prionopelta humicola
Formicidae,Prionopelta,Prionopelta kraepelini
Formicidae,Prionopelta,Prionopelta laurae
Formicidae,Prionopelta,Prionopelta media
Formicidae,Prionopelta,Prionopelta menininha
Formicidae,Prionopelta,Prionopelta minuta
Formicidae,Prionopelta,Prionopelta modesta
Formicidae,Prionopelta,Prionopelta nominata
Formicidae,Prionopelta,Prionopelta opaca
Formicidae,Prionopelta,Prionopelta punctulata
Formicidae,Prionopelta,Prionopelta robynmae
Formicidae,Prionopelta,Prionopelta seychelles
Formicidae,Prionopelta,Prionopelta subtilis
Formicidae,Prionopelta,Prionopelta talos
Formicidae,Prionopelta,Prionopelta tapatia
Formicidae,Prionopelta,Prionopelta vampira
Formicidae,Prionopelta,Prionopelta xerosilva
Formicidae,Pristomyrmex,Pristomyrmex acerosus
Formicidae,Pristomyrmex,Pristomyrmex africanus
Formicidae,Pristomyrmex,Pristomyrmex bicolor
Formicidae,Pristomyrmex,Pristomyrmex bispinosus
Formicidae,Pristomyrmex,Pristomyrmex boltoni
Formicidae,Pristomyrmex,Pristomyrmex brevispinosus
Formicidae,Pristomyrmex,Pristomyrmex browni
Formicidae,Pristomyrmex,Pristomyrmex cebuensis
Formicidae,Pristomyrmex,Pristomyrmex coggii
Formicidae,Pristomyrmex,Pristomyrmex collinus
Formicidae,Pristomyrmex,Pristomyrmex costatus
Formicidae,Pristomyrmex,Pristomyrmex cribrarius
Formicidae,Pristomyrmex,Pristomyrmex curvulus
Formicidae,Pristomyrmex,Pristomyrmex distinguendus
Formicidae,Pristomyrmex,Pristomyrmex divisus
Formicidae,Pristomyrmex,Pristomyrmex eduardi
Formicidae,Pristomyrmex,Pristomyrmex erythropygus
Formicidae,Pristomyrmex,Pristomyrmex flatus
Formicidae,Pristomyrmex,Pristomyrmex fossulatus
Formicidae,Pristomyrmex,Pristomyrmex foveolatus
Formicidae,Pristomyrmex,Pristomyrmex fuscipennis
Formicidae,Pristomyrmex,Pristomyrmex hamatus
Formicidae,Pristomyrmex,Pristomyrmex hirsutus
Formicidae,Pristomyrmex,Pristomyrmex inermis
Formicidae,Pristomyrmex,Pristomyrmex largus
Formicidae,Pristomyrmex,Pristomyrmex leleji
Formicidae,Pristomyrmex,Pristomyrmex levigatus
Formicidae,Pristomyrmex,Pristomyrmex longispinus
Formicidae,Pristomyrmex,Pristomyrmex longus
Formicidae,Pristomyrmex,Pristomyrmex lucidus
Formicidae,Pristomyrmex,Pristomyrmex mandibularis
Formicidae,Pristomyrmex,Pristomyrmex minusculus
Formicidae,Pristomyrmex,Pristomyrmex modestus
Formicidae,Pristomyrmex,Pristomyrmex nitidissimus
Formicidae,Pristomyrmex,Pristomyrmex obesus
Formicidae,Pristomyrmex,Pristomyrmex occultus
Formicidae,Pristomyrmex,Pristomyrmex orbiceps
Formicidae,Pristomyrmex,Pristomyrmex pangantihoni
Formicidae,Pristomyrmex,Pristomyrmex picteti
Formicidae,Pristomyrmex,Pristomyrmex pollux
Formicidae,Pristomyrmex,Pristomyrmex profundus
Formicidae,Pristomyrmex,Pristomyrmex pulcher
Formicidae,Pristomyrmex,Pristomyrmex punctatus
Formicidae,Pristomyrmex,Pristomyrmex quadridens
Formicidae,Pristomyrmex,Pristomyrmex quadridentatus
Formicidae,Pristomyrmex,Pristomyrmex quindentatus
Formicidae,Pristomyrmex,Pristomyrmex reticulatus
Formicidae,Pristomyrmex,Pristomyrmex rigidus
Formicidae,Pristomyrmex,Pristomyrmex rugosus
Formicidae,Pristomyrmex,Pristomyrmex schoedli
Formicidae,Pristomyrmex,Pristomyrmex simplex
Formicidae,Pristomyrmex,Pristomyrmex sinharaja
Formicidae,Pristomyrmex,Pristomyrmex sulcatus
Formicidae,Pristomyrmex,Pristomyrmex thoracicus
Formicidae,Pristomyrmex,Pristomyrmex trachylissus
Formicidae,Pristomyrmex,Pristomyrmex trispinosus
Formicidae,Pristomyrmex,Pristomyrmex trogor
Formicidae,Pristomyrmex,Pristomyrmex tsujii
Formicidae,Pristomyrmex,Pristomyrmex umbripennis
Formicidae,Pristomyrmex,Pristomyrmex wheeleri
Formicidae,Pristomyrmex,Pristomyrmex wilsoni
Formicidae,Proatta,Proatta butteli
Formicidae,Probolomyrmex,Probolomyrmex aliundus
Formicidae,Probolomyrmex,Probolomyrmex bidens
Formicidae,Probolomyrmex,Probolomyrmex boliviensis
Formicidae,Probolomyrmex,Probolomyrmex brevirostris
Formicidae,Probolomyrmex,Probolomyrmex brujitae
Formicidae,Probolomyrmex,Probolomyrmex cegua
Formicidae,Probolomyrmex,Probolomyrmex curculiformis
Formicidae,Probolomyrmex,Probolomyrmex dammermani
Formicidae,Probolomyrmex,Probolomyrmex dentinodis
Formicidae,Probolomyrmex,Probolomyrmex filiformis
Formicidae,Probolomyrmex,Probolomyrmex greavesi
Formicidae,Probolomyrmex,Probolomyrmex guanacastensis
Formicidae,Probolomyrmex,Probolomyrmex guineensis
Formicidae,Probolomyrmex,Probolomyrmex itoi
Formicidae,Probolomyrmex,Probolomyrmex kelleri
Formicidae,Probolomyrmex,Probolomyrmex lamellatus
Formicidae,Probolomyrmex,Probolomyrmex latalongus
Formicidae,Probolomyrmex,Probolomyrmex longinodus
Formicidae,Probolomyrmex,Probolomyrmex longiscapus
Formicidae,Probolomyrmex,Probolomyrmex maryatiae
Formicidae,Probolomyrmex,Probolomyrmex newguinensis
Formicidae,Probolomyrmex,Probolomyrmex okinawensis
Formicidae,Probolomyrmex,Probolomyrmex petiolatus
Formicidae,Probolomyrmex,Probolomyrmex procne
Formicidae,Probolomyrmex,Probolomyrmex salomonis
Formicidae,Probolomyrmex,Probolomyrmex simplex
Formicidae,Probolomyrmex,Probolomyrmex tani
Formicidae,Probolomyrmex,Probolomyrmex vieti
Formicidae,Probolomyrmex,Probolomyrmex watanabei
Formicidae,Probolomyrmex,Probolomyrmex zahamena
Formicidae,Proceratium,Proceratium algiricum
Formicidae,Proceratium,Proceratium amazonicum
Formicidae,Proceratium,Proceratium angulinode
Formicidae,Proceratium,Proceratium arnoldi
Formicidae,Proceratium,Proceratium australe
Formicidae,Proceratium,Proceratium austronesicum
Formicidae,Proceratium,Proceratium avium
Formicidae,Proceratium,Proceratium banjaranense
Formicidae,Proceratium,Proceratium boltoni
Formicidae,Proceratium,Proceratium brasiliense
Formicidae,Proceratium,Proceratium bruelheidei
Formicidae,Proceratium,Proceratium burundense
Formicidae,Proceratium,Proceratium caledonicum
Formicidae,Proceratium,Proceratium californicum
Formicidae,Proceratium,Proceratium carri
Formicidae,Proceratium,Proceratium catio
Formicidae,Proceratium,Proceratium cavinodus
Formicidae,Proceratium,Proceratium chickasaw
Formicidae,Proceratium,Proceratium colombicum
Formicidae,Proceratium,Proceratium compitale
Formicidae,Proceratium,Proceratium confinium
Formicidae,Proceratium,Proceratium convexiceps
Formicidae,Proceratium,Proceratium crassicorne
Formicidae,Proceratium,Proceratium crassopetiolum
Formicidae,Proceratium,Proceratium creek
Formicidae,Proceratium,Proceratium croceum
Formicidae,Proceratium,Proceratium cubanum
Formicidae,Proceratium,Proceratium dayak
Formicidae,Proceratium,Proceratium deelemani
Formicidae,Proceratium,Proceratium digitospinum
Formicidae,Proceratium,Proceratium diplopyx
Formicidae,Proceratium,Proceratium dusun
Formicidae,Proceratium,Proceratium ecuadoriense
Formicidae,Proceratium,Proceratium foveolatum
Formicidae,Proceratium,Proceratium galilaeum
Formicidae,Proceratium,Proceratium gibbosum
Formicidae,Proceratium,Proceratium gigas
Formicidae,Proceratium,Proceratium goliath
Formicidae,Proceratium,Proceratium google
Formicidae,Proceratium,Proceratium gracile
Formicidae,Proceratium,Proceratium hirsutum
Formicidae,Proceratium,Proceratium itoi
Formicidae,Proceratium,Proceratium ivimka
Formicidae,Proceratium,Proceratium japonicum
Formicidae,Proceratium,Proceratium kepingmai
Formicidae,Proceratium,Proceratium lattkei
Formicidae,Proceratium,Proceratium lombokense
Formicidae,Proceratium,Proceratium longigaster
Formicidae,Proceratium,Proceratium longiscapus
Formicidae,Proceratium,Proceratium longmenense
Formicidae,Proceratium,Proceratium lunatum
Formicidae,Proceratium,Proceratium malesianum
Formicidae,Proceratium,Proceratium mancum
Formicidae,Proceratium,Proceratium melinum
Formicidae,Proceratium,Proceratium melitense
Formicidae,Proceratium,Proceratium mexicanum
Formicidae,Proceratium,Proceratium micrommatum
Formicidae,Proceratium,Proceratium microsculptum
Formicidae,Proceratium,Proceratium morisitai
Formicidae,Proceratium,Proceratium nilo
Formicidae,Proceratium,Proceratium numidicum
Formicidae,Proceratium,Proceratium oceanicum
Formicidae,Proceratium,Proceratium panamense
Formicidae,Proceratium,Proceratium papuanum
Formicidae,Proceratium,Proceratium pergandei
Formicidae,Proceratium,Proceratium planodorsum
Formicidae,Proceratium,Proceratium politum
Formicidae,Proceratium,Proceratium pumilio
Formicidae,Proceratium,Proceratium recticephalum
Formicidae,Proceratium,Proceratium relictum
Formicidae,Proceratium,Proceratium robustum
Formicidae,Proceratium,Proceratium rugiceps
Formicidae,Proceratium,Proceratium sali
Formicidae,Proceratium,Proceratium shanyii
Formicidae,Proceratium,Proceratium shohei
Formicidae,Proceratium,Proceratium siamense
Formicidae,Proceratium,Proceratium silaceum
Formicidae,Proceratium,Proceratium silisili
Formicidae,Proceratium,Proceratium snellingi
Formicidae,Proceratium,Proceratium sokoke
Formicidae,Proceratium,Proceratium spinosubum
Formicidae,Proceratium,Proceratium stictum
Formicidae,Proceratium,Proceratium striativenter
Formicidae,Proceratium,Proceratium sulawense
Formicidae,Proceratium,Proceratium taino
Formicidae,Proceratium,Proceratium terraealtae
Formicidae,Proceratium,Proceratium terroni
Formicidae,Proceratium,Proceratium tio
Formicidae,Proceratium,Proceratium toschii
Formicidae,Proceratium,Proceratium transitionis
Formicidae,Proceratium,Proceratium vinaka
Formicidae,Proceratium,Proceratium watasei
Formicidae,Proceratium,Proceratium williamsi
Formicidae,Proceratium,Proceratium zhaoi
Formicidae,Procryptocerus,Procryptocerus adlerzi
Formicidae,Procryptocerus,Procryptocerus attenuatus
Formicidae,Procryptocerus,Procryptocerus balzani
Formicidae,Procryptocerus,Procryptocerus batesi
Formicidae,Procryptocerus,Procryptocerus belti
Formicidae,Procryptocerus,Procryptocerus carbonarius
Formicidae,Procryptocerus,Procryptocerus clathratus
Formicidae,Procryptocerus,Procryptocerus convergens
Formicidae,Procryptocerus,Procryptocerus convexus
Formicidae,Procryptocerus,Procryptocerus coriarius
Formicidae,Procryptocerus,Procryptocerus curvistriatus
Formicidae,Procryptocerus,Procryptocerus eladio
Formicidae,Procryptocerus,Procryptocerus elegans
Formicidae,Procryptocerus,Procryptocerus ferreri
Formicidae,Procryptocerus,Procryptocerus gibbosus
Formicidae,Procryptocerus,Procryptocerus goeldii
Formicidae,Procryptocerus,Procryptocerus gracilis
Formicidae,Procryptocerus,Procryptocerus hirsutus
Formicidae,Procryptocerus,Procryptocerus hylaeus
Formicidae,Procryptocerus,Procryptocerus impressus
Formicidae,Procryptocerus,Procryptocerus kempfi
Formicidae,Procryptocerus,Procryptocerus lenkoi
Formicidae,Procryptocerus,Procryptocerus lepidus
Formicidae,Procryptocerus,Procryptocerus marginatus
Formicidae,Procryptocerus,Procryptocerus mayri
Formicidae,Procryptocerus,Procryptocerus montanus
Formicidae,Procryptocerus,Procryptocerus nalini
Formicidae,Procryptocerus,Procryptocerus paleatus
Formicidae,Procryptocerus,Procryptocerus petiolatus
Formicidae,Procryptocerus,Procryptocerus pictipes
Formicidae,Procryptocerus,Procryptocerus regularis
Formicidae,Procryptocerus,Procryptocerus rudis
Formicidae,Procryptocerus,Procryptocerus sampaioi
Formicidae,Procryptocerus,Procryptocerus scabriusculus
Formicidae,Procryptocerus,Procryptocerus schmalzi
Formicidae,Procryptocerus,Procryptocerus schmitti
Formicidae,Procryptocerus,Procryptocerus seabrai
Formicidae,Procryptocerus,Procryptocerus spiniperdus
Formicidae,Procryptocerus,Procryptocerus striatus
Formicidae,Procryptocerus,Procryptocerus subpilosus
Formicidae,Procryptocerus,Procryptocerus sulcatus
Formicidae,Procryptocerus,Procryptocerus tortuguero
Formicidae,Procryptocerus,Procryptocerus victoris
Formicidae,Procryptocerus,Procryptocerus virgatus
Formicidae,Proformica,Proformica alaica
Formicidae,Proformica,Proformica borowieci
Formicidae,Proformica,Proformica buddhaensis
Formicidae,Proformica,Proformica caucasea
Formicidae,Proformica,Proformica cerdanyensis
Formicidae,Proformica,Proformica chelmosensis
Formicidae,Proformica,Proformica coriacea
Formicidae,Proformica,Proformica dolichocephala
Formicidae,Proformica,Proformica epinotalis
Formicidae,Proformica,Proformica ferreri
Formicidae,Proformica,Proformica flavosetosa
Formicidae,Proformica,Proformica jacoti
Formicidae,Proformica,Proformica kaszabi
Formicidae,Proformica,Proformica kobachidzei
Formicidae,Proformica,Proformica korbi
Formicidae,Proformica,Proformica kosswigi
Formicidae,Proformica,Proformica kusnezowi
Formicidae,Proformica,Proformica lebasi
Formicidae,Proformica,Proformica longipilosa
Formicidae,Proformica,Proformica longiseta
Formicidae,Proformica,Proformica mongolica
Formicidae,Proformica,Proformica muusensis
Formicidae,Proformica,Proformica nasuta
Formicidae,Proformica,Proformica nitida
Formicidae,Proformica,Proformica oculatissima
Formicidae,Proformica,Proformica ossetica
Formicidae,Proformica,Proformica pilosiscapa
Formicidae,Proformica,Proformica seraphimi
Formicidae,Proformica,Proformica similis
Formicidae,Proformica,Proformica splendida
Formicidae,Proformica,Proformica striaticeps
Formicidae,Prolasius,Prolasius abruptus
Formicidae,Prolasius,Prolasius advena
Formicidae,Prolasius,Prolasius antennatus
Formicidae,Prolasius,Prolasius bruneus
Formicidae,Prolasius,Prolasius clarki
Formicidae,Prolasius,Prolasius convexus
Formicidae,Prolasius,Prolasius depressiceps
Formicidae,Prolasius,Prolasius flavicornis
Formicidae,Prolasius,Prolasius formicoides
Formicidae,Prolasius,Prolasius hellenae
Formicidae,Prolasius,Prolasius hemiflavus
Formicidae,Prolasius,Prolasius mjoebergellus
Formicidae,Prolasius,Prolasius nitidissimus
Formicidae,Prolasius,Prolasius pallidus
Formicidae,Prolasius,Prolasius quadratus
Formicidae,Prolasius,Prolasius robustus
Formicidae,Prolasius,Prolasius scipio
Formicidae,Prolasius,Prolasius wheeleri
Formicidae,Prolasius,Prolasius wilsoni
Formicidae,Promyopias,Promyopias silvestrii
Formicidae,Propodilobus,Propodilobus pingorum
Formicidae,Protalaridris,Protalaridris aculeata
Formicidae,Protalaridris,Protalaridris arhuaca
Formicidae,Protalaridris,Protalaridris armata
Formicidae,Protalaridris,Protalaridris bordoni
Formicidae,Protalaridris,Protalaridris leponcei
Formicidae,Protalaridris,Protalaridris loxanensis
Formicidae,Protalaridris,Protalaridris punctata
Formicidae,Protanilla,Protanilla beijingensis
Formicidae,Protanilla,Protanilla bicolor
Formicidae,Protanilla,Protanilla boltoni
Formicidae,Protanilla,Protanilla concolor
Formicidae,Protanilla,Protanilla eguchii
Formicidae,Protanilla,Protanilla flamma
Formicidae,Protanilla,Protanilla furcomandibula
Formicidae,Protanilla,Protanilla gengma
Formicidae,Protanilla,Protanilla helenae
Formicidae,Protanilla,Protanilla izanagi
Formicidae,Protanilla,Protanilla jongi
Formicidae,Protanilla,Protanilla lini
Formicidae,Protanilla,Protanilla rafflesi
Formicidae,Protanilla,Protanilla rong
Formicidae,Protanilla,Protanilla schoedli
Formicidae,Protanilla,Protanilla shanyii
Formicidae,Protanilla,Protanilla taylori
Formicidae,Protanilla,Protanilla tibeta
Formicidae,Protanilla,Protanilla wallacei
Formicidae,Protanilla,Protanilla wardi
Formicidae,Protanilla,Protanilla xui
Formicidae,Psalidomyrmex,Psalidomyrmex feae
Formicidae,Psalidomyrmex,Psalidomyrmex foveolatus
Formicidae,Psalidomyrmex,Psalidomyrmex procerus
Formicidae,Psalidomyrmex,Psalidomyrmex reichenspergeri
Formicidae,Psalidomyrmex,Psalidomyrmex sallyae
Formicidae,Psalidomyrmex,Psalidomyrmex wheeleri
Formicidae,Pseudoatta,Pseudoatta argentina
Formicidae,Pseudoatta,Pseudoatta sp
Formicidae,Pseudolasius,Pseudolasius amaurops
Formicidae,Pseudolasius,Pseudolasius amblyops
Formicidae,Pseudolasius,Pseudolasius australis
Formicidae,Pseudolasius,Pseudolasius badius
Formicidae,Pseudolasius,Pseudolasius bidenticlypeus
Formicidae,Pseudolasius,Pseudolasius binghami
Formicidae,Pseudolasius,Pseudolasius breviceps
Formicidae,Pseudolasius,Pseudolasius butteli
Formicidae,Pseudolasius,Pseudolasius caecus
Formicidae,Pseudolasius,Pseudolasius carinatus
Formicidae,Pseudolasius,Pseudolasius cibdelus
Formicidae,Pseudolasius,Pseudolasius circularis
Formicidae,Pseudolasius,Pseudolasius diversus
Formicidae,Pseudolasius,Pseudolasius emeryi
Formicidae,Pseudolasius,Pseudolasius fallax
Formicidae,Pseudolasius,Pseudolasius familiaris
Formicidae,Pseudolasius,Pseudolasius hummeli
Formicidae,Pseudolasius,Pseudolasius isabellae
Formicidae,Pseudolasius,Pseudolasius jacobsoni
Formicidae,Pseudolasius,Pseudolasius karawajewi
Formicidae,Pseudolasius,Pseudolasius lasioides
Formicidae,Pseudolasius,Pseudolasius leopoldi
Formicidae,Pseudolasius,Pseudolasius liliputi
Formicidae,Pseudolasius,Pseudolasius longiscapus
Formicidae,Pseudolasius,Pseudolasius ludovici
Formicidae,Pseudolasius,Pseudolasius machhediensis
Formicidae,Pseudolasius,Pseudolasius martini
Formicidae,Pseudolasius,Pseudolasius mayri
Formicidae,Pseudolasius,Pseudolasius minor
Formicidae,Pseudolasius,Pseudolasius minutissimus
Formicidae,Pseudolasius,Pseudolasius minutus
Formicidae,Pseudolasius,Pseudolasius overbecki
Formicidae,Pseudolasius,Pseudolasius pallidus
Formicidae,Pseudolasius,Pseudolasius pheidolinus
Formicidae,Pseudolasius,Pseudolasius polymorphicus
Formicidae,Pseudolasius,Pseudolasius pygmaeus
Formicidae,Pseudolasius,Pseudolasius risii
Formicidae,Pseudolasius,Pseudolasius salvazai
Formicidae,Pseudolasius,Pseudolasius sauteri
Formicidae,Pseudolasius,Pseudolasius sexdentatus
Formicidae,Pseudolasius,Pseudolasius silvestrii
Formicidae,Pseudolasius,Pseudolasius similus
Formicidae,Pseudolasius,Pseudolasius streesemanni
Formicidae,Pseudolasius,Pseudolasius sumatrensis
Formicidae,Pseudolasius,Pseudolasius sunda
Formicidae,Pseudolasius,Pseudolasius tenuicornis
Formicidae,Pseudolasius,Pseudolasius trimorphus
Formicidae,Pseudolasius,Pseudolasius typhlops
Formicidae,Pseudolasius,Pseudolasius waigeuensis
Formicidae,Pseudolasius,Pseudolasius zamrood
Formicidae,Pseudolasius,Pseudolasius zynia
Formicidae,Pseudomyrmex,Pseudomyrmex acanthobius
Formicidae,Pseudomyrmex,Pseudomyrmex adustus
Formicidae,Pseudomyrmex,Pseudomyrmex alternans
Formicidae,Pseudomyrmex,Pseudomyrmex alustratus
Formicidae,Pseudomyrmex,Pseudomyrmex alvarengai
Formicidae,Pseudomyrmex,Pseudomyrmex antiguanus
Formicidae,Pseudomyrmex,Pseudomyrmex apache
Formicidae,Pseudomyrmex,Pseudomyrmex arcanus
Formicidae,Pseudomyrmex,Pseudomyrmex atripes
Formicidae,Pseudomyrmex,Pseudomyrmex beccarii
Formicidae,Pseudomyrmex,Pseudomyrmex boopis
Formicidae,Pseudomyrmex,Pseudomyrmex browni
Formicidae,Pseudomyrmex,Pseudomyrmex brunneus
Formicidae,Pseudomyrmex,Pseudomyrmex caeciliae
Formicidae,Pseudomyrmex,Pseudomyrmex capillatus
Formicidae,Pseudomyrmex,Pseudomyrmex championi
Formicidae,Pseudomyrmex,Pseudomyrmex cladoicus
Formicidae,Pseudomyrmex,Pseudomyrmex cognatus
Formicidae,Pseudomyrmex,Pseudomyrmex colei
Formicidae,Pseudomyrmex,Pseudomyrmex comitator
Formicidae,Pseudomyrmex,Pseudomyrmex concolor
Formicidae,Pseudomyrmex,Pseudomyrmex cordiae
Formicidae,Pseudomyrmex,Pseudomyrmex cretus
Formicidae,Pseudomyrmex,Pseudomyrmex crudelis
Formicidae,Pseudomyrmex,Pseudomyrmex cubaensis
Formicidae,Pseudomyrmex,Pseudomyrmex curacaensis
Formicidae,Pseudomyrmex,Pseudomyrmex deminutus
Formicidae,Pseudomyrmex,Pseudomyrmex dendroicus
Formicidae,Pseudomyrmex,Pseudomyrmex denticollis
Formicidae,Pseudomyrmex,Pseudomyrmex depressus
Formicidae,Pseudomyrmex,Pseudomyrmex distinctus
Formicidae,Pseudomyrmex,Pseudomyrmex duckei
Formicidae,Pseudomyrmex,Pseudomyrmex eculeus
Formicidae,Pseudomyrmex,Pseudomyrmex eduardi
Formicidae,Pseudomyrmex,Pseudomyrmex ejectus
Formicidae,Pseudomyrmex,Pseudomyrmex elongatulus
Formicidae,Pseudomyrmex,Pseudomyrmex elongatus
Formicidae,Pseudomyrmex,Pseudomyrmex ereptor
Formicidae,Pseudomyrmex,Pseudomyrmex ethicus
Formicidae,Pseudomyrmex,Pseudomyrmex euryblemma
Formicidae,Pseudomyrmex,Pseudomyrmex evitus
Formicidae,Pseudomyrmex,Pseudomyrmex excisus
Formicidae,Pseudomyrmex,Pseudomyrmex exoratus
Formicidae,Pseudomyrmex,Pseudomyrmex faber
Formicidae,Pseudomyrmex,Pseudomyrmex fasciatus
Formicidae,Pseudomyrmex,Pseudomyrmex feralis
Formicidae,Pseudomyrmex,Pseudomyrmex ferox
Formicidae,Pseudomyrmex,Pseudomyrmex ferrugineus
Formicidae,Pseudomyrmex,Pseudomyrmex fervidus
Formicidae,Pseudomyrmex,Pseudomyrmex fiebrigi
Formicidae,Pseudomyrmex,Pseudomyrmex filiformis
Formicidae,Pseudomyrmex,Pseudomyrmex flavicornis
Formicidae,Pseudomyrmex,Pseudomyrmex flavidulus
Formicidae,Pseudomyrmex,Pseudomyrmex fortis
Formicidae,Pseudomyrmex,Pseudomyrmex gebellii
Formicidae,Pseudomyrmex,Pseudomyrmex gibbinotus
Formicidae,Pseudomyrmex,Pseudomyrmex godmani
Formicidae,Pseudomyrmex,Pseudomyrmex goeldii
Formicidae,Pseudomyrmex,Pseudomyrmex gracilis
Formicidae,Pseudomyrmex,Pseudomyrmex haytianus
Formicidae,Pseudomyrmex,Pseudomyrmex hesperius
Formicidae,Pseudomyrmex,Pseudomyrmex holmgreni
Formicidae,Pseudomyrmex,Pseudomyrmex hospitalis
Formicidae,Pseudomyrmex,Pseudomyrmex incurrens
Formicidae,Pseudomyrmex,Pseudomyrmex inquilinus
Formicidae,Pseudomyrmex,Pseudomyrmex insuavis
Formicidae,Pseudomyrmex,Pseudomyrmex ita
Formicidae,Pseudomyrmex,Pseudomyrmex janzeni
Formicidae,Pseudomyrmex,Pseudomyrmex kuenckeli
Formicidae,Pseudomyrmex,Pseudomyrmex laevifrons
Formicidae,Pseudomyrmex,Pseudomyrmex laevigatus
Formicidae,Pseudomyrmex,Pseudomyrmex laevivertex
Formicidae,Pseudomyrmex,Pseudomyrmex leptosus
Formicidae,Pseudomyrmex,Pseudomyrmex lisus
Formicidae,Pseudomyrmex,Pseudomyrmex lizeri
Formicidae,Pseudomyrmex,Pseudomyrmex longior
Formicidae,Pseudomyrmex,Pseudomyrmex longus
Formicidae,Pseudomyrmex,Pseudomyrmex lynceus
Formicidae,Pseudomyrmex,Pseudomyrmex maculatus
Formicidae,Pseudomyrmex,Pseudomyrmex major
Formicidae,Pseudomyrmex,Pseudomyrmex malignus
Formicidae,Pseudomyrmex,Pseudomyrmex mandibularis
Formicidae,Pseudomyrmex,Pseudomyrmex micans
Formicidae,Pseudomyrmex,Pseudomyrmex mixtecus
Formicidae,Pseudomyrmex,Pseudomyrmex monochrous
Formicidae,Pseudomyrmex,Pseudomyrmex mordax
Formicidae,Pseudomyrmex,Pseudomyrmex niger
Formicidae,Pseudomyrmex,Pseudomyrmex nigrocinctus
Formicidae,Pseudomyrmex,Pseudomyrmex nigropilosus
Formicidae,Pseudomyrmex,Pseudomyrmex nimbus
Formicidae,Pseudomyrmex,Pseudomyrmex obtusus
Formicidae,Pseudomyrmex,Pseudomyrmex oculatus
Formicidae,Pseudomyrmex,Pseudomyrmex oki
Formicidae,Pseudomyrmex,Pseudomyrmex opaciceps
Formicidae,Pseudomyrmex,Pseudomyrmex osurus
Formicidae,Pseudomyrmex,Pseudomyrmex pallens
Formicidae,Pseudomyrmex,Pseudomyrmex pallidus
Formicidae,Pseudomyrmex,Pseudomyrmex particeps
Formicidae,Pseudomyrmex,Pseudomyrmex parvulus
Formicidae,Pseudomyrmex,Pseudomyrmex pazosi
Formicidae,Pseudomyrmex,Pseudomyrmex penetrator
Formicidae,Pseudomyrmex,Pseudomyrmex peperi
Formicidae,Pseudomyrmex,Pseudomyrmex perboscii
Formicidae,Pseudomyrmex,Pseudomyrmex peruvianus
Formicidae,Pseudomyrmex,Pseudomyrmex phyllophilus
Formicidae,Pseudomyrmex,Pseudomyrmex pictus
Formicidae,Pseudomyrmex,Pseudomyrmex pisinnus
Formicidae,Pseudomyrmex,Pseudomyrmex pupa
Formicidae,Pseudomyrmex,Pseudomyrmex reconditus
Formicidae,Pseudomyrmex,Pseudomyrmex rochai
Formicidae,Pseudomyrmex,Pseudomyrmex rubiginosus
Formicidae,Pseudomyrmex,Pseudomyrmex rufiventris
Formicidae,Pseudomyrmex,Pseudomyrmex rufomedius
Formicidae,Pseudomyrmex,Pseudomyrmex salvini
Formicidae,Pseudomyrmex,Pseudomyrmex santschii
Formicidae,Pseudomyrmex,Pseudomyrmex satanicus
Formicidae,Pseudomyrmex,Pseudomyrmex schuppi
Formicidae,Pseudomyrmex,Pseudomyrmex seminole
Formicidae,Pseudomyrmex,Pseudomyrmex sericeus
Formicidae,Pseudomyrmex,Pseudomyrmex simplex
Formicidae,Pseudomyrmex,Pseudomyrmex simulans
Formicidae,Pseudomyrmex,Pseudomyrmex solisi
Formicidae,Pseudomyrmex,Pseudomyrmex spiculus
Formicidae,Pseudomyrmex,Pseudomyrmex spinicola
Formicidae,Pseudomyrmex,Pseudomyrmex squamifer
Formicidae,Pseudomyrmex,Pseudomyrmex subater
Formicidae,Pseudomyrmex,Pseudomyrmex subtilissimus
Formicidae,Pseudomyrmex,Pseudomyrmex tachigaliae
Formicidae,Pseudomyrmex,Pseudomyrmex tenuis
Formicidae,Pseudomyrmex,Pseudomyrmex tenuissimus
Formicidae,Pseudomyrmex,Pseudomyrmex terminalis
Formicidae,Pseudomyrmex,Pseudomyrmex termitarius
Formicidae,Pseudomyrmex,Pseudomyrmex triplaridis
Formicidae,Pseudomyrmex,Pseudomyrmex triplarinus
Formicidae,Pseudomyrmex,Pseudomyrmex ultrix
Formicidae,Pseudomyrmex,Pseudomyrmex unicolor
Formicidae,Pseudomyrmex,Pseudomyrmex urbanus
Formicidae,Pseudomyrmex,Pseudomyrmex veneficus
Formicidae,Pseudomyrmex,Pseudomyrmex venustus
Formicidae,Pseudomyrmex,Pseudomyrmex veracruzensis
Formicidae,Pseudomyrmex,Pseudomyrmex viduus
Formicidae,Pseudomyrmex,Pseudomyrmex villosus
Formicidae,Pseudomyrmex,Pseudomyrmex vinneni
Formicidae,Pseudomyrmex,Pseudomyrmex vitabilis
Formicidae,Pseudomyrmex,Pseudomyrmex voytowskii
Formicidae,Pseudomyrmex,Pseudomyrmex weberi
Formicidae,Pseudomyrmex,Pseudomyrmex wheeleri
Formicidae,Pseudoneoponera,Pseudoneoponera barbata
Formicidae,Pseudoneoponera,Pseudoneoponera bispinosa
Formicidae,Pseudoneoponera,Pseudoneoponera denticulata
Formicidae,Pseudoneoponera,Pseudoneoponera dubitata
Formicidae,Pseudoneoponera,Pseudoneoponera excavata
Formicidae,Pseudoneoponera,Pseudoneoponera havilandi
Formicidae,Pseudoneoponera,Pseudoneoponera incisa
Formicidae,Pseudoneoponera,Pseudoneoponera insularis
Formicidae,Pseudoneoponera,Pseudoneoponera mayri
Formicidae,Pseudoneoponera,Pseudoneoponera obesa
Formicidae,Pseudoneoponera,Pseudoneoponera oculata
Formicidae,Pseudoneoponera,Pseudoneoponera piliventris
Formicidae,Pseudoneoponera,Pseudoneoponera porcata
Formicidae,Pseudoneoponera,Pseudoneoponera regularis
Formicidae,Pseudoneoponera,Pseudoneoponera rufipes
Formicidae,Pseudoneoponera,Pseudoneoponera sandakana
Formicidae,Pseudoneoponera,Pseudoneoponera sublaevis
Formicidae,Pseudoneoponera,Pseudoneoponera tridentata
Formicidae,Pseudoneoponera,Pseudoneoponera verecundae
Formicidae,Pseudoneoponera,Pseudoneoponera vidua
Formicidae,Pseudonotoncus,Pseudonotoncus eurysikos
Formicidae,Pseudonotoncus,Pseudonotoncus hirsutus
Formicidae,Pseudoponera,Pseudoponera cognata
Formicidae,Pseudoponera,Pseudoponera gilberti
Formicidae,Pseudoponera,Pseudoponera gilloglyi
Formicidae,Pseudoponera,Pseudoponera stigma
Formicidae,Pseudoponera,Pseudoponera succedanea
Formicidae,Rasopone,Rasopone breviscapa
Formicidae,Rasopone,Rasopone costaricensis
Formicidae,Rasopone,Rasopone cryptergates
Formicidae,Rasopone,Rasopone cubitalis
Formicidae,Rasopone,Rasopone ferruginea
Formicidae,Rasopone,Rasopone guatemalensis
Formicidae,Rasopone,Rasopone lunaris
Formicidae,Rasopone,Rasopone mesoamericana
Formicidae,Rasopone,Rasopone minuta
Formicidae,Rasopone,Rasopone panamensis
Formicidae,Rasopone,Rasopone pluviselva
Formicidae,Rasopone,Rasopone politognatha
Formicidae,Rasopone,Rasopone rupinicola
Formicidae,Rasopone,Rasopone subcubitalis
Formicidae,Rasopone,Rasopone titanis
Formicidae,Ravavy,Ravavy miafina
Formicidae,Recurvidris,Recurvidris browni
Formicidae,Recurvidris,Recurvidris chanapaithooni
Formicidae,Recurvidris,Recurvidris glabriceps
Formicidae,Recurvidris,Recurvidris hebe
Formicidae,Recurvidris,Recurvidris kemneri
Formicidae,Recurvidris,Recurvidris lekakuli
Formicidae,Recurvidris,Recurvidris MM01
Formicidae,Recurvidris,Recurvidris nigrans
Formicidae,Recurvidris,Recurvidris nuwa
Formicidae,Recurvidris,Recurvidris pickburni
Formicidae,Recurvidris,Recurvidris proles
Formicidae,Recurvidris,Recurvidris recurvispinosa
Formicidae,Recurvidris,Recurvidris TH01
Formicidae,Recurvidris,Recurvidris williami
Formicidae,Retalimyrma,Retalimyrma wroughtonii
Formicidae,Rhopalomastix,Rhopalomastix escherichi
Formicidae,Rhopalomastix,Rhopalomastix glabricephala
Formicidae,Rhopalomastix,Rhopalomastix impithuksai
Formicidae,Rhopalomastix,Rhopalomastix javana
Formicidae,Rhopalomastix,Rhopalomastix johorensis
Formicidae,Rhopalomastix,Rhopalomastix mazu
Formicidae,Rhopalomastix,Rhopalomastix murphyi
Formicidae,Rhopalomastix,Rhopalomastix omotoensis
Formicidae,Rhopalomastix,Rhopalomastix parva
Formicidae,Rhopalomastix,Rhopalomastix robusta
Formicidae,Rhopalomastix,Rhopalomastix rothneyi
Formicidae,Rhopalomastix,Rhopalomastix striata
Formicidae,Rhopalomastix,Rhopalomastix tenebra
Formicidae,Rhopalomastix,Rhopalomastix umbracapita
Formicidae,Rhopalothrix,Rhopalothrix amati
Formicidae,Rhopalothrix,Rhopalothrix andersoni
Formicidae,Rhopalothrix,Rhopalothrix apertor
Formicidae,Rhopalothrix,Rhopalothrix atitlanica
Formicidae,Rhopalothrix,Rhopalothrix ciliata
Formicidae,Rhopalothrix,Rhopalothrix diadema
Formicidae,Rhopalothrix,Rhopalothrix isthmica
Formicidae,Rhopalothrix,Rhopalothrix kusnezovi
Formicidae,Rhopalothrix,Rhopalothrix mandibularis
Formicidae,Rhopalothrix,Rhopalothrix mariaemirae
Formicidae,Rhopalothrix,Rhopalothrix megisthmica
Formicidae,Rhopalothrix,Rhopalothrix nubilosa
Formicidae,Rhopalothrix,Rhopalothrix orbis
Formicidae,Rhopalothrix,Rhopalothrix plaumanni
Formicidae,Rhopalothrix,Rhopalothrix stannardi
Formicidae,Rhopalothrix,Rhopalothrix subspatulata
Formicidae,Rhopalothrix,Rhopalothrix therion
Formicidae,Rhopalothrix,Rhopalothrix triumphalis
Formicidae,Rhopalothrix,Rhopalothrix weberi
Formicidae,Rhytidoponera,Rhytidoponera abdominalis
Formicidae,Rhytidoponera,Rhytidoponera acanthoponeroides
Formicidae,Rhytidoponera,Rhytidoponera aciculata
Formicidae,Rhytidoponera,Rhytidoponera aenescens
Formicidae,Rhytidoponera,Rhytidoponera anceps
Formicidae,Rhytidoponera,Rhytidoponera aquila
Formicidae,Rhytidoponera,Rhytidoponera araneoides
Formicidae,Rhytidoponera,Rhytidoponera arborea
Formicidae,Rhytidoponera,Rhytidoponera aspera
Formicidae,Rhytidoponera,Rhytidoponera atropurpurea
Formicidae,Rhytidoponera,Rhytidoponera aurata
Formicidae,Rhytidoponera,Rhytidoponera barnardi
Formicidae,Rhytidoponera,Rhytidoponera barretti
Formicidae,Rhytidoponera,Rhytidoponera borealis
Formicidae,Rhytidoponera,Rhytidoponera castanea
Formicidae,Rhytidoponera,Rhytidoponera celtinodis
Formicidae,Rhytidoponera,Rhytidoponera cerastes
Formicidae,Rhytidoponera,Rhytidoponera chalybaea
Formicidae,Rhytidoponera,Rhytidoponera chnoopyx
Formicidae,Rhytidoponera,Rhytidoponera clarki
Formicidae,Rhytidoponera,Rhytidoponera confusa
Formicidae,Rhytidoponera,Rhytidoponera convexa
Formicidae,Rhytidoponera,Rhytidoponera cornuta
Formicidae,Rhytidoponera,Rhytidoponera crassinodis
Formicidae,Rhytidoponera,Rhytidoponera cristata
Formicidae,Rhytidoponera,Rhytidoponera croesus
Formicidae,Rhytidoponera,Rhytidoponera depilis
Formicidae,Rhytidoponera,Rhytidoponera dubia
Formicidae,Rhytidoponera,Rhytidoponera enigmatica
Formicidae,Rhytidoponera,Rhytidoponera eremita
Formicidae,Rhytidoponera,Rhytidoponera ferruginea
Formicidae,Rhytidoponera,Rhytidoponera flavicornis
Formicidae,Rhytidoponera,Rhytidoponera flavipes
Formicidae,Rhytidoponera,Rhytidoponera flindersi
Formicidae,Rhytidoponera,Rhytidoponera foreli
Formicidae,Rhytidoponera,Rhytidoponera foveolata
Formicidae,Rhytidoponera,Rhytidoponera fulgens
Formicidae,Rhytidoponera,Rhytidoponera fuliginosa
Formicidae,Rhytidoponera,Rhytidoponera greavesi
Formicidae,Rhytidoponera,Rhytidoponera gregoryi
Formicidae,Rhytidoponera,Rhytidoponera haeckeli
Formicidae,Rhytidoponera,Rhytidoponera hanieli
Formicidae,Rhytidoponera,Rhytidoponera hilli
Formicidae,Rhytidoponera,Rhytidoponera impressa
Formicidae,Rhytidoponera,Rhytidoponera incisa
Formicidae,Rhytidoponera,Rhytidoponera inops
Formicidae,Rhytidoponera,Rhytidoponera inornata
Formicidae,Rhytidoponera,Rhytidoponera insularis
Formicidae,Rhytidoponera,Rhytidoponera koumensis
Formicidae,Rhytidoponera,Rhytidoponera kurandensis
Formicidae,Rhytidoponera,Rhytidoponera laciniosa
Formicidae,Rhytidoponera,Rhytidoponera lamellinodis
Formicidae,Rhytidoponera,Rhytidoponera laticeps
Formicidae,Rhytidoponera,Rhytidoponera levior
Formicidae,Rhytidoponera,Rhytidoponera litoralis
Formicidae,Rhytidoponera,Rhytidoponera luteipes
Formicidae,Rhytidoponera,Rhytidoponera maledicta
Formicidae,Rhytidoponera,Rhytidoponera maniae
Formicidae,Rhytidoponera,Rhytidoponera mayri
Formicidae,Rhytidoponera,Rhytidoponera metallica
Formicidae,Rhytidoponera,Rhytidoponera micans
Formicidae,Rhytidoponera,Rhytidoponera mimica
Formicidae,Rhytidoponera,Rhytidoponera mirabilis
Formicidae,Rhytidoponera,Rhytidoponera nexa
Formicidae,Rhytidoponera,Rhytidoponera nitida
Formicidae,Rhytidoponera,Rhytidoponera nitidiventris
Formicidae,Rhytidoponera,Rhytidoponera nodifera
Formicidae,Rhytidoponera,Rhytidoponera nudata
Formicidae,Rhytidoponera,Rhytidoponera numeensis
Formicidae,Rhytidoponera,Rhytidoponera opaciventris
Formicidae,Rhytidoponera,Rhytidoponera peninsularis
Formicidae,Rhytidoponera,Rhytidoponera pilosula
Formicidae,Rhytidoponera,Rhytidoponera pulchella
Formicidae,Rhytidoponera,Rhytidoponera punctata
Formicidae,Rhytidoponera,Rhytidoponera punctigera
Formicidae,Rhytidoponera,Rhytidoponera punctiventris
Formicidae,Rhytidoponera,Rhytidoponera purpurea
Formicidae,Rhytidoponera,Rhytidoponera quadriceps
Formicidae,Rhytidoponera,Rhytidoponera reflexa
Formicidae,Rhytidoponera,Rhytidoponera reticulata
Formicidae,Rhytidoponera,Rhytidoponera rotundiceps
Formicidae,Rhytidoponera,Rhytidoponera rufescens
Formicidae,Rhytidoponera,Rhytidoponera rufithorax
Formicidae,Rhytidoponera,Rhytidoponera rufiventris
Formicidae,Rhytidoponera,Rhytidoponera scaberrima
Formicidae,Rhytidoponera,Rhytidoponera scabra
Formicidae,Rhytidoponera,Rhytidoponera scabrior
Formicidae,Rhytidoponera,Rhytidoponera socrus
Formicidae,Rhytidoponera,Rhytidoponera spoliata
Formicidae,Rhytidoponera,Rhytidoponera strigosa
Formicidae,Rhytidoponera,Rhytidoponera subcyanea
Formicidae,Rhytidoponera,Rhytidoponera tasmaniensis
Formicidae,Rhytidoponera,Rhytidoponera taurus
Formicidae,Rhytidoponera,Rhytidoponera tenuis
Formicidae,Rhytidoponera,Rhytidoponera terrestris
Formicidae,Rhytidoponera,Rhytidoponera trachypyx
Formicidae,Rhytidoponera,Rhytidoponera turneri
Formicidae,Rhytidoponera,Rhytidoponera tyloxys
Formicidae,Rhytidoponera,Rhytidoponera versicolor
Formicidae,Rhytidoponera,Rhytidoponera victoriae
Formicidae,Rhytidoponera,Rhytidoponera violacea
Formicidae,Rhytidoponera,Rhytidoponera viridis
Formicidae,Rhytidoponera,Rhytidoponera wilsoni
Formicidae,Rhytidoponera,Rhytidoponera yorkensis
Formicidae,Rogeria,Rogeria alzatei
Formicidae,Rogeria,Rogeria belti
Formicidae,Rogeria,Rogeria besucheti
Formicidae,Rogeria,Rogeria blanda
Formicidae,Rogeria,Rogeria bruchi
Formicidae,Rogeria,Rogeria brunnea
Formicidae,Rogeria,Rogeria carinata
Formicidae,Rogeria,Rogeria ciliosa
Formicidae,Rogeria,Rogeria cornuta
Formicidae,Rogeria,Rogeria creightoni
Formicidae,Rogeria,Rogeria cuneola
Formicidae,Rogeria,Rogeria curvipubens
Formicidae,Rogeria,Rogeria exsulans
Formicidae,Rogeria,Rogeria foreli
Formicidae,Rogeria,Rogeria germaini
Formicidae,Rogeria,Rogeria gibba
Formicidae,Rogeria,Rogeria inermis
Formicidae,Rogeria,Rogeria innotabilis
Formicidae,Rogeria,Rogeria lacertosa
Formicidae,Rogeria,Rogeria leptonana
Formicidae,Rogeria,Rogeria lirata
Formicidae,Rogeria,Rogeria megastigmatica
Formicidae,Rogeria,Rogeria merenbergiana
Formicidae,Rogeria,Rogeria micromma
Formicidae,Rogeria,Rogeria minima
Formicidae,Rogeria,Rogeria neilyensis
Formicidae,Rogeria,Rogeria nevadensis
Formicidae,Rogeria,Rogeria pellecta
Formicidae,Rogeria,Rogeria procera
Formicidae,Rogeria,Rogeria prominula
Formicidae,Rogeria,Rogeria scandens
Formicidae,Rogeria,Rogeria scobinata
Formicidae,Rogeria,Rogeria sicaria
Formicidae,Rogeria,Rogeria stigmatica
Formicidae,Rogeria,Rogeria subarmata
Formicidae,Rogeria,Rogeria terescandens
Formicidae,Rogeria,Rogeria tonduzi
Formicidae,Rogeria,Rogeria tribrocca
Formicidae,Rogeria,Rogeria tsumani
Formicidae,Rogeria,Rogeria unguispina
Formicidae,Romblonella,Romblonella coryae
Formicidae,Romblonella,Romblonella elysii
Formicidae,Romblonella,Romblonella heatwolei
Formicidae,Romblonella,Romblonella liogaster
Formicidae,Romblonella,Romblonella longinoi
Formicidae,Romblonella,Romblonella opaca
Formicidae,Romblonella,Romblonella palauensis
Formicidae,Romblonella,Romblonella scrobifera
Formicidae,Romblonella,Romblonella townesi
Formicidae,Romblonella,Romblonella yapensis
Formicidae,Rossomyrmex,Rossomyrmex anatolicus
Formicidae,Rossomyrmex,Rossomyrmex minuchae
Formicidae,Rossomyrmex,Rossomyrmex proformicarum
Formicidae,Rossomyrmex,Rossomyrmex quandratinodus
Formicidae,Rostromyrmex,Rostromyrmex pasohensis
Formicidae,Rotastruma,Rotastruma epispina
Formicidae,Rotastruma,Rotastruma recava
Formicidae,Rotastruma,Rotastruma stenoceps
Formicidae,Royidris,Royidris admixta
Formicidae,Royidris,Royidris anxietas
Formicidae,Royidris,Royidris clarinodis
Formicidae,Royidris,Royidris depilosa
Formicidae,Royidris,Royidris diminuta
Formicidae,Royidris,Royidris etiolata
Formicidae,Royidris,Royidris gravipuncta
Formicidae,Royidris,Royidris longiseta
Formicidae,Royidris,Royidris notorthotenes
Formicidae,Royidris,Royidris pallida
Formicidae,Royidris,Royidris peregrina
Formicidae,Royidris,Royidris pulchra
Formicidae,Royidris,Royidris robertsoni
Formicidae,Royidris,Royidris shuckardi
Formicidae,Royidris,Royidris singularis
Formicidae,Santschiella,Santschiella kohli
Formicidae,Secostruma,Secostruma lethifera
Formicidae,Secostruma,Secostruma MY01
Formicidae,Sericomyrmex,Sericomyrmex amabilis
Formicidae,Sericomyrmex,Sericomyrmex bondari
Formicidae,Sericomyrmex,Sericomyrmex lutzi
Formicidae,Sericomyrmex,Sericomyrmex maravalhas
Formicidae,Sericomyrmex,Sericomyrmex mayri
Formicidae,Sericomyrmex,Sericomyrmex opacus
Formicidae,Sericomyrmex,Sericomyrmex parvulus
Formicidae,Sericomyrmex,Sericomyrmex radioheadi
Formicidae,Sericomyrmex,Sericomyrmex saramama
Formicidae,Sericomyrmex,Sericomyrmex saussurei
Formicidae,Sericomyrmex,Sericomyrmex scrobifer
Formicidae,Simopelta,Simopelta andersoni
Formicidae,Simopelta,Simopelta anomma
Formicidae,Simopelta,Simopelta bicolor
Formicidae,Simopelta,Simopelta breviscapa
Formicidae,Simopelta,Simopelta curvata
Formicidae,Simopelta,Simopelta fernandezi
Formicidae,Simopelta,Simopelta jeckylli
Formicidae,Simopelta,Simopelta laevigata
Formicidae,Simopelta,Simopelta laticeps
Formicidae,Simopelta,Simopelta longinoda
Formicidae,Simopelta,Simopelta longirostris
Formicidae,Simopelta,Simopelta manni
Formicidae,Simopelta,Simopelta mayri
Formicidae,Simopelta,Simopelta minima
Formicidae,Simopelta,Simopelta oculata
Formicidae,Simopelta,Simopelta paeminosa
Formicidae,Simopelta,Simopelta pentadentata
Formicidae,Simopelta,Simopelta pergandei
Formicidae,Simopelta,Simopelta quadridentata
Formicidae,Simopelta,Simopelta transversa
Formicidae,Simopelta,Simopelta vieirai
Formicidae,Simopelta,Simopelta williamsi
Formicidae,Simopone,Simopone amana
Formicidae,Simopone,Simopone annettae
Formicidae,Simopone,Simopone bakeri
Formicidae,Simopone,Simopone brunnea
Formicidae,Simopone,Simopone chapmani
Formicidae,Simopone,Simopone conradti
Formicidae,Simopone,Simopone consimilis
Formicidae,Simopone,Simopone dignita
Formicidae,Simopone,Simopone dryas
Formicidae,Simopone,Simopone dux
Formicidae,Simopone,Simopone elegans
Formicidae,Simopone,Simopone emeryi
Formicidae,Simopone,Simopone fera
Formicidae,Simopone,Simopone fisheri
Formicidae,Simopone,Simopone fulvinodis
Formicidae,Simopone,Simopone grandidieri
Formicidae,Simopone,Simopone grandis
Formicidae,Simopone,Simopone gressitti
Formicidae,Simopone,Simopone inculta
Formicidae,Simopone,Simopone laevissima
Formicidae,Simopone,Simopone latiscapa
Formicidae,Simopone,Simopone marleyi
Formicidae,Simopone,Simopone matthiasi
Formicidae,Simopone,Simopone mayri
Formicidae,Simopone,Simopone merita
Formicidae,Simopone,Simopone miniflava
Formicidae,Simopone,Simopone nonnihil
Formicidae,Simopone,Simopone occulta
Formicidae,Simopone,Simopone oculata
Formicidae,Simopone,Simopone persculpta
Formicidae,Simopone,Simopone rabula
Formicidae,Simopone,Simopone rex
Formicidae,Simopone,Simopone schoutedeni
Formicidae,Simopone,Simopone sicaria
Formicidae,Simopone,Simopone silens
Formicidae,Simopone,Simopone trita
Formicidae,Simopone,Simopone vepres
Formicidae,Simopone,Simopone victrix
Formicidae,Simopone,Simopone wilburi
Formicidae,Simopone,Simopone yunnanensis
Formicidae,Solenopsis,Solenopsis abdita
Formicidae,Solenopsis,Solenopsis abjectior
Formicidae,Solenopsis,Solenopsis africana
Formicidae,Solenopsis,Solenopsis alecto
Formicidae,Solenopsis,Solenopsis altinodis
Formicidae,Solenopsis,Solenopsis alvarengai
Formicidae,Solenopsis,Solenopsis amblychila
Formicidae,Solenopsis,Solenopsis andina
Formicidae,Solenopsis,Solenopsis atlantis
Formicidae,Solenopsis,Solenopsis aurea
Formicidae,Solenopsis,Solenopsis azteca
Formicidae,Solenopsis,Solenopsis basalis
Formicidae,Solenopsis,Solenopsis belisarius
Formicidae,Solenopsis,Solenopsis bicolor
Formicidae,Solenopsis,Solenopsis brazoensis
Formicidae,Solenopsis,Solenopsis brevicornis
Formicidae,Solenopsis,Solenopsis bruchiella
Formicidae,Solenopsis,Solenopsis bruesi
Formicidae,Solenopsis,Solenopsis bucki
Formicidae,Solenopsis,Solenopsis canariensis
Formicidae,Solenopsis,Solenopsis capensis
Formicidae,Solenopsis,Solenopsis carolinensis
Formicidae,Solenopsis,Solenopsis castor
Formicidae,Solenopsis,Solenopsis celata
Formicidae,Solenopsis,Solenopsis clarki
Formicidae,Solenopsis,Solenopsis clytemnestra
Formicidae,Solenopsis,Solenopsis condei
Formicidae,Solenopsis,Solenopsis conjurata
Formicidae,Solenopsis,Solenopsis cooperi
Formicidae,Solenopsis,Solenopsis corticalis
Formicidae,Solenopsis,Solenopsis crivellarii
Formicidae,Solenopsis,Solenopsis cypridis
Formicidae,Solenopsis,Solenopsis daguerrei
Formicidae,Solenopsis,Solenopsis dalli
Formicidae,Solenopsis,Solenopsis debilior
Formicidae,Solenopsis,Solenopsis decipiens
Formicidae,Solenopsis,Solenopsis dentata
Formicidae,Solenopsis,Solenopsis desecheoensis
Formicidae,Solenopsis,Solenopsis deserticola
Formicidae,Solenopsis,Solenopsis dysderces
Formicidae,Solenopsis,Solenopsis egregia
Formicidae,Solenopsis,Solenopsis electra
Formicidae,Solenopsis,Solenopsis elhawagryi
Formicidae,Solenopsis,Solenopsis emeryi
Formicidae,Solenopsis,Solenopsis emiliae
Formicidae,Solenopsis,Solenopsis enigmatica
Formicidae,Solenopsis,Solenopsis eximia
Formicidae,Solenopsis,Solenopsis fairchildi
Formicidae,Solenopsis,Solenopsis franki
Formicidae,Solenopsis,Solenopsis froggatti
Formicidae,Solenopsis,Solenopsis fugax
Formicidae,Solenopsis,Solenopsis fusciventris
Formicidae,Solenopsis,Solenopsis gallica
Formicidae,Solenopsis,Solenopsis gayi
Formicidae,Solenopsis,Solenopsis geminata
Formicidae,Solenopsis,Solenopsis gensterblumi
Formicidae,Solenopsis,Solenopsis georgica
Formicidae,Solenopsis,Solenopsis germaini
Formicidae,Solenopsis,Solenopsis globularia
Formicidae,Solenopsis,Solenopsis gnoma
Formicidae,Solenopsis,Solenopsis gnomula
Formicidae,Solenopsis,Solenopsis goeldii
Formicidae,Solenopsis,Solenopsis granivora
Formicidae,Solenopsis,Solenopsis hayemi
Formicidae,Solenopsis,Solenopsis helena
Formicidae,Solenopsis,Solenopsis hostilis
Formicidae,Solenopsis,Solenopsis iheringi
Formicidae,Solenopsis,Solenopsis ilinei
Formicidae,Solenopsis,Solenopsis impolita
Formicidae,Solenopsis,Solenopsis indagatrix
Formicidae,Solenopsis,Solenopsis insculpta
Formicidae,Solenopsis,Solenopsis insinuans
Formicidae,Solenopsis,Solenopsis interrupta
Formicidae,Solenopsis,Solenopsis invicta
Formicidae,Solenopsis,Solenopsis isopilis
Formicidae,Solenopsis,Solenopsis jacoti
Formicidae,Solenopsis,Solenopsis jalalabadica
Formicidae,Solenopsis,Solenopsis japonica
Formicidae,Solenopsis,Solenopsis joergenseni
Formicidae,Solenopsis,Solenopsis johnsoni
Formicidae,Solenopsis,Solenopsis juliae
Formicidae,Solenopsis,Solenopsis kabylica
Formicidae,Solenopsis,Solenopsis knuti
Formicidae,Solenopsis,Solenopsis kochi
Formicidae,Solenopsis,Solenopsis krockowi
Formicidae,Solenopsis,Solenopsis laeviceps
Formicidae,Solenopsis,Solenopsis latastei
Formicidae,Solenopsis,Solenopsis latro
Formicidae,Solenopsis,Solenopsis leptanilloides
Formicidae,Solenopsis,Solenopsis longicephala
Formicidae,Solenopsis,Solenopsis longiceps
Formicidae,Solenopsis,Solenopsis longinoi
Formicidae,Solenopsis,Solenopsis loretana
Formicidae,Solenopsis,Solenopsis lotophaga
Formicidae,Solenopsis,Solenopsis lou
Formicidae,Solenopsis,Solenopsis lucayensis
Formicidae,Solenopsis,Solenopsis lusitanica
Formicidae,Solenopsis,Solenopsis maboya
Formicidae,Solenopsis,Solenopsis macdonaghi
Formicidae,Solenopsis,Solenopsis macrops
Formicidae,Solenopsis,Solenopsis madara
Formicidae,Solenopsis,Solenopsis major
Formicidae,Solenopsis,Solenopsis maligna
Formicidae,Solenopsis,Solenopsis mameti
Formicidae,Solenopsis,Solenopsis marxi
Formicidae,Solenopsis,Solenopsis maxillosa
Formicidae,Solenopsis,Solenopsis megera
Formicidae,Solenopsis,Solenopsis megergates
Formicidae,Solenopsis,Solenopsis melina
Formicidae,Solenopsis,Solenopsis metallica
Formicidae,Solenopsis,Solenopsis metanotalis
Formicidae,Solenopsis,Solenopsis metatarsalis
Formicidae,Solenopsis,Solenopsis minutissima
Formicidae,Solenopsis,Solenopsis molesta
Formicidae,Solenopsis,Solenopsis mozabensis
Formicidae,Solenopsis,Solenopsis nickersoni
Formicidae,Solenopsis,Solenopsis nigella
Formicidae,Solenopsis,Solenopsis nitens
Formicidae,Solenopsis,Solenopsis normandi
Formicidae,Solenopsis,Solenopsis occipitalis
Formicidae,Solenopsis,Solenopsis ocellata
Formicidae,Solenopsis,Solenopsis oculata
Formicidae,Solenopsis,Solenopsis omana
Formicidae,Solenopsis,Solenopsis oraniensis
Formicidae,Solenopsis,Solenopsis orbula
Formicidae,Solenopsis,Solenopsis orbuloides
Formicidae,Solenopsis,Solenopsis orestes
Formicidae,Solenopsis,Solenopsis overbecki
Formicidae,Solenopsis,Solenopsis pachycera
Formicidae,Solenopsis,Solenopsis papuana
Formicidae,Solenopsis,Solenopsis parva
Formicidae,Solenopsis,Solenopsis patagonica
Formicidae,Solenopsis,Solenopsis patriciae
Formicidae,Solenopsis,Solenopsis pawaensis
Formicidae,Solenopsis,Solenopsis pergandei
Formicidae,Solenopsis,Solenopsis phoretica
Formicidae,Solenopsis,Solenopsis photophila
Formicidae,Solenopsis,Solenopsis picea
Formicidae,Solenopsis,Solenopsis picta
Formicidae,Solenopsis,Solenopsis pilosula
Formicidae,Solenopsis,Solenopsis pollux
Formicidae,Solenopsis,Solenopsis pulleni
Formicidae,Solenopsis,Solenopsis punctaticeps
Formicidae,Solenopsis,Solenopsis pusillignis
Formicidae,Solenopsis,Solenopsis pygmaea
Formicidae,Solenopsis,Solenopsis pythia
Formicidae,Solenopsis,Solenopsis quadridentata
Formicidae,Solenopsis,Solenopsis quinquecuspis
Formicidae,Solenopsis,Solenopsis richteri
Formicidae,Solenopsis,Solenopsis rosella
Formicidae,Solenopsis,Solenopsis rugiceps
Formicidae,Solenopsis,Solenopsis sabeana
Formicidae,Solenopsis,Solenopsis saevissima
Formicidae,Solenopsis,Solenopsis salina
Formicidae,Solenopsis,Solenopsis santschii
Formicidae,Solenopsis,Solenopsis schilleri
Formicidae,Solenopsis,Solenopsis scipio
Formicidae,Solenopsis,Solenopsis sea
Formicidae,Solenopsis,Solenopsis seychellensis
Formicidae,Solenopsis,Solenopsis shiptoni
Formicidae,Solenopsis,Solenopsis solenopsidis
Formicidae,Solenopsis,Solenopsis soochowensis
Formicidae,Solenopsis,Solenopsis striata
Formicidae,Solenopsis,Solenopsis stricta
Formicidae,Solenopsis,Solenopsis substituta
Formicidae,Solenopsis,Solenopsis subterranea
Formicidae,Solenopsis,Solenopsis subtilis
Formicidae,Solenopsis,Solenopsis succinea
Formicidae,Solenopsis,Solenopsis sulfurea
Formicidae,Solenopsis,Solenopsis sumara
Formicidae,Solenopsis,Solenopsis targuia
Formicidae,Solenopsis,Solenopsis tennesseensis
Formicidae,Solenopsis,Solenopsis tenuis
Formicidae,Solenopsis,Solenopsis terricola
Formicidae,Solenopsis,Solenopsis tetracantha
Formicidae,Solenopsis,Solenopsis texana
Formicidae,Solenopsis,Solenopsis thoracica
Formicidae,Solenopsis,Solenopsis tipuna
Formicidae,Solenopsis,Solenopsis tonsa
Formicidae,Solenopsis,Solenopsis tridens
Formicidae,Solenopsis,Solenopsis ugandensis
Formicidae,Solenopsis,Solenopsis validiuscula
Formicidae,Solenopsis,Solenopsis vinsoni
Formicidae,Solenopsis,Solenopsis virulens
Formicidae,Solenopsis,Solenopsis vorax
Formicidae,Solenopsis,Solenopsis wasmannii
Formicidae,Solenopsis,Solenopsis westwoodi
Formicidae,Solenopsis,Solenopsis weyrauchi
Formicidae,Solenopsis,Solenopsis whitfordi
Formicidae,Solenopsis,Solenopsis wolfi
Formicidae,Solenopsis,Solenopsis xyloni
Formicidae,Solenopsis,Solenopsis zambesiae
Formicidae,Solenopsis,Solenopsis zeteki
Formicidae,Solenopsis,Solenopsis zingibara
Formicidae,Sphinctomyrmex,Sphinctomyrmex marcoyi
Formicidae,Sphinctomyrmex,Sphinctomyrmex schoerederi
Formicidae,Sphinctomyrmex,Sphinctomyrmex stali
Formicidae,Sritoponera,Sritoponera suspecta
Formicidae,Stegomyrmex,Stegomyrmex bensoni
Formicidae,Stegomyrmex,Stegomyrmex connectens
Formicidae,Stegomyrmex,Stegomyrmex manni
Formicidae,Stegomyrmex,Stegomyrmex olindae
Formicidae,Stegomyrmex,Stegomyrmex vizottoi
Formicidae,Stenamma,Stenamma africanum
Formicidae,Stenamma,Stenamma ailaoense
Formicidae,Stenamma,Stenamma alas
Formicidae,Stenamma,Stenamma andersoni
Formicidae,Stenamma,Stenamma asiaticum
Formicidae,Stenamma,Stenamma atribellum
Formicidae,Stenamma,Stenamma brevicorne
Formicidae,Stenamma,Stenamma brujita
Formicidae,Stenamma,Stenamma californicum
Formicidae,Stenamma,Stenamma callipygium
Formicidae,Stenamma,Stenamma catracho
Formicidae,Stenamma,Stenamma chiricahua
Formicidae,Stenamma,Stenamma connectum
Formicidae,Stenamma,Stenamma crypticum
Formicidae,Stenamma,Stenamma cusuco
Formicidae,Stenamma,Stenamma debile
Formicidae,Stenamma,Stenamma diecki
Formicidae,Stenamma,Stenamma diversum
Formicidae,Stenamma,Stenamma dyscheres
Formicidae,Stenamma,Stenamma exasperatum
Formicidae,Stenamma,Stenamma excisum
Formicidae,Stenamma,Stenamma expolitico
Formicidae,Stenamma,Stenamma expolitum
Formicidae,Stenamma,Stenamma felixi
Formicidae,Stenamma,Stenamma foveolocephalum
Formicidae,Stenamma,Stenamma georgii
Formicidae,Stenamma,Stenamma gurkhale
Formicidae,Stenamma,Stenamma heathi
Formicidae,Stenamma,Stenamma hissarianum
Formicidae,Stenamma,Stenamma hojarasca
Formicidae,Stenamma,Stenamma huachucanum
Formicidae,Stenamma,Stenamma ignotum
Formicidae,Stenamma,Stenamma impar
Formicidae,Stenamma,Stenamma jeriorum
Formicidae,Stenamma,Stenamma jhitingriense
Formicidae,Stenamma,Stenamma kashmirense
Formicidae,Stenamma,Stenamma koreanense
Formicidae,Stenamma,Stenamma kurilense
Formicidae,Stenamma,Stenamma lagunum
Formicidae,Stenamma,Stenamma leptospinum
Formicidae,Stenamma,Stenamma lippulum
Formicidae,Stenamma,Stenamma llama
Formicidae,Stenamma,Stenamma lobinodus
Formicidae,Stenamma,Stenamma longinoi
Formicidae,Stenamma,Stenamma manni
Formicidae,Stenamma,Stenamma maximon
Formicidae,Stenamma,Stenamma megamanni
Formicidae,Stenamma,Stenamma meridionale
Formicidae,Stenamma,Stenamma monstrosum
Formicidae,Stenamma,Stenamma msilanum
Formicidae,Stenamma,Stenamma muralla
Formicidae,Stenamma,Stenamma nanozoi
Formicidae,Stenamma,Stenamma nipponense
Formicidae,Stenamma,Stenamma nonotch
Formicidae,Stenamma,Stenamma ochrocnemis
Formicidae,Stenamma,Stenamma owstoni
Formicidae,Stenamma,Stenamma pelophilum
Formicidae,Stenamma,Stenamma petiolatum
Formicidae,Stenamma,Stenamma picetojuglandeti
Formicidae,Stenamma,Stenamma picopicucha
Formicidae,Stenamma,Stenamma punctatoventre
Formicidae,Stenamma,Stenamma punctiventre
Formicidae,Stenamma,Stenamma saenzae
Formicidae,Stenamma,Stenamma sandinista
Formicidae,Stenamma,Stenamma sardoum
Formicidae,Stenamma,Stenamma schmidti
Formicidae,Stenamma,Stenamma schmittii
Formicidae,Stenamma,Stenamma sequoiarum
Formicidae,Stenamma,Stenamma siculum
Formicidae,Stenamma,Stenamma smithi
Formicidae,Stenamma,Stenamma snellingi
Formicidae,Stenamma,Stenamma sogdianum
Formicidae,Stenamma,Stenamma stictosomum
Formicidae,Stenamma,Stenamma striatulum
Formicidae,Stenamma,Stenamma tiburon
Formicidae,Stenamma,Stenamma tico
Formicidae,Stenamma,Stenamma ussuriense
Formicidae,Stenamma,Stenamma vexator
Formicidae,Stenamma,Stenamma westwoodii
Formicidae,Stenamma,Stenamma wheelerorum
Formicidae,Stenamma,Stenamma wilsoni
Formicidae,Stenamma,Stenamma wumengense
Formicidae,Stenamma,Stenamma yaluzangbum
Formicidae,Stenamma,Stenamma zanoni
Formicidae,Stenamma,Stenamma zelum
Formicidae,Stereomyrmex,Stereomyrmex anderseni
Formicidae,Stereomyrmex,Stereomyrmex dispar
Formicidae,Stereomyrmex,Stereomyrmex horni
Formicidae,Stictoponera,Stictoponera bicolor
Formicidae,Stictoponera,Stictoponera biloba
Formicidae,Stictoponera,Stictoponera binghamii
Formicidae,Stictoponera,Stictoponera biroi
Formicidae,Stictoponera,Stictoponera bulbopila
Formicidae,Stictoponera,Stictoponera chapmani
Formicidae,Stictoponera,Stictoponera coccina
Formicidae,Stictoponera,Stictoponera coxalis
Formicidae,Stictoponera,Stictoponera crassicornis
Formicidae,Stictoponera,Stictoponera delta
Formicidae,Stictoponera,Stictoponera dentihumera
Formicidae,Stictoponera,Stictoponera fistulosa
Formicidae,Stictoponera,Stictoponera fontana
Formicidae,Stictoponera,Stictoponera gabata
Formicidae,Stictoponera,Stictoponera gastrodeia
Formicidae,Stictoponera,Stictoponera grammodes
Formicidae,Stictoponera,Stictoponera helisa
Formicidae,Stictoponera,Stictoponera hyalina
Formicidae,Stictoponera,Stictoponera lacunosa
Formicidae,Stictoponera,Stictoponera laevior
Formicidae,Stictoponera,Stictoponera lattkei
Formicidae,Stictoponera,Stictoponera leiolabia
Formicidae,Stictoponera,Stictoponera macretes
Formicidae,Stictoponera,Stictoponera meghalaya
Formicidae,Stictoponera,Stictoponera menadensis
Formicidae,Stictoponera,Stictoponera nanlingensis
Formicidae,Stictoponera,Stictoponera niuguinensis
Formicidae,Stictoponera,Stictoponera ortostoma
Formicidae,Stictoponera,Stictoponera palamala
Formicidae,Stictoponera,Stictoponera panda
Formicidae,Stictoponera,Stictoponera paso
Formicidae,Stictoponera,Stictoponera pertusa
Formicidae,Stictoponera,Stictoponera polytreta
Formicidae,Stictoponera,Stictoponera posteropsis
Formicidae,Stictoponera,Stictoponera quadrutinodules
Formicidae,Stictoponera,Stictoponera rugodens
Formicidae,Stictoponera,Stictoponera scalpta
Formicidae,Stictoponera,Stictoponera sichuanensis
Formicidae,Stictoponera,Stictoponera sinensis
Formicidae,Stictoponera,Stictoponera sinhala
Formicidae,Stictoponera,Stictoponera taivanensis
Formicidae,Stictoponera,Stictoponera toronates
Formicidae,Stictoponera,Stictoponera treta
Formicidae,Stigmacros,Stigmacros acuta
Formicidae,Stigmacros,Stigmacros aemula
Formicidae,Stigmacros,Stigmacros anthracina
Formicidae,Stigmacros,Stigmacros australis
Formicidae,Stigmacros,Stigmacros barretti
Formicidae,Stigmacros,Stigmacros bosii
Formicidae,Stigmacros,Stigmacros brachytera
Formicidae,Stigmacros,Stigmacros brevispina
Formicidae,Stigmacros,Stigmacros castanea
Formicidae,Stigmacros,Stigmacros clivispina
Formicidae,Stigmacros,Stigmacros debilis
Formicidae,Stigmacros,Stigmacros elegans
Formicidae,Stigmacros,Stigmacros epinotalis
Formicidae,Stigmacros,Stigmacros flava
Formicidae,Stigmacros,Stigmacros flavinodis
Formicidae,Stigmacros,Stigmacros fossulata
Formicidae,Stigmacros,Stigmacros froggatti
Formicidae,Stigmacros,Stigmacros hirsuta
Formicidae,Stigmacros,Stigmacros impressa
Formicidae,Stigmacros,Stigmacros inermis
Formicidae,Stigmacros,Stigmacros intacta
Formicidae,Stigmacros,Stigmacros lanaris
Formicidae,Stigmacros,Stigmacros major
Formicidae,Stigmacros,Stigmacros marginata
Formicidae,Stigmacros,Stigmacros medioreticulata
Formicidae,Stigmacros,Stigmacros nitida
Formicidae,Stigmacros,Stigmacros occidentalis
Formicidae,Stigmacros,Stigmacros pilosella
Formicidae,Stigmacros,Stigmacros proxima
Formicidae,Stigmacros,Stigmacros punctatissima
Formicidae,Stigmacros,Stigmacros pusilla
Formicidae,Stigmacros,Stigmacros rectangularis
Formicidae,Stigmacros,Stigmacros reticulata
Formicidae,Stigmacros,Stigmacros rufa
Formicidae,Stigmacros,Stigmacros spinosa
Formicidae,Stigmacros,Stigmacros stanleyi
Formicidae,Stigmacros,Stigmacros striata
Formicidae,Stigmacros,Stigmacros termitoxena
Formicidae,Stigmacros,Stigmacros wilsoni
Formicidae,Streblognathus,Streblognathus aethiopicus
Formicidae,Streblognathus,Streblognathus peetersi
Formicidae,Strongylognathus,Strongylognathus afer
Formicidae,Strongylognathus,Strongylognathus alboini
Formicidae,Strongylognathus,Strongylognathus alpinus
Formicidae,Strongylognathus,Strongylognathus arnoldii
Formicidae,Strongylognathus,Strongylognathus bulgaricus
Formicidae,Strongylognathus,Strongylognathus caeciliae
Formicidae,Strongylognathus,Strongylognathus chelifer
Formicidae,Strongylognathus,Strongylognathus christophi
Formicidae,Strongylognathus,Strongylognathus dao
Formicidae,Strongylognathus,Strongylognathus destefanii
Formicidae,Strongylognathus,Strongylognathus huberi
Formicidae,Strongylognathus,Strongylognathus insularis
Formicidae,Strongylognathus,Strongylognathus italicus
Formicidae,Strongylognathus,Strongylognathus kabakovi
Formicidae,Strongylognathus,Strongylognathus karawajewi
Formicidae,Strongylognathus,Strongylognathus kervillei
Formicidae,Strongylognathus,Strongylognathus koreanus
Formicidae,Strongylognathus,Strongylognathus kratochvili
Formicidae,Strongylognathus,Strongylognathus minutus
Formicidae,Strongylognathus,Strongylognathus palaestinensis
Formicidae,Strongylognathus,Strongylognathus pisarskii
Formicidae,Strongylognathus,Strongylognathus potanini
Formicidae,Strongylognathus,Strongylognathus rehbinderi
Formicidae,Strongylognathus,Strongylognathus silvestrii
Formicidae,Strongylognathus,Strongylognathus testaceus
Formicidae,Strongylognathus,Strongylognathus tylonus
Formicidae,Strumigenys,Strumigenys abdera
Formicidae,Strumigenys,Strumigenys abdita
Formicidae,Strumigenys,Strumigenys abditivata
Formicidae,Strumigenys,Strumigenys acarai
Formicidae,Strumigenys,Strumigenys acheron
Formicidae,Strumigenys,Strumigenys actis
Formicidae,Strumigenys,Strumigenys acubecca
Formicidae,Strumigenys,Strumigenys adiastola
Formicidae,Strumigenys,Strumigenys admixta
Formicidae,Strumigenys,Strumigenys adrasora
Formicidae,Strumigenys,Strumigenys adsita
Formicidae,Strumigenys,Strumigenys aduncomala
Formicidae,Strumigenys,Strumigenys aechme
Formicidae,Strumigenys,Strumigenys aello
Formicidae,Strumigenys,Strumigenys aenigma
Formicidae,Strumigenys,Strumigenys aequinoctialis
Formicidae,Strumigenys,Strumigenys aethegenys
Formicidae,Strumigenys,Strumigenys africana
Formicidae,Strumigenys,Strumigenys agetos
Formicidae,Strumigenys,Strumigenys agnosta
Formicidae,Strumigenys,Strumigenys agostii
Formicidae,Strumigenys,Strumigenys agra
Formicidae,Strumigenys,Strumigenys ahares
Formicidae,Strumigenys,Strumigenys ailaoshana
Formicidae,Strumigenys,Strumigenys akalles
Formicidae,Strumigenys,Strumigenys akhtoi
Formicidae,Strumigenys,Strumigenys alapa
Formicidae,Strumigenys,Strumigenys alberti
Formicidae,Strumigenys,Strumigenys alecto
Formicidae,Strumigenys,Strumigenys alessandrae
Formicidae,Strumigenys,Strumigenys alexetrix
Formicidae,Strumigenys,Strumigenys aline
Formicidae,Strumigenys,Strumigenys alperti
Formicidae,Strumigenys,Strumigenys amasara
Formicidae,Strumigenys,Strumigenys ambatrix
Formicidae,Strumigenys,Strumigenys amnesia
Formicidae,Strumigenys,Strumigenys ampyx
Formicidae,Strumigenys,Strumigenys ananeotes
Formicidae,Strumigenys,Strumigenys anarta
Formicidae,Strumigenys,Strumigenys anchiplex
Formicidae,Strumigenys,Strumigenys anchis
Formicidae,Strumigenys,Strumigenys anderseni
Formicidae,Strumigenys,Strumigenys anetes
Formicidae,Strumigenys,Strumigenys angulata
Formicidae,Strumigenys,Strumigenys anhdaoae
Formicidae,Strumigenys,Strumigenys anorak
Formicidae,Strumigenys,Strumigenys anorbicula
Formicidae,Strumigenys,Strumigenys anthocera
Formicidae,Strumigenys,Strumigenys apalachicolensis
Formicidae,Strumigenys,Strumigenys apios
Formicidae,Strumigenys,Strumigenys appretiata
Formicidae,Strumigenys,Strumigenys arahana
Formicidae,Strumigenys,Strumigenys archboldi
Formicidae,Strumigenys,Strumigenys arges
Formicidae,Strumigenys,Strumigenys argiola
Formicidae,Strumigenys,Strumigenys arizonica
Formicidae,Strumigenys,Strumigenys arnoldi
Formicidae,Strumigenys,Strumigenys arrogantia
Formicidae,Strumigenys,Strumigenys artemis
Formicidae,Strumigenys,Strumigenys asaphes
Formicidae,Strumigenys,Strumigenys ascita
Formicidae,Strumigenys,Strumigenys asrochia
Formicidae,Strumigenys,Strumigenys assamensis
Formicidae,Strumigenys,Strumigenys ataxia
Formicidae,Strumigenys,Strumigenys atopogenys
Formicidae,Strumigenys,Strumigenys atropos
Formicidae,Strumigenys,Strumigenys auctidens
Formicidae,Strumigenys,Strumigenys augustandrewi
Formicidae,Strumigenys,Strumigenys avatar
Formicidae,Strumigenys,Strumigenys ayersthey
Formicidae,Strumigenys,Strumigenys azteca
Formicidae,Strumigenys,Strumigenys baal
Formicidae,Strumigenys,Strumigenys babelina
Formicidae,Strumigenys,Strumigenys baladria
Formicidae,Strumigenys,Strumigenys balux
Formicidae,Strumigenys,Strumigenys bartolozzii
Formicidae,Strumigenys,Strumigenys barylonga
Formicidae,Strumigenys,Strumigenys basiliska
Formicidae,Strumigenys,Strumigenys bathron
Formicidae,Strumigenys,Strumigenys baudueri
Formicidae,Strumigenys,Strumigenys beebei
Formicidae,Strumigenys,Strumigenys behasyla
Formicidae,Strumigenys,Strumigenys belial
Formicidae,Strumigenys,Strumigenys bellatrix
Formicidae,Strumigenys,Strumigenys belua
Formicidae,Strumigenys,Strumigenys benten
Formicidae,Strumigenys,Strumigenys benulia
Formicidae,Strumigenys,Strumigenys bequaerti
Formicidae,Strumigenys,Strumigenys berkalial
Formicidae,Strumigenys,Strumigenys bernardi
Formicidae,Strumigenys,Strumigenys bibiolona
Formicidae,Strumigenys,Strumigenys bibis
Formicidae,Strumigenys,Strumigenys bimarginata
Formicidae,Strumigenys,Strumigenys biolleyi
Formicidae,Strumigenys,Strumigenys biroi
Formicidae,Strumigenys,Strumigenys bitheria
Formicidae,Strumigenys,Strumigenys blanda
Formicidae,Strumigenys,Strumigenys bola
Formicidae,Strumigenys,Strumigenys boltoni
Formicidae,Strumigenys,Strumigenys boneti
Formicidae,Strumigenys,Strumigenys borgmeieri
Formicidae,Strumigenys,Strumigenys brevicornis
Formicidae,Strumigenys,Strumigenys brevisetosa
Formicidae,Strumigenys,Strumigenys brontes
Formicidae,Strumigenys,Strumigenys browni
Formicidae,Strumigenys,Strumigenys bryanti
Formicidae,Strumigenys,Strumigenys bubisnoda
Formicidae,Strumigenys,Strumigenys buddhista
Formicidae,Strumigenys,Strumigenys buleru
Formicidae,Strumigenys,Strumigenys bunki
Formicidae,Strumigenys,Strumigenys cabira
Formicidae,Strumigenys,Strumigenys cacaoensis
Formicidae,Strumigenys,Strumigenys caiman
Formicidae,Strumigenys,Strumigenys calamita
Formicidae,Strumigenys,Strumigenys californica
Formicidae,Strumigenys,Strumigenys calvus
Formicidae,Strumigenys,Strumigenys canina
Formicidae,Strumigenys,Strumigenys caniophanes
Formicidae,Strumigenys,Strumigenys caniophanoides
Formicidae,Strumigenys,Strumigenys capitata
Formicidae,Strumigenys,Strumigenys carinithorax
Formicidae,Strumigenys,Strumigenys carinognatha
Formicidae,Strumigenys,Strumigenys carisa
Formicidae,Strumigenys,Strumigenys carnassa
Formicidae,Strumigenys,Strumigenys carol
Formicidae,Strumigenys,Strumigenys carolinae
Formicidae,Strumigenys,Strumigenys carolinensis
Formicidae,Strumigenys,Strumigenys cascanteae
Formicidae,Strumigenys,Strumigenys cassicuspis
Formicidae,Strumigenys,Strumigenys castanea
Formicidae,Strumigenys,Strumigenys cavinasis
Formicidae,Strumigenys,Strumigenys cenagra
Formicidae,Strumigenys,Strumigenys chapmani
Formicidae,Strumigenys,Strumigenys chareta
Formicidae,Strumigenys,Strumigenys charino
Formicidae,Strumigenys,Strumigenys charybdis
Formicidae,Strumigenys,Strumigenys chernovi
Formicidae,Strumigenys,Strumigenys chilo
Formicidae,Strumigenys,Strumigenys chimaera
Formicidae,Strumigenys,Strumigenys chiricahua
Formicidae,Strumigenys,Strumigenys choii
Formicidae,Strumigenys,Strumigenys chorosa
Formicidae,Strumigenys,Strumigenys chroa
Formicidae,Strumigenys,Strumigenys chuchihensis
Formicidae,Strumigenys,Strumigenys chyatha
Formicidae,Strumigenys,Strumigenys chyzeri
Formicidae,Strumigenys,Strumigenys cincinnata
Formicidae,Strumigenys,Strumigenys cingatrix
Formicidae,Strumigenys,Strumigenys circothrix
Formicidae,Strumigenys,Strumigenys claviseta
Formicidae,Strumigenys,Strumigenys clotho
Formicidae,Strumigenys,Strumigenys cloydi
Formicidae,Strumigenys,Strumigenys clypeata
Formicidae,Strumigenys,Strumigenys cochlearis
Formicidae,Strumigenys,Strumigenys collinsae
Formicidae,Strumigenys,Strumigenys comis
Formicidae,Strumigenys,Strumigenys concolor
Formicidae,Strumigenys,Strumigenys confusatrix
Formicidae,Strumigenys,Strumigenys connectens
Formicidae,Strumigenys,Strumigenys consanii
Formicidae,Strumigenys,Strumigenys conspersa
Formicidae,Strumigenys,Strumigenys conturba
Formicidae,Strumigenys,Strumigenys convexiceps
Formicidae,Strumigenys,Strumigenys cordovensis
Formicidae,Strumigenys,Strumigenys cosmostela
Formicidae,Strumigenys,Strumigenys coveri
Formicidae,Strumigenys,Strumigenys covina
Formicidae,Strumigenys,Strumigenys crassicornis
Formicidae,Strumigenys,Strumigenys creightoni
Formicidae,Strumigenys,Strumigenys crementa
Formicidae,Strumigenys,Strumigenys crinigera
Formicidae,Strumigenys,Strumigenys cryptura
Formicidae,Strumigenys,Strumigenys cultrigera
Formicidae,Strumigenys,Strumigenys cygarix
Formicidae,Strumigenys,Strumigenys dagon
Formicidae,Strumigenys,Strumigenys dahlanae
Formicidae,Strumigenys,Strumigenys daithma
Formicidae,Strumigenys,Strumigenys dantalion
Formicidae,Strumigenys,Strumigenys dapsilis
Formicidae,Strumigenys,Strumigenys daspleta
Formicidae,Strumigenys,Strumigenys datissa
Formicidae,Strumigenys,Strumigenys datryx
Formicidae,Strumigenys,Strumigenys dayui
Formicidae,Strumigenys,Strumigenys decipula
Formicidae,Strumigenys,Strumigenys decollata
Formicidae,Strumigenys,Strumigenys decumbens
Formicidae,Strumigenys,Strumigenys degonya
Formicidae,Strumigenys,Strumigenys deinognatha
Formicidae,Strumigenys,Strumigenys deinomastax
Formicidae,Strumigenys,Strumigenys deletrix
Formicidae,Strumigenys,Strumigenys delicata
Formicidae,Strumigenys,Strumigenys deltisquama
Formicidae,Strumigenys,Strumigenys densissima
Formicidae,Strumigenys,Strumigenys denticulata
Formicidae,Strumigenys,Strumigenys dentinasis
Formicidae,Strumigenys,Strumigenys dentiscapa
Formicidae,Strumigenys,Strumigenys depilosa
Formicidae,Strumigenys,Strumigenys depressiceps
Formicidae,Strumigenys,Strumigenys deuteras
Formicidae,Strumigenys,Strumigenys deverra
Formicidae,Strumigenys,Strumigenys dexis
Formicidae,Strumigenys,Strumigenys dextra
Formicidae,Strumigenys,Strumigenys diabola
Formicidae,Strumigenys,Strumigenys diaptyxis
Formicidae,Strumigenys,Strumigenys diasphax
Formicidae,Strumigenys,Strumigenys dicomas
Formicidae,Strumigenys,Strumigenys dictynna
Formicidae,Strumigenys,Strumigenys didyma
Formicidae,Strumigenys,Strumigenys dietrichi
Formicidae,Strumigenys,Strumigenys diota
Formicidae,Strumigenys,Strumigenys dipsas
Formicidae,Strumigenys,Strumigenys disarmata
Formicidae,Strumigenys,Strumigenys disjuncta
Formicidae,Strumigenys,Strumigenys dispalata
Formicidae,Strumigenys,Strumigenys disturba
Formicidae,Strumigenys,Strumigenys diux
Formicidae,Strumigenys,Strumigenys dohertyi
Formicidae,Strumigenys,Strumigenys dolabra
Formicidae,Strumigenys,Strumigenys dolichognatha
Formicidae,Strumigenys,Strumigenys domitia
Formicidae,Strumigenys,Strumigenys dontopagis
Formicidae,Strumigenys,Strumigenys dora
Formicidae,Strumigenys,Strumigenys doriae
Formicidae,Strumigenys,Strumigenys doryceps
Formicidae,Strumigenys,Strumigenys dotaja
Formicidae,Strumigenys,Strumigenys doxa
Formicidae,Strumigenys,Strumigenys doydeei
Formicidae,Strumigenys,Strumigenys dromica
Formicidae,Strumigenys,Strumigenys dromoshaula
Formicidae,Strumigenys,Strumigenys dryas
Formicidae,Strumigenys,Strumigenys dubitata
Formicidae,Strumigenys,Strumigenys dyak
Formicidae,Strumigenys,Strumigenys dysanetes
Formicidae,Strumigenys,Strumigenys dyschima
Formicidae,Strumigenys,Strumigenys dyseides
Formicidae,Strumigenys,Strumigenys dyshaula
Formicidae,Strumigenys,Strumigenys ebbae
Formicidae,Strumigenys,Strumigenys ecliptacoca
Formicidae,Strumigenys,Strumigenys economoi
Formicidae,Strumigenys,Strumigenys ection
Formicidae,Strumigenys,Strumigenys edaragona
Formicidae,Strumigenys,Strumigenys eggersi
Formicidae,Strumigenys,Strumigenys eidechthes
Formicidae,Strumigenys,Strumigenys ekasura
Formicidae,Strumigenys,Strumigenys elapoma
Formicidae,Strumigenys,Strumigenys elegantula
Formicidae,Strumigenys,Strumigenys elongata
Formicidae,Strumigenys,Strumigenys emarginata
Formicidae,Strumigenys,Strumigenys emdeni
Formicidae,Strumigenys,Strumigenys emeryi
Formicidae,Strumigenys,Strumigenys emeswangi
Formicidae,Strumigenys,Strumigenys emiliae
Formicidae,Strumigenys,Strumigenys emmae
Formicidae,Strumigenys,Strumigenys enanna
Formicidae,Strumigenys,Strumigenys enkara
Formicidae,Strumigenys,Strumigenys enopla
Formicidae,Strumigenys,Strumigenys epelys
Formicidae,Strumigenys,Strumigenys epinotalis
Formicidae,Strumigenys,Strumigenys epipola
Formicidae,Strumigenys,Strumigenys epulo
Formicidae,Strumigenys,Strumigenys epyna
Formicidae,Strumigenys,Strumigenys erikae
Formicidae,Strumigenys,Strumigenys erynnes
Formicidae,Strumigenys,Strumigenys esrossi
Formicidae,Strumigenys,Strumigenys ettillax
Formicidae,Strumigenys,Strumigenys eumekes
Formicidae,Strumigenys,Strumigenys europs
Formicidae,Strumigenys,Strumigenys euryale
Formicidae,Strumigenys,Strumigenys eurycera
Formicidae,Strumigenys,Strumigenys eversa
Formicidae,Strumigenys,Strumigenys excisa
Formicidae,Strumigenys,Strumigenys exiguaevitae
Formicidae,Strumigenys,Strumigenys exilirhina
Formicidae,Strumigenys,Strumigenys extemena
Formicidae,Strumigenys,Strumigenys extirpa
Formicidae,Strumigenys,Strumigenys exunca
Formicidae,Strumigenys,Strumigenys fairchildi
Formicidae,Strumigenys,Strumigenys fanano
Formicidae,Strumigenys,Strumigenys faurei
Formicidae,Strumigenys,Strumigenys fautrix
Formicidae,Strumigenys,Strumigenys feae
Formicidae,Strumigenys,Strumigenys fellowesi
Formicidae,Strumigenys,Strumigenys fenkara
Formicidae,Strumigenys,Strumigenys ferocior
Formicidae,Strumigenys,Strumigenys festigona
Formicidae,Strumigenys,Strumigenys filirrhina
Formicidae,Strumigenys,Strumigenys filitalpa
Formicidae,Strumigenys,Strumigenys finator
Formicidae,Strumigenys,Strumigenys fisheri
Formicidae,Strumigenys,Strumigenys fixata
Formicidae,Strumigenys,Strumigenys flagellata
Formicidae,Strumigenys,Strumigenys flavianae
Formicidae,Strumigenys,Strumigenys forficata
Formicidae,Strumigenys,Strumigenys formicosa
Formicidae,Strumigenys,Strumigenys formosa
Formicidae,Strumigenys,Strumigenys formosimonticola
Formicidae,Strumigenys,Strumigenys fricta
Formicidae,Strumigenys,Strumigenys fridericimuelleri
Formicidae,Strumigenys,Strumigenys friedae
Formicidae,Strumigenys,Strumigenys frivaldszkyi
Formicidae,Strumigenys,Strumigenys frivola
Formicidae,Strumigenys,Strumigenys fronto
Formicidae,Strumigenys,Strumigenys fuarda
Formicidae,Strumigenys,Strumigenys fulda
Formicidae,Strumigenys,Strumigenys furfara
Formicidae,Strumigenys,Strumigenys furtiva
Formicidae,Strumigenys,Strumigenys gabarys
Formicidae,Strumigenys,Strumigenys gamegyn
Formicidae,Strumigenys,Strumigenys gatuda
Formicidae,Strumigenys,Strumigenys gemella
Formicidae,Strumigenys,Strumigenys geminata
Formicidae,Strumigenys,Strumigenys geoterra
Formicidae,Strumigenys,Strumigenys geryon
Formicidae,Strumigenys,Strumigenys glenognatha
Formicidae,Strumigenys,Strumigenys gloriosa
Formicidae,Strumigenys,Strumigenys glycon
Formicidae,Strumigenys,Strumigenys gnathosphax
Formicidae,Strumigenys,Strumigenys godeffroyi
Formicidae,Strumigenys,Strumigenys godmani
Formicidae,Strumigenys,Strumigenys gorgon
Formicidae,Strumigenys,Strumigenys grandidieri
Formicidae,Strumigenys,Strumigenys gryphon
Formicidae,Strumigenys,Strumigenys grytava
Formicidae,Strumigenys,Strumigenys gundlachi
Formicidae,Strumigenys,Strumigenys gunter
Formicidae,Strumigenys,Strumigenys guttulata
Formicidae,Strumigenys,Strumigenys gyges
Formicidae,Strumigenys,Strumigenys gyrogenys
Formicidae,Strumigenys,Strumigenys gytha
Formicidae,Strumigenys,Strumigenys habropilosa
Formicidae,Strumigenys,Strumigenys hadrodens
Formicidae,Strumigenys,Strumigenys halosis
Formicidae,Strumigenys,Strumigenys halpas
Formicidae,Strumigenys,Strumigenys harpyia
Formicidae,Strumigenys,Strumigenys hastur
Formicidae,Strumigenys,Strumigenys hastyla
Formicidae,Strumigenys,Strumigenys hathor
Formicidae,Strumigenys,Strumigenys havilandi
Formicidae,Strumigenys,Strumigenys hekate
Formicidae,Strumigenys,Strumigenys heliani
Formicidae,Strumigenys,Strumigenys helytruga
Formicidae,Strumigenys,Strumigenys hemichlaena
Formicidae,Strumigenys,Strumigenys hemidisca
Formicidae,Strumigenys,Strumigenys hemisobek
Formicidae,Strumigenys,Strumigenys hensekta
Formicidae,Strumigenys,Strumigenys heterodonta
Formicidae,Strumigenys,Strumigenys heteropha
Formicidae,Strumigenys,Strumigenys hexamera
Formicidae,Strumigenys,Strumigenys hilaris
Formicidae,Strumigenys,Strumigenys hindenburgi
Formicidae,Strumigenys,Strumigenys hindu
Formicidae,Strumigenys,Strumigenys hirashimai
Formicidae,Strumigenys,Strumigenys hiroshimensis
Formicidae,Strumigenys,Strumigenys hirsuta
Formicidae,Strumigenys,Strumigenys hispida
Formicidae,Strumigenys,Strumigenys hoplites
Formicidae,Strumigenys,Strumigenys horvathi
Formicidae,Strumigenys,Strumigenys hostilis
Formicidae,Strumigenys,Strumigenys hubbewatyorum
Formicidae,Strumigenys,Strumigenys humata
Formicidae,Strumigenys,Strumigenys hyalina
Formicidae,Strumigenys,Strumigenys hyletha
Formicidae,Strumigenys,Strumigenys hyphata
Formicidae,Strumigenys,Strumigenys hypoturba
Formicidae,Strumigenys,Strumigenys idiogenes
Formicidae,Strumigenys,Strumigenys ignota
Formicidae,Strumigenys,Strumigenys imantodes
Formicidae,Strumigenys,Strumigenys impidora
Formicidae,Strumigenys,Strumigenys inatos
Formicidae,Strumigenys,Strumigenys incerta
Formicidae,Strumigenys,Strumigenys incomposita
Formicidae,Strumigenys,Strumigenys incuba
Formicidae,Strumigenys,Strumigenys indagatrix
Formicidae,Strumigenys,Strumigenys infidelis
Formicidae,Strumigenys,Strumigenys inhonesta
Formicidae,Strumigenys,Strumigenys inopina
Formicidae,Strumigenys,Strumigenys inopinata
Formicidae,Strumigenys,Strumigenys inquilina
Formicidae,Strumigenys,Strumigenys insolita
Formicidae,Strumigenys,Strumigenys insula
Formicidae,Strumigenys,Strumigenys integra
Formicidae,Strumigenys,Strumigenys interfectiva
Formicidae,Strumigenys,Strumigenys inusitata
Formicidae,Strumigenys,Strumigenys ipsea
Formicidae,Strumigenys,Strumigenys irrorata
Formicidae,Strumigenys,Strumigenys itannae
Formicidae,Strumigenys,Strumigenys izepara
Formicidae,Strumigenys,Strumigenys jacobsoni
Formicidae,Strumigenys,Strumigenys jaitrongi
Formicidae,Strumigenys,Strumigenys jamaicensis
Formicidae,Strumigenys,Strumigenys japonica
Formicidae,Strumigenys,Strumigenys jaqueline
Formicidae,Strumigenys,Strumigenys jepsoni
Formicidae,Strumigenys,Strumigenys jiangxiensis
Formicidae,Strumigenys,Strumigenys jugis
Formicidae,Strumigenys,Strumigenys juliae
Formicidae,Strumigenys,Strumigenys juxta
Formicidae,Strumigenys,Strumigenys kakothema
Formicidae,Strumigenys,Strumigenys kapryx
Formicidae,Strumigenys,Strumigenys karawajewi
Formicidae,Strumigenys,Strumigenys katapelta
Formicidae,Strumigenys,Strumigenys kempfi
Formicidae,Strumigenys,Strumigenys kerasma
Formicidae,Strumigenys,Strumigenys khakaura
Formicidae,Strumigenys,Strumigenys kichijo
Formicidae,Strumigenys,Strumigenys kinomurai
Formicidae,Strumigenys,Strumigenys kompsomala
Formicidae,Strumigenys,Strumigenys koningsbergeri
Formicidae,Strumigenys,Strumigenys konteiensis
Formicidae,Strumigenys,Strumigenys korahyla
Formicidae,Strumigenys,Strumigenys kraepelini
Formicidae,Strumigenys,Strumigenys kumadori
Formicidae,Strumigenys,Strumigenys kyidriformis
Formicidae,Strumigenys,Strumigenys kyroma
Formicidae,Strumigenys,Strumigenys labaris
Formicidae,Strumigenys,Strumigenys lacacoca
Formicidae,Strumigenys,Strumigenys lachesis
Formicidae,Strumigenys,Strumigenys lacunosa
Formicidae,Strumigenys,Strumigenys laevinasis
Formicidae,Strumigenys,Strumigenys laevipleura
Formicidae,Strumigenys,Strumigenys lalassa
Formicidae,Strumigenys,Strumigenys lamia
Formicidae,Strumigenys,Strumigenys lancea
Formicidae,Strumigenys,Strumigenys langrandi
Formicidae,Strumigenys,Strumigenys lantaui
Formicidae,Strumigenys,Strumigenys lanuginosa
Formicidae,Strumigenys,Strumigenys lasia
Formicidae,Strumigenys,Strumigenys laticeps
Formicidae,Strumigenys,Strumigenys lebratyx
Formicidae,Strumigenys,Strumigenys leptodeira
Formicidae,Strumigenys,Strumigenys leptorhina
Formicidae,Strumigenys,Strumigenys leptothrix
Formicidae,Strumigenys,Strumigenys levana
Formicidae,Strumigenys,Strumigenys lewisi
Formicidae,Strumigenys,Strumigenys lexex
Formicidae,Strumigenys,Strumigenys lichiaensis
Formicidae,Strumigenys,Strumigenys ligur
Formicidae,Strumigenys,Strumigenys lilloana
Formicidae,Strumigenys,Strumigenys liophila
Formicidae,Strumigenys,Strumigenys liui
Formicidae,Strumigenys,Strumigenys liukueiensis
Formicidae,Strumigenys,Strumigenys liuweii
Formicidae,Strumigenys,Strumigenys livens
Formicidae,Strumigenys,Strumigenys londianensis
Formicidae,Strumigenys,Strumigenys longidens
Formicidae,Strumigenys,Strumigenys longimala
Formicidae,Strumigenys,Strumigenys longinoi
Formicidae,Strumigenys,Strumigenys longispinosa
Formicidae,Strumigenys,Strumigenys lopotyle
Formicidae,Strumigenys,Strumigenys loriae
Formicidae,Strumigenys,Strumigenys loricata
Formicidae,Strumigenys,Strumigenys louisianae
Formicidae,Strumigenys,Strumigenys loveridgei
Formicidae,Strumigenys,Strumigenys luca
Formicidae,Strumigenys,Strumigenys lucifuga
Formicidae,Strumigenys,Strumigenys lucky
Formicidae,Strumigenys,Strumigenys lucomo
Formicidae,Strumigenys,Strumigenys ludia
Formicidae,Strumigenys,Strumigenys ludovici
Formicidae,Strumigenys,Strumigenys lujae
Formicidae,Strumigenys,Strumigenys lura
Formicidae,Strumigenys,Strumigenys lutron
Formicidae,Strumigenys,Strumigenys lycosa
Formicidae,Strumigenys,Strumigenys lygatrix
Formicidae,Strumigenys,Strumigenys lyroessa
Formicidae,Strumigenys,Strumigenys lysis
Formicidae,Strumigenys,Strumigenys macerina
Formicidae,Strumigenys,Strumigenys macgowni
Formicidae,Strumigenys,Strumigenys madrigalae
Formicidae,Strumigenys,Strumigenys magnifica
Formicidae,Strumigenys,Strumigenys mailei
Formicidae,Strumigenys,Strumigenys malaplax
Formicidae,Strumigenys,Strumigenys mandibularis
Formicidae,Strumigenys,Strumigenys manga
Formicidae,Strumigenys,Strumigenys manis
Formicidae,Strumigenys,Strumigenys marchosias
Formicidae,Strumigenys,Strumigenys margaritae
Formicidae,Strumigenys,Strumigenys marginata
Formicidae,Strumigenys,Strumigenys marginiventris
Formicidae,Strumigenys,Strumigenys mariae
Formicidae,Strumigenys,Strumigenys marleyi
Formicidae,Strumigenys,Strumigenys marmorata
Formicidae,Strumigenys,Strumigenys masukoi
Formicidae,Strumigenys,Strumigenys maxillaris
Formicidae,Strumigenys,Strumigenys maynei
Formicidae,Strumigenys,Strumigenys mayri
Formicidae,Strumigenys,Strumigenys mazu
Formicidae,Strumigenys,Strumigenys mboehara
Formicidae,Strumigenys,Strumigenys media
Formicidae,Strumigenys,Strumigenys mediocris
Formicidae,Strumigenys,Strumigenys medusa
Formicidae,Strumigenys,Strumigenys megaera
Formicidae,Strumigenys,Strumigenys mekaha
Formicidae,Strumigenys,Strumigenys membranifera
Formicidae,Strumigenys,Strumigenys memorialis
Formicidae,Strumigenys,Strumigenys mendezi
Formicidae,Strumigenys,Strumigenys menueta
Formicidae,Strumigenys,Strumigenys mesahyla
Formicidae,Strumigenys,Strumigenys mesedsura
Formicidae,Strumigenys,Strumigenys metazytes
Formicidae,Strumigenys,Strumigenys metopia
Formicidae,Strumigenys,Strumigenys metrix
Formicidae,Strumigenys,Strumigenys miccata
Formicidae,Strumigenys,Strumigenys micrans
Formicidae,Strumigenys,Strumigenys micretes
Formicidae,Strumigenys,Strumigenys microthrix
Formicidae,Strumigenys,Strumigenys micrura
Formicidae,Strumigenys,Strumigenys milae
Formicidae,Strumigenys,Strumigenys minax
Formicidae,Strumigenys,Strumigenys minima
Formicidae,Strumigenys,Strumigenys miniteras
Formicidae,Strumigenys,Strumigenys minkara
Formicidae,Strumigenys,Strumigenys minuscula
Formicidae,Strumigenys,Strumigenys minutula
Formicidae,Strumigenys,Strumigenys mionova
Formicidae,Strumigenys,Strumigenys mira
Formicidae,Strumigenys,Strumigenys mirabilis
Formicidae,Strumigenys,Strumigenys mirifica
Formicidae,Strumigenys,Strumigenys missina
Formicidae,Strumigenys,Strumigenys missouriensis
Formicidae,Strumigenys,Strumigenys mitis
Formicidae,Strumigenys,Strumigenys mixta
Formicidae,Strumigenys,Strumigenys mjoebergi
Formicidae,Strumigenys,Strumigenys mnemosyne
Formicidae,Strumigenys,Strumigenys mocsaryi
Formicidae,Strumigenys,Strumigenys mododonta
Formicidae,Strumigenys,Strumigenys moera
Formicidae,Strumigenys,Strumigenys mola
Formicidae,Strumigenys,Strumigenys moloch
Formicidae,Strumigenys,Strumigenys monoropa
Formicidae,Strumigenys,Strumigenys monstra
Formicidae,Strumigenys,Strumigenys montu
Formicidae,Strumigenys,Strumigenys moreauviae
Formicidae,Strumigenys,Strumigenys morisitai
Formicidae,Strumigenys,Strumigenys mormo
Formicidae,Strumigenys,Strumigenys morphica
Formicidae,Strumigenys,Strumigenys mukkaliensis
Formicidae,Strumigenys,Strumigenys mumfordi
Formicidae,Strumigenys,Strumigenys murphyi
Formicidae,Strumigenys,Strumigenys murshila
Formicidae,Strumigenys,Strumigenys mutica
Formicidae,Strumigenys,Strumigenys myllorhapha
Formicidae,Strumigenys,Strumigenys naberia
Formicidae,Strumigenys,Strumigenys nageli
Formicidae,Strumigenys,Strumigenys nambao
Formicidae,Strumigenys,Strumigenys nankunshana
Formicidae,Strumigenys,Strumigenys nannosobek
Formicidae,Strumigenys,Strumigenys nanzanensis
Formicidae,Strumigenys,Strumigenys nastata
Formicidae,Strumigenys,Strumigenys nathistorisoc
Formicidae,Strumigenys,Strumigenys natynion
Formicidae,Strumigenys,Strumigenys necopina
Formicidae,Strumigenys,Strumigenys nepalensis
Formicidae,Strumigenys,Strumigenys nergala
Formicidae,Strumigenys,Strumigenys nesteryx
Formicidae,Strumigenys,Strumigenys nevermanni
Formicidae,Strumigenys,Strumigenys nidifex
Formicidae,Strumigenys,Strumigenys nigra
Formicidae,Strumigenys,Strumigenys nigrescens
Formicidae,Strumigenys,Strumigenys nimbrata
Formicidae,Strumigenys,Strumigenys nimravida
Formicidae,Strumigenys,Strumigenys ninda
Formicidae,Strumigenys,Strumigenys nitens
Formicidae,Strumigenys,Strumigenys noara
Formicidae,Strumigenys,Strumigenys nongba
Formicidae,Strumigenys,Strumigenys norax
Formicidae,Strumigenys,Strumigenys nothomopyx
Formicidae,Strumigenys,Strumigenys nubila
Formicidae,Strumigenys,Strumigenys nummula
Formicidae,Strumigenys,Strumigenys nykara
Formicidae,Strumigenys,Strumigenys nysu
Formicidae,Strumigenys,Strumigenys nytaxis
Formicidae,Strumigenys,Strumigenys oasis
Formicidae,Strumigenys,Strumigenys obliqua
Formicidae,Strumigenys,Strumigenys ochosa
Formicidae,Strumigenys,Strumigenys oconitrilloae
Formicidae,Strumigenys,Strumigenys ocypete
Formicidae,Strumigenys,Strumigenys odacon
Formicidae,Strumigenys,Strumigenys odalatra
Formicidae,Strumigenys,Strumigenys offina
Formicidae,Strumigenys,Strumigenys ogloblini
Formicidae,Strumigenys,Strumigenys ogyga
Formicidae,Strumigenys,Strumigenys olsoni
Formicidae,Strumigenys,Strumigenys omalyx
Formicidae,Strumigenys,Strumigenys omopyx
Formicidae,Strumigenys,Strumigenys onorei
Formicidae,Strumigenys,Strumigenys opaca
Formicidae,Strumigenys,Strumigenys orchibia
Formicidae,Strumigenys,Strumigenys orchidensis
Formicidae,Strumigenys,Strumigenys origo
Formicidae,Strumigenys,Strumigenys ornata
Formicidae,Strumigenys,Strumigenys orthanetes
Formicidae,Strumigenys,Strumigenys ortholex
Formicidae,Strumigenys,Strumigenys osellai
Formicidae,Strumigenys,Strumigenys oxysma
Formicidae,Strumigenys,Strumigenys pachycephala
Formicidae,Strumigenys,Strumigenys paimon
Formicidae,Strumigenys,Strumigenys pallentra
Formicidae,Strumigenys,Strumigenys pallestes
Formicidae,Strumigenys,Strumigenys paloma
Formicidae,Strumigenys,Strumigenys panamensis
Formicidae,Strumigenys,Strumigenys panaulax
Formicidae,Strumigenys,Strumigenys paniaguae
Formicidae,Strumigenys,Strumigenys panopla
Formicidae,Strumigenys,Strumigenys paradoxa
Formicidae,Strumigenys,Strumigenys paranax
Formicidae,Strumigenys,Strumigenys paranetes
Formicidae,Strumigenys,Strumigenys paraposta
Formicidae,Strumigenys,Strumigenys pariensis
Formicidae,Strumigenys,Strumigenys parsauga
Formicidae,Strumigenys,Strumigenys parzival
Formicidae,Strumigenys,Strumigenys pasisops
Formicidae,Strumigenys,Strumigenys pedunculata
Formicidae,Strumigenys,Strumigenys peetersi
Formicidae,Strumigenys,Strumigenys peraucta
Formicidae,Strumigenys,Strumigenys percrypta
Formicidae,Strumigenys,Strumigenys perdita
Formicidae,Strumigenys,Strumigenys pergandei
Formicidae,Strumigenys,Strumigenys perissognatha
Formicidae,Strumigenys,Strumigenys perparva
Formicidae,Strumigenys,Strumigenys perplexa
Formicidae,Strumigenys,Strumigenys perturba
Formicidae,Strumigenys,Strumigenys petiolata
Formicidae,Strumigenys,Strumigenys peyrierasi
Formicidae,Strumigenys,Strumigenys pharosa
Formicidae,Strumigenys,Strumigenys phasma
Formicidae,Strumigenys,Strumigenys philiporum
Formicidae,Strumigenys,Strumigenys phoenix
Formicidae,Strumigenys,Strumigenys pholidota
Formicidae,Strumigenys,Strumigenys phytibia
Formicidae,Strumigenys,Strumigenys pilinasis
Formicidae,Strumigenys,Strumigenys piliversa
Formicidae,Strumigenys,Strumigenys pilosa
Formicidae,Strumigenys,Strumigenys placora
Formicidae,Strumigenys,Strumigenys planeti
Formicidae,Strumigenys,Strumigenys platyscapa
Formicidae,Strumigenys,Strumigenys pliocera
Formicidae,Strumigenys,Strumigenys pnyxia
Formicidae,Strumigenys,Strumigenys podarge
Formicidae,Strumigenys,Strumigenys praecollata
Formicidae,Strumigenys,Strumigenys praefecta
Formicidae,Strumigenys,Strumigenys precava
Formicidae,Strumigenys,Strumigenys pretoriae
Formicidae,Strumigenys,Strumigenys prex
Formicidae,Strumigenys,Strumigenys princeps
Formicidae,Strumigenys,Strumigenys probatrix
Formicidae,Strumigenys,Strumigenys propinqua
Formicidae,Strumigenys,Strumigenys prosopis
Formicidae,Strumigenys,Strumigenys prospiciens
Formicidae,Strumigenys,Strumigenys pulchella
Formicidae,Strumigenys,Strumigenys pulchra
Formicidae,Strumigenys,Strumigenys pydrax
Formicidae,Strumigenys,Strumigenys quadrua
Formicidae,Strumigenys,Strumigenys quattuor
Formicidae,Strumigenys,Strumigenys quinquedentata
Formicidae,Strumigenys,Strumigenys rabesoni
Formicidae,Strumigenys,Strumigenys racabura
Formicidae,Strumigenys,Strumigenys radix
Formicidae,Strumigenys,Strumigenys rakkota
Formicidae,Strumigenys,Strumigenys rallarhina
Formicidae,Strumigenys,Strumigenys rantan
Formicidae,Strumigenys,Strumigenys raptans
Formicidae,Strumigenys,Strumigenys ravidura
Formicidae,Strumigenys,Strumigenys ravola
Formicidae,Strumigenys,Strumigenys rayma
Formicidae,Strumigenys,Strumigenys rectidens
Formicidae,Strumigenys,Strumigenys reflexa
Formicidae,Strumigenys,Strumigenys rehi
Formicidae,Strumigenys,Strumigenys relahyla
Formicidae,Strumigenys,Strumigenys reliquia
Formicidae,Strumigenys,Strumigenys reticeps
Formicidae,Strumigenys,Strumigenys retothra
Formicidae,Strumigenys,Strumigenys rhadina
Formicidae,Strumigenys,Strumigenys rhea
Formicidae,Strumigenys,Strumigenys rimdahli
Formicidae,Strumigenys,Strumigenys robertsoni
Formicidae,Strumigenys,Strumigenys rofocala
Formicidae,Strumigenys,Strumigenys roganas
Formicidae,Strumigenys,Strumigenys rogata
Formicidae,Strumigenys,Strumigenys rogeri
Formicidae,Strumigenys,Strumigenys rohweri
Formicidae,Strumigenys,Strumigenys rongi
Formicidae,Strumigenys,Strumigenys roomi
Formicidae,Strumigenys,Strumigenys rostrata
Formicidae,Strumigenys,Strumigenys rostrataeformis
Formicidae,Strumigenys,Strumigenys rotogenys
Formicidae,Strumigenys,Strumigenys royi
Formicidae,Strumigenys,Strumigenys rubigus
Formicidae,Strumigenys,Strumigenys rudinodis
Formicidae,Strumigenys,Strumigenys rufobrunea
Formicidae,Strumigenys,Strumigenys rugithorax
Formicidae,Strumigenys,Strumigenys rukha
Formicidae,Strumigenys,Strumigenys runa
Formicidae,Strumigenys,Strumigenys rusta
Formicidae,Strumigenys,Strumigenys ruta
Formicidae,Strumigenys,Strumigenys sahura
Formicidae,Strumigenys,Strumigenys saliens
Formicidae,Strumigenys,Strumigenys sanctipauli
Formicidae,Strumigenys,Strumigenys sardella
Formicidae,Strumigenys,Strumigenys sardonica
Formicidae,Strumigenys,Strumigenys sarissa
Formicidae,Strumigenys,Strumigenys sauteri
Formicidae,Strumigenys,Strumigenys scelesta
Formicidae,Strumigenys,Strumigenys schmalzi
Formicidae,Strumigenys,Strumigenys schuetzi
Formicidae,Strumigenys,Strumigenys schulzi
Formicidae,Strumigenys,Strumigenys scolopax
Formicidae,Strumigenys,Strumigenys scotti
Formicidae,Strumigenys,Strumigenys scutica
Formicidae,Strumigenys,Strumigenys scylla
Formicidae,Strumigenys,Strumigenys segrex
Formicidae,Strumigenys,Strumigenys semicompta
Formicidae,Strumigenys,Strumigenys semicrypta
Formicidae,Strumigenys,Strumigenys semirex
Formicidae,Strumigenys,Strumigenys separa
Formicidae,Strumigenys,Strumigenys serket
Formicidae,Strumigenys,Strumigenys serradens
Formicidae,Strumigenys,Strumigenys serraformis
Formicidae,Strumigenys,Strumigenys serrula
Formicidae,Strumigenys,Strumigenys seti
Formicidae,Strumigenys,Strumigenys sevesta
Formicidae,Strumigenys,Strumigenys seynoka
Formicidae,Strumigenys,Strumigenys sharra
Formicidae,Strumigenys,Strumigenys shattucki
Formicidae,Strumigenys,Strumigenys shaula
Formicidae,Strumigenys,Strumigenys siagodens
Formicidae,Strumigenys,Strumigenys sibyna
Formicidae,Strumigenys,Strumigenys signeae
Formicidae,Strumigenys,Strumigenys silangan
Formicidae,Strumigenys,Strumigenys silvestrii
Formicidae,Strumigenys,Strumigenys simoni
Formicidae,Strumigenys,Strumigenys simulans
Formicidae,Strumigenys,Strumigenys sinensis
Formicidae,Strumigenys,Strumigenys sistrura
Formicidae,Strumigenys,Strumigenys sisyrata
Formicidae,Strumigenys,Strumigenys skia
Formicidae,Strumigenys,Strumigenys smilax
Formicidae,Strumigenys,Strumigenys smithii
Formicidae,Strumigenys,Strumigenys smythiesii
Formicidae,Strumigenys,Strumigenys snellingi
Formicidae,Strumigenys,Strumigenys solifontis
Formicidae,Strumigenys,Strumigenys spathoda
Formicidae,Strumigenys,Strumigenys spathula
Formicidae,Strumigenys,Strumigenys sphera
Formicidae,Strumigenys,Strumigenys splendens
Formicidae,Strumigenys,Strumigenys stauroma
Formicidae,Strumigenys,Strumigenys stemonixys
Formicidae,Strumigenys,Strumigenys stenorhina
Formicidae,Strumigenys,Strumigenys stenotes
Formicidae,Strumigenys,Strumigenys stheno
Formicidae,Strumigenys,Strumigenys strenosa
Formicidae,Strumigenys,Strumigenys strigatella
Formicidae,Strumigenys,Strumigenys strummeri
Formicidae,Strumigenys,Strumigenys strygax
Formicidae,Strumigenys,Strumigenys stygia
Formicidae,Strumigenys,Strumigenys subedentata
Formicidae,Strumigenys,Strumigenys sublaminata
Formicidae,Strumigenys,Strumigenys sublonga
Formicidae,Strumigenys,Strumigenys sublucida
Formicidae,Strumigenys,Strumigenys subnuda
Formicidae,Strumigenys,Strumigenys subsessa
Formicidae,Strumigenys,Strumigenys substricta
Formicidae,Strumigenys,Strumigenys subterranea
Formicidae,Strumigenys,Strumigenys subtilis
Formicidae,Strumigenys,Strumigenys sulcata
Formicidae,Strumigenys,Strumigenys sulumana
Formicidae,Strumigenys,Strumigenys superba
Formicidae,Strumigenys,Strumigenys superstes
Formicidae,Strumigenys,Strumigenys sutrix
Formicidae,Strumigenys,Strumigenys sydorata
Formicidae,Strumigenys,Strumigenys sylvaini
Formicidae,Strumigenys,Strumigenys symmetrix
Formicidae,Strumigenys,Strumigenys synchysis
Formicidae,Strumigenys,Strumigenys synkara
Formicidae,Strumigenys,Strumigenys syntacta
Formicidae,Strumigenys,Strumigenys sytaria
Formicidae,Strumigenys,Strumigenys szalayi
Formicidae,Strumigenys,Strumigenys tachirensis
Formicidae,Strumigenys,Strumigenys tacta
Formicidae,Strumigenys,Strumigenys tadynastes
Formicidae,Strumigenys,Strumigenys takasago
Formicidae,Strumigenys,Strumigenys talpa
Formicidae,Strumigenys,Strumigenys tantilla
Formicidae,Strumigenys,Strumigenys tanymastax
Formicidae,Strumigenys,Strumigenys taphra
Formicidae,Strumigenys,Strumigenys taraxis
Formicidae,Strumigenys,Strumigenys tarbosyne
Formicidae,Strumigenys,Strumigenys tathula
Formicidae,Strumigenys,Strumigenys tegar
Formicidae,Strumigenys,Strumigenys tenitecta
Formicidae,Strumigenys,Strumigenys tenuipilis
Formicidae,Strumigenys,Strumigenys tenuissima
Formicidae,Strumigenys,Strumigenys teratrix
Formicidae,Strumigenys,Strumigenys terayamai
Formicidae,Strumigenys,Strumigenys terroni
Formicidae,Strumigenys,Strumigenys tethepa
Formicidae,Strumigenys,Strumigenys tethys
Formicidae,Strumigenys,Strumigenys tetra
Formicidae,Strumigenys,Strumigenys tetragnatha
Formicidae,Strumigenys,Strumigenys tetraphanes
Formicidae,Strumigenys,Strumigenys thanikkudyensis
Formicidae,Strumigenys,Strumigenys thaxteri
Formicidae,Strumigenys,Strumigenys theia
Formicidae,Strumigenys,Strumigenys themis
Formicidae,Strumigenys,Strumigenys thomae
Formicidae,Strumigenys,Strumigenys thuvida
Formicidae,Strumigenys,Strumigenys tiglath
Formicidae,Strumigenys,Strumigenys tigrilla
Formicidae,Strumigenys,Strumigenys tigris
Formicidae,Strumigenys,Strumigenys timicala
Formicidae,Strumigenys,Strumigenys tisiphone
Formicidae,Strumigenys,Strumigenys tisisyx
Formicidae,Strumigenys,Strumigenys tlaloc
Formicidae,Strumigenys,Strumigenys tococae
Formicidae,Strumigenys,Strumigenys tolomyla
Formicidae,Strumigenys,Strumigenys toma
Formicidae,Strumigenys,Strumigenys tomodonta
Formicidae,Strumigenys,Strumigenys totyla
Formicidae,Strumigenys,Strumigenys trada
Formicidae,Strumigenys,Strumigenys traegaordhi
Formicidae,Strumigenys,Strumigenys transenna
Formicidae,Strumigenys,Strumigenys transversa
Formicidae,Strumigenys,Strumigenys trauma
Formicidae,Strumigenys,Strumigenys treptodens
Formicidae,Strumigenys,Strumigenys trieces
Formicidae,Strumigenys,Strumigenys trinidadensis
Formicidae,Strumigenys,Strumigenys tritomea
Formicidae,Strumigenys,Strumigenys trixodens
Formicidae,Strumigenys,Strumigenys trudifera
Formicidae,Strumigenys,Strumigenys truncatidens
Formicidae,Strumigenys,Strumigenys trymala
Formicidae,Strumigenys,Strumigenys tukulta
Formicidae,Strumigenys,Strumigenys tumida
Formicidae,Strumigenys,Strumigenys turpis
Formicidae,Strumigenys,Strumigenys uberyx
Formicidae,Strumigenys,Strumigenys uichancoi
Formicidae,Strumigenys,Strumigenys ulteria
Formicidae,Strumigenys,Strumigenys ultromalyx
Formicidae,Strumigenys,Strumigenys umboceps
Formicidae,Strumigenys,Strumigenys undras
Formicidae,Strumigenys,Strumigenys urrhobia
Formicidae,Strumigenys,Strumigenys usbensis
Formicidae,Strumigenys,Strumigenys valefor
Formicidae,Strumigenys,Strumigenys varanga
Formicidae,Strumigenys,Strumigenys vartana
Formicidae,Strumigenys,Strumigenys vassago
Formicidae,Strumigenys,Strumigenys vazerka
Formicidae,Strumigenys,Strumigenys vazimba
Formicidae,Strumigenys,Strumigenys veddha
Formicidae,Strumigenys,Strumigenys vertigosa
Formicidae,Strumigenys,Strumigenys vescops
Formicidae,Strumigenys,Strumigenys victrix
Formicidae,Strumigenys,Strumigenys vilhenai
Formicidae,Strumigenys,Strumigenys villiersi
Formicidae,Strumigenys,Strumigenys vindala
Formicidae,Strumigenys,Strumigenys virgila
Formicidae,Strumigenys,Strumigenys vitoria
Formicidae,Strumigenys,Strumigenys vivax
Formicidae,Strumigenys,Strumigenys vodensa
Formicidae,Strumigenys,Strumigenys waiwai
Formicidae,Strumigenys,Strumigenys wallacei
Formicidae,Strumigenys,Strumigenys wardi
Formicidae,Strumigenys,Strumigenys warditeras
Formicidae,Strumigenys,Strumigenys weberi
Formicidae,Strumigenys,Strumigenys wheeleriana
Formicidae,Strumigenys,Strumigenys wilsoni
Formicidae,Strumigenys,Strumigenys wilsoniana
Formicidae,Strumigenys,Strumigenys wrayi
Formicidae,Strumigenys,Strumigenys wylixa
Formicidae,Strumigenys,Strumigenys xenochelyna
Formicidae,Strumigenys,Strumigenys xenognatha
Formicidae,Strumigenys,Strumigenys xenohyla
Formicidae,Strumigenys,Strumigenys xenomastax
Formicidae,Strumigenys,Strumigenys xenopilus
Formicidae,Strumigenys,Strumigenys xenos
Formicidae,Strumigenys,Strumigenys xochipili
Formicidae,Strumigenys,Strumigenys xoko
Formicidae,Strumigenys,Strumigenys yaleogyna
Formicidae,Strumigenys,Strumigenys yaleopleura
Formicidae,Strumigenys,Strumigenys yamanei
Formicidae,Strumigenys,Strumigenys yangi
Formicidae,Strumigenys,Strumigenys yanintra
Formicidae,Strumigenys,Strumigenys yasumatsui
Formicidae,Strumigenys,Strumigenys zagan
Formicidae,Strumigenys,Strumigenys zakharovi
Formicidae,Strumigenys,Strumigenys zandala
Formicidae,Strumigenys,Strumigenys zanderi
Formicidae,Strumigenys,Strumigenys zapyx
Formicidae,Strumigenys,Strumigenys zemi
Formicidae,Strumigenys,Strumigenys zeteki
Formicidae,Strumigenys,Strumigenys zhenghuii
Formicidae,Strumigenys,Strumigenys zygon
Formicidae,Subiridopone,Subiridopone subiridescens
Formicidae,Syllophopsis,Syllophopsis adiastolon
Formicidae,Syllophopsis,Syllophopsis aureorugosa
Formicidae,Syllophopsis,Syllophopsis australica
Formicidae,Syllophopsis,Syllophopsis brevidorsa
Formicidae,Syllophopsis,Syllophopsis cryptobia
Formicidae,Syllophopsis,Syllophopsis dentata
Formicidae,Syllophopsis,Syllophopsis elgonensis
Formicidae,Syllophopsis,Syllophopsis ferodens
Formicidae,Syllophopsis,Syllophopsis fisheri
Formicidae,Syllophopsis,Syllophopsis gongromos
Formicidae,Syllophopsis,Syllophopsis hildebrandti
Formicidae,Syllophopsis,Syllophopsis infusca
Formicidae,Syllophopsis,Syllophopsis jonesi
Formicidae,Syllophopsis,Syllophopsis kondratieffi
Formicidae,Syllophopsis,Syllophopsis magnocula
Formicidae,Syllophopsis,Syllophopsis malamixta
Formicidae,Syllophopsis,Syllophopsis modesta
Formicidae,Syllophopsis,Syllophopsis peetersi
Formicidae,Syllophopsis,Syllophopsis saudiensis
Formicidae,Syllophopsis,Syllophopsis sechellensis
Formicidae,Syllophopsis,Syllophopsis sersalata
Formicidae,Syllophopsis,Syllophopsis subcoeca
Formicidae,Syllophopsis,Syllophopsis thrascolepta
Formicidae,Syllophopsis,Syllophopsis vitiensis
Formicidae,Syscia,Syscia amblyogyna
Formicidae,Syscia,Syscia arcodorsa
Formicidae,Syscia,Syscia atitlana
Formicidae,Syscia,Syscia augustae
Formicidae,Syscia,Syscia austrella
Formicidae,Syscia,Syscia benevidesae
Formicidae,Syscia,Syscia borowieci
Formicidae,Syscia,Syscia boudinoti
Formicidae,Syscia,Syscia brachyptera
Formicidae,Syscia,Syscia chaladthanyakiji
Formicidae,Syscia,Syscia chiapaneca
Formicidae,Syscia,Syscia chinensis
Formicidae,Syscia,Syscia disjuncta
Formicidae,Syscia,Syscia grandis
Formicidae,Syscia,Syscia guizhouensis
Formicidae,Syscia,Syscia honduriana
Formicidae,Syscia,Syscia humicola
Formicidae,Syscia,Syscia indica
Formicidae,Syscia,Syscia jennierussae
Formicidae,Syscia,Syscia lacandona
Formicidae,Syscia,Syscia latepunctata
Formicidae,Syscia,Syscia machaquila
Formicidae,Syscia,Syscia madrensis
Formicidae,Syscia,Syscia minuta
Formicidae,Syscia,Syscia murillocruzae
Formicidae,Syscia,Syscia parietalis
Formicidae,Syscia,Syscia parva
Formicidae,Syscia,Syscia persimilis
Formicidae,Syscia,Syscia pervagata
Formicidae,Syscia,Syscia peten
Formicidae,Syscia,Syscia pollula
Formicidae,Syscia,Syscia quisquilis
Formicidae,Syscia,Syscia reticularis
Formicidae,Syscia,Syscia sabahna
Formicidae,Syscia,Syscia setosa
Formicidae,Syscia,Syscia sumnichti
Formicidae,Syscia,Syscia ticomontana
Formicidae,Syscia,Syscia tolteca
Formicidae,Syscia,Syscia transisthmica
Formicidae,Syscia,Syscia truncata
Formicidae,Syscia,Syscia typhla
Formicidae,Syscia,Syscia valenzuelai
Formicidae,Syscia,Syscia volucris
Formicidae,Syscia,Syscia yekzoeae
Formicidae,Syscia,Syscia zhoui
Formicidae,TACTTMPAcromyrmex01,TACTTMPAcromyrmex01 ameliae
Formicidae,TACTTMPAcromyrmex01,TACTTMPAcromyrmex01 atrina
Formicidae,TACTTMPAcromyrmex01,TACTTMPAcromyrmex01 lobicornis
Formicidae,TACTTMPAcromyrmex01,TACTTMPAcromyrmex01 nigrosetosus
Formicidae,TACTTMPAcromyrmex01,TACTTMPAcromyrmex01 nobilis
Formicidae,TACTTMPAcromyrmex01,TACTTMPAcromyrmex01 octospinosus
Formicidae,TACTTMPAcromyrmex02,TACTTMPAcromyrmex02 insinuator
Formicidae,TACTTMPAcromyrmex03,TACTTMPAcromyrmex03 fowleri
Formicidae,TACTTMPAcromyrmex03,TACTTMPAcromyrmex03 lundii
Formicidae,TACTTMPAcromyrmex03,TACTTMPAcromyrmex03 pubescens
Formicidae,TACTTMPAcromyrmex03,TACTTMPAcromyrmex03 subterraneus
Formicidae,TACTTMPAcromyrmex04,TACTTMPAcromyrmex04 heyeri
Formicidae,TACTTMPAcromyrmex04,TACTTMPAcromyrmex04 molestans
Formicidae,TACTTMPAcromyrmex05,TACTTMPAcromyrmex05 ambiguus
Formicidae,TACTTMPAcromyrmex05,TACTTMPAcromyrmex05 biscutatus
Formicidae,TACTTMPAcromyrmex06,TACTTMPAcromyrmex06 crassispinus
Formicidae,TACTTMPAcromyrmex07,TACTTMPAcromyrmex07 coronatus
Formicidae,TACTTMPAcromyrmex07,TACTTMPAcromyrmex07 disciger
Formicidae,TACTTMPAcromyrmex07,TACTTMPAcromyrmex07 hystrix
Formicidae,TACTTMPAcromyrmex07,TACTTMPAcromyrmex07 niger
Formicidae,TACTTMPAcromyrmex07,TACTTMPAcromyrmex07 pulvereus
Formicidae,TACTTMPAcromyrmex08,TACTTMPAcromyrmex08 aspersus
Formicidae,TACTTMPAcromyrmex08,TACTTMPAcromyrmex08 rugosus
Formicidae,TACTTMPAcromyrmex09,TACTTMPAcromyrmex09 diasi
Formicidae,TACTTMPAcromyrmex09,TACTTMPAcromyrmex09 fracticornis
Formicidae,TACTTMPAcromyrmex09,TACTTMPAcromyrmex09 hispidus
Formicidae,TACTTMPAcromyrmex09,TACTTMPAcromyrmex09 landolti
Formicidae,TACTTMPAcromyrmex09,TACTTMPAcromyrmex09 laticeps
Formicidae,TACTTMPAcromyrmex10,TACTTMPAcromyrmex10 balzani
Formicidae,TACTTMPAcromyrmex10,TACTTMPAcromyrmex10 evenkul
Formicidae,TACTTMPAcromyrmex11,TACTTMPAcromyrmex11 charruanus
Formicidae,TACTTMPAcromyrmex11,TACTTMPAcromyrmex11 santschii
Formicidae,TACTTMPAcromyrmex11,TACTTMPAcromyrmex11 versicolor
Formicidae,TACTTMPAphaenogaster01,TACTTMPAphaenogaster01 afra
Formicidae,TACTTMPAphaenogaster01,TACTTMPAphaenogaster01 exasperata
Formicidae,TACTTMPAphaenogaster01,TACTTMPAphaenogaster01 quadrispina
Formicidae,TACTTMPAphaenogaster02,TACTTMPAphaenogaster02 beesoni
Formicidae,TACTTMPAphaenogaster02,TACTTMPAphaenogaster02 brevicollis
Formicidae,TACTTMPAphaenogaster02,TACTTMPAphaenogaster02 hesperia
Formicidae,TACTTMPAphaenogaster02,TACTTMPAphaenogaster02 ichnusa
Formicidae,TACTTMPAphaenogaster02,TACTTMPAphaenogaster02 kervillei
Formicidae,TACTTMPAphaenogaster02,TACTTMPAphaenogaster02 loriai
Formicidae,TACTTMPAphaenogaster02,TACTTMPAphaenogaster02 montana
Formicidae,TACTTMPAphaenogaster02,TACTTMPAphaenogaster02 osimenseis
Formicidae,TACTTMPAphaenogaster03,TACTTMPAphaenogaster03 cavernicola
Formicidae,TACTTMPAphaenogaster03,TACTTMPAphaenogaster03 dromedaria
Formicidae,TACTTMPAphaenogaster03,TACTTMPAphaenogaster03 gemella
Formicidae,TACTTMPAphaenogaster03,TACTTMPAphaenogaster03 gonacantha
Formicidae,TACTTMPAphaenogaster03,TACTTMPAphaenogaster03 strioloides
Formicidae,TACTTMPAphaenogaster04,TACTTMPAphaenogaster04 longiceps
Formicidae,TACTTMPAphaenogaster05,TACTTMPAphaenogaster05 angulata
Formicidae,TACTTMPAphaenogaster05,TACTTMPAphaenogaster05 januschevi
Formicidae,TACTTMPAphaenogaster05,TACTTMPAphaenogaster05 rupestris
Formicidae,TACTTMPAphaenogaster05,TACTTMPAphaenogaster05 swammerdami
Formicidae,TACTTMPAphaenogaster06,TACTTMPAphaenogaster06 izuensis
Formicidae,TACTTMPAphaenogaster06,TACTTMPAphaenogaster06 pythia
Formicidae,TACTTMPAphaenogaster07,TACTTMPAphaenogaster07 feae
Formicidae,TACTTMPAphaenogaster07,TACTTMPAphaenogaster07 rifensis
Formicidae,TACTTMPAphaenogaster07,TACTTMPAphaenogaster07 tipuna
Formicidae,TACTTMPAphaenogaster08,TACTTMPAphaenogaster08 georgica
Formicidae,TACTTMPAphaenogaster08,TACTTMPAphaenogaster08 rugulosa
Formicidae,TACTTMPAphaenogaster08,TACTTMPAphaenogaster08 sahafina
Formicidae,TACTTMPAphaenogaster08,TACTTMPAphaenogaster08 sicardi
Formicidae,TACTTMPAphaenogaster08,TACTTMPAphaenogaster08 subcostata
Formicidae,TACTTMPAphaenogaster08,TACTTMPAphaenogaster08 turkestanica
Formicidae,TACTTMPAphaenogaster09,TACTTMPAphaenogaster09 bressleri
Formicidae,TACTTMPAphaenogaster09,TACTTMPAphaenogaster09 epirotes
Formicidae,TACTTMPAphaenogaster09,TACTTMPAphaenogaster09 incurviclypea
Formicidae,TACTTMPAphaenogaster09,TACTTMPAphaenogaster09 schmitzi
Formicidae,TACTTMPAphaenogaster10,TACTTMPAphaenogaster10 fengbo
Formicidae,TACTTMPAphaenogaster10,TACTTMPAphaenogaster10 haarlovi
Formicidae,TACTTMPAphaenogaster10,TACTTMPAphaenogaster10 makay
Formicidae,TACTTMPAphaenogaster10,TACTTMPAphaenogaster10 sporadis
Formicidae,TACTTMPAphaenogaster10,TACTTMPAphaenogaster10 takahashii
Formicidae,TACTTMPAphaenogaster10,TACTTMPAphaenogaster10 theryi
Formicidae,TACTTMPAphaenogaster10,TACTTMPAphaenogaster10 tokarainsulana
Formicidae,TACTTMPAphaenogaster11,TACTTMPAphaenogaster11 burri
Formicidae,TACTTMPAphaenogaster11,TACTTMPAphaenogaster11 gracillima
Formicidae,TACTTMPAphaenogaster11,TACTTMPAphaenogaster11 kimberleyensis
Formicidae,TACTTMPAphaenogaster11,TACTTMPAphaenogaster11 lykiaensis
Formicidae,TACTTMPAphaenogaster11,TACTTMPAphaenogaster11 maculifrons
Formicidae,TACTTMPAphaenogaster11,TACTTMPAphaenogaster11 phalangium
Formicidae,TACTTMPAphaenogaster12,TACTTMPAphaenogaster12 araneoides
Formicidae,TACTTMPAphaenogaster12,TACTTMPAphaenogaster12 geei
Formicidae,TACTTMPAphaenogaster12,TACTTMPAphaenogaster12 italica
Formicidae,TACTTMPAphaenogaster12,TACTTMPAphaenogaster12 projectens
Formicidae,TACTTMPAphaenogaster13,TACTTMPAphaenogaster13 equestris
Formicidae,TACTTMPAphaenogaster13,TACTTMPAphaenogaster13 honduriana
Formicidae,TACTTMPAphaenogaster13,TACTTMPAphaenogaster13 xuantian
Formicidae,TACTTMPAphaenogaster14,TACTTMPAphaenogaster14 festae
Formicidae,TACTTMPAphaenogaster14,TACTTMPAphaenogaster14 senilis
Formicidae,TACTTMPAphaenogaster15,TACTTMPAphaenogaster15 balcanica
Formicidae,TACTTMPAphaenogaster15,TACTTMPAphaenogaster15 jolantae
Formicidae,TACTTMPAphaenogaster15,TACTTMPAphaenogaster15 semipolita
Formicidae,TACTTMPAphaenogaster16,TACTTMPAphaenogaster16 laevior
Formicidae,TACTTMPAphaenogaster16,TACTTMPAphaenogaster16 simulans
Formicidae,TACTTMPAphaenogaster16,TACTTMPAphaenogaster16 subterranea
Formicidae,TACTTMPAphaenogaster16,TACTTMPAphaenogaster16 tinauti
Formicidae,TACTTMPAphaenogaster16,TACTTMPAphaenogaster16 wilsoni
Formicidae,TACTTMPAphaenogaster17,TACTTMPAphaenogaster17 depilis
Formicidae,TACTTMPAphaenogaster17,TACTTMPAphaenogaster17 depressa
Formicidae,TACTTMPAphaenogaster17,TACTTMPAphaenogaster17 pallida
Formicidae,TACTTMPAphaenogaster18,TACTTMPAphaenogaster18 holtzi
Formicidae,TACTTMPAphaenogaster18,TACTTMPAphaenogaster18 inermis
Formicidae,TACTTMPAphaenogaster18,TACTTMPAphaenogaster18 ovaticeps
Formicidae,TACTTMPAphaenogaster18,TACTTMPAphaenogaster18 peloponnesiaca
Formicidae,TACTTMPAphaenogaster18,TACTTMPAphaenogaster18 umphreyi
Formicidae,TACTTMPAphaenogaster19,TACTTMPAphaenogaster19 asterioni
Formicidae,TACTTMPAphaenogaster19,TACTTMPAphaenogaster19 baronii
Formicidae,TACTTMPAphaenogaster19,TACTTMPAphaenogaster19 carbonaria
Formicidae,TACTTMPAphaenogaster19,TACTTMPAphaenogaster19 dlusskyi
Formicidae,TACTTMPAphaenogaster19,TACTTMPAphaenogaster19 fulva
Formicidae,TACTTMPAphaenogaster19,TACTTMPAphaenogaster19 mediterrae
Formicidae,TACTTMPAphaenogaster19,TACTTMPAphaenogaster19 poultoni
Formicidae,TACTTMPAphaenogaster19,TACTTMPAphaenogaster19 smythiesii
Formicidae,TACTTMPAphaenogaster20,TACTTMPAphaenogaster20 famelica
Formicidae,TACTTMPAphaenogaster20,TACTTMPAphaenogaster20 perplexa
Formicidae,TACTTMPAphaenogaster20,TACTTMPAphaenogaster20 transcaucasica
Formicidae,TACTTMPAphaenogaster20,TACTTMPAphaenogaster20 transversa
Formicidae,TACTTMPAphaenogaster21,TACTTMPAphaenogaster21 cardenai
Formicidae,TACTTMPAphaenogaster21,TACTTMPAphaenogaster21 charesi
Formicidae,TACTTMPAphaenogaster21,TACTTMPAphaenogaster21 tennesseensis
Formicidae,TACTTMPAphaenogaster21,TACTTMPAphaenogaster21 tristis
Formicidae,TACTTMPAphaenogaster22,TACTTMPAphaenogaster22 balcanicoides
Formicidae,TACTTMPAphaenogaster22,TACTTMPAphaenogaster22 mariae
Formicidae,TACTTMPAphaenogaster22,TACTTMPAphaenogaster22 olympica
Formicidae,TACTTMPAphaenogaster22,TACTTMPAphaenogaster22 sagei
Formicidae,TACTTMPAphaenogaster22,TACTTMPAphaenogaster22 tibetana
Formicidae,TACTTMPAphaenogaster23,TACTTMPAphaenogaster23 graeca
Formicidae,TACTTMPAphaenogaster23,TACTTMPAphaenogaster23 mutica
Formicidae,TACTTMPAphaenogaster23,TACTTMPAphaenogaster23 trinacriae
Formicidae,TACTTMPAphaenogaster24,TACTTMPAphaenogaster24 megommata
Formicidae,TACTTMPAphaenogaster25,TACTTMPAphaenogaster25 annandalei
Formicidae,TACTTMPAphaenogaster25,TACTTMPAphaenogaster25 erabu
Formicidae,TACTTMPAphaenogaster25,TACTTMPAphaenogaster25 hunanensis
Formicidae,TACTTMPAphaenogaster25,TACTTMPAphaenogaster25 ledouxi
Formicidae,TACTTMPAphaenogaster25,TACTTMPAphaenogaster25 uinta
Formicidae,TACTTMPAphaenogaster26,TACTTMPAphaenogaster26 boulderensis
Formicidae,TACTTMPAphaenogaster26,TACTTMPAphaenogaster26 minutula
Formicidae,TACTTMPAphaenogaster26,TACTTMPAphaenogaster26 omotoensis
Formicidae,TACTTMPAphaenogaster26,TACTTMPAphaenogaster26 opposita
Formicidae,TACTTMPAphaenogaster26,TACTTMPAphaenogaster26 subterraneosplendida
Formicidae,TACTTMPAphaenogaster26,TACTTMPAphaenogaster26 testaceopilosa
Formicidae,TACTTMPAphaenogaster27,TACTTMPAphaenogaster27 fallax
Formicidae,TACTTMPAphaenogaster27,TACTTMPAphaenogaster27 irrigua
Formicidae,TACTTMPAphaenogaster27,TACTTMPAphaenogaster27 patruelis
Formicidae,TACTTMPAphaenogaster27,TACTTMPAphaenogaster27 phillipsi
Formicidae,TACTTMPAphaenogaster28,TACTTMPAphaenogaster28 illyrica
Formicidae,TACTTMPAphaenogaster28,TACTTMPAphaenogaster28 occidentalis
Formicidae,TACTTMPAphaenogaster28,TACTTMPAphaenogaster28 picena
Formicidae,TACTTMPAphaenogaster28,TACTTMPAphaenogaster28 reticulaticeps
Formicidae,TACTTMPAphaenogaster28,TACTTMPAphaenogaster28 vohraliki
Formicidae,TACTTMPAphaenogaster29,TACTTMPAphaenogaster29 campana
Formicidae,TACTTMPAphaenogaster29,TACTTMPAphaenogaster29 dejeani
Formicidae,TACTTMPAphaenogaster29,TACTTMPAphaenogaster29 lustrans
Formicidae,TACTTMPAphaenogaster29,TACTTMPAphaenogaster29 muschtaidica
Formicidae,TACTTMPAphaenogaster29,TACTTMPAphaenogaster29 pachei
Formicidae,TACTTMPAphaenogaster29,TACTTMPAphaenogaster29 punctaticeps
Formicidae,TACTTMPAphaenogaster29,TACTTMPAphaenogaster29 syriaca
Formicidae,TACTTMPAphaenogaster29,TACTTMPAphaenogaster29 texana
Formicidae,TACTTMPAphaenogaster30,TACTTMPAphaenogaster30 crocea
Formicidae,TACTTMPAphaenogaster30,TACTTMPAphaenogaster30 lamellidens
Formicidae,TACTTMPAphaenogaster30,TACTTMPAphaenogaster30 luteipes
Formicidae,TACTTMPAphaenogaster30,TACTTMPAphaenogaster30 punctatissima
Formicidae,TACTTMPAphaenogaster30,TACTTMPAphaenogaster30 rugosoferruginea
Formicidae,TACTTMPAphaenogaster31,TACTTMPAphaenogaster31 inermita
Formicidae,TACTTMPAphaenogaster31,TACTTMPAphaenogaster31 rudis
Formicidae,TACTTMPAphaenogaster32,TACTTMPAphaenogaster32 beccarii
Formicidae,TACTTMPAphaenogaster32,TACTTMPAphaenogaster32 carolinensis
Formicidae,TACTTMPAphaenogaster32,TACTTMPAphaenogaster32 edentula
Formicidae,TACTTMPAphaenogaster32,TACTTMPAphaenogaster32 espadaleri
Formicidae,TACTTMPAphaenogaster32,TACTTMPAphaenogaster32 karpathica
Formicidae,TACTTMPAphaenogaster32,TACTTMPAphaenogaster32 spinosa
Formicidae,TACTTMPAphaenogaster32,TACTTMPAphaenogaster32 subexaperata
Formicidae,TACTTMPAphaenogaster33,TACTTMPAphaenogaster33 gamagumayaa
Formicidae,TACTTMPAphaenogaster33,TACTTMPAphaenogaster33 miamiana
Formicidae,TACTTMPAphaenogaster34,TACTTMPAphaenogaster34 hamaensis
Formicidae,TACTTMPAphaenogaster34,TACTTMPAphaenogaster34 miniata
Formicidae,TACTTMPAphaenogaster34,TACTTMPAphaenogaster34 polyodonta
Formicidae,TACTTMPAphaenogaster34,TACTTMPAphaenogaster34 prudens
Formicidae,TACTTMPAphaenogaster34,TACTTMPAphaenogaster34 simonellii
Formicidae,TACTTMPAphaenogaster34,TACTTMPAphaenogaster34 torossiani
Formicidae,TACTTMPAphaenogaster34,TACTTMPAphaenogaster34 treatae
Formicidae,TACTTMPAphaenogaster35,TACTTMPAphaenogaster35 ashmeadi
Formicidae,TACTTMPAphaenogaster35,TACTTMPAphaenogaster35 barbara
Formicidae,TACTTMPAphaenogaster35,TACTTMPAphaenogaster35 dulcineae
Formicidae,TACTTMPAphaenogaster35,TACTTMPAphaenogaster35 kurdica
Formicidae,TACTTMPAphaenogaster35,TACTTMPAphaenogaster35 lepida
Formicidae,TACTTMPAphaenogaster35,TACTTMPAphaenogaster35 mexicana
Formicidae,TACTTMPAphaenogaster35,TACTTMPAphaenogaster35 obsidiana
Formicidae,TACTTMPAphaenogaster35,TACTTMPAphaenogaster35 sangiorgii
Formicidae,TACTTMPAphaenogaster36,TACTTMPAphaenogaster36 fabulosa
Formicidae,TACTTMPAphaenogaster36,TACTTMPAphaenogaster36 iranica
Formicidae,TACTTMPAphaenogaster36,TACTTMPAphaenogaster36 picea
Formicidae,TACTTMPAphaenogaster36,TACTTMPAphaenogaster36 rothneyi
Formicidae,TACTTMPAphaenogaster36,TACTTMPAphaenogaster36 splendida
Formicidae,TACTTMPAphaenogaster36,TACTTMPAphaenogaster36 wangye
Formicidae,TACTTMPAphaenogaster37,TACTTMPAphaenogaster37 donann
Formicidae,TACTTMPAphaenogaster37,TACTTMPAphaenogaster37 flemingi
Formicidae,TACTTMPAphaenogaster37,TACTTMPAphaenogaster37 saharensis
Formicidae,TACTTMPAphaenogaster37,TACTTMPAphaenogaster37 smithi
Formicidae,TACTTMPAphaenogaster37,TACTTMPAphaenogaster37 wangtian
Formicidae,TACTTMPAphaenogaster38,TACTTMPAphaenogaster38 barbigula
Formicidae,TACTTMPAphaenogaster38,TACTTMPAphaenogaster38 floridana
Formicidae,TACTTMPAphaenogaster38,TACTTMPAphaenogaster38 rhaphidiiceps
Formicidae,TACTTMPAphaenogaster38,TACTTMPAphaenogaster38 schmidti
Formicidae,TACTTMPAphaenogaster39,TACTTMPAphaenogaster39 baogong
Formicidae,TACTTMPAphaenogaster39,TACTTMPAphaenogaster39 bicolor
Formicidae,TACTTMPAphaenogaster39,TACTTMPAphaenogaster39 fiorii
Formicidae,TACTTMPAphaenogaster39,TACTTMPAphaenogaster39 huachucana
Formicidae,TACTTMPAphaenogaster39,TACTTMPAphaenogaster39 nadigi
Formicidae,TACTTMPAphaenogaster39,TACTTMPAphaenogaster39 pallescens
Formicidae,TACTTMPAphaenogaster39,TACTTMPAphaenogaster39 ulibeli
Formicidae,TACTTMPAphaenogaster40,TACTTMPAphaenogaster40 faureli
Formicidae,TACTTMPAphaenogaster40,TACTTMPAphaenogaster40 mauritanica
Formicidae,TACTTMPAphaenogaster40,TACTTMPAphaenogaster40 relicta
Formicidae,TACTTMPAphaenogaster40,TACTTMPAphaenogaster40 weulersseae
Formicidae,TACTTMPAphaenogaster41,TACTTMPAphaenogaster41 cristata
Formicidae,TACTTMPAphaenogaster41,TACTTMPAphaenogaster41 gibbosa
Formicidae,TACTTMPAphaenogaster42,TACTTMPAphaenogaster42 atlantis
Formicidae,TACTTMPAphaenogaster42,TACTTMPAphaenogaster42 caeciliae
Formicidae,TACTTMPAphaenogaster42,TACTTMPAphaenogaster42 pumilopuncta
Formicidae,TACTTMPAphaenogaster42,TACTTMPAphaenogaster42 striativentris
Formicidae,TACTTMPAphaenogaster43,TACTTMPAphaenogaster43 koniari
Formicidae,TACTTMPAphaenogaster43,TACTTMPAphaenogaster43 kumejimana
Formicidae,TACTTMPAphaenogaster43,TACTTMPAphaenogaster43 praedo
Formicidae,TACTTMPAphaenogaster43,TACTTMPAphaenogaster43 sardoa
Formicidae,TACTTMPAphaenogaster43,TACTTMPAphaenogaster43 weigoldi
Formicidae,TACTTMPAphaenogaster44,TACTTMPAphaenogaster44 aktaci
Formicidae,TACTTMPAphaenogaster44,TACTTMPAphaenogaster44 iberica
Formicidae,TACTTMPAphaenogaster44,TACTTMPAphaenogaster44 melitensis
Formicidae,TACTTMPAphaenogaster44,TACTTMPAphaenogaster44 reichelae
Formicidae,TACTTMPAphaenogaster44,TACTTMPAphaenogaster44 schurri
Formicidae,TACTTMPAphaenogaster44,TACTTMPAphaenogaster44 subterraneoides
Formicidae,TACTTMPAphaenogaster45,TACTTMPAphaenogaster45 cecconii
Formicidae,TACTTMPAphaenogaster45,TACTTMPAphaenogaster45 concolor
Formicidae,TACTTMPAphaenogaster45,TACTTMPAphaenogaster45 curiosa
Formicidae,TACTTMPAphaenogaster45,TACTTMPAphaenogaster45 japonica
Formicidae,TACTTMPAphaenogaster45,TACTTMPAphaenogaster45 messoroides
Formicidae,TACTTMPAphaenogaster45,TACTTMPAphaenogaster45 praenoda
Formicidae,TACTTMPCataglyphis01,TACTTMPCataglyphis01 italica
Formicidae,TACTTMPCataglyphis01,TACTTMPCataglyphis01 marroui
Formicidae,TACTTMPCataglyphis02,TACTTMPCataglyphis02 hellenica
Formicidae,TACTTMPCataglyphis02,TACTTMPCataglyphis02 machmal
Formicidae,TACTTMPCataglyphis02,TACTTMPCataglyphis02 zakharovi
Formicidae,TACTTMPCataglyphis03,TACTTMPCataglyphis03 bazoftensis
Formicidae,TACTTMPCataglyphis03,TACTTMPCataglyphis03 cursor
Formicidae,TACTTMPCataglyphis03,TACTTMPCataglyphis03 laevior
Formicidae,TACTTMPCataglyphis04,TACTTMPCataglyphis04 aurata
Formicidae,TACTTMPCataglyphis04,TACTTMPCataglyphis04 fisheri
Formicidae,TACTTMPCataglyphis04,TACTTMPCataglyphis04 opacior
Formicidae,TACTTMPCataglyphis04,TACTTMPCataglyphis04 pallida
Formicidae,TACTTMPCataglyphis04,TACTTMPCataglyphis04 piliscapa
Formicidae,TACTTMPCataglyphis05,TACTTMPCataglyphis05 cretica
Formicidae,TACTTMPCataglyphis05,TACTTMPCataglyphis05 minos
Formicidae,TACTTMPCataglyphis06,TACTTMPCataglyphis06 aenescens
Formicidae,TACTTMPCataglyphis06,TACTTMPCataglyphis06 agostii
Formicidae,TACTTMPCataglyphis06,TACTTMPCataglyphis06 argentata
Formicidae,TACTTMPCataglyphis06,TACTTMPCataglyphis06 asiriensis
Formicidae,TACTTMPCataglyphis06,TACTTMPCataglyphis06 bergiana
Formicidae,TACTTMPCataglyphis07,TACTTMPCataglyphis07 cugiai
Formicidae,TACTTMPCataglyphis07,TACTTMPCataglyphis07 lunatica
Formicidae,TACTTMPCataglyphis07,TACTTMPCataglyphis07 semitonsa
Formicidae,TACTTMPCataglyphis07,TACTTMPCataglyphis07 setipes
Formicidae,TACTTMPCataglyphis07,TACTTMPCataglyphis07 velox
Formicidae,TACTTMPCataglyphis08,TACTTMPCataglyphis08 golestanica
Formicidae,TACTTMPCataglyphis08,TACTTMPCataglyphis08 humeya
Formicidae,TACTTMPCataglyphis08,TACTTMPCataglyphis08 isis
Formicidae,TACTTMPCataglyphis08,TACTTMPCataglyphis08 takyrica
Formicidae,TACTTMPCataglyphis09,TACTTMPCataglyphis09 aphrodite
Formicidae,TACTTMPCataglyphis09,TACTTMPCataglyphis09 hispanica
Formicidae,TACTTMPCataglyphis09,TACTTMPCataglyphis09 piligera
Formicidae,TACTTMPCataglyphis10,TACTTMPCataglyphis10 pilisquamis
Formicidae,TACTTMPCataglyphis11,TACTTMPCataglyphis11 douwesi
Formicidae,TACTTMPCataglyphis11,TACTTMPCataglyphis11 elegantissima
Formicidae,TACTTMPCataglyphis11,TACTTMPCataglyphis11 lirabiensis
Formicidae,TACTTMPCataglyphis11,TACTTMPCataglyphis11 mauritanica
Formicidae,TACTTMPCataglyphis11,TACTTMPCataglyphis11 turcomanica
Formicidae,TACTTMPCataglyphis12,TACTTMPCataglyphis12 alibabae
Formicidae,TACTTMPCataglyphis12,TACTTMPCataglyphis12 gaetula
Formicidae,TACTTMPCataglyphis13,TACTTMPCataglyphis13 altisquamis
Formicidae,TACTTMPCataglyphis13,TACTTMPCataglyphis13 harteni
Formicidae,TACTTMPCataglyphis13,TACTTMPCataglyphis13 indica
Formicidae,TACTTMPCataglyphis13,TACTTMPCataglyphis13 lutea
Formicidae,TACTTMPCataglyphis14,TACTTMPCataglyphis14 fici
Formicidae,TACTTMPCataglyphis14,TACTTMPCataglyphis14 kurdistanica
Formicidae,TACTTMPCataglyphis14,TACTTMPCataglyphis14 longipedem
Formicidae,TACTTMPCataglyphis14,TACTTMPCataglyphis14 stigmata
Formicidae,TACTTMPCataglyphis15,TACTTMPCataglyphis15 fortis
Formicidae,TACTTMPCataglyphis15,TACTTMPCataglyphis15 frigida
Formicidae,TACTTMPCataglyphis16,TACTTMPCataglyphis16 sabulosa
Formicidae,TACTTMPCataglyphis17,TACTTMPCataglyphis17 bombycina
Formicidae,TACTTMPCataglyphis17,TACTTMPCataglyphis17 oasium
Formicidae,TACTTMPCataglyphis18,TACTTMPCataglyphis18 convexus
Formicidae,TACTTMPCataglyphis18,TACTTMPCataglyphis18 cuneinodis
Formicidae,TACTTMPCataglyphis18,TACTTMPCataglyphis18 flavitibia
Formicidae,TACTTMPCataglyphis18,TACTTMPCataglyphis18 tartessica
Formicidae,TACTTMPCataglyphis19,TACTTMPCataglyphis19 diehlii
Formicidae,TACTTMPCataglyphis19,TACTTMPCataglyphis19 floricola
Formicidae,TACTTMPCataglyphis19,TACTTMPCataglyphis19 saharae
Formicidae,TACTTMPCataglyphis20,TACTTMPCataglyphis20 emmae
Formicidae,TACTTMPCataglyphis20,TACTTMPCataglyphis20 glabilabia
Formicidae,TACTTMPCataglyphis20,TACTTMPCataglyphis20 shahrekordensis
Formicidae,TACTTMPCataglyphis21,TACTTMPCataglyphis21 bellicosa
Formicidae,TACTTMPCataglyphis21,TACTTMPCataglyphis21 chionistrae
Formicidae,TACTTMPCataglyphis21,TACTTMPCataglyphis21 urens
Formicidae,TACTTMPCataglyphis21,TACTTMPCataglyphis21 vaucheri
Formicidae,TACTTMPCataglyphis22,TACTTMPCataglyphis22 emeryi
Formicidae,TACTTMPCataglyphis22,TACTTMPCataglyphis22 fossilis
Formicidae,TACTTMPCataglyphis22,TACTTMPCataglyphis22 gracilens
Formicidae,TACTTMPCataglyphis22,TACTTMPCataglyphis22 livida
Formicidae,TACTTMPCataglyphis22,TACTTMPCataglyphis22 nigripes
Formicidae,TACTTMPCataglyphis22,TACTTMPCataglyphis22 oxiana
Formicidae,TACTTMPCataglyphis22,TACTTMPCataglyphis22 pubescens
Formicidae,TACTTMPCataglyphis23,TACTTMPCataglyphis23 foreli
Formicidae,TACTTMPCataglyphis23,TACTTMPCataglyphis23 theryi
Formicidae,TACTTMPCataglyphis24,TACTTMPCataglyphis24 rubra
Formicidae,TACTTMPCataglyphis25,TACTTMPCataglyphis25 rosenhaueri
Formicidae,TACTTMPCataglyphis26,TACTTMPCataglyphis26 espadaleri
Formicidae,TACTTMPCataglyphis26,TACTTMPCataglyphis26 iberica
Formicidae,TACTTMPCataglyphis27,TACTTMPCataglyphis27 gadeai
Formicidae,TACTTMPCataglyphis28,TACTTMPCataglyphis28 otini
Formicidae,TACTTMPCataglyphis29,TACTTMPCataglyphis29 abudawoodi
Formicidae,TACTTMPCataglyphis29,TACTTMPCataglyphis29 abyssinica
Formicidae,TACTTMPCataglyphis29,TACTTMPCataglyphis29 bicoloripes
Formicidae,TACTTMPCataglyphis29,TACTTMPCataglyphis29 bucharica
Formicidae,TACTTMPCataglyphis29,TACTTMPCataglyphis29 cubica
Formicidae,TACTTMPCataglyphis30,TACTTMPCataglyphis30 viaticoides
Formicidae,TACTTMPCataglyphis31,TACTTMPCataglyphis31 adenensis
Formicidae,TACTTMPCataglyphis31,TACTTMPCataglyphis31 albicans
Formicidae,TACTTMPCataglyphis31,TACTTMPCataglyphis31 arenaria
Formicidae,TACTTMPCataglyphis31,TACTTMPCataglyphis31 minima
Formicidae,TACTTMPCataglyphis32,TACTTMPCataglyphis32 helanensis
Formicidae,TACTTMPCataglyphis32,TACTTMPCataglyphis32 savignyi
Formicidae,TACTTMPCataglyphis33,TACTTMPCataglyphis33 cinnamomea
Formicidae,TACTTMPCataglyphis33,TACTTMPCataglyphis33 flavobrunnea
Formicidae,TACTTMPCataglyphis33,TACTTMPCataglyphis33 israelensis
Formicidae,TACTTMPCataglyphis34,TACTTMPCataglyphis34 bicolor
Formicidae,TACTTMPCataglyphis34,TACTTMPCataglyphis34 cana
Formicidae,TACTTMPCataglyphis34,TACTTMPCataglyphis34 nigra
Formicidae,TACTTMPCataglyphis35,TACTTMPCataglyphis35 acutinodis
Formicidae,TACTTMPCataglyphis35,TACTTMPCataglyphis35 fritillariae
Formicidae,TACTTMPCataglyphis35,TACTTMPCataglyphis35 holgerseni
Formicidae,TACTTMPCataglyphis36,TACTTMPCataglyphis36 nodus
Formicidae,TACTTMPCataglyphis36,TACTTMPCataglyphis36 shuaibensis
Formicidae,TACTTMPCataglyphis37,TACTTMPCataglyphis37 dejdaranensis
Formicidae,TACTTMPCataglyphis37,TACTTMPCataglyphis37 hannae
Formicidae,TACTTMPCataglyphis37,TACTTMPCataglyphis37 viatica
Formicidae,TACTTMPCyphomyrmex01,TACTTMPCyphomyrmex01 major
Formicidae,TACTTMPCyphomyrmex01,TACTTMPCyphomyrmex01 rimosus
Formicidae,TACTTMPCyphomyrmex01,TACTTMPCyphomyrmex01 vorticis
Formicidae,TACTTMPCyphomyrmex02,TACTTMPCyphomyrmex02 bicornis
Formicidae,TACTTMPCyphomyrmex02,TACTTMPCyphomyrmex02 cornutus
Formicidae,TACTTMPCyphomyrmex03,TACTTMPCyphomyrmex03 hamulatus
Formicidae,TACTTMPCyphomyrmex03,TACTTMPCyphomyrmex03 minutus
Formicidae,TACTTMPCyphomyrmex03,TACTTMPCyphomyrmex03 peltatus
Formicidae,TACTTMPCyphomyrmex03,TACTTMPCyphomyrmex03 salvini
Formicidae,TACTTMPCyphomyrmex04,TACTTMPCyphomyrmex04 kirbyi
Formicidae,TACTTMPCyphomyrmex04,TACTTMPCyphomyrmex04 transversus
Formicidae,TACTTMPCyphomyrmex05,TACTTMPCyphomyrmex05 laevigatus
Formicidae,TACTTMPCyphomyrmex06,TACTTMPCyphomyrmex06 castagnei
Formicidae,TACTTMPCyphomyrmex06,TACTTMPCyphomyrmex06 muelleri
Formicidae,TACTTMPCyphomyrmex06,TACTTMPCyphomyrmex06 nesiotus
Formicidae,TACTTMPCyphomyrmex07,TACTTMPCyphomyrmex07 dixus
Formicidae,TACTTMPCyphomyrmex07,TACTTMPCyphomyrmex07 flavidus
Formicidae,TACTTMPCyphomyrmex07,TACTTMPCyphomyrmex07 longiscapus
Formicidae,TACTTMPCyphomyrmex08,TACTTMPCyphomyrmex08 foxi
Formicidae,TACTTMPCyphomyrmex08,TACTTMPCyphomyrmex08 wheeleri
Formicidae,TACTTMPCyphomyrmex09,TACTTMPCyphomyrmex09 bicarinatus
Formicidae,TACTTMPCyphomyrmex09,TACTTMPCyphomyrmex09 costatus
Formicidae,TACTTMPCyphomyrmex09,TACTTMPCyphomyrmex09 podargus
Formicidae,TACTTMPEurhopalothrix01,TACTTMPEurhopalothrix01 alopeciosa
Formicidae,TACTTMPEurhopalothrix01,TACTTMPEurhopalothrix01 biroi
Formicidae,TACTTMPEurhopalothrix01,TACTTMPEurhopalothrix01 bruchi
Formicidae,TACTTMPEurhopalothrix01,TACTTMPEurhopalothrix01 dubia
Formicidae,TACTTMPEurhopalothrix01,TACTTMPEurhopalothrix01 hoplites
Formicidae,TACTTMPEurhopalothrix01,TACTTMPEurhopalothrix01 mabuya
Formicidae,TACTTMPEurhopalothrix01,TACTTMPEurhopalothrix01 philippina
Formicidae,TACTTMPEurhopalothrix01,TACTTMPEurhopalothrix01 pilulifera
Formicidae,TACTTMPEurhopalothrix01,TACTTMPEurhopalothrix01 procera
Formicidae,TACTTMPEurhopalothrix01,TACTTMPEurhopalothrix01 seguensis
Formicidae,TACTTMPEurhopalothrix01,TACTTMPEurhopalothrix01 spectabilis
Formicidae,TACTTMPEurhopalothrix01,TACTTMPEurhopalothrix01 xibalba
Formicidae,TACTTMPEurhopalothrix01,TACTTMPEurhopalothrix01 zipacna
Formicidae,TACTTMPEurhopalothrix02,TACTTMPEurhopalothrix02 apharogonia
Formicidae,TACTTMPEurhopalothrix02,TACTTMPEurhopalothrix02 browni
Formicidae,TACTTMPEurhopalothrix02,TACTTMPEurhopalothrix02 coronata
Formicidae,TACTTMPEurhopalothrix02,TACTTMPEurhopalothrix02 depressa
Formicidae,TACTTMPEurhopalothrix02,TACTTMPEurhopalothrix02 emeryi
Formicidae,TACTTMPEurhopalothrix02,TACTTMPEurhopalothrix02 gravis
Formicidae,TACTTMPEurhopalothrix02,TACTTMPEurhopalothrix02 greensladei
Formicidae,TACTTMPEurhopalothrix02,TACTTMPEurhopalothrix02 heliscata
Formicidae,TACTTMPEurhopalothrix02,TACTTMPEurhopalothrix02 lenkoi
Formicidae,TACTTMPEurhopalothrix02,TACTTMPEurhopalothrix02 megalops
Formicidae,TACTTMPEurhopalothrix02,TACTTMPEurhopalothrix02 omnivaga
Formicidae,TACTTMPEurhopalothrix02,TACTTMPEurhopalothrix02 oxente
Formicidae,TACTTMPEurhopalothrix02,TACTTMPEurhopalothrix02 punctata
Formicidae,TACTTMPEurhopalothrix02,TACTTMPEurhopalothrix02 schmidti
Formicidae,TACTTMPEurhopalothrix02,TACTTMPEurhopalothrix02 sepultura
Formicidae,TACTTMPEurhopalothrix02,TACTTMPEurhopalothrix02 speciosa
Formicidae,TACTTMPEurhopalothrix03,TACTTMPEurhopalothrix03 bolaui
Formicidae,TACTTMPEurhopalothrix03,TACTTMPEurhopalothrix03 brevicornis
Formicidae,TACTTMPEurhopalothrix03,TACTTMPEurhopalothrix03 caledonica
Formicidae,TACTTMPEurhopalothrix03,TACTTMPEurhopalothrix03 chapmani
Formicidae,TACTTMPEurhopalothrix03,TACTTMPEurhopalothrix03 cimu
Formicidae,TACTTMPEurhopalothrix03,TACTTMPEurhopalothrix03 cinnamea
Formicidae,TACTTMPEurhopalothrix03,TACTTMPEurhopalothrix03 circumcapillum
Formicidae,TACTTMPEurhopalothrix03,TACTTMPEurhopalothrix03 clypeata
Formicidae,TACTTMPEurhopalothrix03,TACTTMPEurhopalothrix03 elke
Formicidae,TACTTMPEurhopalothrix03,TACTTMPEurhopalothrix03 floridana
Formicidae,TACTTMPEurhopalothrix03,TACTTMPEurhopalothrix03 guadeloupensis
Formicidae,TACTTMPEurhopalothrix03,TACTTMPEurhopalothrix03 insidiatrix
Formicidae,TACTTMPEurhopalothrix03,TACTTMPEurhopalothrix03 isabellae
Formicidae,TACTTMPEurhopalothrix03,TACTTMPEurhopalothrix03 jennya
Formicidae,TACTTMPEurhopalothrix03,TACTTMPEurhopalothrix03 ortizae
Formicidae,TACTTMPEurhopalothrix03,TACTTMPEurhopalothrix03 oscillum
Formicidae,TACTTMPEurhopalothrix03,TACTTMPEurhopalothrix03 papuana
Formicidae,TACTTMPEurhopalothrix03,TACTTMPEurhopalothrix03 platisquama
Formicidae,TACTTMPEurhopalothrix03,TACTTMPEurhopalothrix03 reichenspergeri
Formicidae,TACTTMPEurhopalothrix03,TACTTMPEurhopalothrix03 rothschildi
Formicidae,TACTTMPEurhopalothrix03,TACTTMPEurhopalothrix03 semicapillum
Formicidae,TACTTMPEurhopalothrix03,TACTTMPEurhopalothrix03 szentivanyi
Formicidae,TACTTMPEurhopalothrix04,TACTTMPEurhopalothrix04 australis
Formicidae,TACTTMPEurhopalothrix04,TACTTMPEurhopalothrix04 hunhau
Formicidae,TACTTMPEurhopalothrix04,TACTTMPEurhopalothrix04 machaquila
Formicidae,TACTTMPEurhopalothrix04,TACTTMPEurhopalothrix04 vulcan
Formicidae,TACTTMPGoniomma01,TACTTMPGoniomma01 hispanicum
Formicidae,TACTTMPGoniomma02,TACTTMPGoniomma02 baeticum
Formicidae,TACTTMPGoniomma02,TACTTMPGoniomma02 otini
Formicidae,TACTTMPGoniomma03,TACTTMPGoniomma03 blanci
Formicidae,TACTTMPGoniomma03,TACTTMPGoniomma03 kugleri
Formicidae,TACTTMPGoniomma03,TACTTMPGoniomma03 punicum
Formicidae,TACTTMPGoniomma04,TACTTMPGoniomma04 compressisquama
Formicidae,TACTTMPGoniomma04,TACTTMPGoniomma04 decipiens
Formicidae,TACTTMPGoniomma04,TACTTMPGoniomma04 tuneticum
Formicidae,TACTTMPGoniomma05,TACTTMPGoniomma05 collingwoodi
Formicidae,TACTTMPLasius01,TACTTMPLasius01 hirsutus
Formicidae,TACTTMPLasius01,TACTTMPLasius01 longiceps
Formicidae,TACTTMPLasius01,TACTTMPLasius01 mixtus
Formicidae,TACTTMPLasius01,TACTTMPLasius01 nitidigaster
Formicidae,TACTTMPLasius01,TACTTMPLasius01 plumopilosus
Formicidae,TACTTMPLasius01,TACTTMPLasius01 sitiens
Formicidae,TACTTMPLasius01,TACTTMPLasius01 subumbratus
Formicidae,TACTTMPLasius02,TACTTMPLasius02 balearicus
Formicidae,TACTTMPLasius02,TACTTMPLasius02 orientalis
Formicidae,TACTTMPLasius02,TACTTMPLasius02 sabularum
Formicidae,TACTTMPLasius02,TACTTMPLasius02 vostochni
Formicidae,TACTTMPLasius03,TACTTMPLasius03 claviger
Formicidae,TACTTMPLasius03,TACTTMPLasius03 creightoni
Formicidae,TACTTMPLasius03,TACTTMPLasius03 creticus
Formicidae,TACTTMPLasius03,TACTTMPLasius03 emeryi
Formicidae,TACTTMPLasius03,TACTTMPLasius03 magnus
Formicidae,TACTTMPLasius03,TACTTMPLasius03 schulzi
Formicidae,TACTTMPLasius03,TACTTMPLasius03 talpa
Formicidae,TACTTMPLasius04,TACTTMPLasius04 colei
Formicidae,TACTTMPLasius04,TACTTMPLasius04 kabaki
Formicidae,TACTTMPLasius04,TACTTMPLasius04 kritikos
Formicidae,TACTTMPLasius04,TACTTMPLasius04 latipes
Formicidae,TACTTMPLasius04,TACTTMPLasius04 longipalpus
Formicidae,TACTTMPLasius04,TACTTMPLasius04 mixtoumbratus
Formicidae,TACTTMPLasius04,TACTTMPLasius04 morisitai
Formicidae,TACTTMPLasius04,TACTTMPLasius04 occidentalis
Formicidae,TACTTMPLasius04,TACTTMPLasius04 piliferus
Formicidae,TACTTMPLasius04,TACTTMPLasius04 ponderosae
Formicidae,TACTTMPLasius04,TACTTMPLasius04 vestitus
Formicidae,TACTTMPLasius05,TACTTMPLasius05 californicus
Formicidae,TACTTMPLasius05,TACTTMPLasius05 productus
Formicidae,TACTTMPLasius05,TACTTMPLasius05 reginae
Formicidae,TACTTMPLasius05,TACTTMPLasius05 sichuense
Formicidae,TACTTMPLasius06,TACTTMPLasius06 bicornis
Formicidae,TACTTMPLasius06,TACTTMPLasius06 carniolicus
Formicidae,TACTTMPLasius06,TACTTMPLasius06 excavatus
Formicidae,TACTTMPLasius06,TACTTMPLasius06 monticola
Formicidae,TACTTMPLasius06,TACTTMPLasius06 rubiginosa
Formicidae,TACTTMPLasius07,TACTTMPLasius07 longicirrus
Formicidae,TACTTMPLasius07,TACTTMPLasius07 pallitarsis
Formicidae,TACTTMPLasius08,TACTTMPLasius08 atopus
Formicidae,TACTTMPLasius08,TACTTMPLasius08 nigerrimus
Formicidae,TACTTMPLasius08,TACTTMPLasius08 pubescens
Formicidae,TACTTMPLasius08,TACTTMPLasius08 ruficornis
Formicidae,TACTTMPLasius08,TACTTMPLasius08 xerophilus
Formicidae,TACTTMPLasius09,TACTTMPLasius09 chinensis
Formicidae,TACTTMPLasius09,TACTTMPLasius09 himalayanus
Formicidae,TACTTMPLasius09,TACTTMPLasius09 jensi
Formicidae,TACTTMPLasius09,TACTTMPLasius09 mikir
Formicidae,TACTTMPLasius09,TACTTMPLasius09 myops
Formicidae,TACTTMPLasius09,TACTTMPLasius09 pogonogynus
Formicidae,TACTTMPLasius10,TACTTMPLasius10 capitatus
Formicidae,TACTTMPLasius10,TACTTMPLasius10 flavus
Formicidae,TACTTMPLasius10,TACTTMPLasius10 karpinisi
Formicidae,TACTTMPLasius11,TACTTMPLasius11 alienoniger
Formicidae,TACTTMPLasius11,TACTTMPLasius11 brevicornis
Formicidae,TACTTMPLasius11,TACTTMPLasius11 coloratus
Formicidae,TACTTMPLasius11,TACTTMPLasius11 mexicanus
Formicidae,TACTTMPLasius11,TACTTMPLasius11 tebessae
Formicidae,TACTTMPLasius12,TACTTMPLasius12 bombycinus
Formicidae,TACTTMPLasius12,TACTTMPLasius12 crypticus
Formicidae,TACTTMPLasius12,TACTTMPLasius12 japonicus
Formicidae,TACTTMPLasius12,TACTTMPLasius12 precursor
Formicidae,TACTTMPLasius12,TACTTMPLasius12 sonobei
Formicidae,TACTTMPLasius13,TACTTMPLasius13 citrinus
Formicidae,TACTTMPLasius13,TACTTMPLasius13 draco
Formicidae,TACTTMPLasius13,TACTTMPLasius13 nearcticus
Formicidae,TACTTMPLasius13,TACTTMPLasius13 paralienus
Formicidae,TACTTMPLasius13,TACTTMPLasius13 schaeferi
Formicidae,TACTTMPLasius13,TACTTMPLasius13 wittmeri
Formicidae,TACTTMPLasius14,TACTTMPLasius14 buccatus
Formicidae,TACTTMPLasius14,TACTTMPLasius14 fallax
Formicidae,TACTTMPLasius14,TACTTMPLasius14 fuji
Formicidae,TACTTMPLasius14,TACTTMPLasius14 lasioides
Formicidae,TACTTMPLasius14,TACTTMPLasius14 meridionalis
Formicidae,TACTTMPLasius14,TACTTMPLasius14 tapinomoides
Formicidae,TACTTMPLasius14,TACTTMPLasius14 uzbeki
Formicidae,TACTTMPLasius15,TACTTMPLasius15 brunneus
Formicidae,TACTTMPLasius15,TACTTMPLasius15 frequens
Formicidae,TACTTMPLasius15,TACTTMPLasius15 nipponensis
Formicidae,TACTTMPLasius15,TACTTMPLasius15 pallescens
Formicidae,TACTTMPLasius15,TACTTMPLasius15 silvaticus
Formicidae,TACTTMPLasius15,TACTTMPLasius15 transylvanicus
Formicidae,TACTTMPLasius15,TACTTMPLasius15 tunisius
Formicidae,TACTTMPLasius16,TACTTMPLasius16 bureni
Formicidae,TACTTMPLasius16,TACTTMPLasius16 neglectus
Formicidae,TACTTMPLasius16,TACTTMPLasius16 obscuratus
Formicidae,TACTTMPLasius16,TACTTMPLasius16 subglaber
Formicidae,TACTTMPLasius16,TACTTMPLasius16 turcicus
Formicidae,TACTTMPLasius16,TACTTMPLasius16 umbratus
Formicidae,TACTTMPLasius17,TACTTMPLasius17 elevatus
Formicidae,TACTTMPLasius17,TACTTMPLasius17 hayashi
Formicidae,TACTTMPLasius17,TACTTMPLasius17 illyricus
Formicidae,TACTTMPLasius17,TACTTMPLasius17 mauretanicus
Formicidae,TACTTMPLasius17,TACTTMPLasius17 niger
Formicidae,TACTTMPLasius17,TACTTMPLasius17 przewalskii
Formicidae,TACTTMPLasius18,TACTTMPLasius18 americanus
Formicidae,TACTTMPLasius18,TACTTMPLasius18 interjectus
Formicidae,TACTTMPLasius18,TACTTMPLasius18 minimus
Formicidae,TACTTMPLasius19,TACTTMPLasius19 hikosanus
Formicidae,TACTTMPLasius19,TACTTMPLasius19 humilis
Formicidae,TACTTMPLasius19,TACTTMPLasius19 nevadensis
Formicidae,TACTTMPLasius19,TACTTMPLasius19 pannonicus
Formicidae,TACTTMPLasius19,TACTTMPLasius19 psammophilus
Formicidae,TACTTMPLasius20,TACTTMPLasius20 brevipalpus
Formicidae,TACTTMPLasius20,TACTTMPLasius20 flavescens
Formicidae,TACTTMPLasius20,TACTTMPLasius20 platythorax
Formicidae,TACTTMPLasius20,TACTTMPLasius20 tibialis
Formicidae,TACTTMPLasius21,TACTTMPLasius21 arizonicus
Formicidae,TACTTMPLasius21,TACTTMPLasius21 emarginatus
Formicidae,TACTTMPLasius21,TACTTMPLasius21 exulans
Formicidae,TACTTMPLasius21,TACTTMPLasius21 lawarai
Formicidae,TACTTMPLasius21,TACTTMPLasius21 nigrescens
Formicidae,TACTTMPLasius21,TACTTMPLasius21 rabaudi
Formicidae,TACTTMPLasius22,TACTTMPLasius22 alienus
Formicidae,TACTTMPLasius22,TACTTMPLasius22 austriacus
Formicidae,TACTTMPLasius22,TACTTMPLasius22 koreanus
Formicidae,TACTTMPLasius23,TACTTMPLasius23 casevitzi
Formicidae,TACTTMPLasius23,TACTTMPLasius23 coloradensis
Formicidae,TACTTMPLasius23,TACTTMPLasius23 cyperus
Formicidae,TACTTMPLasius23,TACTTMPLasius23 grandis
Formicidae,TACTTMPLasius23,TACTTMPLasius23 sakagamii
Formicidae,TACTTMPLasius23,TACTTMPLasius23 speculiventris
Formicidae,TACTTMPLasius24,TACTTMPLasius24 aphidicola
Formicidae,TACTTMPLasius24,TACTTMPLasius24 cinereus
Formicidae,TACTTMPLasius24,TACTTMPLasius24 maltaeus
Formicidae,TACTTMPLasius24,TACTTMPLasius24 minutus
Formicidae,TACTTMPLasius25,TACTTMPLasius25 murphyi
Formicidae,TACTTMPLasius25,TACTTMPLasius25 persicus
Formicidae,TACTTMPLasius25,TACTTMPLasius25 spathepus
Formicidae,TACTTMPLasius26,TACTTMPLasius26 balcanicus
Formicidae,TACTTMPLasius26,TACTTMPLasius26 distinguendus
Formicidae,TACTTMPLasius26,TACTTMPLasius26 fuliginosus
Formicidae,TACTTMPLasius26,TACTTMPLasius26 israelicus
Formicidae,TACTTMPLasius26,TACTTMPLasius26 nitidus
Formicidae,TACTTMPLasius27,TACTTMPLasius27 alienoflavus
Formicidae,TACTTMPLasius27,TACTTMPLasius27 crinitus
Formicidae,TACTTMPLasius27,TACTTMPLasius27 flavoniger
Formicidae,TACTTMPLasius27,TACTTMPLasius27 neoniger
Formicidae,TACTTMPLasius27,TACTTMPLasius27 viehmeyeri
Formicidae,TACTTMPLeptothorax01,TACTTMPLeptothorax01 crassipilis
Formicidae,TACTTMPLeptothorax01,TACTTMPLeptothorax01 goesswaldi
Formicidae,TACTTMPLeptothorax01,TACTTMPLeptothorax01 muscorum
Formicidae,TACTTMPLeptothorax01,TACTTMPLeptothorax01 pacis
Formicidae,TACTTMPLeptothorax01,TACTTMPLeptothorax01 sphagnicola
Formicidae,TACTTMPLeptothorax02,TACTTMPLeptothorax02 athabasca
Formicidae,TACTTMPLeptothorax02,TACTTMPLeptothorax02 buschingeri
Formicidae,TACTTMPLeptothorax02,TACTTMPLeptothorax02 gredleri
Formicidae,TACTTMPLeptothorax02,TACTTMPLeptothorax02 oceanicus
Formicidae,TACTTMPLeptothorax02,TACTTMPLeptothorax02 pocahontas
Formicidae,TACTTMPLeptothorax03,TACTTMPLeptothorax03 acervorum
Formicidae,TACTTMPLeptothorax03,TACTTMPLeptothorax03 calderoni
Formicidae,TACTTMPLeptothorax03,TACTTMPLeptothorax03 canadensis
Formicidae,TACTTMPLeptothorax03,TACTTMPLeptothorax03 faberi
Formicidae,TACTTMPLeptothorax03,TACTTMPLeptothorax03 kutteri
Formicidae,TACTTMPLeptothorax03,TACTTMPLeptothorax03 paraxenus
Formicidae,TACTTMPLeptothorax03,TACTTMPLeptothorax03 retractus
Formicidae,TACTTMPLeptothorax03,TACTTMPLeptothorax03 scamni
Formicidae,TACTTMPLeptothorax03,TACTTMPLeptothorax03 tibeticum
Formicidae,TACTTMPLeptothorax03,TACTTMPLeptothorax03 wilsoni
Formicidae,TACTTMPLordomyrma01,TACTTMPLordomyrma01 nima
Formicidae,TACTTMPLordomyrma01,TACTTMPLordomyrma01 polita
Formicidae,TACTTMPLordomyrma01,TACTTMPLordomyrma01 reticulata
Formicidae,TACTTMPLordomyrma02,TACTTMPLordomyrma02 azumai
Formicidae,TACTTMPLordomyrma02,TACTTMPLordomyrma02 furcifera
Formicidae,TACTTMPLordomyrma02,TACTTMPLordomyrma02 idianale
Formicidae,TACTTMPLordomyrma02,TACTTMPLordomyrma02 nigra
Formicidae,TACTTMPLordomyrma03,TACTTMPLordomyrma03 infundibuli
Formicidae,TACTTMPLordomyrma03,TACTTMPLordomyrma03 rugosa
Formicidae,TACTTMPLordomyrma03,TACTTMPLordomyrma03 taylori
Formicidae,TACTTMPLordomyrma04,TACTTMPLordomyrma04 caledonica
Formicidae,TACTTMPLordomyrma04,TACTTMPLordomyrma04 curvata
Formicidae,TACTTMPLordomyrma04,TACTTMPLordomyrma04 leae
Formicidae,TACTTMPLordomyrma05,TACTTMPLordomyrma05 acuminata
Formicidae,TACTTMPLordomyrma05,TACTTMPLordomyrma05 lakshmi
Formicidae,TACTTMPLordomyrma05,TACTTMPLordomyrma05 mewasinghi
Formicidae,TACTTMPLordomyrma05,TACTTMPLordomyrma05 stoneri
Formicidae,TACTTMPLordomyrma06,TACTTMPLordomyrma06 desupra
Formicidae,TACTTMPLordomyrma06,TACTTMPLordomyrma06 emarginata
Formicidae,TACTTMPLordomyrma06,TACTTMPLordomyrma06 levifrons
Formicidae,TACTTMPLordomyrma07,TACTTMPLordomyrma07 punctiventris
Formicidae,TACTTMPLordomyrma07,TACTTMPLordomyrma07 rouxi
Formicidae,TACTTMPLordomyrma07,TACTTMPLordomyrma07 vuda
Formicidae,TACTTMPLordomyrma08,TACTTMPLordomyrma08 sarasini
Formicidae,TACTTMPLordomyrma08,TACTTMPLordomyrma08 striatella
Formicidae,TACTTMPLordomyrma09,TACTTMPLordomyrma09 crawleyi
Formicidae,TACTTMPLordomyrma09,TACTTMPLordomyrma09 jingpo
Formicidae,TACTTMPLordomyrma09,TACTTMPLordomyrma09 vanua
Formicidae,TACTTMPLordomyrma10,TACTTMPLordomyrma10 bhutanensis
Formicidae,TACTTMPLordomyrma10,TACTTMPLordomyrma10 tortuosa
Formicidae,TACTTMPLordomyrma11,TACTTMPLordomyrma11 cryptocera
Formicidae,TACTTMPLordomyrma11,TACTTMPLordomyrma11 diwata
Formicidae,TACTTMPLordomyrma11,TACTTMPLordomyrma11 epinotalis
Formicidae,TACTTMPLordomyrma11,TACTTMPLordomyrma11 hmong
Formicidae,TACTTMPLordomyrma11,TACTTMPLordomyrma11 limatula
Formicidae,TACTTMPLordomyrma11,TACTTMPLordomyrma11 sukuna
Formicidae,TACTTMPStigmatomma01,TACTTMPStigmatomma01 emeryi
Formicidae,TACTTMPStigmatomma01,TACTTMPStigmatomma01 tsyhady
Formicidae,TACTTMPStigmatomma01,TACTTMPStigmatomma01 zoma
Formicidae,TACTTMPStigmatomma02,TACTTMPStigmatomma02 draconis
Formicidae,TACTTMPStigmatomma02,TACTTMPStigmatomma02 magnum
Formicidae,TACTTMPStigmatomma02,TACTTMPStigmatomma02 roahady
Formicidae,TACTTMPStigmatomma03,TACTTMPStigmatomma03 besucheti
Formicidae,TACTTMPStigmatomma03,TACTTMPStigmatomma03 crypticum
Formicidae,TACTTMPStigmatomma03,TACTTMPStigmatomma03 irayhady
Formicidae,TACTTMPStigmatomma03,TACTTMPStigmatomma03 meilianum
Formicidae,TACTTMPStigmatomma03,TACTTMPStigmatomma03 normandi
Formicidae,TACTTMPStigmatomma04,TACTTMPStigmatomma04 impressifrons
Formicidae,TACTTMPStigmatomma04,TACTTMPStigmatomma04 liebe
Formicidae,TACTTMPStigmatomma04,TACTTMPStigmatomma04 luzonicum
Formicidae,TACTTMPStigmatomma04,TACTTMPStigmatomma04 minutum
Formicidae,TACTTMPStigmatomma04,TACTTMPStigmatomma04 pagei
Formicidae,TACTTMPStigmatomma04,TACTTMPStigmatomma04 quadratum
Formicidae,TACTTMPStigmatomma04,TACTTMPStigmatomma04 testaceum
Formicidae,TACTTMPStigmatomma05,TACTTMPStigmatomma05 amblyops
Formicidae,TACTTMPStigmatomma05,TACTTMPStigmatomma05 crenatum
Formicidae,TACTTMPStigmatomma05,TACTTMPStigmatomma05 pluto
Formicidae,TACTTMPStigmatomma05,TACTTMPStigmatomma05 rothneyi
Formicidae,TACTTMPStigmatomma05,TACTTMPStigmatomma05 sakalava
Formicidae,TACTTMPStigmatomma05,TACTTMPStigmatomma05 trigonignathum
Formicidae,TACTTMPStigmatomma06,TACTTMPStigmatomma06 janovitsika
Formicidae,TACTTMPStigmatomma06,TACTTMPStigmatomma06 luyiae
Formicidae,TACTTMPStigmatomma06,TACTTMPStigmatomma06 rubiginoum
Formicidae,TACTTMPStigmatomma06,TACTTMPStigmatomma06 santschii
Formicidae,TACTTMPStigmatomma06,TACTTMPStigmatomma06 trilobum
Formicidae,TACTTMPStigmatomma07,TACTTMPStigmatomma07 fulvidum
Formicidae,TACTTMPStigmatomma07,TACTTMPStigmatomma07 silvestrii
Formicidae,TACTTMPStigmatomma08,TACTTMPStigmatomma08 bellii
Formicidae,TACTTMPStigmatomma08,TACTTMPStigmatomma08 bruni
Formicidae,TACTTMPStigmatomma08,TACTTMPStigmatomma08 eminia
Formicidae,TACTTMPStigmatomma08,TACTTMPStigmatomma08 gaetulicum
Formicidae,TACTTMPStigmatomma09,TACTTMPStigmatomma09 boltoni
Formicidae,TACTTMPStigmatomma09,TACTTMPStigmatomma09 mulanae
Formicidae,TACTTMPStigmatomma09,TACTTMPStigmatomma09 sakaii
Formicidae,TACTTMPStigmatomma10,TACTTMPStigmatomma10 annae
Formicidae,TACTTMPStigmatomma10,TACTTMPStigmatomma10 ophthalmicum
Formicidae,TACTTMPStigmatomma10,TACTTMPStigmatomma10 xui
Formicidae,TACTTMPStigmatomma10,TACTTMPStigmatomma10 zwaluwenburgi
Formicidae,TACTTMPStigmatomma11,TACTTMPStigmatomma11 scrobiceps
Formicidae,TACTTMPStigmatomma12,TACTTMPStigmatomma12 denticulatum
Formicidae,TACTTMPStigmatomma12,TACTTMPStigmatomma12 kangba
Formicidae,TACTTMPStigmatomma12,TACTTMPStigmatomma12 reclinatum
Formicidae,TACTTMPStigmatomma13,TACTTMPStigmatomma13 awa
Formicidae,TACTTMPStigmatomma13,TACTTMPStigmatomma13 feae
Formicidae,TACTTMPStigmatomma13,TACTTMPStigmatomma13 noonadan
Formicidae,TACTTMPStigmatomma13,TACTTMPStigmatomma13 pallipes
Formicidae,TACTTMPStigmatomma13,TACTTMPStigmatomma13 zaojun
Formicidae,TACTTMPStigmatomma14,TACTTMPStigmatomma14 bolabola
Formicidae,TACTTMPStigmatomma14,TACTTMPStigmatomma14 caliginosum
Formicidae,TACTTMPStigmatomma14,TACTTMPStigmatomma14 octodentatum
Formicidae,TACTTMPStigmatomma14,TACTTMPStigmatomma14 oregonense
Formicidae,TACTTMPStigmatomma14,TACTTMPStigmatomma14 pertinax
Formicidae,TACTTMPTetramorium01,TACTTMPTetramorium01 bequaerti
Formicidae,TACTTMPTetramorium01,TACTTMPTetramorium01 brigitteae
Formicidae,TACTTMPTetramorium01,TACTTMPTetramorium01 calinum
Formicidae,TACTTMPTetramorium01,TACTTMPTetramorium01 lerouxi
Formicidae,TACTTMPTetramorium01,TACTTMPTetramorium01 scytalum
Formicidae,TACTTMPTetramorium01,TACTTMPTetramorium01 setigerum
Formicidae,TACTTMPTetramorium02,TACTTMPTetramorium02 altivagans
Formicidae,TACTTMPTetramorium02,TACTTMPTetramorium02 berbiculum
Formicidae,TACTTMPTetramorium02,TACTTMPTetramorium02 lanuginosum
Formicidae,TACTTMPTetramorium02,TACTTMPTetramorium02 longoi
Formicidae,TACTTMPTetramorium02,TACTTMPTetramorium02 peutli
Formicidae,TACTTMPTetramorium02,TACTTMPTetramorium02 surrogatum
Formicidae,TACTTMPTetramorium02,TACTTMPTetramorium02 yerburyi
Formicidae,TACTTMPTetramorium03,TACTTMPTetramorium03 bicolorum
Formicidae,TACTTMPTetramorium03,TACTTMPTetramorium03 matopoense
Formicidae,TACTTMPTetramorium03,TACTTMPTetramorium03 pacificum
Formicidae,TACTTMPTetramorium03,TACTTMPTetramorium03 pauper
Formicidae,TACTTMPTetramorium03,TACTTMPTetramorium03 schneideri
Formicidae,TACTTMPTetramorium03,TACTTMPTetramorium03 splendidior
Formicidae,TACTTMPTetramorium03,TACTTMPTetramorium03 venator
Formicidae,TACTTMPTetramorium04,TACTTMPTetramorium04 binghami
Formicidae,TACTTMPTetramorium04,TACTTMPTetramorium04 mixtum
Formicidae,TACTTMPTetramorium04,TACTTMPTetramorium04 renae
Formicidae,TACTTMPTetramorium04,TACTTMPTetramorium04 validiusculum
Formicidae,TACTTMPTetramorium04,TACTTMPTetramorium04 zypidum
Formicidae,TACTTMPTetramorium05,TACTTMPTetramorium05 africanum
Formicidae,TACTTMPTetramorium05,TACTTMPTetramorium05 obtusidens
Formicidae,TACTTMPTetramorium05,TACTTMPTetramorium05 taylori
Formicidae,TACTTMPTetramorium05,TACTTMPTetramorium05 traegaordhi
Formicidae,TACTTMPTetramorium05,TACTTMPTetramorium05 urbanii
Formicidae,TACTTMPTetramorium06,TACTTMPTetramorium06 barbigerum
Formicidae,TACTTMPTetramorium06,TACTTMPTetramorium06 praetextum
Formicidae,TACTTMPTetramorium06,TACTTMPTetramorium06 schmidti
Formicidae,TACTTMPTetramorium06,TACTTMPTetramorium06 sericeiventre
Formicidae,TACTTMPTetramorium07,TACTTMPTetramorium07 azcatltontlium
Formicidae,TACTTMPTetramorium07,TACTTMPTetramorium07 capitale
Formicidae,TACTTMPTetramorium07,TACTTMPTetramorium07 glabratum
Formicidae,TACTTMPTetramorium07,TACTTMPTetramorium07 khnum
Formicidae,TACTTMPTetramorium07,TACTTMPTetramorium07 mahafaly
Formicidae,TACTTMPTetramorium07,TACTTMPTetramorium07 opacum
Formicidae,TACTTMPTetramorium07,TACTTMPTetramorium07 orientale
Formicidae,TACTTMPTetramorium08,TACTTMPTetramorium08 indosinense
Formicidae,TACTTMPTetramorium08,TACTTMPTetramorium08 parasiticum
Formicidae,TACTTMPTetramorium08,TACTTMPTetramorium08 quadridentatum
Formicidae,TACTTMPTetramorium08,TACTTMPTetramorium08 tosii
Formicidae,TACTTMPTetramorium08,TACTTMPTetramorium08 tyrion
Formicidae,TACTTMPTetramorium08,TACTTMPTetramorium08 yarthiellum
Formicidae,TACTTMPTetramorium08,TACTTMPTetramorium08 yulongense
Formicidae,TACTTMPTetramorium09,TACTTMPTetramorium09 meressei
Formicidae,TACTTMPTetramorium09,TACTTMPTetramorium09 microps
Formicidae,TACTTMPTetramorium09,TACTTMPTetramorium09 saudiae
Formicidae,TACTTMPTetramorium09,TACTTMPTetramorium09 tabarum
Formicidae,TACTTMPTetramorium09,TACTTMPTetramorium09 tantillum
Formicidae,TACTTMPTetramorium09,TACTTMPTetramorium09 tricarinatum
Formicidae,TACTTMPTetramorium10,TACTTMPTetramorium10 caldarium
Formicidae,TACTTMPTetramorium10,TACTTMPTetramorium10 obesum
Formicidae,TACTTMPTetramorium10,TACTTMPTetramorium10 pialtum
Formicidae,TACTTMPTetramorium10,TACTTMPTetramorium10 striolatum
Formicidae,TACTTMPTetramorium10,TACTTMPTetramorium10 transversarium
Formicidae,TACTTMPTetramorium100,TACTTMPTetramorium100 aspina
Formicidae,TACTTMPTetramorium100,TACTTMPTetramorium100 gollum
Formicidae,TACTTMPTetramorium100,TACTTMPTetramorium100 vexator
Formicidae,TACTTMPTetramorium101,TACTTMPTetramorium101 bressleri
Formicidae,TACTTMPTetramorium101,TACTTMPTetramorium101 kestrum
Formicidae,TACTTMPTetramorium101,TACTTMPTetramorium101 mayri
Formicidae,TACTTMPTetramorium101,TACTTMPTetramorium101 mutatum
Formicidae,TACTTMPTetramorium102,TACTTMPTetramorium102 aptum
Formicidae,TACTTMPTetramorium102,TACTTMPTetramorium102 avaratra
Formicidae,TACTTMPTetramorium102,TACTTMPTetramorium102 ericae
Formicidae,TACTTMPTetramorium102,TACTTMPTetramorium102 muscorum
Formicidae,TACTTMPTetramorium102,TACTTMPTetramorium102 solomonense
Formicidae,TACTTMPTetramorium102,TACTTMPTetramorium102 triangulatum
Formicidae,TACTTMPTetramorium103,TACTTMPTetramorium103 asetyum
Formicidae,TACTTMPTetramorium103,TACTTMPTetramorium103 gracile
Formicidae,TACTTMPTetramorium103,TACTTMPTetramorium103 jizani
Formicidae,TACTTMPTetramorium103,TACTTMPTetramorium103 lucyae
Formicidae,TACTTMPTetramorium103,TACTTMPTetramorium103 maurum
Formicidae,TACTTMPTetramorium103,TACTTMPTetramorium103 rimytyum
Formicidae,TACTTMPTetramorium103,TACTTMPTetramorium103 salwae
Formicidae,TACTTMPTetramorium103,TACTTMPTetramorium103 sepositum
Formicidae,TACTTMPTetramorium103,TACTTMPTetramorium103 spinosum
Formicidae,TACTTMPTetramorium104,TACTTMPTetramorium104 agile
Formicidae,TACTTMPTetramorium104,TACTTMPTetramorium104 boltoni
Formicidae,TACTTMPTetramorium104,TACTTMPTetramorium104 convexum
Formicidae,TACTTMPTetramorium104,TACTTMPTetramorium104 dumezi
Formicidae,TACTTMPTetramorium104,TACTTMPTetramorium104 hispidum
Formicidae,TACTTMPTetramorium104,TACTTMPTetramorium104 kieti
Formicidae,TACTTMPTetramorium104,TACTTMPTetramorium104 nodiferum
Formicidae,TACTTMPTetramorium104,TACTTMPTetramorium104 rhodium
Formicidae,TACTTMPTetramorium104,TACTTMPTetramorium104 rossi
Formicidae,TACTTMPTetramorium105,TACTTMPTetramorium105 bicarinatum
Formicidae,TACTTMPTetramorium105,TACTTMPTetramorium105 nursei
Formicidae,TACTTMPTetramorium105,TACTTMPTetramorium105 petiolatum
Formicidae,TACTTMPTetramorium105,TACTTMPTetramorium105 pulchellum
Formicidae,TACTTMPTetramorium105,TACTTMPTetramorium105 pullulum
Formicidae,TACTTMPTetramorium106,TACTTMPTetramorium106 goniommoide
Formicidae,TACTTMPTetramorium106,TACTTMPTetramorium106 humbloti
Formicidae,TACTTMPTetramorium106,TACTTMPTetramorium106 keralense
Formicidae,TACTTMPTetramorium106,TACTTMPTetramorium106 legone
Formicidae,TACTTMPTetramorium106,TACTTMPTetramorium106 schultzei
Formicidae,TACTTMPTetramorium106,TACTTMPTetramorium106 somniculosum
Formicidae,TACTTMPTetramorium107,TACTTMPTetramorium107 delagoense
Formicidae,TACTTMPTetramorium107,TACTTMPTetramorium107 dunhuangense
Formicidae,TACTTMPTetramorium107,TACTTMPTetramorium107 karthala
Formicidae,TACTTMPTetramorium107,TACTTMPTetramorium107 meghalayense
Formicidae,TACTTMPTetramorium107,TACTTMPTetramorium107 sentosum
Formicidae,TACTTMPTetramorium107,TACTTMPTetramorium107 solidum
Formicidae,TACTTMPTetramorium108,TACTTMPTetramorium108 amissum
Formicidae,TACTTMPTetramorium108,TACTTMPTetramorium108 anodontion
Formicidae,TACTTMPTetramorium108,TACTTMPTetramorium108 fusciclava
Formicidae,TACTTMPTetramorium108,TACTTMPTetramorium108 jauresi
Formicidae,TACTTMPTetramorium108,TACTTMPTetramorium108 latreillei
Formicidae,TACTTMPTetramorium108,TACTTMPTetramorium108 ornatum
Formicidae,TACTTMPTetramorium109,TACTTMPTetramorium109 drunex
Formicidae,TACTTMPTetramorium109,TACTTMPTetramorium109 jejunum
Formicidae,TACTTMPTetramorium109,TACTTMPTetramorium109 simillimum
Formicidae,TACTTMPTetramorium11,TACTTMPTetramorium11 flaviceps
Formicidae,TACTTMPTetramorium11,TACTTMPTetramorium11 impurum
Formicidae,TACTTMPTetramorium11,TACTTMPTetramorium11 jordani
Formicidae,TACTTMPTetramorium11,TACTTMPTetramorium11 krishnani
Formicidae,TACTTMPTetramorium110,TACTTMPTetramorium110 punctatum
Formicidae,TACTTMPTetramorium110,TACTTMPTetramorium110 shivalikense
Formicidae,TACTTMPTetramorium110,TACTTMPTetramorium110 transversinode
Formicidae,TACTTMPTetramorium111,TACTTMPTetramorium111 brevispinosum
Formicidae,TACTTMPTetramorium111,TACTTMPTetramorium111 cavernicola
Formicidae,TACTTMPTetramorium111,TACTTMPTetramorium111 sibiricum
Formicidae,TACTTMPTetramorium12,TACTTMPTetramorium12 alternans
Formicidae,TACTTMPTetramorium12,TACTTMPTetramorium12 arzi
Formicidae,TACTTMPTetramorium12,TACTTMPTetramorium12 caespitum
Formicidae,TACTTMPTetramorium12,TACTTMPTetramorium12 flavipes
Formicidae,TACTTMPTetramorium12,TACTTMPTetramorium12 malabarense
Formicidae,TACTTMPTetramorium12,TACTTMPTetramorium12 rubrum
Formicidae,TACTTMPTetramorium12,TACTTMPTetramorium12 scabrum
Formicidae,TACTTMPTetramorium12,TACTTMPTetramorium12 splendens
Formicidae,TACTTMPTetramorium12,TACTTMPTetramorium12 wagneri
Formicidae,TACTTMPTetramorium13,TACTTMPTetramorium13 arnoldi
Formicidae,TACTTMPTetramorium13,TACTTMPTetramorium13 coonoorense
Formicidae,TACTTMPTetramorium13,TACTTMPTetramorium13 desertorum
Formicidae,TACTTMPTetramorium13,TACTTMPTetramorium13 emeryi
Formicidae,TACTTMPTetramorium13,TACTTMPTetramorium13 immigrans
Formicidae,TACTTMPTetramorium14,TACTTMPTetramorium14 atratulum
Formicidae,TACTTMPTetramorium14,TACTTMPTetramorium14 diomedeum
Formicidae,TACTTMPTetramorium15,TACTTMPTetramorium15 bessonii
Formicidae,TACTTMPTetramorium15,TACTTMPTetramorium15 galoasanum
Formicidae,TACTTMPTetramorium15,TACTTMPTetramorium15 geminatum
Formicidae,TACTTMPTetramorium15,TACTTMPTetramorium15 reticuligerum
Formicidae,TACTTMPTetramorium15,TACTTMPTetramorium15 semilaeve
Formicidae,TACTTMPTetramorium15,TACTTMPTetramorium15 sigillum
Formicidae,TACTTMPTetramorium15,TACTTMPTetramorium15 undatium
Formicidae,TACTTMPTetramorium15,TACTTMPTetramorium15 viehmeyeri
Formicidae,TACTTMPTetramorium15,TACTTMPTetramorium15 weitzeckeri
Formicidae,TACTTMPTetramorium16,TACTTMPTetramorium16 adelphon
Formicidae,TACTTMPTetramorium16,TACTTMPTetramorium16 artemis
Formicidae,TACTTMPTetramorium16,TACTTMPTetramorium16 flavithorax
Formicidae,TACTTMPTetramorium16,TACTTMPTetramorium16 galaticum
Formicidae,TACTTMPTetramorium16,TACTTMPTetramorium16 laevithorax
Formicidae,TACTTMPTetramorium16,TACTTMPTetramorium16 meshena
Formicidae,TACTTMPTetramorium16,TACTTMPTetramorium16 shilohense
Formicidae,TACTTMPTetramorium17,TACTTMPTetramorium17 armatum
Formicidae,TACTTMPTetramorium17,TACTTMPTetramorium17 infraspinum
Formicidae,TACTTMPTetramorium17,TACTTMPTetramorium17 longicorne
Formicidae,TACTTMPTetramorium17,TACTTMPTetramorium17 muralti
Formicidae,TACTTMPTetramorium17,TACTTMPTetramorium17 pisarskii
Formicidae,TACTTMPTetramorium17,TACTTMPTetramorium17 sinensis
Formicidae,TACTTMPTetramorium17,TACTTMPTetramorium17 wardi
Formicidae,TACTTMPTetramorium17,TACTTMPTetramorium17 wroughtonii
Formicidae,TACTTMPTetramorium18,TACTTMPTetramorium18 curvispinosum
Formicidae,TACTTMPTetramorium18,TACTTMPTetramorium18 latinode
Formicidae,TACTTMPTetramorium18,TACTTMPTetramorium18 mossamedense
Formicidae,TACTTMPTetramorium18,TACTTMPTetramorium18 ryanphelanae
Formicidae,TACTTMPTetramorium19,TACTTMPTetramorium19 malagasy
Formicidae,TACTTMPTetramorium19,TACTTMPTetramorium19 nautarum
Formicidae,TACTTMPTetramorium19,TACTTMPTetramorium19 nitidissimum
Formicidae,TACTTMPTetramorium19,TACTTMPTetramorium19 sjostedti
Formicidae,TACTTMPTetramorium20,TACTTMPTetramorium20 chloe
Formicidae,TACTTMPTetramorium20,TACTTMPTetramorium20 plesiarum
Formicidae,TACTTMPTetramorium20,TACTTMPTetramorium20 rothschildi
Formicidae,TACTTMPTetramorium21,TACTTMPTetramorium21 andrynicum
Formicidae,TACTTMPTetramorium21,TACTTMPTetramorium21 pleganon
Formicidae,TACTTMPTetramorium21,TACTTMPTetramorium21 pnyxis
Formicidae,TACTTMPTetramorium22,TACTTMPTetramorium22 kydelphon
Formicidae,TACTTMPTetramorium22,TACTTMPTetramorium22 mars
Formicidae,TACTTMPTetramorium22,TACTTMPTetramorium22 qualarum
Formicidae,TACTTMPTetramorium22,TACTTMPTetramorium22 ubangense
Formicidae,TACTTMPTetramorium23,TACTTMPTetramorium23 hecate
Formicidae,TACTTMPTetramorium23,TACTTMPTetramorium23 inezulae
Formicidae,TACTTMPTetramorium23,TACTTMPTetramorium23 kelleri
Formicidae,TACTTMPTetramorium23,TACTTMPTetramorium23 manobo
Formicidae,TACTTMPTetramorium23,TACTTMPTetramorium23 myops
Formicidae,TACTTMPTetramorium23,TACTTMPTetramorium23 rotundatum
Formicidae,TACTTMPTetramorium23,TACTTMPTetramorium23 trimeni
Formicidae,TACTTMPTetramorium24,TACTTMPTetramorium24 ankarana
Formicidae,TACTTMPTetramorium24,TACTTMPTetramorium24 argenteopilosum
Formicidae,TACTTMPTetramorium24,TACTTMPTetramorium24 avium
Formicidae,TACTTMPTetramorium24,TACTTMPTetramorium24 bendai
Formicidae,TACTTMPTetramorium24,TACTTMPTetramorium24 bevisi
Formicidae,TACTTMPTetramorium24,TACTTMPTetramorium24 cordatum
Formicidae,TACTTMPTetramorium24,TACTTMPTetramorium24 duncani
Formicidae,TACTTMPTetramorium24,TACTTMPTetramorium24 elisabethae
Formicidae,TACTTMPTetramorium24,TACTTMPTetramorium24 guangxiense
Formicidae,TACTTMPTetramorium24,TACTTMPTetramorium24 tsushimae
Formicidae,TACTTMPTetramorium25,TACTTMPTetramorium25 amaurum
Formicidae,TACTTMPTetramorium25,TACTTMPTetramorium25 brevidentatum
Formicidae,TACTTMPTetramorium25,TACTTMPTetramorium25 ibycterum
Formicidae,TACTTMPTetramorium25,TACTTMPTetramorium25 pusillum
Formicidae,TACTTMPTetramorium25,TACTTMPTetramorium25 shensiense
Formicidae,TACTTMPTetramorium26,TACTTMPTetramorium26 antipodum
Formicidae,TACTTMPTetramorium26,TACTTMPTetramorium26 cuneinode
Formicidae,TACTTMPTetramorium26,TACTTMPTetramorium26 dalek
Formicidae,TACTTMPTetramorium26,TACTTMPTetramorium26 degener
Formicidae,TACTTMPTetramorium26,TACTTMPTetramorium26 exile
Formicidae,TACTTMPTetramorium26,TACTTMPTetramorium26 flavocostatum
Formicidae,TACTTMPTetramorium26,TACTTMPTetramorium26 nefassitense
Formicidae,TACTTMPTetramorium26,TACTTMPTetramorium26 palaense
Formicidae,TACTTMPTetramorium27,TACTTMPTetramorium27 akermani
Formicidae,TACTTMPTetramorium27,TACTTMPTetramorium27 alperti
Formicidae,TACTTMPTetramorium27,TACTTMPTetramorium27 osiris
Formicidae,TACTTMPTetramorium28,TACTTMPTetramorium28 dedefra
Formicidae,TACTTMPTetramorium28,TACTTMPTetramorium28 densopilosum
Formicidae,TACTTMPTetramorium28,TACTTMPTetramorium28 ochrothorax
Formicidae,TACTTMPTetramorium28,TACTTMPTetramorium28 parvispinum
Formicidae,TACTTMPTetramorium28,TACTTMPTetramorium28 ranarum
Formicidae,TACTTMPTetramorium28,TACTTMPTetramorium28 staerckei
Formicidae,TACTTMPTetramorium28,TACTTMPTetramorium28 vertigum
Formicidae,TACTTMPTetramorium29,TACTTMPTetramorium29 beesoni
Formicidae,TACTTMPTetramorium29,TACTTMPTetramorium29 boehmei
Formicidae,TACTTMPTetramorium29,TACTTMPTetramorium29 kraepelini
Formicidae,TACTTMPTetramorium29,TACTTMPTetramorium29 quasirum
Formicidae,TACTTMPTetramorium29,TACTTMPTetramorium29 securis
Formicidae,TACTTMPTetramorium30,TACTTMPTetramorium30 laparum
Formicidae,TACTTMPTetramorium30,TACTTMPTetramorium30 naganum
Formicidae,TACTTMPTetramorium31,TACTTMPTetramorium31 aisha
Formicidae,TACTTMPTetramorium31,TACTTMPTetramorium31 cynicum
Formicidae,TACTTMPTetramorium31,TACTTMPTetramorium31 enkidu
Formicidae,TACTTMPTetramorium31,TACTTMPTetramorium31 persignatum
Formicidae,TACTTMPTetramorium31,TACTTMPTetramorium31 viticola
Formicidae,TACTTMPTetramorium32,TACTTMPTetramorium32 aspersum
Formicidae,TACTTMPTetramorium32,TACTTMPTetramorium32 flinex
Formicidae,TACTTMPTetramorium32,TACTTMPTetramorium32 gilgamesh
Formicidae,TACTTMPTetramorium32,TACTTMPTetramorium32 monardi
Formicidae,TACTTMPTetramorium32,TACTTMPTetramorium32 placidum
Formicidae,TACTTMPTetramorium32,TACTTMPTetramorium32 sabatinellii
Formicidae,TACTTMPTetramorium33,TACTTMPTetramorium33 barryi
Formicidae,TACTTMPTetramorium33,TACTTMPTetramorium33 caritum
Formicidae,TACTTMPTetramorium33,TACTTMPTetramorium33 fezzanense
Formicidae,TACTTMPTetramorium33,TACTTMPTetramorium33 nigrum
Formicidae,TACTTMPTetramorium33,TACTTMPTetramorium33 steinheili
Formicidae,TACTTMPTetramorium34,TACTTMPTetramorium34 ambatovy
Formicidae,TACTTMPTetramorium34,TACTTMPTetramorium34 metactum
Formicidae,TACTTMPTetramorium34,TACTTMPTetramorium34 polymorphum
Formicidae,TACTTMPTetramorium34,TACTTMPTetramorium34 uelense
Formicidae,TACTTMPTetramorium35,TACTTMPTetramorium35 centum
Formicidae,TACTTMPTetramorium35,TACTTMPTetramorium35 forte
Formicidae,TACTTMPTetramorium35,TACTTMPTetramorium35 hippocratis
Formicidae,TACTTMPTetramorium35,TACTTMPTetramorium35 indocile
Formicidae,TACTTMPTetramorium35,TACTTMPTetramorium35 norvigi
Formicidae,TACTTMPTetramorium35,TACTTMPTetramorium35 punicum
Formicidae,TACTTMPTetramorium36,TACTTMPTetramorium36 diomandei
Formicidae,TACTTMPTetramorium36,TACTTMPTetramorium36 epimyrmoide
Formicidae,TACTTMPTetramorium36,TACTTMPTetramorium36 inquilinum
Formicidae,TACTTMPTetramorium36,TACTTMPTetramorium36 mackae
Formicidae,TACTTMPTetramorium36,TACTTMPTetramorium36 tanakai
Formicidae,TACTTMPTetramorium37,TACTTMPTetramorium37 anxium
Formicidae,TACTTMPTetramorium37,TACTTMPTetramorium37 buschingeri
Formicidae,TACTTMPTetramorium37,TACTTMPTetramorium37 cristatum
Formicidae,TACTTMPTetramorium37,TACTTMPTetramorium37 hobbit
Formicidae,TACTTMPTetramorium37,TACTTMPTetramorium37 pylacum
Formicidae,TACTTMPTetramorium38,TACTTMPTetramorium38 fuscipes
Formicidae,TACTTMPTetramorium38,TACTTMPTetramorium38 hirsutum
Formicidae,TACTTMPTetramorium38,TACTTMPTetramorium38 seneb
Formicidae,TACTTMPTetramorium38,TACTTMPTetramorium38 trafo
Formicidae,TACTTMPTetramorium39,TACTTMPTetramorium39 capillosum
Formicidae,TACTTMPTetramorium39,TACTTMPTetramorium39 deceptum
Formicidae,TACTTMPTetramorium39,TACTTMPTetramorium39 etiolatum
Formicidae,TACTTMPTetramorium39,TACTTMPTetramorium39 judas
Formicidae,TACTTMPTetramorium39,TACTTMPTetramorium39 popell
Formicidae,TACTTMPTetramorium39,TACTTMPTetramorium39 rawlinsoni
Formicidae,TACTTMPTetramorium39,TACTTMPTetramorium39 squaminode
Formicidae,TACTTMPTetramorium40,TACTTMPTetramorium40 antrema
Formicidae,TACTTMPTetramorium40,TACTTMPTetramorium40 basum
Formicidae,TACTTMPTetramorium40,TACTTMPTetramorium40 sculptatum
Formicidae,TACTTMPTetramorium40,TACTTMPTetramorium40 subcoecum
Formicidae,TACTTMPTetramorium40,TACTTMPTetramorium40 talpa
Formicidae,TACTTMPTetramorium40,TACTTMPTetramorium40 vohitra
Formicidae,TACTTMPTetramorium41,TACTTMPTetramorium41 confusum
Formicidae,TACTTMPTetramorium41,TACTTMPTetramorium41 doriae
Formicidae,TACTTMPTetramorium41,TACTTMPTetramorium41 platynode
Formicidae,TACTTMPTetramorium41,TACTTMPTetramorium41 robitika
Formicidae,TACTTMPTetramorium42,TACTTMPTetramorium42 intextum
Formicidae,TACTTMPTetramorium42,TACTTMPTetramorium42 mallenseana
Formicidae,TACTTMPTetramorium42,TACTTMPTetramorium42 pelagium
Formicidae,TACTTMPTetramorium42,TACTTMPTetramorium42 sitefrum
Formicidae,TACTTMPTetramorium43,TACTTMPTetramorium43 frenchi
Formicidae,TACTTMPTetramorium43,TACTTMPTetramorium43 inglebyi
Formicidae,TACTTMPTetramorium43,TACTTMPTetramorium43 kisilkumense
Formicidae,TACTTMPTetramorium43,TACTTMPTetramorium43 oculatum
Formicidae,TACTTMPTetramorium43,TACTTMPTetramorium43 salomo
Formicidae,TACTTMPTetramorium43,TACTTMPTetramorium43 semireticulatum
Formicidae,TACTTMPTetramorium43,TACTTMPTetramorium43 ultor
Formicidae,TACTTMPTetramorium43,TACTTMPTetramorium43 yammer
Formicidae,TACTTMPTetramorium44,TACTTMPTetramorium44 ictidum
Formicidae,TACTTMPTetramorium44,TACTTMPTetramorium44 indicum
Formicidae,TACTTMPTetramorium44,TACTTMPTetramorium44 manni
Formicidae,TACTTMPTetramorium44,TACTTMPTetramorium44 menkaura
Formicidae,TACTTMPTetramorium44,TACTTMPTetramorium44 minusculum
Formicidae,TACTTMPTetramorium44,TACTTMPTetramorium44 salvatum
Formicidae,TACTTMPTetramorium44,TACTTMPTetramorium44 sargina
Formicidae,TACTTMPTetramorium44,TACTTMPTetramorium44 sulcinode
Formicidae,TACTTMPTetramorium45,TACTTMPTetramorium45 flavidulum
Formicidae,TACTTMPTetramorium45,TACTTMPTetramorium45 krynitum
Formicidae,TACTTMPTetramorium45,TACTTMPTetramorium45 marginatum
Formicidae,TACTTMPTetramorium45,TACTTMPTetramorium45 microgyna
Formicidae,TACTTMPTetramorium45,TACTTMPTetramorium45 sanetrai
Formicidae,TACTTMPTetramorium45,TACTTMPTetramorium45 tenebrosum
Formicidae,TACTTMPTetramorium46,TACTTMPTetramorium46 hector
Formicidae,TACTTMPTetramorium46,TACTTMPTetramorium46 jarawa
Formicidae,TACTTMPTetramorium46,TACTTMPTetramorium46 moravicum
Formicidae,TACTTMPTetramorium46,TACTTMPTetramorium46 parvum
Formicidae,TACTTMPTetramorium46,TACTTMPTetramorium46 repletum
Formicidae,TACTTMPTetramorium46,TACTTMPTetramorium46 schmitzi
Formicidae,TACTTMPTetramorium46,TACTTMPTetramorium46 turneri
Formicidae,TACTTMPTetramorium47,TACTTMPTetramorium47 kheperra
Formicidae,TACTTMPTetramorium47,TACTTMPTetramorium47 luteipes
Formicidae,TACTTMPTetramorium47,TACTTMPTetramorium47 mai
Formicidae,TACTTMPTetramorium47,TACTTMPTetramorium47 silvicola
Formicidae,TACTTMPTetramorium47,TACTTMPTetramorium47 tanaense
Formicidae,TACTTMPTetramorium47,TACTTMPTetramorium47 tonganum
Formicidae,TACTTMPTetramorium48,TACTTMPTetramorium48 luteolum
Formicidae,TACTTMPTetramorium48,TACTTMPTetramorium48 valky
Formicidae,TACTTMPTetramorium49,TACTTMPTetramorium49 alpestre
Formicidae,TACTTMPTetramorium49,TACTTMPTetramorium49 davidi
Formicidae,TACTTMPTetramorium49,TACTTMPTetramorium49 ferox
Formicidae,TACTTMPTetramorium49,TACTTMPTetramorium49 shamshir
Formicidae,TACTTMPTetramorium49,TACTTMPTetramorium49 unicum
Formicidae,TACTTMPTetramorium50,TACTTMPTetramorium50 calidum
Formicidae,TACTTMPTetramorium50,TACTTMPTetramorium50 intonsum
Formicidae,TACTTMPTetramorium50,TACTTMPTetramorium50 invictum
Formicidae,TACTTMPTetramorium50,TACTTMPTetramorium50 myrmidon
Formicidae,TACTTMPTetramorium50,TACTTMPTetramorium50 postpetiolatum
Formicidae,TACTTMPTetramorium50,TACTTMPTetramorium50 pulcherrimum
Formicidae,TACTTMPTetramorium51,TACTTMPTetramorium51 christiei
Formicidae,TACTTMPTetramorium51,TACTTMPTetramorium51 freya
Formicidae,TACTTMPTetramorium51,TACTTMPTetramorium51 saginatum
Formicidae,TACTTMPTetramorium51,TACTTMPTetramorium51 smithi
Formicidae,TACTTMPTetramorium51,TACTTMPTetramorium51 tychadion
Formicidae,TACTTMPTetramorium52,TACTTMPTetramorium52 browni
Formicidae,TACTTMPTetramorium52,TACTTMPTetramorium52 cardiocarenum
Formicidae,TACTTMPTetramorium52,TACTTMPTetramorium52 grandinode
Formicidae,TACTTMPTetramorium52,TACTTMPTetramorium52 pseudogladius
Formicidae,TACTTMPTetramorium52,TACTTMPTetramorium52 vandalum
Formicidae,TACTTMPTetramorium53,TACTTMPTetramorium53 nassonowii
Formicidae,TACTTMPTetramorium54,TACTTMPTetramorium54 clunum
Formicidae,TACTTMPTetramorium54,TACTTMPTetramorium54 critchleyi
Formicidae,TACTTMPTetramorium54,TACTTMPTetramorium54 decem
Formicidae,TACTTMPTetramorium54,TACTTMPTetramorium54 eminii
Formicidae,TACTTMPTetramorium54,TACTTMPTetramorium54 flabellum
Formicidae,TACTTMPTetramorium54,TACTTMPTetramorium54 juba
Formicidae,TACTTMPTetramorium54,TACTTMPTetramorium54 merina
Formicidae,TACTTMPTetramorium54,TACTTMPTetramorium54 rhetidum
Formicidae,TACTTMPTetramorium54,TACTTMPTetramorium54 versiculum
Formicidae,TACTTMPTetramorium55,TACTTMPTetramorium55 agna
Formicidae,TACTTMPTetramorium55,TACTTMPTetramorium55 breviscapus
Formicidae,TACTTMPTetramorium55,TACTTMPTetramorium55 candidum
Formicidae,TACTTMPTetramorium55,TACTTMPTetramorium55 chefketi
Formicidae,TACTTMPTetramorium55,TACTTMPTetramorium55 elidisum
Formicidae,TACTTMPTetramorium55,TACTTMPTetramorium55 raptor
Formicidae,TACTTMPTetramorium55,TACTTMPTetramorium55 snellingi
Formicidae,TACTTMPTetramorium55,TACTTMPTetramorium55 xanthogaster
Formicidae,TACTTMPTetramorium56,TACTTMPTetramorium56 crepum
Formicidae,TACTTMPTetramorium56,TACTTMPTetramorium56 frigidum
Formicidae,TACTTMPTetramorium56,TACTTMPTetramorium56 schaufussii
Formicidae,TACTTMPTetramorium57,TACTTMPTetramorium57 carinatum
Formicidae,TACTTMPTetramorium57,TACTTMPTetramorium57 dominum
Formicidae,TACTTMPTetramorium57,TACTTMPTetramorium57 monticola
Formicidae,TACTTMPTetramorium57,TACTTMPTetramorium57 nipponense
Formicidae,TACTTMPTetramorium57,TACTTMPTetramorium57 noratum
Formicidae,TACTTMPTetramorium57,TACTTMPTetramorium57 striativentre
Formicidae,TACTTMPTetramorium57,TACTTMPTetramorium57 yemene
Formicidae,TACTTMPTetramorium57,TACTTMPTetramorium57 zonacaciae
Formicidae,TACTTMPTetramorium58,TACTTMPTetramorium58 camelliae
Formicidae,TACTTMPTetramorium58,TACTTMPTetramorium58 eleates
Formicidae,TACTTMPTetramorium58,TACTTMPTetramorium58 grassii
Formicidae,TACTTMPTetramorium59,TACTTMPTetramorium59 anatolicum
Formicidae,TACTTMPTetramorium59,TACTTMPTetramorium59 aspis
Formicidae,TACTTMPTetramorium59,TACTTMPTetramorium59 belgaense
Formicidae,TACTTMPTetramorium59,TACTTMPTetramorium59 chapmani
Formicidae,TACTTMPTetramorium59,TACTTMPTetramorium59 dichroum
Formicidae,TACTTMPTetramorium59,TACTTMPTetramorium59 dogieli
Formicidae,TACTTMPTetramorium59,TACTTMPTetramorium59 nama
Formicidae,TACTTMPTetramorium59,TACTTMPTetramorium59 navum
Formicidae,TACTTMPTetramorium59,TACTTMPTetramorium59 pogonion
Formicidae,TACTTMPTetramorium59,TACTTMPTetramorium59 strictum
Formicidae,TACTTMPTetramorium60,TACTTMPTetramorium60 amalae
Formicidae,TACTTMPTetramorium60,TACTTMPTetramorium60 amatongae
Formicidae,TACTTMPTetramorium60,TACTTMPTetramorium60 ciliatum
Formicidae,TACTTMPTetramorium60,TACTTMPTetramorium60 coloreum
Formicidae,TACTTMPTetramorium60,TACTTMPTetramorium60 rala
Formicidae,TACTTMPTetramorium61,TACTTMPTetramorium61 capense
Formicidae,TACTTMPTetramorium61,TACTTMPTetramorium61 globulinode
Formicidae,TACTTMPTetramorium61,TACTTMPTetramorium61 kephalosi
Formicidae,TACTTMPTetramorium61,TACTTMPTetramorium61 magnificum
Formicidae,TACTTMPTetramorium61,TACTTMPTetramorium61 nacta
Formicidae,TACTTMPTetramorium61,TACTTMPTetramorium61 obiwan
Formicidae,TACTTMPTetramorium61,TACTTMPTetramorium61 pinnipilum
Formicidae,TACTTMPTetramorium61,TACTTMPTetramorium61 zapyrum
Formicidae,TACTTMPTetramorium62,TACTTMPTetramorium62 gazense
Formicidae,TACTTMPTetramorium62,TACTTMPTetramorium62 gladius
Formicidae,TACTTMPTetramorium62,TACTTMPTetramorium62 occidentale
Formicidae,TACTTMPTetramorium62,TACTTMPTetramorium62 seiferti
Formicidae,TACTTMPTetramorium62,TACTTMPTetramorium62 xuthum
Formicidae,TACTTMPTetramorium63,TACTTMPTetramorium63 laticephalum
Formicidae,TACTTMPTetramorium63,TACTTMPTetramorium63 sikorae
Formicidae,TACTTMPTetramorium63,TACTTMPTetramorium63 syriacum
Formicidae,TACTTMPTetramorium64,TACTTMPTetramorium64 angulinode
Formicidae,TACTTMPTetramorium64,TACTTMPTetramorium64 cognatum
Formicidae,TACTTMPTetramorium64,TACTTMPTetramorium64 depressiceps
Formicidae,TACTTMPTetramorium64,TACTTMPTetramorium64 fergusoni
Formicidae,TACTTMPTetramorium64,TACTTMPTetramorium64 pilosum
Formicidae,TACTTMPTetramorium64,TACTTMPTetramorium64 psymanum
Formicidae,TACTTMPTetramorium65,TACTTMPTetramorium65 biskrense
Formicidae,TACTTMPTetramorium65,TACTTMPTetramorium65 distinctum
Formicidae,TACTTMPTetramorium65,TACTTMPTetramorium65 hitagarciai
Formicidae,TACTTMPTetramorium65,TACTTMPTetramorium65 katypum
Formicidae,TACTTMPTetramorium65,TACTTMPTetramorium65 rigidum
Formicidae,TACTTMPTetramorium65,TACTTMPTetramorium65 rumo
Formicidae,TACTTMPTetramorium65,TACTTMPTetramorium65 schoutedeni
Formicidae,TACTTMPTetramorium65,TACTTMPTetramorium65 typhlops
Formicidae,TACTTMPTetramorium66,TACTTMPTetramorium66 peringueyi
Formicidae,TACTTMPTetramorium66,TACTTMPTetramorium66 setuliferum
Formicidae,TACTTMPTetramorium66,TACTTMPTetramorium66 tenuinode
Formicidae,TACTTMPTetramorium67,TACTTMPTetramorium67 crypticum
Formicidae,TACTTMPTetramorium67,TACTTMPTetramorium67 proximum
Formicidae,TACTTMPTetramorium68,TACTTMPTetramorium68 isipingense
Formicidae,TACTTMPTetramorium68,TACTTMPTetramorium68 mkomazi
Formicidae,TACTTMPTetramorium68,TACTTMPTetramorium68 severini
Formicidae,TACTTMPTetramorium69,TACTTMPTetramorium69 binodis
Formicidae,TACTTMPTetramorium69,TACTTMPTetramorium69 gegaimi
Formicidae,TACTTMPTetramorium69,TACTTMPTetramorium69 perlongum
Formicidae,TACTTMPTetramorium69,TACTTMPTetramorium69 scutum
Formicidae,TACTTMPTetramorium69,TACTTMPTetramorium69 tylinum
Formicidae,TACTTMPTetramorium70,TACTTMPTetramorium70 isectum
Formicidae,TACTTMPTetramorium70,TACTTMPTetramorium70 notiale
Formicidae,TACTTMPTetramorium70,TACTTMPTetramorium70 nube
Formicidae,TACTTMPTetramorium70,TACTTMPTetramorium70 signatum
Formicidae,TACTTMPTetramorium70,TACTTMPTetramorium70 tenuicrine
Formicidae,TACTTMPTetramorium71,TACTTMPTetramorium71 andrei
Formicidae,TACTTMPTetramorium71,TACTTMPTetramorium71 infraspinosum
Formicidae,TACTTMPTetramorium71,TACTTMPTetramorium71 melanogyna
Formicidae,TACTTMPTetramorium71,TACTTMPTetramorium71 sahlbergi
Formicidae,TACTTMPTetramorium71,TACTTMPTetramorium71 termitobium
Formicidae,TACTTMPTetramorium72,TACTTMPTetramorium72 bellicosum
Formicidae,TACTTMPTetramorium72,TACTTMPTetramorium72 bicolor
Formicidae,TACTTMPTetramorium72,TACTTMPTetramorium72 isoelectrum
Formicidae,TACTTMPTetramorium72,TACTTMPTetramorium72 kabulistanicum
Formicidae,TACTTMPTetramorium72,TACTTMPTetramorium72 mexicanum
Formicidae,TACTTMPTetramorium72,TACTTMPTetramorium72 robertsoni
Formicidae,TACTTMPTetramorium73,TACTTMPTetramorium73 alii
Formicidae,TACTTMPTetramorium73,TACTTMPTetramorium73 brevicorne
Formicidae,TACTTMPTetramorium73,TACTTMPTetramorium73 elf
Formicidae,TACTTMPTetramorium73,TACTTMPTetramorium73 ocothrum
Formicidae,TACTTMPTetramorium74,TACTTMPTetramorium74 adpressum
Formicidae,TACTTMPTetramorium74,TACTTMPTetramorium74 electrum
Formicidae,TACTTMPTetramorium74,TACTTMPTetramorium74 melleum
Formicidae,TACTTMPTetramorium74,TACTTMPTetramorium74 thoth
Formicidae,TACTTMPTetramorium75,TACTTMPTetramorium75 tortuosum
Formicidae,TACTTMPTetramorium75,TACTTMPTetramorium75 voasary
Formicidae,TACTTMPTetramorium76,TACTTMPTetramorium76 antennatum
Formicidae,TACTTMPTetramorium76,TACTTMPTetramorium76 bothae
Formicidae,TACTTMPTetramorium76,TACTTMPTetramorium76 inerme
Formicidae,TACTTMPTetramorium76,TACTTMPTetramorium76 jedi
Formicidae,TACTTMPTetramorium76,TACTTMPTetramorium76 jugatum
Formicidae,TACTTMPTetramorium76,TACTTMPTetramorium76 miserabile
Formicidae,TACTTMPTetramorium76,TACTTMPTetramorium76 petersi
Formicidae,TACTTMPTetramorium76,TACTTMPTetramorium76 poweri
Formicidae,TACTTMPTetramorium76,TACTTMPTetramorium76 reptana
Formicidae,TACTTMPTetramorium77,TACTTMPTetramorium77 aherni
Formicidae,TACTTMPTetramorium77,TACTTMPTetramorium77 argentirubrum
Formicidae,TACTTMPTetramorium77,TACTTMPTetramorium77 lucidulum
Formicidae,TACTTMPTetramorium77,TACTTMPTetramorium77 punctiventre
Formicidae,TACTTMPTetramorium77,TACTTMPTetramorium77 titus
Formicidae,TACTTMPTetramorium78,TACTTMPTetramorium78 aegeum
Formicidae,TACTTMPTetramorium78,TACTTMPTetramorium78 concaviceps
Formicidae,TACTTMPTetramorium78,TACTTMPTetramorium78 lucayanum
Formicidae,TACTTMPTetramorium78,TACTTMPTetramorium78 meridionale
Formicidae,TACTTMPTetramorium78,TACTTMPTetramorium78 noeli
Formicidae,TACTTMPTetramorium78,TACTTMPTetramorium78 scabrosum
Formicidae,TACTTMPTetramorium79,TACTTMPTetramorium79 ambanizana
Formicidae,TACTTMPTetramorium79,TACTTMPTetramorium79 cyclolobium
Formicidae,TACTTMPTetramorium79,TACTTMPTetramorium79 dolichosum
Formicidae,TACTTMPTetramorium79,TACTTMPTetramorium79 edouardi
Formicidae,TACTTMPTetramorium80,TACTTMPTetramorium80 gladstonei
Formicidae,TACTTMPTetramorium80,TACTTMPTetramorium80 hasinae
Formicidae,TACTTMPTetramorium80,TACTTMPTetramorium80 lobulicorne
Formicidae,TACTTMPTetramorium80,TACTTMPTetramorium80 marojejy
Formicidae,TACTTMPTetramorium80,TACTTMPTetramorium80 saudicum
Formicidae,TACTTMPTetramorium81,TACTTMPTetramorium81 ala
Formicidae,TACTTMPTetramorium81,TACTTMPTetramorium81 amentete
Formicidae,TACTTMPTetramorium81,TACTTMPTetramorium81 bulawayense
Formicidae,TACTTMPTetramorium81,TACTTMPTetramorium81 depressum
Formicidae,TACTTMPTetramorium81,TACTTMPTetramorium81 diligens
Formicidae,TACTTMPTetramorium81,TACTTMPTetramorium81 guineense
Formicidae,TACTTMPTetramorium81,TACTTMPTetramorium81 susannae
Formicidae,TACTTMPTetramorium81,TACTTMPTetramorium81 umtaliense
Formicidae,TACTTMPTetramorium82,TACTTMPTetramorium82 adamsi
Formicidae,TACTTMPTetramorium82,TACTTMPTetramorium82 decamerum
Formicidae,TACTTMPTetramorium82,TACTTMPTetramorium82 gambogecum
Formicidae,TACTTMPTetramorium82,TACTTMPTetramorium82 incruentatum
Formicidae,TACTTMPTetramorium82,TACTTMPTetramorium82 margueriteae
Formicidae,TACTTMPTetramorium83,TACTTMPTetramorium83 baufra
Formicidae,TACTTMPTetramorium83,TACTTMPTetramorium83 curtulum
Formicidae,TACTTMPTetramorium83,TACTTMPTetramorium83 imbelle
Formicidae,TACTTMPTetramorium83,TACTTMPTetramorium83 smaug
Formicidae,TACTTMPTetramorium83,TACTTMPTetramorium83 taueret
Formicidae,TACTTMPTetramorium84,TACTTMPTetramorium84 notomelanum
Formicidae,TACTTMPTetramorium84,TACTTMPTetramorium84 sabatra
Formicidae,TACTTMPTetramorium85,TACTTMPTetramorium85 furtivum
Formicidae,TACTTMPTetramorium85,TACTTMPTetramorium85 megalops
Formicidae,TACTTMPTetramorium85,TACTTMPTetramorium85 nazgul
Formicidae,TACTTMPTetramorium85,TACTTMPTetramorium85 rinatum
Formicidae,TACTTMPTetramorium85,TACTTMPTetramorium85 sudanense
Formicidae,TACTTMPTetramorium85,TACTTMPTetramorium85 wadje
Formicidae,TACTTMPTetramorium86,TACTTMPTetramorium86 andohahela
Formicidae,TACTTMPTetramorium86,TACTTMPTetramorium86 annectens
Formicidae,TACTTMPTetramorium86,TACTTMPTetramorium86 bellerophoni
Formicidae,TACTTMPTetramorium86,TACTTMPTetramorium86 granulatum
Formicidae,TACTTMPTetramorium86,TACTTMPTetramorium86 politum
Formicidae,TACTTMPTetramorium86,TACTTMPTetramorium86 sepultum
Formicidae,TACTTMPTetramorium86,TACTTMPTetramorium86 sericeum
Formicidae,TACTTMPTetramorium87,TACTTMPTetramorium87 ataxium
Formicidae,TACTTMPTetramorium87,TACTTMPTetramorium87 chepocha
Formicidae,TACTTMPTetramorium87,TACTTMPTetramorium87 erectum
Formicidae,TACTTMPTetramorium87,TACTTMPTetramorium87 fenix
Formicidae,TACTTMPTetramorium87,TACTTMPTetramorium87 hapale
Formicidae,TACTTMPTetramorium87,TACTTMPTetramorium87 singletonae
Formicidae,TACTTMPTetramorium87,TACTTMPTetramorium87 spininode
Formicidae,TACTTMPTetramorium88,TACTTMPTetramorium88 caucasicum
Formicidae,TACTTMPTetramorium88,TACTTMPTetramorium88 flagellatum
Formicidae,TACTTMPTetramorium88,TACTTMPTetramorium88 khyarum
Formicidae,TACTTMPTetramorium88,TACTTMPTetramorium88 nify
Formicidae,TACTTMPTetramorium88,TACTTMPTetramorium88 trirugosum
Formicidae,TACTTMPTetramorium89,TACTTMPTetramorium89 albenae
Formicidae,TACTTMPTetramorium89,TACTTMPTetramorium89 phasias
Formicidae,TACTTMPTetramorium89,TACTTMPTetramorium89 sada
Formicidae,TACTTMPTetramorium89,TACTTMPTetramorium89 shirlae
Formicidae,TACTTMPTetramorium89,TACTTMPTetramorium89 striabdomen
Formicidae,TACTTMPTetramorium90,TACTTMPTetramorium90 atlante
Formicidae,TACTTMPTetramorium90,TACTTMPTetramorium90 impressum
Formicidae,TACTTMPTetramorium90,TACTTMPTetramorium90 nosybe
Formicidae,TACTTMPTetramorium90,TACTTMPTetramorium90 rogatum
Formicidae,TACTTMPTetramorium90,TACTTMPTetramorium90 vernicosum
Formicidae,TACTTMPTetramorium91,TACTTMPTetramorium91 camerunense
Formicidae,TACTTMPTetramorium91,TACTTMPTetramorium91 philippwagneri
Formicidae,TACTTMPTetramorium91,TACTTMPTetramorium91 rugigaster
Formicidae,TACTTMPTetramorium91,TACTTMPTetramorium91 thalidum
Formicidae,TACTTMPTetramorium91,TACTTMPTetramorium91 vony
Formicidae,TACTTMPTetramorium92,TACTTMPTetramorium92 bonibony
Formicidae,TACTTMPTetramorium92,TACTTMPTetramorium92 insolens
Formicidae,TACTTMPTetramorium92,TACTTMPTetramorium92 plumosum
Formicidae,TACTTMPTetramorium92,TACTTMPTetramorium92 regulare
Formicidae,TACTTMPTetramorium92,TACTTMPTetramorium92 transformans
Formicidae,TACTTMPTetramorium92,TACTTMPTetramorium92 walshi
Formicidae,TACTTMPTetramorium93,TACTTMPTetramorium93 exasperatum
Formicidae,TACTTMPTetramorium93,TACTTMPTetramorium93 gabonense
Formicidae,TACTTMPTetramorium93,TACTTMPTetramorium93 mpala
Formicidae,TACTTMPTetramorium93,TACTTMPTetramorium93 olana
Formicidae,TACTTMPTetramorium93,TACTTMPTetramorium93 repentinum
Formicidae,TACTTMPTetramorium93,TACTTMPTetramorium93 zambezium
Formicidae,TACTTMPTetramorium94,TACTTMPTetramorium94 aculeatum
Formicidae,TACTTMPTetramorium94,TACTTMPTetramorium94 buthrum
Formicidae,TACTTMPTetramorium94,TACTTMPTetramorium94 do
Formicidae,TACTTMPTetramorium94,TACTTMPTetramorium94 kali
Formicidae,TACTTMPTetramorium94,TACTTMPTetramorium94 rufescens
Formicidae,TACTTMPTetramorium95,TACTTMPTetramorium95 constanciae
Formicidae,TACTTMPTetramorium95,TACTTMPTetramorium95 feroxoides
Formicidae,TACTTMPTetramorium95,TACTTMPTetramorium95 ghindanum
Formicidae,TACTTMPTetramorium95,TACTTMPTetramorium95 orc
Formicidae,TACTTMPTetramorium96,TACTTMPTetramorium96 difficile
Formicidae,TACTTMPTetramorium96,TACTTMPTetramorium96 dysalum
Formicidae,TACTTMPTetramorium96,TACTTMPTetramorium96 pyrenaeicum
Formicidae,TACTTMPTetramorium96,TACTTMPTetramorium96 youngi
Formicidae,TACTTMPTetramorium97,TACTTMPTetramorium97 akengense
Formicidae,TACTTMPTetramorium97,TACTTMPTetramorium97 kakamega
Formicidae,TACTTMPTetramorium97,TACTTMPTetramorium97 minimum
Formicidae,TACTTMPTetramorium97,TACTTMPTetramorium97 simulator
Formicidae,TACTTMPTetramorium97,TACTTMPTetramorium97 warreni
Formicidae,TACTTMPTetramorium97,TACTTMPTetramorium97 zenatum
Formicidae,TACTTMPTetramorium98,TACTTMPTetramorium98 coillum
Formicidae,TACTTMPTetramorium98,TACTTMPTetramorium98 rekhefe
Formicidae,TACTTMPTetramorium99,TACTTMPTetramorium99 dysderke
Formicidae,TACTTMPTetramorium99,TACTTMPTetramorium99 fulviceps
Formicidae,TACTTMPTetramorium99,TACTTMPTetramorium99 gestroi
Formicidae,TACTTMPTetramorium99,TACTTMPTetramorium99 hortorum
Formicidae,TACTTMPTetramorium99,TACTTMPTetramorium99 hungaricum
Formicidae,TACTTMPTetramorium99,TACTTMPTetramorium99 tsingy
Formicidae,TACTTMPTetramorium99,TACTTMPTetramorium99 vombis
Formicidae,Talaridris,Talaridris mandibularis
Formicidae,Tanipone,Tanipone aglandula
Formicidae,Tanipone,Tanipone aversa
Formicidae,Tanipone,Tanipone cognata
Formicidae,Tanipone,Tanipone hirsuta
Formicidae,Tanipone,Tanipone maculata
Formicidae,Tanipone,Tanipone pilosa
Formicidae,Tanipone,Tanipone scelesta
Formicidae,Tanipone,Tanipone subpilosa
Formicidae,Tanipone,Tanipone varia
Formicidae,Tanipone,Tanipone zona
Formicidae,Tapinolepis,Tapinolepis bothae
Formicidae,Tapinolepis,Tapinolepis candida
Formicidae,Tapinolepis,Tapinolepis deceptor
Formicidae,Tapinolepis,Tapinolepis decolor
Formicidae,Tapinolepis,Tapinolepis litoralis
Formicidae,Tapinolepis,Tapinolepis longitarsis
Formicidae,Tapinolepis,Tapinolepis macgregori
Formicidae,Tapinolepis,Tapinolepis macrophthalma
Formicidae,Tapinolepis,Tapinolepis mediterranea
Formicidae,Tapinolepis,Tapinolepis melanaria
Formicidae,Tapinolepis,Tapinolepis pernix
Formicidae,Tapinolepis,Tapinolepis simulans
Formicidae,Tapinolepis,Tapinolepis sp
Formicidae,Tapinolepis,Tapinolepis trimenii
Formicidae,Tapinolepis,Tapinolepis tumidula
Formicidae,Tapinoma,Tapinoma aberrans
Formicidae,Tapinoma,Tapinoma acuminatum
Formicidae,Tapinoma,Tapinoma albinase
Formicidae,Tapinoma,Tapinoma albomaculatum
Formicidae,Tapinoma,Tapinoma amazonae
Formicidae,Tapinoma,Tapinoma andamanense
Formicidae,Tapinoma,Tapinoma annandalei
Formicidae,Tapinoma,Tapinoma arnoldi
Formicidae,Tapinoma,Tapinoma atriceps
Formicidae,Tapinoma,Tapinoma breviscapum
Formicidae,Tapinoma,Tapinoma carininotum
Formicidae,Tapinoma,Tapinoma chiaromontei
Formicidae,Tapinoma,Tapinoma christophi
Formicidae,Tapinoma,Tapinoma dabashanica
Formicidae,Tapinoma,Tapinoma danitschi
Formicidae,Tapinoma,Tapinoma darioi
Formicidae,Tapinoma,Tapinoma demissum
Formicidae,Tapinoma,Tapinoma emeryi
Formicidae,Tapinoma,Tapinoma epinotale
Formicidae,Tapinoma,Tapinoma erraticum
Formicidae,Tapinoma,Tapinoma festae
Formicidae,Tapinoma,Tapinoma flavidum
Formicidae,Tapinoma,Tapinoma fragile
Formicidae,Tapinoma,Tapinoma funiculare
Formicidae,Tapinoma,Tapinoma geei
Formicidae,Tapinoma,Tapinoma gibbosum
Formicidae,Tapinoma,Tapinoma glabrella
Formicidae,Tapinoma,Tapinoma glaucum
Formicidae,Tapinoma,Tapinoma himalaicum
Formicidae,Tapinoma,Tapinoma hispanicum
Formicidae,Tapinoma,Tapinoma ibericum
Formicidae,Tapinoma,Tapinoma incognitum
Formicidae,Tapinoma,Tapinoma indicum
Formicidae,Tapinoma,Tapinoma inflatiscapus
Formicidae,Tapinoma,Tapinoma insularis
Formicidae,Tapinoma,Tapinoma israele
Formicidae,Tapinoma,Tapinoma jandai
Formicidae,Tapinoma,Tapinoma karavaievi
Formicidae,Tapinoma,Tapinoma kinburni
Formicidae,Tapinoma,Tapinoma krakatauae
Formicidae,Tapinoma,Tapinoma latifrons
Formicidae,Tapinoma,Tapinoma litorale
Formicidae,Tapinoma,Tapinoma lugubre
Formicidae,Tapinoma,Tapinoma luridum
Formicidae,Tapinoma,Tapinoma luteum
Formicidae,Tapinoma,Tapinoma madeirense
Formicidae,Tapinoma,Tapinoma magnum
Formicidae,Tapinoma,Tapinoma melanocephalum
Formicidae,Tapinoma,Tapinoma minimum
Formicidae,Tapinoma,Tapinoma minutum
Formicidae,Tapinoma,Tapinoma modestum
Formicidae,Tapinoma,Tapinoma muelleri
Formicidae,Tapinoma,Tapinoma nigerrimum
Formicidae,Tapinoma,Tapinoma onaele
Formicidae,Tapinoma,Tapinoma opacum
Formicidae,Tapinoma,Tapinoma orthocephalum
Formicidae,Tapinoma,Tapinoma panamense
Formicidae,Tapinoma,Tapinoma paxi
Formicidae,Tapinoma,Tapinoma philippinense
Formicidae,Tapinoma,Tapinoma phoeniceum
Formicidae,Tapinoma,Tapinoma pithecorum
Formicidae,Tapinoma,Tapinoma pomone
Formicidae,Tapinoma,Tapinoma pulchellum
Formicidae,Tapinoma,Tapinoma pygmaeum
Formicidae,Tapinoma,Tapinoma ramulorum
Formicidae,Tapinoma,Tapinoma rasenum
Formicidae,Tapinoma,Tapinoma rectinotum
Formicidae,Tapinoma,Tapinoma sahohime
Formicidae,Tapinoma,Tapinoma schreiberi
Formicidae,Tapinoma,Tapinoma schultzei
Formicidae,Tapinoma,Tapinoma sessile
Formicidae,Tapinoma,Tapinoma shattucki
Formicidae,Tapinoma,Tapinoma sichuense
Formicidae,Tapinoma,Tapinoma silvestrii
Formicidae,Tapinoma,Tapinoma simrothi
Formicidae,Tapinoma,Tapinoma sinense
Formicidae,Tapinoma,Tapinoma subboreale
Formicidae,Tapinoma,Tapinoma subtile
Formicidae,Tapinoma,Tapinoma wheeleri
Formicidae,Tapinoma,Tapinoma williamsi
Formicidae,Tapinoma,Tapinoma wilsoni
Formicidae,Tapinoma,Tapinoma wroughtonii
Formicidae,Tapinoma,Tapinoma yacoubi
Formicidae,Tatuidris,Tatuidris tatusia
Formicidae,Technomyrmex,Technomyrmex albicoxis
Formicidae,Technomyrmex,Technomyrmex albipes
Formicidae,Technomyrmex,Technomyrmex andrei
Formicidae,Technomyrmex,Technomyrmex antennus
Formicidae,Technomyrmex,Technomyrmex anterops
Formicidae,Technomyrmex,Technomyrmex antonii
Formicidae,Technomyrmex,Technomyrmex arnoldinus
Formicidae,Technomyrmex,Technomyrmex australops
Formicidae,Technomyrmex,Technomyrmex bicolor
Formicidae,Technomyrmex,Technomyrmex briani
Formicidae,Technomyrmex,Technomyrmex brunneus
Formicidae,Technomyrmex,Technomyrmex butteli
Formicidae,Technomyrmex,Technomyrmex camerunensis
Formicidae,Technomyrmex,Technomyrmex cedarensis
Formicidae,Technomyrmex,Technomyrmex certus
Formicidae,Technomyrmex,Technomyrmex champasakensis
Formicidae,Technomyrmex,Technomyrmex cheesmanae
Formicidae,Technomyrmex,Technomyrmex convexifrons
Formicidae,Technomyrmex,Technomyrmex curiosus
Formicidae,Technomyrmex,Technomyrmex difficilis
Formicidae,Technomyrmex,Technomyrmex docens
Formicidae,Technomyrmex,Technomyrmex dubius
Formicidae,Technomyrmex,Technomyrmex elatior
Formicidae,Technomyrmex,Technomyrmex fisheri
Formicidae,Technomyrmex,Technomyrmex formosensis
Formicidae,Technomyrmex,Technomyrmex fornax
Formicidae,Technomyrmex,Technomyrmex fulvus
Formicidae,Technomyrmex,Technomyrmex furens
Formicidae,Technomyrmex,Technomyrmex gaudens
Formicidae,Technomyrmex,Technomyrmex gibbosus
Formicidae,Technomyrmex,Technomyrmex gilvus
Formicidae,Technomyrmex,Technomyrmex gorgona
Formicidae,Technomyrmex,Technomyrmex grandis
Formicidae,Technomyrmex,Technomyrmex hades
Formicidae,Technomyrmex,Technomyrmex horni
Formicidae,Technomyrmex,Technomyrmex horrens
Formicidae,Technomyrmex,Technomyrmex hostilis
Formicidae,Technomyrmex,Technomyrmex ilgi
Formicidae,Technomyrmex,Technomyrmex impressus
Formicidae,Technomyrmex,Technomyrmex incisus
Formicidae,Technomyrmex,Technomyrmex indicus
Formicidae,Technomyrmex,Technomyrmex innocens
Formicidae,Technomyrmex,Technomyrmex jocosus
Formicidae,Technomyrmex,Technomyrmex kraepelini
Formicidae,Technomyrmex,Technomyrmex lasiops
Formicidae,Technomyrmex,Technomyrmex laurenti
Formicidae,Technomyrmex,Technomyrmex lisae
Formicidae,Technomyrmex,Technomyrmex lujae
Formicidae,Technomyrmex,Technomyrmex madecassus
Formicidae,Technomyrmex,Technomyrmex mandibularis
Formicidae,Technomyrmex,Technomyrmex mayri
Formicidae,Technomyrmex,Technomyrmex menozzii
Formicidae,Technomyrmex,Technomyrmex metandrei
Formicidae,Technomyrmex,Technomyrmex mixtus
Formicidae,Technomyrmex,Technomyrmex modiglianii
Formicidae,Technomyrmex,Technomyrmex moerens
Formicidae,Technomyrmex,Technomyrmex montaseri
Formicidae,Technomyrmex,Technomyrmex myops
Formicidae,Technomyrmex,Technomyrmex nigriventris
Formicidae,Technomyrmex,Technomyrmex nitens
Formicidae,Technomyrmex,Technomyrmex obscurior
Formicidae,Technomyrmex,Technomyrmex pallipes
Formicidae,Technomyrmex,Technomyrmex parandrei
Formicidae,Technomyrmex,Technomyrmex parviflavus
Formicidae,Technomyrmex,Technomyrmex pilipes
Formicidae,Technomyrmex,Technomyrmex pluto
Formicidae,Technomyrmex,Technomyrmex pratensis
Formicidae,Technomyrmex,Technomyrmex prevaricus
Formicidae,Technomyrmex,Technomyrmex quadricolor
Formicidae,Technomyrmex,Technomyrmex rector
Formicidae,Technomyrmex,Technomyrmex reductus
Formicidae,Technomyrmex,Technomyrmex rotundiceps
Formicidae,Technomyrmex,Technomyrmex rusticus
Formicidae,Technomyrmex,Technomyrmex schimmeri
Formicidae,Technomyrmex,Technomyrmex schoedli
Formicidae,Technomyrmex,Technomyrmex schoutedeni
Formicidae,Technomyrmex,Technomyrmex semiruber
Formicidae,Technomyrmex,Technomyrmex senex
Formicidae,Technomyrmex,Technomyrmex setosus
Formicidae,Technomyrmex,Technomyrmex shattucki
Formicidae,Technomyrmex,Technomyrmex sophiae
Formicidae,Technomyrmex,Technomyrmex strenuus
Formicidae,Technomyrmex,Technomyrmex subgracilis
Formicidae,Technomyrmex,Technomyrmex sundaicus
Formicidae,Technomyrmex,Technomyrmex sycorax
Formicidae,Technomyrmex,Technomyrmex tatius
Formicidae,Technomyrmex,Technomyrmex taylori
Formicidae,Technomyrmex,Technomyrmex textor
Formicidae,Technomyrmex,Technomyrmex tonsuratus
Formicidae,Technomyrmex,Technomyrmex transiens
Formicidae,Technomyrmex,Technomyrmex vapidus
Formicidae,Technomyrmex,Technomyrmex vexatus
Formicidae,Technomyrmex,Technomyrmex vitiensis
Formicidae,Technomyrmex,Technomyrmex voeltzkowi
Formicidae,Technomyrmex,Technomyrmex wheeleri
Formicidae,Technomyrmex,Technomyrmex yamanei
Formicidae,Technomyrmex,Technomyrmex zimmeri
Formicidae,Temnothorax,Temnothorax abeli
Formicidae,Temnothorax,Temnothorax achii
Formicidae,Temnothorax,Temnothorax acuminatus
Formicidae,Temnothorax,Temnothorax acutispinosus
Formicidae,Temnothorax,Temnothorax adlerzi
Formicidae,Temnothorax,Temnothorax adustus
Formicidae,Temnothorax,Temnothorax aeolius
Formicidae,Temnothorax,Temnothorax affinis
Formicidae,Temnothorax,Temnothorax agavicola
Formicidae,Temnothorax,Temnothorax akrotiriensis
Formicidae,Temnothorax,Temnothorax alayoi
Formicidae,Temnothorax,Temnothorax albipennis
Formicidae,Temnothorax,Temnothorax albispinus
Formicidae,Temnothorax,Temnothorax alfacarensis
Formicidae,Temnothorax,Temnothorax algerianus
Formicidae,Temnothorax,Temnothorax algiricus
Formicidae,Temnothorax,Temnothorax alienus
Formicidae,Temnothorax,Temnothorax alinae
Formicidae,Temnothorax,Temnothorax allardycei
Formicidae,Temnothorax,Temnothorax almeqeri
Formicidae,Temnothorax,Temnothorax alpinus
Formicidae,Temnothorax,Temnothorax altinodus
Formicidae,Temnothorax,Temnothorax ambiguus
Formicidae,Temnothorax,Temnothorax americanus
Formicidae,Temnothorax,Temnothorax anacanthus
Formicidae,Temnothorax,Temnothorax anaphalantus
Formicidae,Temnothorax,Temnothorax andersoni
Formicidae,Temnothorax,Temnothorax andrei
Formicidae,Temnothorax,Temnothorax androsanus
Formicidae,Temnothorax,Temnothorax angulinodis
Formicidae,Temnothorax,Temnothorax angulohumerus
Formicidae,Temnothorax,Temnothorax angustifrons
Formicidae,Temnothorax,Temnothorax angustulus
Formicidae,Temnothorax,Temnothorax anira
Formicidae,Temnothorax,Temnothorax annexus
Formicidae,Temnothorax,Temnothorax annibalis
Formicidae,Temnothorax,Temnothorax anodonta
Formicidae,Temnothorax,Temnothorax anodontoides
Formicidae,Temnothorax,Temnothorax ansei
Formicidae,Temnothorax,Temnothorax antera
Formicidae,Temnothorax,Temnothorax antigoni
Formicidae,Temnothorax,Temnothorax apenninicus
Formicidae,Temnothorax,Temnothorax apolloni
Formicidae,Temnothorax,Temnothorax arabicus
Formicidae,Temnothorax,Temnothorax arboreus
Formicidae,Temnothorax,Temnothorax arbustus
Formicidae,Temnothorax,Temnothorax arcanus
Formicidae,Temnothorax,Temnothorax archangelskiji
Formicidae,Temnothorax,Temnothorax arenarius
Formicidae,Temnothorax,Temnothorax argentipes
Formicidae,Temnothorax,Temnothorax ariadnae
Formicidae,Temnothorax,Temnothorax arimensis
Formicidae,Temnothorax,Temnothorax arkasi
Formicidae,Temnothorax,Temnothorax arnoldii
Formicidae,Temnothorax,Temnothorax arpini
Formicidae,Temnothorax,Temnothorax artvinensis
Formicidae,Temnothorax,Temnothorax arunachalensis
Formicidae,Temnothorax,Temnothorax atlantis
Formicidae,Temnothorax,Temnothorax atomus
Formicidae,Temnothorax,Temnothorax augusti
Formicidae,Temnothorax,Temnothorax auresianus
Formicidae,Temnothorax,Temnothorax aureus
Formicidae,Temnothorax,Temnothorax aveli
Formicidae,Temnothorax,Temnothorax aztecoides
Formicidae,Temnothorax,Temnothorax aztecus
Formicidae,Temnothorax,Temnothorax baeticus
Formicidae,Temnothorax,Temnothorax bahoruco
Formicidae,Temnothorax,Temnothorax bailu
Formicidae,Temnothorax,Temnothorax balaclava
Formicidae,Temnothorax,Temnothorax balcanicus
Formicidae,Temnothorax,Temnothorax balnearius
Formicidae,Temnothorax,Temnothorax banao
Formicidae,Temnothorax,Temnothorax barbouri
Formicidae,Temnothorax,Temnothorax barrettoi
Formicidae,Temnothorax,Temnothorax barroi
Formicidae,Temnothorax,Temnothorax barryi
Formicidae,Temnothorax,Temnothorax basara
Formicidae,Temnothorax,Temnothorax bejaraniensis
Formicidae,Temnothorax,Temnothorax bermudezi
Formicidae,Temnothorax,Temnothorax bernardi
Formicidae,Temnothorax,Temnothorax bestelmeyeri
Formicidae,Temnothorax,Temnothorax bicolor
Formicidae,Temnothorax,Temnothorax bikara
Formicidae,Temnothorax,Temnothorax bimbache
Formicidae,Temnothorax,Temnothorax birgitae
Formicidae,Temnothorax,Temnothorax bison
Formicidae,Temnothorax,Temnothorax blascoi
Formicidae,Temnothorax,Temnothorax boltoni
Formicidae,Temnothorax,Temnothorax brackoi
Formicidae,Temnothorax,Temnothorax bradleyi
Formicidae,Temnothorax,Temnothorax brauneri
Formicidae,Temnothorax,Temnothorax brevidentis
Formicidae,Temnothorax,Temnothorax brevispinosus
Formicidae,Temnothorax,Temnothorax brevispinus
Formicidae,Temnothorax,Temnothorax bristoli
Formicidae,Temnothorax,Temnothorax bruneri
Formicidae,Temnothorax,Temnothorax brunneus
Formicidae,Temnothorax,Temnothorax bucheti
Formicidae,Temnothorax,Temnothorax buddha
Formicidae,Temnothorax,Temnothorax bugnioni
Formicidae,Temnothorax,Temnothorax bulgaricus
Formicidae,Temnothorax,Temnothorax cabrerae
Formicidae,Temnothorax,Temnothorax caesari
Formicidae,Temnothorax,Temnothorax cagnianti
Formicidae,Temnothorax,Temnothorax caguatan
Formicidae,Temnothorax,Temnothorax canescens
Formicidae,Temnothorax,Temnothorax carinatus
Formicidae,Temnothorax,Temnothorax caryaluteus
Formicidae,Temnothorax,Temnothorax casanovai
Formicidae,Temnothorax,Temnothorax cenatus
Formicidae,Temnothorax,Temnothorax cerastarum
Formicidae,Temnothorax,Temnothorax chandleri
Formicidae,Temnothorax,Temnothorax chun
Formicidae,Temnothorax,Temnothorax chunfen
Formicidae,Temnothorax,Temnothorax chushu
Formicidae,Temnothorax,Temnothorax ciferrii
Formicidae,Temnothorax,Temnothorax clypeatus
Formicidae,Temnothorax,Temnothorax cokendolpheri
Formicidae,Temnothorax,Temnothorax coleenae
Formicidae,Temnothorax,Temnothorax conatensis
Formicidae,Temnothorax,Temnothorax confucii
Formicidae,Temnothorax,Temnothorax congruus
Formicidae,Temnothorax,Temnothorax convexus
Formicidae,Temnothorax,Temnothorax cornibrevis
Formicidae,Temnothorax,Temnothorax corsicus
Formicidae,Temnothorax,Temnothorax corticalis
Formicidae,Temnothorax,Temnothorax crasecundus
Formicidae,Temnothorax,Temnothorax crassispinus
Formicidae,Temnothorax,Temnothorax crassistriatus
Formicidae,Temnothorax,Temnothorax creightoni
Formicidae,Temnothorax,Temnothorax creolus
Formicidae,Temnothorax,Temnothorax crepuscularis
Formicidae,Temnothorax,Temnothorax cristinae
Formicidae,Temnothorax,Temnothorax cuneinodis
Formicidae,Temnothorax,Temnothorax curtisetosus
Formicidae,Temnothorax,Temnothorax curtulus
Formicidae,Temnothorax,Temnothorax curvispinosus
Formicidae,Temnothorax,Temnothorax cuyaguateje
Formicidae,Temnothorax,Temnothorax cypridis
Formicidae,Temnothorax,Temnothorax dahan
Formicidae,Temnothorax,Temnothorax daidalosi
Formicidae,Temnothorax,Temnothorax darlingtoni
Formicidae,Temnothorax,Temnothorax dashu
Formicidae,Temnothorax,Temnothorax daxue
Formicidae,Temnothorax,Temnothorax delaparti
Formicidae,Temnothorax,Temnothorax desertorum
Formicidae,Temnothorax,Temnothorax desioi
Formicidae,Temnothorax,Temnothorax dessyi
Formicidae,Temnothorax,Temnothorax discoloratus
Formicidae,Temnothorax,Temnothorax dissimilis
Formicidae,Temnothorax,Temnothorax ditifet
Formicidae,Temnothorax,Temnothorax dlusskyi
Formicidae,Temnothorax,Temnothorax dong
Formicidae,Temnothorax,Temnothorax dongzhi
Formicidae,Temnothorax,Temnothorax duloticus
Formicidae,Temnothorax,Temnothorax eburneipes
Formicidae,Temnothorax,Temnothorax elmenshawyi
Formicidae,Temnothorax,Temnothorax emmae
Formicidae,Temnothorax,Temnothorax eocho
Formicidae,Temnothorax,Temnothorax estel
Formicidae,Temnothorax,Temnothorax euboeae
Formicidae,Temnothorax,Temnothorax evagorae
Formicidae,Temnothorax,Temnothorax exilis
Formicidae,Temnothorax,Temnothorax finzii
Formicidae,Temnothorax,Temnothorax flavicornis
Formicidae,Temnothorax,Temnothorax flavidulus
Formicidae,Temnothorax,Temnothorax flavispinus
Formicidae,Temnothorax,Temnothorax foreli
Formicidae,Temnothorax,Temnothorax formosus
Formicidae,Temnothorax,Temnothorax fortispinosus
Formicidae,Temnothorax,Temnothorax fragosus
Formicidae,Temnothorax,Temnothorax fuentei
Formicidae,Temnothorax,Temnothorax fultonii
Formicidae,Temnothorax,Temnothorax fumosus
Formicidae,Temnothorax,Temnothorax furunculus
Formicidae,Temnothorax,Temnothorax fuscatus
Formicidae,Temnothorax,Temnothorax fynor
Formicidae,Temnothorax,Temnothorax gaetulus
Formicidae,Temnothorax,Temnothorax gallae
Formicidae,Temnothorax,Temnothorax gallei
Formicidae,Temnothorax,Temnothorax gentilis
Formicidae,Temnothorax,Temnothorax georgicus
Formicidae,Temnothorax,Temnothorax gibbifer
Formicidae,Temnothorax,Temnothorax goniops
Formicidae,Temnothorax,Temnothorax gordiagini
Formicidae,Temnothorax,Temnothorax gracilicornis
Formicidae,Temnothorax,Temnothorax graecus
Formicidae,Temnothorax,Temnothorax gredosi
Formicidae,Temnothorax,Temnothorax grouvellei
Formicidae,Temnothorax,Temnothorax gui
Formicidae,Temnothorax,Temnothorax gundlachi
Formicidae,Temnothorax,Temnothorax guyu
Formicidae,Temnothorax,Temnothorax guzel
Formicidae,Temnothorax,Temnothorax hadrumetensis
Formicidae,Temnothorax,Temnothorax haira
Formicidae,Temnothorax,Temnothorax hanlu
Formicidae,Temnothorax,Temnothorax harlequina
Formicidae,Temnothorax,Temnothorax haveni
Formicidae,Temnothorax,Temnothorax helenae
Formicidae,Temnothorax,Temnothorax hengshanensis
Formicidae,Temnothorax,Temnothorax hesperius
Formicidae,Temnothorax,Temnothorax himachalensis
Formicidae,Temnothorax,Temnothorax himalaicus
Formicidae,Temnothorax,Temnothorax hippolyta
Formicidae,Temnothorax,Temnothorax hippomenesi
Formicidae,Temnothorax,Temnothorax hispaniolae
Formicidae,Temnothorax,Temnothorax hispidus
Formicidae,Temnothorax,Temnothorax huatuo
Formicidae,Temnothorax,Temnothorax huehuetenangoi
Formicidae,Temnothorax,Temnothorax hyrcanus
Formicidae,Temnothorax,Temnothorax ibericus
Formicidae,Temnothorax,Temnothorax ikarosi
Formicidae,Temnothorax,Temnothorax imias
Formicidae,Temnothorax,Temnothorax incompletus
Formicidae,Temnothorax,Temnothorax indra
Formicidae,Temnothorax,Temnothorax inermis
Formicidae,Temnothorax,Temnothorax inquilinus
Formicidae,Temnothorax,Temnothorax interruptus
Formicidae,Temnothorax,Temnothorax iranicus
Formicidae,Temnothorax,Temnothorax iris
Formicidae,Temnothorax,Temnothorax isabellae
Formicidae,Temnothorax,Temnothorax italicus
Formicidae,Temnothorax,Temnothorax ixili
Formicidae,Temnothorax,Temnothorax jailensis
Formicidae,Temnothorax,Temnothorax janushevi
Formicidae,Temnothorax,Temnothorax jingzhe
Formicidae,Temnothorax,Temnothorax josephi
Formicidae,Temnothorax,Temnothorax kashmirensis
Formicidae,Temnothorax,Temnothorax kaszabi
Formicidae,Temnothorax,Temnothorax kathmanduensis
Formicidae,Temnothorax,Temnothorax kemali
Formicidae,Temnothorax,Temnothorax khatrii
Formicidae,Temnothorax,Temnothorax kinomurai
Formicidae,Temnothorax,Temnothorax kipyatkovi
Formicidae,Temnothorax,Temnothorax kirghizicus
Formicidae,Temnothorax,Temnothorax korbi
Formicidae,Temnothorax,Temnothorax koreanus
Formicidae,Temnothorax,Temnothorax kraussei
Formicidae,Temnothorax,Temnothorax kubira
Formicidae,Temnothorax,Temnothorax kuixing
Formicidae,Temnothorax,Temnothorax kurilensis
Formicidae,Temnothorax,Temnothorax kutteri
Formicidae,Temnothorax,Temnothorax kykkos
Formicidae,Temnothorax,Temnothorax laciniatus
Formicidae,Temnothorax,Temnothorax laconicus
Formicidae,Temnothorax,Temnothorax laestrygon
Formicidae,Temnothorax,Temnothorax laetus
Formicidae,Temnothorax,Temnothorax lagrecai
Formicidae,Temnothorax,Temnothorax lailae
Formicidae,Temnothorax,Temnothorax laticrus
Formicidae,Temnothorax,Temnothorax laurae
Formicidae,Temnothorax,Temnothorax leigong
Formicidae,Temnothorax,Temnothorax leimu
Formicidae,Temnothorax,Temnothorax leoni
Formicidae,Temnothorax,Temnothorax lereddei
Formicidae,Temnothorax,Temnothorax leucacanthoides
Formicidae,Temnothorax,Temnothorax leucacanthus
Formicidae,Temnothorax,Temnothorax leviceps
Formicidae,Temnothorax,Temnothorax leyeensis
Formicidae,Temnothorax,Temnothorax lichtensteini
Formicidae,Temnothorax,Temnothorax lichun
Formicidae,Temnothorax,Temnothorax lidong
Formicidae,Temnothorax,Temnothorax liebi
Formicidae,Temnothorax,Temnothorax liqiu
Formicidae,Temnothorax,Temnothorax liviae
Formicidae,Temnothorax,Temnothorax lixia
Formicidae,Temnothorax,Temnothorax longicaulis
Formicidae,Temnothorax,Temnothorax longinoi
Formicidae,Temnothorax,Temnothorax longipilosus
Formicidae,Temnothorax,Temnothorax longispinosus
Formicidae,Temnothorax,Temnothorax lucidus
Formicidae,Temnothorax,Temnothorax luteus
Formicidae,Temnothorax,Temnothorax magnabulla
Formicidae,Temnothorax,Temnothorax makora
Formicidae,Temnothorax,Temnothorax mangzhong
Formicidae,Temnothorax,Temnothorax manni
Formicidae,Temnothorax,Temnothorax maoerensis
Formicidae,Temnothorax,Temnothorax marae
Formicidae,Temnothorax,Temnothorax marocanus
Formicidae,Temnothorax,Temnothorax mauritanicus
Formicidae,Temnothorax,Temnothorax megalops
Formicidae,Temnothorax,Temnothorax mekira
Formicidae,Temnothorax,Temnothorax melanieae
Formicidae,Temnothorax,Temnothorax melas
Formicidae,Temnothorax,Temnothorax melleus
Formicidae,Temnothorax,Temnothorax melnikovi
Formicidae,Temnothorax,Temnothorax menozzii
Formicidae,Temnothorax,Temnothorax messiniaensis
Formicidae,Temnothorax,Temnothorax mexicanus
Formicidae,Temnothorax,Temnothorax michali
Formicidae,Temnothorax,Temnothorax microreticulatus
Formicidae,Temnothorax,Temnothorax mimeuri
Formicidae,Temnothorax,Temnothorax minotaurosi
Formicidae,Temnothorax,Temnothorax minozzii
Formicidae,Temnothorax,Temnothorax minutissimus
Formicidae,Temnothorax,Temnothorax mirabilis
Formicidae,Temnothorax,Temnothorax miserabilis
Formicidae,Temnothorax,Temnothorax misomoschus
Formicidae,Temnothorax,Temnothorax mitsukoae
Formicidae,Temnothorax,Temnothorax mongolicus
Formicidae,Temnothorax,Temnothorax monjauzei
Formicidae,Temnothorax,Temnothorax morea
Formicidae,Temnothorax,Temnothorax morongo
Formicidae,Temnothorax,Temnothorax mortoni
Formicidae,Temnothorax,Temnothorax mpala
Formicidae,Temnothorax,Temnothorax muellerianus
Formicidae,Temnothorax,Temnothorax myersi
Formicidae,Temnothorax,Temnothorax myrmiciformis
Formicidae,Temnothorax,Temnothorax mytilenes
Formicidae,Temnothorax,Temnothorax nadigi
Formicidae,Temnothorax,Temnothorax naeviventris
Formicidae,Temnothorax,Temnothorax nassonovi
Formicidae,Temnothorax,Temnothorax nebliselva
Formicidae,Temnothorax,Temnothorax nebulosus
Formicidae,Temnothorax,Temnothorax neminan
Formicidae,Temnothorax,Temnothorax neomexicanus
Formicidae,Temnothorax,Temnothorax nevadensis
Formicidae,Temnothorax,Temnothorax niger
Formicidae,Temnothorax,Temnothorax nigricans
Formicidae,Temnothorax,Temnothorax nigriceps
Formicidae,Temnothorax,Temnothorax nigritus
Formicidae,Temnothorax,Temnothorax nikoklesi
Formicidae,Temnothorax,Temnothorax nipensis
Formicidae,Temnothorax,Temnothorax nitens
Formicidae,Temnothorax,Temnothorax nitidiceps
Formicidae,Temnothorax,Temnothorax nordmeyeri
Formicidae,Temnothorax,Temnothorax normandi
Formicidae,Temnothorax,Temnothorax nuwuvi
Formicidae,Temnothorax,Temnothorax nylanderi
Formicidae,Temnothorax,Temnothorax obliquicanthus
Formicidae,Temnothorax,Temnothorax obscurior
Formicidae,Temnothorax,Temnothorax obturator
Formicidae,Temnothorax,Temnothorax obtusigaster
Formicidae,Temnothorax,Temnothorax ocarinae
Formicidae,Temnothorax,Temnothorax oraniensis
Formicidae,Temnothorax,Temnothorax orchidus
Formicidae,Temnothorax,Temnothorax oreades
Formicidae,Temnothorax,Temnothorax oxianus
Formicidae,Temnothorax,Temnothorax oxynodis
Formicidae,Temnothorax,Temnothorax paiute
Formicidae,Temnothorax,Temnothorax pakistanensis
Formicidae,Temnothorax,Temnothorax pallidipes
Formicidae,Temnothorax,Temnothorax pallidus
Formicidae,Temnothorax,Temnothorax palustris
Formicidae,Temnothorax,Temnothorax pamiricus
Formicidae,Temnothorax,Temnothorax pan
Formicidae,Temnothorax,Temnothorax pangchenensis
Formicidae,Temnothorax,Temnothorax paraztecus
Formicidae,Temnothorax,Temnothorax pardoi
Formicidae,Temnothorax,Temnothorax parnonensis
Formicidae,Temnothorax,Temnothorax parralensis
Formicidae,Temnothorax,Temnothorax parvidentatus
Formicidae,Temnothorax,Temnothorax parvulus
Formicidae,Temnothorax,Temnothorax pastinifer
Formicidae,Temnothorax,Temnothorax pathibharaensis
Formicidae,Temnothorax,Temnothorax pelagosanus
Formicidae,Temnothorax,Temnothorax peninsularis
Formicidae,Temnothorax,Temnothorax pergandei
Formicidae,Temnothorax,Temnothorax personatus
Formicidae,Temnothorax,Temnothorax peyerimhoffi
Formicidae,Temnothorax,Temnothorax phaetoni
Formicidae,Temnothorax,Temnothorax pilagens
Formicidae,Temnothorax,Temnothorax pilicornis
Formicidae,Temnothorax,Temnothorax pisarskii
Formicidae,Temnothorax,Temnothorax platycephalus
Formicidae,Temnothorax,Temnothorax platycnemis
Formicidae,Temnothorax,Temnothorax poeyi
Formicidae,Temnothorax,Temnothorax poldii
Formicidae,Temnothorax,Temnothorax politus
Formicidae,Temnothorax,Temnothorax porphyritis
Formicidae,Temnothorax,Temnothorax productus
Formicidae,Temnothorax,Temnothorax proteii
Formicidae,Temnothorax,Temnothorax pseudandrei
Formicidae,Temnothorax,Temnothorax pulchellus
Formicidae,Temnothorax,Temnothorax punctaticeps
Formicidae,Temnothorax,Temnothorax punctatissimus
Formicidae,Temnothorax,Temnothorax punctithorax
Formicidae,Temnothorax,Temnothorax punicans
Formicidae,Temnothorax,Temnothorax pupseli
Formicidae,Temnothorax,Temnothorax purpuratus
Formicidae,Temnothorax,Temnothorax qingming
Formicidae,Temnothorax,Temnothorax qiu
Formicidae,Temnothorax,Temnothorax qiufen
Formicidae,Temnothorax,Temnothorax quasimodo
Formicidae,Temnothorax,Temnothorax quercicola
Formicidae,Temnothorax,Temnothorax quetzal
Formicidae,Temnothorax,Temnothorax racovitzai
Formicidae,Temnothorax,Temnothorax ravouxi
Formicidae,Temnothorax,Temnothorax recedens
Formicidae,Temnothorax,Temnothorax reduncus
Formicidae,Temnothorax,Temnothorax reticulatus
Formicidae,Temnothorax,Temnothorax risii
Formicidae,Temnothorax,Temnothorax rogeri
Formicidae,Temnothorax,Temnothorax rothneyi
Formicidae,Temnothorax,Temnothorax rottenbergii
Formicidae,Temnothorax,Temnothorax rougeti
Formicidae,Temnothorax,Temnothorax rudis
Formicidae,Temnothorax,Temnothorax rufus
Formicidae,Temnothorax,Temnothorax rugatulus
Formicidae,Temnothorax,Temnothorax ruginosus
Formicidae,Temnothorax,Temnothorax rugithorax
Formicidae,Temnothorax,Temnothorax rugosus
Formicidae,Temnothorax,Temnothorax rugulosus
Formicidae,Temnothorax,Temnothorax rutabulafer
Formicidae,Temnothorax,Temnothorax sallei
Formicidae,Temnothorax,Temnothorax salvini
Formicidae,Temnothorax,Temnothorax santra
Formicidae,Temnothorax,Temnothorax santschii
Formicidae,Temnothorax,Temnothorax sappho
Formicidae,Temnothorax,Temnothorax sardous
Formicidae,Temnothorax,Temnothorax satunini
Formicidae,Temnothorax,Temnothorax saxatilis
Formicidae,Temnothorax,Temnothorax saxonicus
Formicidae,Temnothorax,Temnothorax scabriosus
Formicidae,Temnothorax,Temnothorax schaufussi
Formicidae,Temnothorax,Temnothorax schaumii
Formicidae,Temnothorax,Temnothorax schmittii
Formicidae,Temnothorax,Temnothorax schoedli
Formicidae,Temnothorax,Temnothorax schurri
Formicidae,Temnothorax,Temnothorax schwarzi
Formicidae,Temnothorax,Temnothorax semenovi
Formicidae,Temnothorax,Temnothorax semiruber
Formicidae,Temnothorax,Temnothorax senectutis
Formicidae,Temnothorax,Temnothorax sentosus
Formicidae,Temnothorax,Temnothorax serviculus
Formicidae,Temnothorax,Temnothorax sevanensis
Formicidae,Temnothorax,Temnothorax shannxiensis
Formicidae,Temnothorax,Temnothorax shelkovnikovi
Formicidae,Temnothorax,Temnothorax shuangjiang
Formicidae,Temnothorax,Temnothorax siculus
Formicidae,Temnothorax,Temnothorax silvestrii
Formicidae,Temnothorax,Temnothorax simesno
Formicidae,Temnothorax,Temnothorax simlensis
Formicidae,Temnothorax,Temnothorax singularis
Formicidae,Temnothorax,Temnothorax sirindhornae
Formicidae,Temnothorax,Temnothorax skwarrae
Formicidae,Temnothorax,Temnothorax smithi
Formicidae,Temnothorax,Temnothorax smyrnensis
Formicidae,Temnothorax,Temnothorax solerii
Formicidae,Temnothorax,Temnothorax solidinodus
Formicidae,Temnothorax,Temnothorax sordidulus
Formicidae,Temnothorax,Temnothorax spinosior
Formicidae,Temnothorax,Temnothorax spinosus
Formicidae,Temnothorax,Temnothorax splendens
Formicidae,Temnothorax,Temnothorax splendidiceps
Formicidae,Temnothorax,Temnothorax squamifer
Formicidae,Temnothorax,Temnothorax steinbergi
Formicidae,Temnothorax,Temnothorax stenotyle
Formicidae,Temnothorax,Temnothorax stollii
Formicidae,Temnothorax,Temnothorax striatulus
Formicidae,Temnothorax,Temnothorax striatus
Formicidae,Temnothorax,Temnothorax strymonensis
Formicidae,Temnothorax,Temnothorax stumperi
Formicidae,Temnothorax,Temnothorax subcingulatus
Formicidae,Temnothorax,Temnothorax subditivus
Formicidae,Temnothorax,Temnothorax suberis
Formicidae,Temnothorax,Temnothorax subtilis
Formicidae,Temnothorax,Temnothorax susamyri
Formicidae,Temnothorax,Temnothorax taivanensis
Formicidae,Temnothorax,Temnothorax tamriensis
Formicidae,Temnothorax,Temnothorax tarbinskii
Formicidae,Temnothorax,Temnothorax tebessae
Formicidae,Temnothorax,Temnothorax tembotovi
Formicidae,Temnothorax,Temnothorax tenuisculptus
Formicidae,Temnothorax,Temnothorax tenuispinus
Formicidae,Temnothorax,Temnothorax tergestinus
Formicidae,Temnothorax,Temnothorax terraztecus
Formicidae,Temnothorax,Temnothorax terricola
Formicidae,Temnothorax,Temnothorax terrigena
Formicidae,Temnothorax,Temnothorax tesquorum
Formicidae,Temnothorax,Temnothorax texanus
Formicidae,Temnothorax,Temnothorax theryi
Formicidae,Temnothorax,Temnothorax tianpeng
Formicidae,Temnothorax,Temnothorax tianschanicus
Formicidae,Temnothorax,Temnothorax torrei
Formicidae,Temnothorax,Temnothorax totonicapani
Formicidae,Temnothorax,Temnothorax trabutii
Formicidae,Temnothorax,Temnothorax tramieri
Formicidae,Temnothorax,Temnothorax triangularis
Formicidae,Temnothorax,Temnothorax tricarinatus
Formicidae,Temnothorax,Temnothorax tricolor
Formicidae,Temnothorax,Temnothorax tuberum
Formicidae,Temnothorax,Temnothorax turcicus
Formicidae,Temnothorax,Temnothorax turritellus
Formicidae,Temnothorax,Temnothorax tuscaloosae
Formicidae,Temnothorax,Temnothorax tuxtlanus
Formicidae,Temnothorax,Temnothorax tyndalei
Formicidae,Temnothorax,Temnothorax unifasciatus
Formicidae,Temnothorax,Temnothorax universitatis
Formicidae,Temnothorax,Temnothorax usunkul
Formicidae,Temnothorax,Temnothorax variabilis
Formicidae,Temnothorax,Temnothorax versicolor
Formicidae,Temnothorax,Temnothorax villarensis
Formicidae,Temnothorax,Temnothorax violaceus
Formicidae,Temnothorax,Temnothorax vivianoi
Formicidae,Temnothorax,Temnothorax volgensis
Formicidae,Temnothorax,Temnothorax wardi
Formicidae,Temnothorax,Temnothorax wettereri
Formicidae,Temnothorax,Temnothorax wheeleri
Formicidae,Temnothorax,Temnothorax whitfordi
Formicidae,Temnothorax,Temnothorax wilsoni
Formicidae,Temnothorax,Temnothorax wollastoni
Formicidae,Temnothorax,Temnothorax wroughtonii
Formicidae,Temnothorax,Temnothorax wui
Formicidae,Temnothorax,Temnothorax xanthos
Formicidae,Temnothorax,Temnothorax xia
Formicidae,Temnothorax,Temnothorax xiaohan
Formicidae,Temnothorax,Temnothorax xiaoman
Formicidae,Temnothorax,Temnothorax xiaoshu
Formicidae,Temnothorax,Temnothorax xiaoxue
Formicidae,Temnothorax,Temnothorax xiazhi
Formicidae,Temnothorax,Temnothorax xincai
Formicidae,Temnothorax,Temnothorax yanwan
Formicidae,Temnothorax,Temnothorax yushui
Formicidae,Temnothorax,Temnothorax zabelini
Formicidae,Temnothorax,Temnothorax zhejiangensis
Formicidae,Terataner,Terataner alluaudi
Formicidae,Terataner,Terataner balrog
Formicidae,Terataner,Terataner bottegoi
Formicidae,Terataner,Terataner elegans
Formicidae,Terataner,Terataner foreli
Formicidae,Terataner,Terataner luteus
Formicidae,Terataner,Terataner nymeria
Formicidae,Terataner,Terataner piceus
Formicidae,Terataner,Terataner rufipes
Formicidae,Terataner,Terataner scotti
Formicidae,Terataner,Terataner steinheili
Formicidae,Terataner,Terataner transvaalensis
Formicidae,Terataner,Terataner velatus
Formicidae,Terataner,Terataner xaltus
Formicidae,Teratomyrmex,Teratomyrmex greavesi
Formicidae,Teratomyrmex,Teratomyrmex substrictus
Formicidae,Teratomyrmex,Teratomyrmex tinae
Formicidae,Tetheamyrma,Tetheamyrma bidentata
Formicidae,Tetheamyrma,Tetheamyrma subspongia
Formicidae,Tetraponera,Tetraponera aethiops
Formicidae,Tetraponera,Tetraponera aitkenii
Formicidae,Tetraponera,Tetraponera allaborans
Formicidae,Tetraponera,Tetraponera amargina
Formicidae,Tetraponera,Tetraponera ambigua
Formicidae,Tetraponera,Tetraponera andrei
Formicidae,Tetraponera,Tetraponera anthracina
Formicidae,Tetraponera,Tetraponera apiculata
Formicidae,Tetraponera,Tetraponera atra
Formicidae,Tetraponera,Tetraponera attenuata
Formicidae,Tetraponera,Tetraponera avia
Formicidae,Tetraponera,Tetraponera binghami
Formicidae,Tetraponera,Tetraponera bita
Formicidae,Tetraponera,Tetraponera brevis
Formicidae,Tetraponera,Tetraponera buops
Formicidae,Tetraponera,Tetraponera caffra
Formicidae,Tetraponera,Tetraponera clypeata
Formicidae,Tetraponera,Tetraponera concava
Formicidae,Tetraponera,Tetraponera conica
Formicidae,Tetraponera,Tetraponera connectens
Formicidae,Tetraponera,Tetraponera continua
Formicidae,Tetraponera,Tetraponera convexa
Formicidae,Tetraponera,Tetraponera cortina
Formicidae,Tetraponera,Tetraponera crassiuscula
Formicidae,Tetraponera,Tetraponera diana
Formicidae,Tetraponera,Tetraponera difficilis
Formicidae,Tetraponera,Tetraponera dispar
Formicidae,Tetraponera,Tetraponera elegans
Formicidae,Tetraponera,Tetraponera emeryi
Formicidae,Tetraponera,Tetraponera exactor
Formicidae,Tetraponera,Tetraponera exasciata
Formicidae,Tetraponera,Tetraponera extenuata
Formicidae,Tetraponera,Tetraponera fictrix
Formicidae,Tetraponera,Tetraponera furcata
Formicidae,Tetraponera,Tetraponera furtiva
Formicidae,Tetraponera,Tetraponera gerdae
Formicidae,Tetraponera,Tetraponera grandidieri
Formicidae,Tetraponera,Tetraponera hespera
Formicidae,Tetraponera,Tetraponera hirsuta
Formicidae,Tetraponera,Tetraponera hysterica
Formicidae,Tetraponera,Tetraponera inermis
Formicidae,Tetraponera,Tetraponera inversinodis
Formicidae,Tetraponera,Tetraponera kosi
Formicidae,Tetraponera,Tetraponera laeviceps
Formicidae,Tetraponera,Tetraponera latifrons
Formicidae,Tetraponera,Tetraponera liengmei
Formicidae,Tetraponera,Tetraponera longula
Formicidae,Tetraponera,Tetraponera manangotra
Formicidae,Tetraponera,Tetraponera mandibularis
Formicidae,Tetraponera,Tetraponera mayri
Formicidae,Tetraponera,Tetraponera merita
Formicidae,Tetraponera,Tetraponera microcarpa
Formicidae,Tetraponera,Tetraponera mimula
Formicidae,Tetraponera,Tetraponera mocquerysi
Formicidae,Tetraponera,Tetraponera modesta
Formicidae,Tetraponera,Tetraponera morondaviensis
Formicidae,Tetraponera,Tetraponera natalensis
Formicidae,Tetraponera,Tetraponera nigra
Formicidae,Tetraponera,Tetraponera nitida
Formicidae,Tetraponera,Tetraponera nixa
Formicidae,Tetraponera,Tetraponera nodosa
Formicidae,Tetraponera,Tetraponera notabilis
Formicidae,Tetraponera,Tetraponera ophthalmica
Formicidae,Tetraponera,Tetraponera parops
Formicidae,Tetraponera,Tetraponera pedana
Formicidae,Tetraponera,Tetraponera penzigi
Formicidae,Tetraponera,Tetraponera periyarensis
Formicidae,Tetraponera,Tetraponera perlonga
Formicidae,Tetraponera,Tetraponera phragmotica
Formicidae,Tetraponera,Tetraponera pilosa
Formicidae,Tetraponera,Tetraponera polita
Formicidae,Tetraponera,Tetraponera protensa
Formicidae,Tetraponera,Tetraponera pumila
Formicidae,Tetraponera,Tetraponera punctulata
Formicidae,Tetraponera,Tetraponera rakotonis
Formicidae,Tetraponera,Tetraponera redacta
Formicidae,Tetraponera,Tetraponera rotula
Formicidae,Tetraponera,Tetraponera rufonigra
Formicidae,Tetraponera,Tetraponera sahlbergii
Formicidae,Tetraponera,Tetraponera schulthessi
Formicidae,Tetraponera,Tetraponera setosa
Formicidae,Tetraponera,Tetraponera sirindhornae
Formicidae,Tetraponera,Tetraponera tessmanni
Formicidae,Tetraponera,Tetraponera tucurua
Formicidae,Tetraponera,Tetraponera vantix
Formicidae,Tetraponera,Tetraponera variegata
Formicidae,Tetraponera,Tetraponera vivax
Formicidae,Tetraponera,Tetraponera volucris
Formicidae,Thaumatomyrmex,Thaumatomyrmex atrox
Formicidae,Thaumatomyrmex,Thaumatomyrmex bariay
Formicidae,Thaumatomyrmex,Thaumatomyrmex cochlearis
Formicidae,Thaumatomyrmex,Thaumatomyrmex contumax
Formicidae,Thaumatomyrmex,Thaumatomyrmex ferox
Formicidae,Thaumatomyrmex,Thaumatomyrmex fraxini
Formicidae,Thaumatomyrmex,Thaumatomyrmex mandibularis
Formicidae,Thaumatomyrmex,Thaumatomyrmex manni
Formicidae,Thaumatomyrmex,Thaumatomyrmex mutilatus
Formicidae,Thaumatomyrmex,Thaumatomyrmex nageli
Formicidae,Thaumatomyrmex,Thaumatomyrmex paludis
Formicidae,Thaumatomyrmex,Thaumatomyrmex soesilae
Formicidae,Thaumatomyrmex,Thaumatomyrmex zeteki
Formicidae,Trachymyrmex,Trachymyrmex arizonensis
Formicidae,Trachymyrmex,Trachymyrmex carinatus
Formicidae,Trachymyrmex,Trachymyrmex desertorum
Formicidae,Trachymyrmex,Trachymyrmex nogalensis
Formicidae,Trachymyrmex,Trachymyrmex pakawa
Formicidae,Trachymyrmex,Trachymyrmex pomonae
Formicidae,Trachymyrmex,Trachymyrmex saussurei
Formicidae,Trachymyrmex,Trachymyrmex septentrionalis
Formicidae,Trachymyrmex,Trachymyrmex smithi
Formicidae,Tranopelta,Tranopelta gilva
Formicidae,Tranopelta,Tranopelta subterranea
Formicidae,Trichomyrmex,Trichomyrmex aberrans
Formicidae,Trichomyrmex,Trichomyrmex abyssinicus
Formicidae,Trichomyrmex,Trichomyrmex almosayari
Formicidae,Trichomyrmex,Trichomyrmex bodenheimeri
Formicidae,Trichomyrmex,Trichomyrmex chobauti
Formicidae,Trichomyrmex,Trichomyrmex criniceps
Formicidae,Trichomyrmex,Trichomyrmex dentigera
Formicidae,Trichomyrmex,Trichomyrmex destructor
Formicidae,Trichomyrmex,Trichomyrmex dilatatum
Formicidae,Trichomyrmex,Trichomyrmex emeryi
Formicidae,Trichomyrmex,Trichomyrmex epinotalis
Formicidae,Trichomyrmex,Trichomyrmex evansi
Formicidae,Trichomyrmex,Trichomyrmex glaber
Formicidae,Trichomyrmex,Trichomyrmex kempi
Formicidae,Trichomyrmex,Trichomyrmex lameerei
Formicidae,Trichomyrmex,Trichomyrmex mayri
Formicidae,Trichomyrmex,Trichomyrmex muticus
Formicidae,Trichomyrmex,Trichomyrmex nengraharicum
Formicidae,Trichomyrmex,Trichomyrmex oscaris
Formicidae,Trichomyrmex,Trichomyrmex perplexus
Formicidae,Trichomyrmex,Trichomyrmex robustior
Formicidae,Trichomyrmex,Trichomyrmex rogeri
Formicidae,Trichomyrmex,Trichomyrmex santschii
Formicidae,Trichomyrmex,Trichomyrmex scabriceps
Formicidae,Trichomyrmex,Trichomyrmex shakeri
Formicidae,Trichomyrmex,Trichomyrmex wroughtoni
Formicidae,Tropidomyrmex,Tropidomyrmex elianae
Formicidae,Turneria,Turneria arbusta
Formicidae,Turneria,Turneria bidentata
Formicidae,Turneria,Turneria collina
Formicidae,Turneria,Turneria dahlii
Formicidae,Turneria,Turneria frenchi
Formicidae,Turneria,Turneria pacifica
Formicidae,Turneria,Turneria postomma
Formicidae,Turneria,Turneria rosschinga
Formicidae,Typhlomyrmex,Typhlomyrmex clavicornis
Formicidae,Typhlomyrmex,Typhlomyrmex encanto
Formicidae,Typhlomyrmex,Typhlomyrmex foreli
Formicidae,Typhlomyrmex,Typhlomyrmex lavra
Formicidae,Typhlomyrmex,Typhlomyrmex lenis
Formicidae,Typhlomyrmex,Typhlomyrmex major
Formicidae,Typhlomyrmex,Typhlomyrmex meire
Formicidae,Typhlomyrmex,Typhlomyrmex prolatus
Formicidae,Typhlomyrmex,Typhlomyrmex pusillus
Formicidae,Typhlomyrmex,Typhlomyrmex reichenspergeri
Formicidae,Typhlomyrmex,Typhlomyrmex rogenhoferi
Formicidae,Tyrannomyrmex,Tyrannomyrmex alii
Formicidae,Tyrannomyrmex,Tyrannomyrmex dux
Formicidae,Tyrannomyrmex,Tyrannomyrmex legatus
Formicidae,Tyrannomyrmex,Tyrannomyrmex rex
Formicidae,Unicumyrmex,Unicumyrmex fushanensis
Formicidae,Unicumyrmex,Unicumyrmex sp
Formicidae,Uwari,Uwari keihitoi
Formicidae,Uwari,Uwari sp
Formicidae,Veromessor,Veromessor andrei
Formicidae,Veromessor,Veromessor chamberlini
Formicidae,Veromessor,Veromessor chicoensis
Formicidae,Veromessor,Veromessor julianus
Formicidae,Veromessor,Veromessor lariversi
Formicidae,Veromessor,Veromessor lobognathus
Formicidae,Veromessor,Veromessor pergandei
Formicidae,Veromessor,Veromessor pseudolariversi
Formicidae,Veromessor,Veromessor smithi
Formicidae,Veromessor,Veromessor stoddardi
Formicidae,Vicinopone,Vicinopone conciliatrix
Formicidae,Vitsika,Vitsika acclivitas
Formicidae,Vitsika,Vitsika astuta
Formicidae,Vitsika,Vitsika brevis
Formicidae,Vitsika,Vitsika breviscapa
Formicidae,Vitsika,Vitsika crebra
Formicidae,Vitsika,Vitsika disjuncta
Formicidae,Vitsika,Vitsika incisura
Formicidae,Vitsika,Vitsika labes
Formicidae,Vitsika,Vitsika manifesta
Formicidae,Vitsika,Vitsika miranda
Formicidae,Vitsika,Vitsika obscura
Formicidae,Vitsika,Vitsika procera
Formicidae,Vitsika,Vitsika producta
Formicidae,Vitsika,Vitsika suspicax
Formicidae,Vitsika,Vitsika tenuis
Formicidae,Vitsika,Vitsika venustas
Formicidae,Vollenhovia,Vollenhovia amamiana
Formicidae,Vollenhovia,Vollenhovia ambitiosa
Formicidae,Vollenhovia,Vollenhovia banksi
Formicidae,Vollenhovia,Vollenhovia benzai
Formicidae,Vollenhovia,Vollenhovia brachycera
Formicidae,Vollenhovia,Vollenhovia brevicornis
Formicidae,Vollenhovia,Vollenhovia brunnea
Formicidae,Vollenhovia,Vollenhovia butteli
Formicidae,Vollenhovia,Vollenhovia cristata
Formicidae,Vollenhovia,Vollenhovia dentata
Formicidae,Vollenhovia,Vollenhovia denticulata
Formicidae,Vollenhovia,Vollenhovia duodecimalis
Formicidae,Vollenhovia,Vollenhovia elysii
Formicidae,Vollenhovia,Vollenhovia emeryi
Formicidae,Vollenhovia,Vollenhovia escherichi
Formicidae,Vollenhovia,Vollenhovia foveaceps
Formicidae,Vollenhovia,Vollenhovia gastropunctata
Formicidae,Vollenhovia,Vollenhovia hewitti
Formicidae,Vollenhovia,Vollenhovia irenea
Formicidae,Vollenhovia,Vollenhovia karimalaensis
Formicidae,Vollenhovia,Vollenhovia kaselela
Formicidae,Vollenhovia,Vollenhovia keralensis
Formicidae,Vollenhovia,Vollenhovia loboii
Formicidae,Vollenhovia,Vollenhovia longicephala
Formicidae,Vollenhovia,Vollenhovia longiceps
Formicidae,Vollenhovia,Vollenhovia lucimandibula
Formicidae,Vollenhovia,Vollenhovia luctuosa
Formicidae,Vollenhovia,Vollenhovia mawrapensis
Formicidae,Vollenhovia,Vollenhovia menshen
Formicidae,Vollenhovia,Vollenhovia minuta
Formicidae,Vollenhovia,Vollenhovia modiglianii
Formicidae,Vollenhovia,Vollenhovia moesta
Formicidae,Vollenhovia,Vollenhovia mwereka
Formicidae,Vollenhovia,Vollenhovia nipponica
Formicidae,Vollenhovia,Vollenhovia nitida
Formicidae,Vollenhovia,Vollenhovia novobritainae
Formicidae,Vollenhovia,Vollenhovia oblonga
Formicidae,Vollenhovia,Vollenhovia okinawana
Formicidae,Vollenhovia,Vollenhovia opacinoda
Formicidae,Vollenhovia,Vollenhovia overbecki
Formicidae,Vollenhovia,Vollenhovia pacifica
Formicidae,Vollenhovia,Vollenhovia papuana
Formicidae,Vollenhovia,Vollenhovia penetrans
Formicidae,Vollenhovia,Vollenhovia pertinax
Formicidae,Vollenhovia,Vollenhovia pfeifferi
Formicidae,Vollenhovia,Vollenhovia piroskae
Formicidae,Vollenhovia,Vollenhovia punctata
Formicidae,Vollenhovia,Vollenhovia punctatostriata
Formicidae,Vollenhovia,Vollenhovia pwidikidika
Formicidae,Vollenhovia,Vollenhovia pyrrhoria
Formicidae,Vollenhovia,Vollenhovia rufipes
Formicidae,Vollenhovia,Vollenhovia rufiventris
Formicidae,Vollenhovia,Vollenhovia sakishimana
Formicidae,Vollenhovia,Vollenhovia samoensis
Formicidae,Vollenhovia,Vollenhovia satoi
Formicidae,Vollenhovia,Vollenhovia shunfenger
Formicidae,Vollenhovia,Vollenhovia simoides
Formicidae,Vollenhovia,Vollenhovia soleaferrea
Formicidae,Vollenhovia,Vollenhovia subtilis
Formicidae,Vollenhovia,Vollenhovia taylori
Formicidae,Vollenhovia,Vollenhovia terayamai
Formicidae,Vollenhovia,Vollenhovia umbilicata
Formicidae,Vollenhovia,Vollenhovia undecimalis
Formicidae,Vollenhovia,Vollenhovia xingjun
Formicidae,Vollenhovia,Vollenhovia yambaru
Formicidae,Vollenhovia,Vollenhovia yasmeenae
Formicidae,Vombisidris,Vombisidris acherdos
Formicidae,Vombisidris,Vombisidris australis
Formicidae,Vombisidris,Vombisidris bilongrudi
Formicidae,Vombisidris,Vombisidris deniseae
Formicidae,Vombisidris,Vombisidris dryas
Formicidae,Vombisidris,Vombisidris freyae
Formicidae,Vombisidris,Vombisidris harpeza
Formicidae,Vombisidris,Vombisidris humboldticola
Formicidae,Vombisidris,Vombisidris jacobsoni
Formicidae,Vombisidris,Vombisidris leonardcoi
Formicidae,Vombisidris,Vombisidris lochme
Formicidae,Vombisidris,Vombisidris mangautol
Formicidae,Vombisidris,Vombisidris nahet
Formicidae,Vombisidris,Vombisidris occidua
Formicidae,Vombisidris,Vombisidris philax
Formicidae,Vombisidris,Vombisidris philippina
Formicidae,Vombisidris,Vombisidris regina
Formicidae,Vombisidris,Vombisidris renateae
Formicidae,Vombisidris,Vombisidris sabineschoppea
Formicidae,Vombisidris,Vombisidris satunensis
Formicidae,Vombisidris,Vombisidris sirindhornae
Formicidae,Vombisidris,Vombisidris starri
Formicidae,Vombisidris,Vombisidris thompsoni
Formicidae,Vombisidris,Vombisidris tibeta
Formicidae,Vombisidris,Vombisidris umbrabdomina
Formicidae,Vombisidris,Vombisidris xylochos
Formicidae,Wadeura,Wadeura guianensis
Formicidae,Wadeura,Wadeura holmgreni
Formicidae,Wadeura,Wadeura holmgrenita
Formicidae,Wadeura,Wadeura pauli
Formicidae,Wasmannia,Wasmannia affinis
Formicidae,Wasmannia,Wasmannia auropunctata
Formicidae,Wasmannia,Wasmannia iheringi
Formicidae,Wasmannia,Wasmannia longiseta
Formicidae,Wasmannia,Wasmannia lutzi
Formicidae,Wasmannia,Wasmannia rochai
Formicidae,Wasmannia,Wasmannia scrobifera
Formicidae,Wasmannia,Wasmannia sigmoidea
Formicidae,Wasmannia,Wasmannia sulcaticeps
Formicidae,Wasmannia,Wasmannia villosa
Formicidae,Wasmannia,Wasmannia williamsoni
Formicidae,Xenomyrmex,Xenomyrmex floridanus
Formicidae,Xenomyrmex,Xenomyrmex panamanus
Formicidae,Xenomyrmex,Xenomyrmex picquarti
Formicidae,Xenomyrmex,Xenomyrmex stollii
Formicidae,Xerolitor,Xerolitor explicatus
Formicidae,Xiphopelta,Xiphopelta ambigua
Formicidae,Xiphopelta,Xiphopelta elisae
Formicidae,Xiphopelta,Xiphopelta flavopilosa
Formicidae,Xiphopelta,Xiphopelta nimba
Formicidae,Xiphopelta,Xiphopelta novemdentata
Formicidae,Xiphopelta,Xiphopelta picea
Formicidae,Xiphopelta,Xiphopelta scolopax
Formicidae,Xiphopelta,Xiphopelta senegalensis
Formicidae,Xiphopelta,Xiphopelta testacea
Formicidae,Xiphopelta,Xiphopelta villiersi
Formicidae,Xiphopelta,Xiphopelta weberi
Formicidae,Xymmer,Xymmer muticus
Formicidae,Xymmer,Xymmer paniscus
Formicidae,Xymmer,Xymmer phungi
Formicidae,Yunodorylus,Yunodorylus doryloides
Formicidae,Yunodorylus,Yunodorylus eguchii
Formicidae,Yunodorylus,Yunodorylus paradoxus
Formicidae,Yunodorylus,Yunodorylus sexspinus
Formicidae,Zasphinctus,Zasphinctus aprilia
Formicidae,Zasphinctus,Zasphinctus asper
Formicidae,Zasphinctus,Zasphinctus caledonicus
Formicidae,Zasphinctus,Zasphinctus cedaris
Formicidae,Zasphinctus,Zasphinctus chariensis
Formicidae,Zasphinctus,Zasphinctus clarus
Formicidae,Zasphinctus,Zasphinctus cribratus
Formicidae,Zasphinctus,Zasphinctus duchaussoyi
Formicidae,Zasphinctus,Zasphinctus emeryi
Formicidae,Zasphinctus,Zasphinctus froggatti
Formicidae,Zasphinctus,Zasphinctus imbecilis
Formicidae,Zasphinctus,Zasphinctus kouakoui
Formicidae,Zasphinctus,Zasphinctus lolae
Formicidae,Zasphinctus,Zasphinctus lumumbai
Formicidae,Zasphinctus,Zasphinctus mjobergi
Formicidae,Zasphinctus,Zasphinctus myops
Formicidae,Zasphinctus,Zasphinctus ndouri
Formicidae,Zasphinctus,Zasphinctus nigricans
Formicidae,Zasphinctus,Zasphinctus obamai
Formicidae,Zasphinctus,Zasphinctus occidentalis
Formicidae,Zasphinctus,Zasphinctus rufiventris
Formicidae,Zasphinctus,Zasphinctus sahyadriensis
Formicidae,Zasphinctus,Zasphinctus sarowiwai
Formicidae,Zasphinctus,Zasphinctus septentrionalis
Formicidae,Zasphinctus,Zasphinctus siamensis
Formicidae,Zasphinctus,Zasphinctus steinheili
Formicidae,Zasphinctus,Zasphinctus trux
Formicidae,Zasphinctus,Zasphinctus turneri
Formicidae,Zasphinctus,Zasphinctus wilsoni
Formicidae,Zatania,Zatania albimaculata
Formicidae,Zatania,Zatania cisipa
Formicidae,Zatania,Zatania darlingtoni
Formicidae,Zatania,Zatania gibberosa
Formicidae,Zatania,Zatania gloriosa
Formicidae,Zatania,Zatania karstica
