taxon,birth,death,ccp,source
__TAXONOMIC_ROOT__,0.44638922694031546,0.3651456680463725,0.9996586659499218,computed
Formicidae,0.44638922694031546,0.3651456680463725,0.9996586659499218,computed
Adlerzia,0.44638922694031546,0.3651456680463725,0,from Formicidae (singleton)
Aneuretus,0.44638922694031546,0.3651456680463725,0,from Formicidae (singleton)
Ankylomyrma,0.44638922694031546,0.3651456680463725,0,from Formicidae (singleton)
Aphomomyrmex,0.44638922694031546,0.3651456680463725,0,from Formicidae (singleton)
Apomyrma,0.44638922694031546,0.3651456680463725,0,from Formicidae (singleton)
Aptinoma,0.44638922694031546,0.3651456680463725,1.0,from Formicidae (cherry)
Bariamyrma,0.44638922694031546,0.3651456680463725,0,from Formicidae (singleton)
Bazboltonia,0.44638922694031546,0.3651456680463725,0,from Formicidae (singleton)
Belonopelta,0.44638922694031546,0.3651456680463725,1.0,from Formicidae (cherry)
Buniapone,0.44638922694031546,0.3651456680463725,0,from Formicidae (singleton)
Chimaeridris,0.44638922694031546,0.3651456680463725,0.0,from Formicidae (unsampled)
Condylodon,0.44638922694031546,0.3651456680463725,0.0,from Formicidae (unsampled)
Corrieopone,0.44638922694031546,0.3651456680463725,0,from Formicidae (singleton)
Cyatta,0.44638922694031546,0.3651456680463725,0,from Formicidae (singleton)
Dacatria,0.44638922694031546,0.3651456680463725,0,from Formicidae (singleton)
Diaphoromyrma,0.44638922694031546,0.3651456680463725,0,from Formicidae (singleton)
Dinomyrmex,0.44638922694031546,0.3651456680463725,0,from Formicidae (singleton)
Diplomorium,0.44638922694031546,0.3651456680463725,0,from Formicidae (singleton)
Dolioponera,0.44638922694031546,0.3651456680463725,0,from Formicidae (singleton)
Dolopomyrmex,0.44638922694031546,0.3651456680463725,0,from Formicidae (singleton)
Epelysidris,0.44638922694031546,0.3651456680463725,0,from Formicidae (singleton)
Erromyrma,0.44638922694031546,0.3651456680463725,0,from Formicidae (singleton)
Euponera,0.15602023623762776,0.0,1.0,computed
Eutetramorium,0.018542406164325835,0.0,1.0,computed
Feroponera,0.44638922694031546,0.3651456680463725,0,from Formicidae (singleton)
Froggattella,0.44638922694031546,0.3651456680463725,1.0,from Formicidae (cherry)
Gigantiops,0.44638922694031546,0.3651456680463725,0,from Formicidae (singleton)
Gracilidris,0.44638922694031546,0.3651456680463725,0,from Formicidae (singleton)
Hagensia,0.44638922694031546,0.3651456680463725,1.0,from Formicidae (cherry)
Huberia,0.44638922694031546,0.3651456680463725,1.0,from Formicidae (cherry)
Iberoformica,0.44638922694031546,0.3651456680463725,0,from Formicidae (singleton)
Kalathomyrmex,0.44638922694031546,0.3651456680463725,0,from Formicidae (singleton)
Kempfidris,0.44638922694031546,0.3651456680463725,0,from Formicidae (singleton)
Lathidris,0.06928634479873888,0.06928395040447775,1.0,computed
Liomyrmex,0.44638922694031546,0.3651456680463725,0,from Formicidae (singleton)
Loweriella,0.44638922694031546,0.3651456680463725,0,from Formicidae (singleton)
Malagidris,0.09504467158814105,0.02759053045039122,1.0,computed
Martialis,0.44638922694031546,0.3651456680463725,0,from Formicidae (singleton)
Megaponera,0.44638922694031546,0.3651456680463725,0,from Formicidae (singleton)
Melissotarsus,0.05235876486268486,0.05235857498495769,1.0,computed
Metalasius,0.44638922694031546,0.3651456680463725,0,from Formicidae (singleton)
Myopopone,0.44638922694031546,0.3651456680463725,0,from Formicidae (singleton)
Myrcidris,0.44638922694031546,0.3651456680463725,0,from Formicidae (singleton)
Nebothriomyrmex,0.44638922694031546,0.3651456680463725,0,from Formicidae (singleton)
Neocerapachys,0.44638922694031546,0.3651456680463725,1.0,from Formicidae (cherry)
Nomamyrmex,0.44638922694031546,0.3651456680463725,1.0,from Formicidae (cherry)
Nothomyrmecia,0.44638922694031546,0.3651456680463725,0,from Formicidae (singleton)
Novomessor,0.029390643860939338,0.0,1.0,computed
Ochetomyrmex,0.44638922694031546,0.3651456680463725,1.0,from Formicidae (cherry)
Odontoponera,0.44638922694031546,0.3651456680463725,1.0,from Formicidae (cherry)
Opamyrma,0.44638922694031546,0.3651456680463725,0,from Formicidae (singleton)
Paltothyreus,0.44638922694031546,0.3651456680463725,0,from Formicidae (singleton)
Paramycetophylax,0.44638922694031546,0.3651456680463725,0,from Formicidae (singleton)
Paraponera,0.44638922694031546,0.3651456680463725,0,from Formicidae (singleton)
Petalomyrmex,0.44638922694031546,0.3651456680463725,0,from Formicidae (singleton)
Phalacromyrmex,0.44638922694031546,0.3651456680463725,0,from Formicidae (singleton)
Phrynoponera,0.13494798196119756,0.0,1.0,computed
Pilotrochus,0.44638922694031546,0.3651456680463725,0,from Formicidae (singleton)
Proatta,0.44638922694031546,0.3651456680463725,0,from Formicidae (singleton)
Promyopias,0.44638922694031546,0.3651456680463725,0,from Formicidae (singleton)
Propodilobus,0.44638922694031546,0.3651456680463725,0,from Formicidae (singleton)
Pseudoponera,0.10052945229754373,0.10052835084872905,1.0,computed
Ravavy,0.44638922694031546,0.3651456680463725,0,from Formicidae (singleton)
Retalimyrma,0.44638922694031546,0.3651456680463725,0,from Formicidae (singleton)
Rostromyrmex,0.44638922694031546,0.3651456680463725,0,from Formicidae (singleton)
Santschiella,0.44638922694031546,0.3651456680463725,0,from Formicidae (singleton)
Sritoponera,0.44638922694031546,0.3651456680463725,0,from Formicidae (singleton)
Subiridopone,0.44638922694031546,0.3651456680463725,0,from Formicidae (singleton)
TACTTMPAcanthognathus_Neotropical01,0.44638922694031546,0.3651456680463725,0.0,from Formicidae (crown capture probability)
TACTTMPAcanthomyrmex_Indomalayan01,0.44638922694031546,0.3651456680463725,0.0,from Formicidae (crown capture probability)
TACTTMPAcanthoponera_Neotropical01,0.44638922694031546,0.3651456680463725,0.0,from Formicidae (cherry)
TACTTMPAcanthoponera_Neotropical02,0.44638922694031546,0.3651456680463725,0,from Formicidae (singleton)
TACTTMPAcanthoponera_Neotropical03,0.44638922694031546,0.3651456680463725,0,from Formicidae (singleton)
TACTTMPAcanthostichus_Nearctic04,0.44638922694031546,0.3651456680463725,0.0,from Formicidae (cherry)
TACTTMPAcanthostichus_Nearctic05,0.44638922694031546,0.3651456680463725,0.0,from Formicidae (cherry)
TACTTMPAcanthostichus_Neotropical01,0.44638922694031546,0.3651456680463725,0.0,from Formicidae (crown capture probability)
TACTTMPAcanthostichus_Neotropical02,0.44638922694031546,0.3651456680463725,0.0,from Formicidae (crown capture probability)
TACTTMPAcanthostichus_Neotropical03,0.44638922694031546,0.3651456680463725,0.0,from Formicidae (crown capture probability)
TACTTMPAcromyrmex_Nearctic11,0.44638922694031546,0.3651456680463725,0,from Formicidae (singleton)
TACTTMPAcromyrmex_Neotropical01,0.44638922694031546,0.3651456680463725,0.0,from Formicidae (crown capture probability)
TACTTMPAcromyrmex_Neotropical02,0.44638922694031546,0.3651456680463725,0.0,from Formicidae (crown capture probability)
TACTTMPAcromyrmex_Neotropical03,0.44638922694031546,0.3651456680463725,0.0,from Formicidae (crown capture probability)
TACTTMPAcromyrmex_Neotropical04,0.44638922694031546,0.3651456680463725,0,from Formicidae (singleton)
TACTTMPAcromyrmex_Neotropical05,0.44638922694031546,0.3651456680463725,0.0,from Formicidae (crown capture probability)
TACTTMPAcromyrmex_Neotropical06,0.44638922694031546,0.3651456680463725,0.0,from Formicidae (crown capture probability)
TACTTMPAcromyrmex_Neotropical08,0.44638922694031546,0.3651456680463725,0.0,from Formicidae (crown capture probability)
TACTTMPAcromyrmex_Neotropical09,0.44638922694031546,0.3651456680463725,0.0,from Formicidae (crown capture probability)
TACTTMPAcromyrmex_Neotropical10,0.44638922694031546,0.3651456680463725,0.0,from Formicidae (crown capture probability)
TACTTMPAcromyrmex_Unknown07,0.44638922694031546,0.3651456680463725,0,from Formicidae (singleton)
TACTTMPAcropyga_Nearctic01,0.44638922694031546,0.3651456680463725,0.0,from Formicidae (crown capture probability)
TACTTMPAcropyga_Neotropical02,0.44638922694031546,0.3651456680463725,0.0,from Formicidae (crown capture probability)
TACTTMPAcropyga_Neotropical03,0.44638922694031546,0.3651456680463725,0.0,from Formicidae (cherry)
TACTTMPAcropyga_Neotropical04,0.44638922694031546,0.3651456680463725,0.0,from Formicidae (cherry)
TACTTMPAcropyga_Neotropical05,0.44638922694031546,0.3651456680463725,0.0,from Formicidae (crown capture probability)
TACTTMPAcropyga_Neotropical06,0.44638922694031546,0.3651456680463725,0.0,from Formicidae (crown capture probability)
TACTTMPAcropyga_Neotropical07,0.44638922694031546,0.3651456680463725,0.0,from Formicidae (crown capture probability)
TACTTMPAcropyga_Neotropical08,0.44638922694031546,0.3651456680463725,0.0,from Formicidae (crown capture probability)
TACTTMPAcropyga_Neotropical09,0.44638922694031546,0.3651456680463725,0.0,from Formicidae (crown capture probability)
TACTTMPAcropyga_Neotropical10,0.44638922694031546,0.3651456680463725,0.0,from Formicidae (crown capture probability)
TACTTMPAcropyga_Neotropical11,0.44638922694031546,0.3651456680463725,0.0,from Formicidae (crown capture probability)
TACTTMPAcropyga_Neotropical12,0.44638922694031546,0.3651456680463725,0.0,from Formicidae (crown capture probability)
TACTTMPAdelomyrmex_Neotropical01,0.44638922694031546,0.3651456680463725,0.0,from Formicidae (crown capture probability)
TACTTMPAdetomyrma_Afrotropical01,0.44638922694031546,0.3651456680463725,0,from Formicidae (singleton)
TACTTMPAdetomyrma_Afrotropical02,0.44638922694031546,0.3651456680463725,0,from Formicidae (singleton)
TACTTMPAdetomyrma_Afrotropical03,0.44638922694031546,0.3651456680463725,0.0,from Formicidae (cherry)
TACTTMPAdetomyrma_Afrotropical04,0.44638922694031546,0.3651456680463725,0,from Formicidae (singleton)
TACTTMPAdetomyrma_Afrotropical05,0.44638922694031546,0.3651456680463725,0,from Formicidae (singleton)
TACTTMPAdetomyrma_Afrotropical06,0.44638922694031546,0.3651456680463725,0,from Formicidae (singleton)
TACTTMPAdetomyrma_Afrotropical07,0.44638922694031546,0.3651456680463725,0,from Formicidae (singleton)
TACTTMPAdetomyrma_Afrotropical08,0.44638922694031546,0.3651456680463725,0,from Formicidae (singleton)
TACTTMPAenictogiton_Unknown01,0.44638922694031546,0.3651456680463725,0.0,from Formicidae (crown capture probability)
TACTTMPAenictogiton_Unknown02,0.44638922694031546,0.3651456680463725,0.0,from Formicidae (crown capture probability)
TACTTMPAenictus_Afrotropical01,0.44638922694031546,0.3651456680463725,0.0,from Formicidae (crown capture probability)
TACTTMPAenictus_Afrotropical02,0.44638922694031546,0.3651456680463725,0.0,from Formicidae (crown capture probability)
TACTTMPAenictus_Australasian05,0.44638922694031546,0.3651456680463725,0.0,from Formicidae (crown capture probability)
TACTTMPAenictus_Australasian07,0.44638922694031546,0.3651456680463725,0.0,from Formicidae (crown capture probability)
TACTTMPAenictus_Australasian08,0.44638922694031546,0.3651456680463725,0.0,from Formicidae (crown capture probability)
TACTTMPAenictus_Australasian09,0.44638922694031546,0.3651456680463725,0.0,from Formicidae (cherry)
TACTTMPAenictus_Australasian10,0.44638922694031546,0.3651456680463725,0.0,from Formicidae (crown capture probability)
TACTTMPAenictus_Australasian14,0.44638922694031546,0.3651456680463725,0.0,from Formicidae (crown capture probability)
TACTTMPAenictus_Indomalayan06,0.44638922694031546,0.3651456680463725,0.0,from Formicidae (crown capture probability)
TACTTMPAenictus_Indomalayan11,0.44638922694031546,0.3651456680463725,0.0,from Formicidae (crown capture probability)
TACTTMPAenictus_Indomalayan12,0.44638922694031546,0.3651456680463725,0.0,from Formicidae (crown capture probability)
TACTTMPAenictus_Indomalayan13,0.44638922694031546,0.3651456680463725,0.0,from Formicidae (crown capture probability)
TACTTMPAenictus_Indomalayan15,0.44638922694031546,0.3651456680463725,0.0,from Formicidae (crown capture probability)
TACTTMPAenictus_Indomalayan16,0.44638922694031546,0.3651456680463725,0.0,from Formicidae (crown capture probability)
TACTTMPAenictus_Indomalayan18,0.44638922694031546,0.3651456680463725,0.0,from Formicidae (crown capture probability)
TACTTMPAenictus_Indomalayan19,0.44638922694031546,0.3651456680463725,0.0,from Formicidae (crown capture probability)
TACTTMPAenictus_Indomalayan20,0.44638922694031546,0.3651456680463725,0.0,from Formicidae (crown capture probability)
TACTTMPAenictus_Palearctic03,0.44638922694031546,0.3651456680463725,0.0,from Formicidae (crown capture probability)
TACTTMPAenictus_Palearctic04,0.44638922694031546,0.3651456680463725,0.0,from Formicidae (crown capture probability)
TACTTMPAenictus_Palearctic17,0.44638922694031546,0.3651456680463725,0.0,from Formicidae (crown capture probability)
TACTTMPAgraulomyrmex_Unknown01,0.44638922694031546,0.3651456680463725,0.0,from Formicidae (crown capture probability)
TACTTMPAlfaria_Neotropical01,0.44638922694031546,0.3651456680463725,0.0,from Formicidae (crown capture probability)
TACTTMPAlfaria_Neotropical02,0.44638922694031546,0.3651456680463725,0.0,from Formicidae (crown capture probability)
TACTTMPAlfaria_Neotropical03,0.44638922694031546,0.3651456680463725,0,from Formicidae (singleton)
TACTTMPAlloformica_Unknown01,0.44638922694031546,0.3651456680463725,0.0,from Formicidae (crown capture probability)
TACTTMPAllomerus_Neotropical01,0.44638922694031546,0.3651456680463725,0.0,from Formicidae (crown capture probability)
TACTTMPAmblyopone_Australasian01,0.44638922694031546,0.3651456680463725,0.0,from Formicidae (cherry)
TACTTMPAmblyopone_Australasian02,0.44638922694031546,0.3651456680463725,0.0,from Formicidae (crown capture probability)
TACTTMPAmoimyrmex_Neotropical01,0.44638922694031546,0.3651456680463725,0,from Formicidae (singleton)
TACTTMPAmoimyrmex_Neotropical02,0.44638922694031546,0.3651456680463725,0.0,from Formicidae (cherry)
TACTTMPAncyridris_Australasian01,0.44638922694031546,0.3651456680463725,0.0,from Formicidae (cherry)
TACTTMPAnillidris_Unknown01,0.44638922694031546,0.3651456680463725,0.0,from Formicidae (cherry)
TACTTMPAnillomyrma_Indomalayan01,0.44638922694031546,0.3651456680463725,0.0,from Formicidae (cherry)
TACTTMPAnochetus_Afrotropical01,0.44638922694031546,0.3651456680463725,0,from Formicidae (singleton)
TACTTMPAnochetus_Afrotropical04,0.44638922694031546,0.3651456680463725,0,from Formicidae (singleton)
TACTTMPAnochetus_Afrotropical08,0.44638922694031546,0.3651456680463725,0,from Formicidae (singleton)
TACTTMPAnochetus_Afrotropical09,0.44638922694031546,0.3651456680463725,0.0,from Formicidae (cherry)
TACTTMPAnochetus_Afrotropical11,0.44638922694031546,0.3651456680463725,0,from Formicidae (singleton)
TACTTMPAnochetus_Afrotropical12,0.44638922694031546,0.3651456680463725,0,from Formicidae (singleton)
TACTTMPAnochetus_Afrotropical13,0.44638922694031546,0.3651456680463725,0.0,from Formicidae (cherry)
TACTTMPAnochetus_Afrotropical16,0.44638922694031546,0.3651456680463725,0.0,from Formicidae (cherry)
TACTTMPAnochetus_Afrotropical17,0.44638922694031546,0.3651456680463725,0,from Formicidae (singleton)
TACTTMPAnochetus_Afrotropical18,0.44638922694031546,0.3651456680463725,0.0,from Formicidae (cherry)
TACTTMPAnochetus_Afrotropical19,0.44638922694031546,0.3651456680463725,0,from Formicidae (singleton)
TACTTMPAnochetus_Afrotropical20,0.44638922694031546,0.3651456680463725,0,from Formicidae (singleton)
TACTTMPAnochetus_Afrotropical21,0.44638922694031546,0.3651456680463725,0,from Formicidae (singleton)
TACTTMPAnochetus_Afrotropical22,0.44638922694031546,0.3651456680463725,0,from Formicidae (singleton)
TACTTMPAnochetus_Afrotropical23,0.44638922694031546,0.3651456680463725,0,from Formicidae (singleton)
TACTTMPAnochetus_Afrotropical24,0.44638922694031546,0.3651456680463725,0,from Formicidae (singleton)
TACTTMPAnochetus_Afrotropical25,0.44638922694031546,0.3651456680463725,0,from Formicidae (singleton)
TACTTMPAnochetus_Afrotropical26,0.44638922694031546,0.3651456680463725,0,from Formicidae (singleton)
TACTTMPAnochetus_Afrotropical28,0.44638922694031546,0.3651456680463725,0,from Formicidae (singleton)
TACTTMPAnochetus_Australasian05,0.44638922694031546,0.3651456680463725,0.0,from Formicidae (cherry)
TACTTMPAnochetus_Australasian06,0.44638922694031546,0.3651456680463725,0.0,from Formicidae (crown capture probability)
TACTTMPAnochetus_Australasian07,0.44638922694031546,0.3651456680463725,0.0,from Formicidae (crown capture probability)
TACTTMPAnochetus_Australasian15,0.44638922694031546,0.3651456680463725,0.0,from Formicidae (crown capture probability)
TACTTMPAnochetus_Australasian47,0.44638922694031546,0.3651456680463725,0.0,from Formicidae (cherry)
TACTTMPAnochetus_Indomalayan14,0.44638922694031546,0.3651456680463725,0.0,from Formicidae (crown capture probability)
TACTTMPAnochetus_Indomalayan27,0.44638922694031546,0.3651456680463725,0.0,from Formicidae (crown capture probability)
TACTTMPAnochetus_Indomalayan46,0.44638922694031546,0.3651456680463725,0.0,from Formicidae (crown capture probability)
TACTTMPAnochetus_Indomalayan48,0.44638922694031546,0.3651456680463725,0.0,from Formicidae (crown capture probability)
TACTTMPAnochetus_Indomalayan49,0.44638922694031546,0.3651456680463725,0.0,from Formicidae (crown capture probability)
TACTTMPAnochetus_Indomalayan50,0.44638922694031546,0.3651456680463725,0.0,from Formicidae (cherry)
TACTTMPAnochetus_Indomalayan52,0.44638922694031546,0.3651456680463725,0.0,from Formicidae (crown capture probability)
TACTTMPAnochetus_Indomalayan53,0.44638922694031546,0.3651456680463725,0.0,from Formicidae (crown capture probability)
TACTTMPAnochetus_Neotropical29,0.44638922694031546,0.3651456680463725,0,from Formicidae (singleton)
TACTTMPAnochetus_Neotropical31,0.44638922694031546,0.3651456680463725,0.0,from Formicidae (cherry)
TACTTMPAnochetus_Neotropical32,0.44638922694031546,0.3651456680463725,0,from Formicidae (singleton)
TACTTMPAnochetus_Neotropical33,0.44638922694031546,0.3651456680463725,0.0,from Formicidae (cherry)
TACTTMPAnochetus_Neotropical34,0.44638922694031546,0.3651456680463725,0,from Formicidae (singleton)
TACTTMPAnochetus_Neotropical35,0.44638922694031546,0.3651456680463725,0.0,from Formicidae (cherry)
TACTTMPAnochetus_Neotropical36,0.44638922694031546,0.3651456680463725,0.0,from Formicidae (crown capture probability)
TACTTMPAnochetus_Neotropical37,0.44638922694031546,0.3651456680463725,0.0,from Formicidae (cherry)
TACTTMPAnochetus_Neotropical38,0.44638922694031546,0.3651456680463725,0.0,from Formicidae (crown capture probability)
TACTTMPAnochetus_Neotropical39,0.44638922694031546,0.3651456680463725,0,from Formicidae (singleton)
TACTTMPAnochetus_Neotropical40,0.44638922694031546,0.3651456680463725,0,from Formicidae (singleton)
TACTTMPAnochetus_Neotropical41,0.44638922694031546,0.3651456680463725,0,from Formicidae (singleton)
TACTTMPAnochetus_Neotropical42,0.44638922694031546,0.3651456680463725,0,from Formicidae (singleton)
TACTTMPAnochetus_Neotropical43,0.44638922694031546,0.3651456680463725,0,from Formicidae (singleton)
TACTTMPAnochetus_Neotropical44,0.44638922694031546,0.3651456680463725,0.0,from Formicidae (cherry)
TACTTMPAnochetus_Neotropical45,0.44638922694031546,0.3651456680463725,0,from Formicidae (singleton)
TACTTMPAnochetus_Palearctic02,0.44638922694031546,0.3651456680463725,0.0,from Formicidae (crown capture probability)
TACTTMPAnochetus_Palearctic03,0.44638922694031546,0.3651456680463725,0.0,from Formicidae (crown capture probability)
TACTTMPAnochetus_Palearctic10,0.44638922694031546,0.3651456680463725,0.0,from Formicidae (crown capture probability)
TACTTMPAnochetus_Palearctic51,0.44638922694031546,0.3651456680463725,0,from Formicidae (singleton)
TACTTMPAnochetus_Unknown30,0.44638922694031546,0.3651456680463725,0,from Formicidae (singleton)
TACTTMPAnonychomyrma_Australasian01,0.44638922694031546,0.3651456680463725,0.0,from Formicidae (crown capture probability)
TACTTMPAnonychomyrma_Australasian02,0.44638922694031546,0.3651456680463725,0.0,from Formicidae (crown capture probability)
TACTTMPAnonychomyrma_Australasian03,0.44638922694031546,0.3651456680463725,0.0,from Formicidae (crown capture probability)
TACTTMPAnoplolepis_Afrotropical02,0.44638922694031546,0.3651456680463725,0.0,from Formicidae (crown capture probability)
TACTTMPAnoplolepis_Afrotropical03,0.44638922694031546,0.3651456680463725,0.0,from Formicidae (crown capture probability)
TACTTMPAnoplolepis_Indomalayan01,0.44638922694031546,0.3651456680463725,0,from Formicidae (singleton)
TACTTMPAphaenogaster_Afrotropical03,0.44638922694031546,0.3651456680463725,0,from Formicidae (singleton)
TACTTMPAphaenogaster_Afrotropical05,0.44638922694031546,0.3651456680463725,0,from Formicidae (singleton)
TACTTMPAphaenogaster_Afrotropical08,0.44638922694031546,0.3651456680463725,0,from Formicidae (singleton)
TACTTMPAphaenogaster_Afrotropical09,0.44638922694031546,0.3651456680463725,0,from Formicidae (singleton)
TACTTMPAphaenogaster_Afrotropical10,0.44638922694031546,0.3651456680463725,0,from Formicidae (singleton)
TACTTMPAphaenogaster_Australasian01,0.44638922694031546,0.3651456680463725,0.0,from Formicidae (crown capture probability)
TACTTMPAphaenogaster_Australasian02,0.44638922694031546,0.3651456680463725,0.0,from Formicidae (crown capture probability)
TACTTMPAphaenogaster_Australasian04,0.44638922694031546,0.3651456680463725,0.0,from Formicidae (crown capture probability)
TACTTMPAphaenogaster_Australasian06,0.44638922694031546,0.3651456680463725,0.0,from Formicidae (crown capture probability)
TACTTMPAphaenogaster_Indomalayan07,0.44638922694031546,0.3651456680463725,0.0,from Formicidae (crown capture probability)
TACTTMPAphaenogaster_Nearctic18,0.44638922694031546,0.3651456680463725,0,from Formicidae (singleton)
TACTTMPAphaenogaster_Nearctic19,0.44638922694031546,0.3651456680463725,0,from Formicidae (singleton)
TACTTMPAphaenogaster_Nearctic21,0.44638922694031546,0.3651456680463725,0,from Formicidae (singleton)
TACTTMPAphaenogaster_Nearctic22,0.44638922694031546,0.3651456680463725,0,from Formicidae (singleton)
TACTTMPAphaenogaster_Nearctic24,0.44638922694031546,0.3651456680463725,0,from Formicidae (singleton)
TACTTMPAphaenogaster_Nearctic25,0.44638922694031546,0.3651456680463725,0,from Formicidae (singleton)
TACTTMPAphaenogaster_Nearctic26,0.44638922694031546,0.3651456680463725,0,from Formicidae (singleton)
TACTTMPAphaenogaster_Nearctic28,0.44638922694031546,0.3651456680463725,0,from Formicidae (singleton)
TACTTMPAphaenogaster_Nearctic29,0.44638922694031546,0.3651456680463725,0.0,from Formicidae (cherry)
TACTTMPAphaenogaster_Nearctic30,0.44638922694031546,0.3651456680463725,0.0,from Formicidae (cherry)
TACTTMPAphaenogaster_Nearctic31,0.44638922694031546,0.3651456680463725,0,from Formicidae (singleton)
TACTTMPAphaenogaster_Nearctic32,0.44638922694031546,0.3651456680463725,0,from Formicidae (singleton)
TACTTMPAphaenogaster_Nearctic34,0.44638922694031546,0.3651456680463725,0,from Formicidae (singleton)
TACTTMPAphaenogaster_Nearctic35,0.44638922694031546,0.3651456680463725,0,from Formicidae (singleton)
TACTTMPAphaenogaster_Nearctic36,0.44638922694031546,0.3651456680463725,0,from Formicidae (singleton)
TACTTMPAphaenogaster_Nearctic37,0.44638922694031546,0.3651456680463725,0,from Formicidae (singleton)
TACTTMPAphaenogaster_Nearctic38,0.44638922694031546,0.3651456680463725,0.0,from Formicidae (cherry)
TACTTMPAphaenogaster_Nearctic39,0.44638922694031546,0.3651456680463725,0,from Formicidae (singleton)
TACTTMPAphaenogaster_Neotropical11,0.44638922694031546,0.3651456680463725,0,from Formicidae (singleton)
TACTTMPAphaenogaster_Neotropical12,0.44638922694031546,0.3651456680463725,0,from Formicidae (singleton)
TACTTMPAphaenogaster_Neotropical13,0.44638922694031546,0.3651456680463725,0.0,from Formicidae (crown capture probability)
TACTTMPAphaenogaster_Neotropical23,0.44638922694031546,0.3651456680463725,0.0,from Formicidae (crown capture probability)
TACTTMPAphaenogaster_Neotropical27,0.44638922694031546,0.3651456680463725,0.0,from Formicidae (crown capture probability)
TACTTMPAphaenogaster_Neotropical33,0.44638922694031546,0.3651456680463725,0.0,from Formicidae (crown capture probability)
TACTTMPAphaenogaster_Palearctic14,0.44638922694031546,0.3651456680463725,0.0,from Formicidae (crown capture probability)
TACTTMPAphaenogaster_Palearctic15,0.44638922694031546,0.3651456680463725,0.0,from Formicidae (crown capture probability)
TACTTMPAphaenogaster_Palearctic16,0.44638922694031546,0.3651456680463725,0.0,from Formicidae (crown capture probability)
TACTTMPAphaenogaster_Palearctic17,0.44638922694031546,0.3651456680463725,0.0,from Formicidae (crown capture probability)
TACTTMPAphaenogaster_Palearctic20,0.44638922694031546,0.3651456680463725,0.0,from Formicidae (crown capture probability)
TACTTMPAphaenogaster_Palearctic40,0.44638922694031546,0.3651456680463725,0.0,from Formicidae (crown capture probability)
TACTTMPAphaenogaster_Palearctic41,0.44638922694031546,0.3651456680463725,0.0,from Formicidae (crown capture probability)
TACTTMPAphaenogaster_Palearctic42,0.44638922694031546,0.3651456680463725,0.0,from Formicidae (crown capture probability)
TACTTMPAphaenogaster_Palearctic43,0.44638922694031546,0.3651456680463725,0.0,from Formicidae (crown capture probability)
TACTTMPAphaenogaster_Palearctic44,0.44638922694031546,0.3651456680463725,0.0,from Formicidae (crown capture probability)
TACTTMPAphaenogaster_Palearctic45,0.44638922694031546,0.3651456680463725,0.0,from Formicidae (crown capture probability)
TACTTMPApterostigma_Neotropical01,0.44638922694031546,0.3651456680463725,0.0,from Formicidae (crown capture probability)
TACTTMPApterostigma_Neotropical02,0.44638922694031546,0.3651456680463725,0.0,from Formicidae (crown capture probability)
TACTTMPApterostigma_Neotropical03,0.44638922694031546,0.3651456680463725,0.0,from Formicidae (crown capture probability)
TACTTMPApterostigma_Neotropical04,0.44638922694031546,0.3651456680463725,0.0,from Formicidae (crown capture probability)
TACTTMPApterostigma_Neotropical05,0.44638922694031546,0.3651456680463725,0.0,from Formicidae (crown capture probability)
TACTTMPApterostigma_Neotropical06,0.44638922694031546,0.3651456680463725,0.0,from Formicidae (cherry)
TACTTMPApterostigma_Neotropical07,0.44638922694031546,0.3651456680463725,0.0,from Formicidae (crown capture probability)
TACTTMPApterostigma_Neotropical08,0.44638922694031546,0.3651456680463725,0.0,from Formicidae (crown capture probability)
TACTTMPApterostigma_Neotropical09,0.44638922694031546,0.3651456680463725,0.0,from Formicidae (crown capture probability)
TACTTMPApterostigma_Neotropical10,0.44638922694031546,0.3651456680463725,0.0,from Formicidae (crown capture probability)
TACTTMPApterostigma_Neotropical11,0.44638922694031546,0.3651456680463725,0.0,from Formicidae (crown capture probability)
TACTTMPApterostigma_Neotropical12,0.44638922694031546,0.3651456680463725,0.0,from Formicidae (crown capture probability)
TACTTMPAretidris_Indomalayan01,0.44638922694031546,0.3651456680463725,0.0,from Formicidae (cherry)
TACTTMPArnoldius_Unknown01,0.44638922694031546,0.3651456680463725,0.0,from Formicidae (crown capture probability)
TACTTMPAsphinctopone_Afrotropical01,0.44638922694031546,0.3651456680463725,0.0,from Formicidae (crown capture probability)
TACTTMPAtopomyrmex_Afrotropical01,0.44638922694031546,0.3651456680463725,0,from Formicidae (singleton)
TACTTMPAtopomyrmex_Afrotropical02,0.44638922694031546,0.3651456680463725,0.0,from Formicidae (cherry)
TACTTMPAtta_Nearctic12,0.44638922694031546,0.3651456680463725,0.0,from Formicidae (crown capture probability)
TACTTMPAtta_Neotropical02,0.44638922694031546,0.3651456680463725,0,from Formicidae (singleton)
TACTTMPAtta_Neotropical03,0.44638922694031546,0.3651456680463725,0,from Formicidae (singleton)
TACTTMPAtta_Neotropical04,0.44638922694031546,0.3651456680463725,0,from Formicidae (singleton)
TACTTMPAtta_Neotropical05,0.44638922694031546,0.3651456680463725,0.0,from Formicidae (cherry)
TACTTMPAtta_Neotropical06,0.44638922694031546,0.3651456680463725,0,from Formicidae (singleton)
TACTTMPAtta_Neotropical07,0.44638922694031546,0.3651456680463725,0,from Formicidae (singleton)
TACTTMPAtta_Neotropical08,0.44638922694031546,0.3651456680463725,0,from Formicidae (singleton)
TACTTMPAtta_Neotropical09,0.44638922694031546,0.3651456680463725,0,from Formicidae (singleton)
TACTTMPAtta_Neotropical10,0.44638922694031546,0.3651456680463725,0,from Formicidae (singleton)
TACTTMPAtta_Neotropical11,0.44638922694031546,0.3651456680463725,0,from Formicidae (singleton)
TACTTMPAtta_Neotropical13,0.44638922694031546,0.3651456680463725,0,from Formicidae (singleton)
TACTTMPAtta_Neotropical14,0.44638922694031546,0.3651456680463725,0.0,from Formicidae (crown capture probability)
TACTTMPAtta_Unknown01,0.44638922694031546,0.3651456680463725,0,from Formicidae (singleton)
TACTTMPAulacopone_Unknown01,0.44638922694031546,0.3651456680463725,0.0,from Formicidae (cherry)
TACTTMPAustromorium_Australasian01,0.44638922694031546,0.3651456680463725,0.0,from Formicidae (cherry)
TACTTMPAustroponera_Australasian01,0.44638922694031546,0.3651456680463725,0.0,from Formicidae (cherry)
TACTTMPAustroponera_Australasian02,0.44638922694031546,0.3651456680463725,0,from Formicidae (singleton)
TACTTMPAustroponera_Australasian03,0.44638922694031546,0.3651456680463725,0,from Formicidae (singleton)
TACTTMPAxinidris_Afrotropical01,0.44638922694031546,0.3651456680463725,0.0,from Formicidae (crown capture probability)
TACTTMPAxinidris_Afrotropical02,0.44638922694031546,0.3651456680463725,0.0,from Formicidae (crown capture probability)
TACTTMPAzteca_Neotropical01,0.44638922694031546,0.3651456680463725,0.0,from Formicidae (crown capture probability)
TACTTMPAzteca_Neotropical02,0.44638922694031546,0.3651456680463725,0.0,from Formicidae (crown capture probability)
TACTTMPAzteca_Neotropical03,0.44638922694031546,0.3651456680463725,0.0,from Formicidae (crown capture probability)
TACTTMPAzteca_Neotropical04,0.44638922694031546,0.3651456680463725,0.0,from Formicidae (crown capture probability)
TACTTMPAzteca_Neotropical05,0.44638922694031546,0.3651456680463725,0.0,from Formicidae (crown capture probability)
TACTTMPAzteca_Neotropical06,0.44638922694031546,0.3651456680463725,0.0,from Formicidae (crown capture probability)
TACTTMPAzteca_Neotropical07,0.44638922694031546,0.3651456680463725,0.0,from Formicidae (crown capture probability)
TACTTMPBajcaridris_Palearctic01,0.44638922694031546,0.3651456680463725,0.0,from Formicidae (crown capture probability)
TACTTMPBaracidris_Afrotropical01,0.44638922694031546,0.3651456680463725,0.0,from Formicidae (crown capture probability)
TACTTMPBasiceros_Neotropical01,0.44638922694031546,0.3651456680463725,0,from Formicidae (singleton)
TACTTMPBasiceros_Neotropical02,0.44638922694031546,0.3651456680463725,0.0,from Formicidae (cherry)
TACTTMPBasiceros_Neotropical03,0.44638922694031546,0.3651456680463725,0.0,from Formicidae (cherry)
TACTTMPBasiceros_Neotropical04,0.44638922694031546,0.3651456680463725,0,from Formicidae (singleton)
TACTTMPBasiceros_Neotropical05,0.44638922694031546,0.3651456680463725,0,from Formicidae (singleton)
TACTTMPBasiceros_Neotropical06,0.44638922694031546,0.3651456680463725,0,from Formicidae (singleton)
TACTTMPBasiceros_Neotropical07,0.44638922694031546,0.3651456680463725,0,from Formicidae (singleton)
TACTTMPBlepharidatta_Neotropical01,0.44638922694031546,0.3651456680463725,0,from Formicidae (singleton)
TACTTMPBlepharidatta_Neotropical02,0.44638922694031546,0.3651456680463725,0.0,from Formicidae (crown capture probability)
TACTTMPBoloponera_Afrotropical01,0.44638922694031546,0.3651456680463725,0.0,from Formicidae (cherry)
TACTTMPBoltonopone_Afrotropical01,0.44638922694031546,0.3651456680463725,0.0,from Formicidae (crown capture probability)
TACTTMPBoltonopone_Afrotropical02,0.44638922694031546,0.3651456680463725,0,from Formicidae (singleton)
TACTTMPBoltonopone_Afrotropical03,0.44638922694031546,0.3651456680463725,0.0,from Formicidae (crown capture probability)
TACTTMPBoltonopone_Afrotropical04,0.44638922694031546,0.3651456680463725,0.0,from Formicidae (crown capture probability)
TACTTMPBoltonopone_Afrotropical05,0.44638922694031546,0.3651456680463725,0.0,from Formicidae (crown capture probability)
TACTTMPBondroitia_Unknown01,0.44638922694031546,0.3651456680463725,0.0,from Formicidae (crown capture probability)
TACTTMPBothriomyrmex_Neotropical03,0.44638922694031546,0.3651456680463725,0.0,from Formicidae (cherry)
TACTTMPBothriomyrmex_Palearctic01,0.44638922694031546,0.3651456680463725,0.0,from Formicidae (crown capture probability)
TACTTMPBothriomyrmex_Palearctic02,0.44638922694031546,0.3651456680463725,0.0,from Formicidae (crown capture probability)
TACTTMPBothroponera_Afrotropical01,0.44638922694031546,0.3651456680463725,0.0,from Formicidae (cherry)
TACTTMPBothroponera_Afrotropical02,0.44638922694031546,0.3651456680463725,0.0,from Formicidae (cherry)
TACTTMPBothroponera_Afrotropical03,0.44638922694031546,0.3651456680463725,0,from Formicidae (singleton)
TACTTMPBothroponera_Afrotropical04,0.44638922694031546,0.3651456680463725,0.0,from Formicidae (cherry)
TACTTMPBothroponera_Afrotropical05,0.44638922694031546,0.3651456680463725,0,from Formicidae (singleton)
TACTTMPBothroponera_Afrotropical06,0.44638922694031546,0.3651456680463725,0,from Formicidae (singleton)
TACTTMPBothroponera_Afrotropical07,0.44638922694031546,0.3651456680463725,0,from Formicidae (singleton)
TACTTMPBothroponera_Afrotropical08,0.44638922694031546,0.3651456680463725,0,from Formicidae (singleton)
TACTTMPBothroponera_Afrotropical09,0.44638922694031546,0.3651456680463725,0.0,from Formicidae (cherry)
TACTTMPBothroponera_Afrotropical10,0.44638922694031546,0.3651456680463725,0.0,from Formicidae (cherry)
TACTTMPBothroponera_Afrotropical11,0.44638922694031546,0.3651456680463725,0.0,from Formicidae (cherry)
TACTTMPBothroponera_Afrotropical12,0.44638922694031546,0.3651456680463725,0,from Formicidae (singleton)
TACTTMPBothroponera_Afrotropical13,0.44638922694031546,0.3651456680463725,0,from Formicidae (singleton)
TACTTMPBothroponera_Afrotropical14,0.44638922694031546,0.3651456680463725,0.0,from Formicidae (cherry)
TACTTMPBothroponera_Afrotropical15,0.44638922694031546,0.3651456680463725,0.0,from Formicidae (cherry)
TACTTMPBothroponera_Afrotropical16,0.44638922694031546,0.3651456680463725,0.0,from Formicidae (crown capture probability)
TACTTMPBothroponera_Afrotropical17,0.44638922694031546,0.3651456680463725,0.0,from Formicidae (cherry)
TACTTMPBrachymyrmex_Nearctic02,0.44638922694031546,0.3651456680463725,0,from Formicidae (singleton)
TACTTMPBrachymyrmex_Neotropical01,0.44638922694031546,0.3651456680463725,0.0,from Formicidae (crown capture probability)
TACTTMPBrachymyrmex_Neotropical03,0.44638922694031546,0.3651456680463725,0.0,from Formicidae (crown capture probability)
TACTTMPBrachymyrmex_Neotropical04,0.44638922694031546,0.3651456680463725,0.0,from Formicidae (crown capture probability)
TACTTMPBrachymyrmex_Neotropical05,0.44638922694031546,0.3651456680463725,0.0,from Formicidae (crown capture probability)
TACTTMPBrachymyrmex_Neotropical06,0.44638922694031546,0.3651456680463725,0.0,from Formicidae (crown capture probability)
TACTTMPBrachyponera_Afrotropical07,0.44638922694031546,0.3651456680463725,0,from Formicidae (singleton)
TACTTMPBrachyponera_Australasian08,0.44638922694031546,0.3651456680463725,0.0,from Formicidae (cherry)
TACTTMPBrachyponera_Indomalayan02,0.44638922694031546,0.3651456680463725,0.0,from Formicidae (crown capture probability)
TACTTMPBrachyponera_Indomalayan03,0.44638922694031546,0.3651456680463725,0,from Formicidae (singleton)
TACTTMPBrachyponera_Indomalayan04,0.44638922694031546,0.3651456680463725,0.0,from Formicidae (cherry)
TACTTMPBrachyponera_Indomalayan05,0.44638922694031546,0.3651456680463725,0.0,from Formicidae (crown capture probability)
TACTTMPBrachyponera_Indomalayan06,0.44638922694031546,0.3651456680463725,0.0,from Formicidae (crown capture probability)
TACTTMPBrachyponera_Palearctic01,0.44638922694031546,0.3651456680463725,0.0,from Formicidae (crown capture probability)
TACTTMPBregmatomyrma_Unknown01,0.44638922694031546,0.3651456680463725,0.0,from Formicidae (cherry)
TACTTMPCalomyrmex_Australasian01,0.44638922694031546,0.3651456680463725,0.0,from Formicidae (cherry)
TACTTMPCalomyrmex_Australasian02,0.44638922694031546,0.3651456680463725,0.0,from Formicidae (cherry)
TACTTMPCalomyrmex_Australasian03,0.44638922694031546,0.3651456680463725,0.0,from Formicidae (cherry)
TACTTMPCalomyrmex_Australasian04,0.44638922694031546,0.3651456680463725,0,from Formicidae (singleton)
TACTTMPCalomyrmex_Indomalayan05,0.44638922694031546,0.3651456680463725,0.0,from Formicidae (cherry)
TACTTMPCalyptomyrmex_Afrotropical01,0.44638922694031546,0.3651456680463725,0.0,from Formicidae (crown capture probability)
TACTTMPCalyptomyrmex_Australasian02,0.44638922694031546,0.3651456680463725,0.0,from Formicidae (crown capture probability)
TACTTMPCamponotus_Afrotropical01,0.44638922694031546,0.3651456680463725,0.0,from Formicidae (crown capture probability)
TACTTMPCamponotus_Afrotropical02,0.44638922694031546,0.3651456680463725,0.0,from Formicidae (crown capture probability)
TACTTMPCamponotus_Afrotropical03,0.44638922694031546,0.3651456680463725,0.0,from Formicidae (crown capture probability)
TACTTMPCamponotus_Afrotropical04,0.44638922694031546,0.3651456680463725,0.0,from Formicidae (crown capture probability)
TACTTMPCamponotus_Afrotropical05,0.44638922694031546,0.3651456680463725,0.0,from Formicidae (crown capture probability)
TACTTMPCamponotus_Afrotropical06,0.44638922694031546,0.3651456680463725,0.0,from Formicidae (crown capture probability)
TACTTMPCamponotus_Afrotropical07,0.44638922694031546,0.3651456680463725,0.0,from Formicidae (crown capture probability)
TACTTMPCamponotus_Afrotropical08,0.44638922694031546,0.3651456680463725,0.0,from Formicidae (crown capture probability)
TACTTMPCamponotus_Afrotropical09,0.44638922694031546,0.3651456680463725,0.0,from Formicidae (crown capture probability)
TACTTMPCamponotus_Afrotropical10,0.44638922694031546,0.3651456680463725,0.0,from Formicidae (crown capture probability)
TACTTMPCamponotus_Afrotropical101,0.44638922694031546,0.3651456680463725,0.0,from Formicidae (crown capture probability)
TACTTMPCamponotus_Afrotropical11,0.44638922694031546,0.3651456680463725,0.0,from Formicidae (crown capture probability)
TACTTMPCamponotus_Afrotropical12,0.44638922694031546,0.3651456680463725,0.0,from Formicidae (crown capture probability)
TACTTMPCamponotus_Afrotropical13,0.44638922694031546,0.3651456680463725,0.0,from Formicidae (crown capture probability)
TACTTMPCamponotus_Afrotropical132,0.44638922694031546,0.3651456680463725,0.0,from Formicidae (crown capture probability)
TACTTMPCamponotus_Afrotropical133,0.44638922694031546,0.3651456680463725,0,from Formicidae (singleton)
TACTTMPCamponotus_Afrotropical134,0.44638922694031546,0.3651456680463725,0,from Formicidae (singleton)
TACTTMPCamponotus_Afrotropical135,0.44638922694031546,0.3651456680463725,0.0,from Formicidae (crown capture probability)
TACTTMPCamponotus_Afrotropical136,0.44638922694031546,0.3651456680463725,0.0,from Formicidae (cherry)
TACTTMPCamponotus_Afrotropical137,0.44638922694031546,0.3651456680463725,0,from Formicidae (singleton)
TACTTMPCamponotus_Afrotropical138,0.44638922694031546,0.3651456680463725,0.0,from Formicidae (crown capture probability)
TACTTMPCamponotus_Afrotropical139,0.44638922694031546,0.3651456680463725,0.0,from Formicidae (crown capture probability)
TACTTMPCamponotus_Afrotropical14,0.44638922694031546,0.3651456680463725,0.0,from Formicidae (crown capture probability)
TACTTMPCamponotus_Afrotropical140,0.44638922694031546,0.3651456680463725,0.0,from Formicidae (crown capture probability)
TACTTMPCamponotus_Afrotropical141,0.44638922694031546,0.3651456680463725,0,from Formicidae (singleton)
TACTTMPCamponotus_Afrotropical143,0.44638922694031546,0.3651456680463725,0.0,from Formicidae (cherry)
TACTTMPCamponotus_Afrotropical144,0.44638922694031546,0.3651456680463725,0.0,from Formicidae (crown capture probability)
TACTTMPCamponotus_Afrotropical145,0.44638922694031546,0.3651456680463725,0.0,from Formicidae (cherry)
TACTTMPCamponotus_Afrotropical146,0.44638922694031546,0.3651456680463725,0,from Formicidae (singleton)
TACTTMPCamponotus_Afrotropical147,0.44638922694031546,0.3651456680463725,0.0,from Formicidae (crown capture probability)
TACTTMPCamponotus_Afrotropical148,0.44638922694031546,0.3651456680463725,0.0,from Formicidae (crown capture probability)
TACTTMPCamponotus_Afrotropical149,0.44638922694031546,0.3651456680463725,0.0,from Formicidae (crown capture probability)
TACTTMPCamponotus_Afrotropical15,0.44638922694031546,0.3651456680463725,0.0,from Formicidae (crown capture probability)
TACTTMPCamponotus_Afrotropical150,0.44638922694031546,0.3651456680463725,0.0,from Formicidae (cherry)
TACTTMPCamponotus_Afrotropical151,0.44638922694031546,0.3651456680463725,0.0,from Formicidae (crown capture probability)
TACTTMPCamponotus_Afrotropical152,0.44638922694031546,0.3651456680463725,0,from Formicidae (singleton)
TACTTMPCamponotus_Afrotropical156,0.44638922694031546,0.3651456680463725,0.0,from Formicidae (crown capture probability)
TACTTMPCamponotus_Afrotropical157,0.44638922694031546,0.3651456680463725,0,from Formicidae (singleton)
TACTTMPCamponotus_Afrotropical159,0.44638922694031546,0.3651456680463725,0.0,from Formicidae (crown capture probability)
TACTTMPCamponotus_Afrotropical16,0.44638922694031546,0.3651456680463725,0.0,from Formicidae (crown capture probability)
TACTTMPCamponotus_Afrotropical17,0.44638922694031546,0.3651456680463725,0.0,from Formicidae (crown capture probability)
TACTTMPCamponotus_Afrotropical18,0.44638922694031546,0.3651456680463725,0,from Formicidae (singleton)
TACTTMPCamponotus_Afrotropical19,0.44638922694031546,0.3651456680463725,0.0,from Formicidae (crown capture probability)
TACTTMPCamponotus_Afrotropical20,0.44638922694031546,0.3651456680463725,0.0,from Formicidae (crown capture probability)
TACTTMPCamponotus_Afrotropical201,0.44638922694031546,0.3651456680463725,0.0,from Formicidae (crown capture probability)
TACTTMPCamponotus_Afrotropical202,0.44638922694031546,0.3651456680463725,0.0,from Formicidae (crown capture probability)
TACTTMPCamponotus_Afrotropical203,0.44638922694031546,0.3651456680463725,0.0,from Formicidae (crown capture probability)
TACTTMPCamponotus_Afrotropical204,0.44638922694031546,0.3651456680463725,0.0,from Formicidae (crown capture probability)
TACTTMPCamponotus_Afrotropical205,0.44638922694031546,0.3651456680463725,0.0,from Formicidae (crown capture probability)
TACTTMPCamponotus_Afrotropical206,0.44638922694031546,0.3651456680463725,0.0,from Formicidae (cherry)
TACTTMPCamponotus_Afrotropical207,0.44638922694031546,0.3651456680463725,0.0,from Formicidae (crown capture probability)
TACTTMPCamponotus_Afrotropical21,0.44638922694031546,0.3651456680463725,0.0,from Formicidae (crown capture probability)
TACTTMPCamponotus_Afrotropical22,0.44638922694031546,0.3651456680463725,0.0,from Formicidae (cherry)
TACTTMPCamponotus_Afrotropical23,0.44638922694031546,0.3651456680463725,0.0,from Formicidae (crown capture probability)
TACTTMPCamponotus_Afrotropical24,0.44638922694031546,0.3651456680463725,0.0,from Formicidae (cherry)
TACTTMPCamponotus_Afrotropical25,0.44638922694031546,0.3651456680463725,0.0,from Formicidae (crown capture probability)
TACTTMPCamponotus_Afrotropical26,0.44638922694031546,0.3651456680463725,0.0,from Formicidae (crown capture probability)
TACTTMPCamponotus_Afrotropical27,0.44638922694031546,0.3651456680463725,0.0,from Formicidae (crown capture probability)
TACTTMPCamponotus_Afrotropical28,0.44638922694031546,0.3651456680463725,0.0,from Formicidae (cherry)
TACTTMPCamponotus_Afrotropical29,0.44638922694031546,0.3651456680463725,0.0,from Formicidae (cherry)
TACTTMPCamponotus_Afrotropical30,0.44638922694031546,0.3651456680463725,0.0,from Formicidae (crown capture probability)
TACTTMPCamponotus_Afrotropical31,0.44638922694031546,0.3651456680463725,0.0,from Formicidae (crown capture probability)
TACTTMPCamponotus_Afrotropical33,0.44638922694031546,0.3651456680463725,0.0,from Formicidae (crown capture probability)
TACTTMPCamponotus_Afrotropical34,0.44638922694031546,0.3651456680463725,0.0,from Formicidae (cherry)
TACTTMPCamponotus_Afrotropical35,0.44638922694031546,0.3651456680463725,0.0,from Formicidae (crown capture probability)
TACTTMPCamponotus_Afrotropical36,0.44638922694031546,0.3651456680463725,0.0,from Formicidae (crown capture probability)
TACTTMPCamponotus_Afrotropical37,0.44638922694031546,0.3651456680463725,0.0,from Formicidae (crown capture probability)
TACTTMPCamponotus_Afrotropical38,0.44638922694031546,0.3651456680463725,0.0,from Formicidae (crown capture probability)
TACTTMPCamponotus_Afrotropical39,0.44638922694031546,0.3651456680463725,0.0,from Formicidae (crown capture probability)
TACTTMPCamponotus_Afrotropical40,0.44638922694031546,0.3651456680463725,0.0,from Formicidae (cherry)
TACTTMPCamponotus_Afrotropical41,0.44638922694031546,0.3651456680463725,0.0,from Formicidae (crown capture probability)
TACTTMPCamponotus_Afrotropical42,0.44638922694031546,0.3651456680463725,0,from Formicidae (singleton)
TACTTMPCamponotus_Afrotropical43,0.44638922694031546,0.3651456680463725,0.0,from Formicidae (crown capture probability)
TACTTMPCamponotus_Afrotropical46,0.44638922694031546,0.3651456680463725,0.0,from Formicidae (cherry)
TACTTMPCamponotus_Afrotropical88,0.44638922694031546,0.3651456680463725,0.0,from Formicidae (crown capture probability)
TACTTMPCamponotus_Afrotropical91,0.44638922694031546,0.3651456680463725,0.0,from Formicidae (cherry)
TACTTMPCamponotus_Afrotropical92,0.44638922694031546,0.3651456680463725,0.0,from Formicidae (crown capture probability)
TACTTMPCamponotus_Afrotropical93,0.44638922694031546,0.3651456680463725,0.0,from Formicidae (crown capture probability)
TACTTMPCamponotus_Afrotropical94,0.44638922694031546,0.3651456680463725,0.0,from Formicidae (crown capture probability)
TACTTMPCamponotus_Afrotropical96,0.44638922694031546,0.3651456680463725,0.0,from Formicidae (crown capture probability)
TACTTMPCamponotus_Afrotropical97,0.44638922694031546,0.3651456680463725,0.0,from Formicidae (crown capture probability)
TACTTMPCamponotus_Afrotropical98,0.44638922694031546,0.3651456680463725,0.0,from Formicidae (crown capture probability)
TACTTMPCamponotus_Australasian100,0.44638922694031546,0.3651456680463725,0.0,from Formicidae (crown capture probability)
TACTTMPCamponotus_Australasian158,0.44638922694031546,0.3651456680463725,0.0,from Formicidae (crown capture probability)
TACTTMPCamponotus_Australasian160,0.44638922694031546,0.3651456680463725,0.0,from Formicidae (crown capture probability)
TACTTMPCamponotus_Australasian162,0.44638922694031546,0.3651456680463725,0.0,from Formicidae (cherry)
TACTTMPCamponotus_Australasian164,0.44638922694031546,0.3651456680463725,0,from Formicidae (singleton)
TACTTMPCamponotus_Australasian166,0.44638922694031546,0.3651456680463725,0.0,from Formicidae (cherry)
TACTTMPCamponotus_Australasian167,0.44638922694031546,0.3651456680463725,0.0,from Formicidae (crown capture probability)
TACTTMPCamponotus_Australasian168,0.44638922694031546,0.3651456680463725,0.0,from Formicidae (crown capture probability)
TACTTMPCamponotus_Australasian169,0.44638922694031546,0.3651456680463725,0.0,from Formicidae (crown capture probability)
TACTTMPCamponotus_Australasian170,0.44638922694031546,0.3651456680463725,0.0,from Formicidae (cherry)
TACTTMPCamponotus_Australasian171,0.44638922694031546,0.3651456680463725,0.0,from Formicidae (crown capture probability)
TACTTMPCamponotus_Australasian172,0.44638922694031546,0.3651456680463725,0.0,from Formicidae (crown capture probability)
TACTTMPCamponotus_Australasian173,0.44638922694031546,0.3651456680463725,0.0,from Formicidae (crown capture probability)
TACTTMPCamponotus_Australasian174,0.44638922694031546,0.3651456680463725,0,from Formicidae (singleton)
TACTTMPCamponotus_Australasian175,0.44638922694031546,0.3651456680463725,0.0,from Formicidae (crown capture probability)
TACTTMPCamponotus_Australasian176,0.44638922694031546,0.3651456680463725,0.0,from Formicidae (crown capture probability)
TACTTMPCamponotus_Australasian177,0.44638922694031546,0.3651456680463725,0.0,from Formicidae (cherry)
TACTTMPCamponotus_Australasian178,0.44638922694031546,0.3651456680463725,0.0,from Formicidae (cherry)
TACTTMPCamponotus_Australasian179,0.44638922694031546,0.3651456680463725,0.0,from Formicidae (crown capture probability)
TACTTMPCamponotus_Australasian180,0.44638922694031546,0.3651456680463725,0.0,from Formicidae (crown capture probability)
TACTTMPCamponotus_Australasian181,0.44638922694031546,0.3651456680463725,0.0,from Formicidae (crown capture probability)
TACTTMPCamponotus_Australasian182,0.44638922694031546,0.3651456680463725,0.0,from Formicidae (crown capture probability)
TACTTMPCamponotus_Australasian183,0.44638922694031546,0.3651456680463725,0.0,from Formicidae (cherry)
TACTTMPCamponotus_Australasian184,0.44638922694031546,0.3651456680463725,0.0,from Formicidae (cherry)
TACTTMPCamponotus_Australasian185,0.44638922694031546,0.3651456680463725,0.0,from Formicidae (crown capture probability)
TACTTMPCamponotus_Australasian186,0.44638922694031546,0.3651456680463725,0.0,from Formicidae (crown capture probability)
TACTTMPCamponotus_Australasian187,0.44638922694031546,0.3651456680463725,0.0,from Formicidae (cherry)
TACTTMPCamponotus_Australasian188,0.44638922694031546,0.3651456680463725,0.0,from Formicidae (crown capture probability)
TACTTMPCamponotus_Australasian189,0.44638922694031546,0.3651456680463725,0.0,from Formicidae (crown capture probability)
TACTTMPCamponotus_Australasian190,0.44638922694031546,0.3651456680463725,0.0,from Formicidae (crown capture probability)
TACTTMPCamponotus_Australasian191,0.44638922694031546,0.3651456680463725,0.0,from Formicidae (crown capture probability)
TACTTMPCamponotus_Australasian192,0.44638922694031546,0.3651456680463725,0.0,from Formicidae (cherry)
TACTTMPCamponotus_Australasian193,0.44638922694031546,0.3651456680463725,0.0,from Formicidae (crown capture probability)
TACTTMPCamponotus_Australasian194,0.44638922694031546,0.3651456680463725,0,from Formicidae (singleton)
TACTTMPCamponotus_Australasian195,0.44638922694031546,0.3651456680463725,0,from Formicidae (singleton)
TACTTMPCamponotus_Australasian196,0.44638922694031546,0.3651456680463725,0.0,from Formicidae (crown capture probability)
TACTTMPCamponotus_Australasian197,0.44638922694031546,0.3651456680463725,0.0,from Formicidae (crown capture probability)
TACTTMPCamponotus_Australasian198,0.44638922694031546,0.3651456680463725,0.0,from Formicidae (cherry)
TACTTMPCamponotus_Australasian199,0.44638922694031546,0.3651456680463725,0.0,from Formicidae (crown capture probability)
TACTTMPCamponotus_Australasian200,0.44638922694031546,0.3651456680463725,0.0,from Formicidae (crown capture probability)
TACTTMPCamponotus_Australasian32,0.44638922694031546,0.3651456680463725,0.0,from Formicidae (crown capture probability)
TACTTMPCamponotus_Australasian47,0.44638922694031546,0.3651456680463725,0.0,from Formicidae (crown capture probability)
TACTTMPCamponotus_Australasian51,0.44638922694031546,0.3651456680463725,0.0,from Formicidae (crown capture probability)
TACTTMPCamponotus_Australasian79,0.44638922694031546,0.3651456680463725,0.0,from Formicidae (cherry)
TACTTMPCamponotus_Australasian82,0.44638922694031546,0.3651456680463725,0.0,from Formicidae (crown capture probability)
TACTTMPCamponotus_Australasian83,0.44638922694031546,0.3651456680463725,0.0,from Formicidae (crown capture probability)
TACTTMPCamponotus_Australasian84,0.44638922694031546,0.3651456680463725,0.0,from Formicidae (cherry)
TACTTMPCamponotus_Indomalayan142,0.44638922694031546,0.3651456680463725,0.0,from Formicidae (crown capture probability)
TACTTMPCamponotus_Indomalayan153,0.44638922694031546,0.3651456680463725,0.0,from Formicidae (crown capture probability)
TACTTMPCamponotus_Indomalayan154,0.44638922694031546,0.3651456680463725,0.0,from Formicidae (crown capture probability)
TACTTMPCamponotus_Indomalayan155,0.44638922694031546,0.3651456680463725,0.0,from Formicidae (crown capture probability)
TACTTMPCamponotus_Indomalayan161,0.44638922694031546,0.3651456680463725,0.0,from Formicidae (crown capture probability)
TACTTMPCamponotus_Indomalayan163,0.44638922694031546,0.3651456680463725,0.0,from Formicidae (crown capture probability)
TACTTMPCamponotus_Indomalayan208,0.44638922694031546,0.3651456680463725,0.0,from Formicidae (crown capture probability)
TACTTMPCamponotus_Indomalayan44,0.44638922694031546,0.3651456680463725,0.0,from Formicidae (crown capture probability)
TACTTMPCamponotus_Indomalayan45,0.44638922694031546,0.3651456680463725,0.0,from Formicidae (crown capture probability)
TACTTMPCamponotus_Indomalayan48,0.44638922694031546,0.3651456680463725,0.0,from Formicidae (crown capture probability)
TACTTMPCamponotus_Indomalayan49,0.44638922694031546,0.3651456680463725,0.0,from Formicidae (crown capture probability)
TACTTMPCamponotus_Indomalayan50,0.44638922694031546,0.3651456680463725,0.0,from Formicidae (crown capture probability)
TACTTMPCamponotus_Indomalayan78,0.44638922694031546,0.3651456680463725,0.0,from Formicidae (crown capture probability)
TACTTMPCamponotus_Indomalayan81,0.44638922694031546,0.3651456680463725,0.0,from Formicidae (crown capture probability)
TACTTMPCamponotus_Nearctic120,0.44638922694031546,0.3651456680463725,0.0,from Formicidae (crown capture probability)
TACTTMPCamponotus_Nearctic127,0.44638922694031546,0.3651456680463725,0.0,from Formicidae (crown capture probability)
TACTTMPCamponotus_Nearctic52,0.44638922694031546,0.3651456680463725,0.0,from Formicidae (crown capture probability)
TACTTMPCamponotus_Nearctic53,0.44638922694031546,0.3651456680463725,0,from Formicidae (singleton)
TACTTMPCamponotus_Nearctic56,0.44638922694031546,0.3651456680463725,0.0,from Formicidae (cherry)
TACTTMPCamponotus_Nearctic57,0.44638922694031546,0.3651456680463725,0.0,from Formicidae (crown capture probability)
TACTTMPCamponotus_Nearctic58,0.44638922694031546,0.3651456680463725,0.0,from Formicidae (crown capture probability)
TACTTMPCamponotus_Nearctic59,0.44638922694031546,0.3651456680463725,0.0,from Formicidae (cherry)
TACTTMPCamponotus_Nearctic60,0.44638922694031546,0.3651456680463725,0.0,from Formicidae (crown capture probability)
TACTTMPCamponotus_Nearctic61,0.44638922694031546,0.3651456680463725,0.0,from Formicidae (crown capture probability)
TACTTMPCamponotus_Nearctic62,0.44638922694031546,0.3651456680463725,0.0,from Formicidae (crown capture probability)
TACTTMPCamponotus_Nearctic64,0.44638922694031546,0.3651456680463725,0.0,from Formicidae (crown capture probability)
TACTTMPCamponotus_Nearctic65,0.44638922694031546,0.3651456680463725,0.0,from Formicidae (crown capture probability)
TACTTMPCamponotus_Nearctic66,0.44638922694031546,0.3651456680463725,0,from Formicidae (singleton)
TACTTMPCamponotus_Nearctic69,0.44638922694031546,0.3651456680463725,0.0,from Formicidae (crown capture probability)
TACTTMPCamponotus_Nearctic70,0.44638922694031546,0.3651456680463725,0,from Formicidae (singleton)
TACTTMPCamponotus_Neotropical102,0.44638922694031546,0.3651456680463725,0.0,from Formicidae (crown capture probability)
TACTTMPCamponotus_Neotropical103,0.44638922694031546,0.3651456680463725,0.0,from Formicidae (crown capture probability)
TACTTMPCamponotus_Neotropical104,0.44638922694031546,0.3651456680463725,0.0,from Formicidae (crown capture probability)
TACTTMPCamponotus_Neotropical105,0.44638922694031546,0.3651456680463725,0.0,from Formicidae (crown capture probability)
TACTTMPCamponotus_Neotropical106,0.44638922694031546,0.3651456680463725,0.0,from Formicidae (crown capture probability)
TACTTMPCamponotus_Neotropical107,0.44638922694031546,0.3651456680463725,0.0,from Formicidae (crown capture probability)
TACTTMPCamponotus_Neotropical108,0.44638922694031546,0.3651456680463725,0.0,from Formicidae (crown capture probability)
TACTTMPCamponotus_Neotropical109,0.44638922694031546,0.3651456680463725,0.0,from Formicidae (crown capture probability)
TACTTMPCamponotus_Neotropical110,0.44638922694031546,0.3651456680463725,0.0,from Formicidae (crown capture probability)
TACTTMPCamponotus_Neotropical111,0.44638922694031546,0.3651456680463725,0.0,from Formicidae (crown capture probability)
TACTTMPCamponotus_Neotropical112,0.44638922694031546,0.3651456680463725,0.0,from Formicidae (crown capture probability)
TACTTMPCamponotus_Neotropical113,0.44638922694031546,0.3651456680463725,0.0,from Formicidae (crown capture probability)
TACTTMPCamponotus_Neotropical114,0.44638922694031546,0.3651456680463725,0.0,from Formicidae (crown capture probability)
TACTTMPCamponotus_Neotropical115,0.44638922694031546,0.3651456680463725,0.0,from Formicidae (crown capture probability)
TACTTMPCamponotus_Neotropical116,0.44638922694031546,0.3651456680463725,0.0,from Formicidae (crown capture probability)
TACTTMPCamponotus_Neotropical117,0.44638922694031546,0.3651456680463725,0.0,from Formicidae (crown capture probability)
TACTTMPCamponotus_Neotropical118,0.44638922694031546,0.3651456680463725,0.0,from Formicidae (crown capture probability)
TACTTMPCamponotus_Neotropical119,0.44638922694031546,0.3651456680463725,0.0,from Formicidae (crown capture probability)
TACTTMPCamponotus_Neotropical121,0.44638922694031546,0.3651456680463725,0.0,from Formicidae (crown capture probability)
TACTTMPCamponotus_Neotropical122,0.44638922694031546,0.3651456680463725,0.0,from Formicidae (cherry)
TACTTMPCamponotus_Neotropical123,0.44638922694031546,0.3651456680463725,0.0,from Formicidae (crown capture probability)
TACTTMPCamponotus_Neotropical124,0.44638922694031546,0.3651456680463725,0.0,from Formicidae (crown capture probability)
TACTTMPCamponotus_Neotropical125,0.44638922694031546,0.3651456680463725,0.0,from Formicidae (crown capture probability)
TACTTMPCamponotus_Neotropical126,0.44638922694031546,0.3651456680463725,0.0,from Formicidae (crown capture probability)
TACTTMPCamponotus_Neotropical128,0.44638922694031546,0.3651456680463725,0.0,from Formicidae (crown capture probability)
TACTTMPCamponotus_Neotropical129,0.44638922694031546,0.3651456680463725,0.0,from Formicidae (crown capture probability)
TACTTMPCamponotus_Neotropical130,0.44638922694031546,0.3651456680463725,0.0,from Formicidae (crown capture probability)
TACTTMPCamponotus_Neotropical131,0.44638922694031546,0.3651456680463725,0.0,from Formicidae (crown capture probability)
TACTTMPCamponotus_Neotropical63,0.44638922694031546,0.3651456680463725,0.0,from Formicidae (crown capture probability)
TACTTMPCamponotus_Neotropical75,0.44638922694031546,0.3651456680463725,0.0,from Formicidae (crown capture probability)
TACTTMPCamponotus_Neotropical76,0.44638922694031546,0.3651456680463725,0.0,from Formicidae (crown capture probability)
TACTTMPCamponotus_Neotropical77,0.44638922694031546,0.3651456680463725,0.0,from Formicidae (crown capture probability)
TACTTMPCamponotus_Neotropical95,0.44638922694031546,0.3651456680463725,0.0,from Formicidae (crown capture probability)
TACTTMPCamponotus_Oceanian85,0.44638922694031546,0.3651456680463725,0.0,from Formicidae (crown capture probability)
TACTTMPCamponotus_Palearctic165,0.44638922694031546,0.3651456680463725,0.0,from Formicidae (crown capture probability)
TACTTMPCamponotus_Palearctic54,0.44638922694031546,0.3651456680463725,0.0,from Formicidae (crown capture probability)
TACTTMPCamponotus_Palearctic55,0.44638922694031546,0.3651456680463725,0.0,from Formicidae (crown capture probability)
TACTTMPCamponotus_Palearctic67,0.44638922694031546,0.3651456680463725,0.0,from Formicidae (crown capture probability)
TACTTMPCamponotus_Palearctic68,0.44638922694031546,0.3651456680463725,0.0,from Formicidae (crown capture probability)
TACTTMPCamponotus_Palearctic71,0.44638922694031546,0.3651456680463725,0.0,from Formicidae (crown capture probability)
TACTTMPCamponotus_Palearctic72,0.44638922694031546,0.3651456680463725,0.0,from Formicidae (crown capture probability)
TACTTMPCamponotus_Palearctic73,0.44638922694031546,0.3651456680463725,0.0,from Formicidae (crown capture probability)
TACTTMPCamponotus_Palearctic74,0.44638922694031546,0.3651456680463725,0.0,from Formicidae (crown capture probability)
TACTTMPCamponotus_Palearctic80,0.44638922694031546,0.3651456680463725,0.0,from Formicidae (crown capture probability)
TACTTMPCamponotus_Palearctic86,0.44638922694031546,0.3651456680463725,0.0,from Formicidae (crown capture probability)
TACTTMPCamponotus_Palearctic87,0.44638922694031546,0.3651456680463725,0.0,from Formicidae (crown capture probability)
TACTTMPCamponotus_Palearctic89,0.44638922694031546,0.3651456680463725,0.0,from Formicidae (crown capture probability)
TACTTMPCamponotus_Palearctic90,0.44638922694031546,0.3651456680463725,0.0,from Formicidae (crown capture probability)
TACTTMPCamponotus_Unknown209,0.44638922694031546,0.3651456680463725,0.0,from Formicidae (cherry)
TACTTMPCamponotus_Unknown99,0.44638922694031546,0.3651456680463725,0.0,from Formicidae (crown capture probability)
TACTTMPCardiocondyla_Afrotropical20,0.44638922694031546,0.3651456680463725,0.0,from Formicidae (crown capture probability)
TACTTMPCardiocondyla_Australasian05,0.44638922694031546,0.3651456680463725,0.0,from Formicidae (cherry)
TACTTMPCardiocondyla_Australasian18,0.44638922694031546,0.3651456680463725,0.0,from Formicidae (crown capture probability)
TACTTMPCardiocondyla_Australasian23,0.44638922694031546,0.3651456680463725,0.0,from Formicidae (crown capture probability)
TACTTMPCardiocondyla_Indomalayan03,0.44638922694031546,0.3651456680463725,0.0,from Formicidae (cherry)
TACTTMPCardiocondyla_Indomalayan16,0.44638922694031546,0.3651456680463725,0.0,from Formicidae (crown capture probability)
TACTTMPCardiocondyla_Indomalayan17,0.44638922694031546,0.3651456680463725,0.0,from Formicidae (cherry)
TACTTMPCardiocondyla_Indomalayan21,0.44638922694031546,0.3651456680463725,0.0,from Formicidae (crown capture probability)
TACTTMPCardiocondyla_Indomalayan22,0.44638922694031546,0.3651456680463725,0.0,from Formicidae (crown capture probability)
TACTTMPCardiocondyla_Indomalayan24,0.44638922694031546,0.3651456680463725,0.0,from Formicidae (crown capture probability)
TACTTMPCardiocondyla_Neotropical06,0.44638922694031546,0.3651456680463725,0,from Formicidae (singleton)
TACTTMPCardiocondyla_Oceanian04,0.44638922694031546,0.3651456680463725,0.0,from Formicidae (cherry)
TACTTMPCardiocondyla_Palearctic01,0.44638922694031546,0.3651456680463725,0.0,from Formicidae (crown capture probability)
TACTTMPCardiocondyla_Palearctic02,0.44638922694031546,0.3651456680463725,0.0,from Formicidae (crown capture probability)
TACTTMPCardiocondyla_Palearctic07,0.44638922694031546,0.3651456680463725,0.0,from Formicidae (crown capture probability)
TACTTMPCardiocondyla_Palearctic08,0.44638922694031546,0.3651456680463725,0.0,from Formicidae (crown capture probability)
TACTTMPCardiocondyla_Palearctic09,0.44638922694031546,0.3651456680463725,0.0,from Formicidae (crown capture probability)
TACTTMPCardiocondyla_Palearctic10,0.44638922694031546,0.3651456680463725,0.0,from Formicidae (crown capture probability)
TACTTMPCardiocondyla_Palearctic11,0.44638922694031546,0.3651456680463725,0.0,from Formicidae (crown capture probability)
TACTTMPCardiocondyla_Palearctic12,0.44638922694031546,0.3651456680463725,0.0,from Formicidae (cherry)
TACTTMPCardiocondyla_Palearctic13,0.44638922694031546,0.3651456680463725,0.0,from Formicidae (cherry)
TACTTMPCardiocondyla_Palearctic14,0.44638922694031546,0.3651456680463725,0.0,from Formicidae (crown capture probability)
TACTTMPCardiocondyla_Palearctic15,0.44638922694031546,0.3651456680463725,0.0,from Formicidae (crown capture probability)
TACTTMPCardiocondyla_Palearctic19,0.44638922694031546,0.3651456680463725,0.0,from Formicidae (cherry)
TACTTMPCarebara_Afrotropical01,0.44638922694031546,0.3651456680463725,0.0,from Formicidae (crown capture probability)
TACTTMPCarebara_Afrotropical02,0.44638922694031546,0.3651456680463725,0.0,from Formicidae (crown capture probability)
TACTTMPCarebara_Afrotropical03,0.44638922694031546,0.3651456680463725,0.0,from Formicidae (crown capture probability)
TACTTMPCarebara_Afrotropical04,0.44638922694031546,0.3651456680463725,0.0,from Formicidae (crown capture probability)
TACTTMPCarebara_Afrotropical05,0.44638922694031546,0.3651456680463725,0.0,from Formicidae (crown capture probability)
TACTTMPCarebara_Afrotropical06,0.44638922694031546,0.3651456680463725,0.0,from Formicidae (crown capture probability)
TACTTMPCarebara_Afrotropical10,0.44638922694031546,0.3651456680463725,0.0,from Formicidae (crown capture probability)
TACTTMPCarebara_Afrotropical11,0.44638922694031546,0.3651456680463725,0.0,from Formicidae (crown capture probability)
TACTTMPCarebara_Afrotropical12,0.44638922694031546,0.3651456680463725,0.0,from Formicidae (crown capture probability)
TACTTMPCarebara_Afrotropical13,0.44638922694031546,0.3651456680463725,0.0,from Formicidae (crown capture probability)
TACTTMPCarebara_Afrotropical15,0.44638922694031546,0.3651456680463725,0.0,from Formicidae (crown capture probability)
TACTTMPCarebara_Afrotropical16,0.44638922694031546,0.3651456680463725,0.0,from Formicidae (crown capture probability)
TACTTMPCarebara_Indomalayan08,0.44638922694031546,0.3651456680463725,0.0,from Formicidae (crown capture probability)
TACTTMPCarebara_Indomalayan09,0.44638922694031546,0.3651456680463725,0.0,from Formicidae (crown capture probability)
TACTTMPCarebara_Indomalayan14,0.44638922694031546,0.3651456680463725,0.0,from Formicidae (crown capture probability)
TACTTMPCarebara_Neotropical07,0.44638922694031546,0.3651456680463725,0.0,from Formicidae (crown capture probability)
TACTTMPCataglyphis_Palearctic01,0.44638922694031546,0.3651456680463725,0.0,from Formicidae (crown capture probability)
TACTTMPCataglyphis_Palearctic02,0.44638922694031546,0.3651456680463725,0.0,from Formicidae (crown capture probability)
TACTTMPCataglyphis_Palearctic03,0.44638922694031546,0.3651456680463725,0.0,from Formicidae (cherry)
TACTTMPCataglyphis_Palearctic04,0.44638922694031546,0.3651456680463725,0.0,from Formicidae (cherry)
TACTTMPCataglyphis_Palearctic05,0.44638922694031546,0.3651456680463725,0.0,from Formicidae (crown capture probability)
TACTTMPCataglyphis_Palearctic06,0.44638922694031546,0.3651456680463725,0.0,from Formicidae (crown capture probability)
TACTTMPCataglyphis_Palearctic07,0.44638922694031546,0.3651456680463725,0.0,from Formicidae (crown capture probability)
TACTTMPCataglyphis_Palearctic08,0.44638922694031546,0.3651456680463725,0.0,from Formicidae (crown capture probability)
TACTTMPCataglyphis_Palearctic09,0.44638922694031546,0.3651456680463725,0.0,from Formicidae (cherry)
TACTTMPCataglyphis_Palearctic10,0.44638922694031546,0.3651456680463725,0.0,from Formicidae (crown capture probability)
TACTTMPCataglyphis_Palearctic11,0.44638922694031546,0.3651456680463725,0.0,from Formicidae (cherry)
TACTTMPCataglyphis_Palearctic12,0.44638922694031546,0.3651456680463725,0,from Formicidae (singleton)
TACTTMPCataglyphis_Palearctic13,0.44638922694031546,0.3651456680463725,0.0,from Formicidae (cherry)
TACTTMPCataglyphis_Palearctic14,0.44638922694031546,0.3651456680463725,0.0,from Formicidae (crown capture probability)
TACTTMPCataglyphis_Palearctic15,0.44638922694031546,0.3651456680463725,0.0,from Formicidae (cherry)
TACTTMPCataglyphis_Palearctic16,0.44638922694031546,0.3651456680463725,0.0,from Formicidae (crown capture probability)
TACTTMPCataglyphis_Palearctic17,0.44638922694031546,0.3651456680463725,0,from Formicidae (singleton)
TACTTMPCataglyphis_Palearctic18,0.44638922694031546,0.3651456680463725,0,from Formicidae (singleton)
TACTTMPCataglyphis_Palearctic19,0.44638922694031546,0.3651456680463725,0.0,from Formicidae (crown capture probability)
TACTTMPCataglyphis_Palearctic20,0.44638922694031546,0.3651456680463725,0.0,from Formicidae (cherry)
TACTTMPCataglyphis_Palearctic21,0.44638922694031546,0.3651456680463725,0.0,from Formicidae (crown capture probability)
TACTTMPCataglyphis_Palearctic22,0.44638922694031546,0.3651456680463725,0.0,from Formicidae (cherry)
TACTTMPCataglyphis_Palearctic23,0.44638922694031546,0.3651456680463725,0.0,from Formicidae (crown capture probability)
TACTTMPCataglyphis_Palearctic24,0.44638922694031546,0.3651456680463725,0.0,from Formicidae (cherry)
TACTTMPCataglyphis_Palearctic25,0.44638922694031546,0.3651456680463725,0.0,from Formicidae (cherry)
TACTTMPCataglyphis_Palearctic26,0.44638922694031546,0.3651456680463725,0.0,from Formicidae (crown capture probability)
TACTTMPCataglyphis_Palearctic27,0.44638922694031546,0.3651456680463725,0.0,from Formicidae (crown capture probability)
TACTTMPCataglyphis_Palearctic28,0.44638922694031546,0.3651456680463725,0.0,from Formicidae (cherry)
TACTTMPCataglyphis_Palearctic29,0.44638922694031546,0.3651456680463725,0.0,from Formicidae (cherry)
TACTTMPCataglyphis_Palearctic30,0.44638922694031546,0.3651456680463725,0.0,from Formicidae (crown capture probability)
TACTTMPCataglyphis_Palearctic32,0.44638922694031546,0.3651456680463725,0.0,from Formicidae (cherry)
TACTTMPCataglyphis_Palearctic33,0.44638922694031546,0.3651456680463725,0.0,from Formicidae (crown capture probability)
TACTTMPCataglyphis_Palearctic35,0.44638922694031546,0.3651456680463725,0.0,from Formicidae (crown capture probability)
TACTTMPCataglyphis_Palearctic36,0.44638922694031546,0.3651456680463725,0.0,from Formicidae (crown capture probability)
TACTTMPCataglyphis_Palearctic37,0.44638922694031546,0.3651456680463725,0.0,from Formicidae (crown capture probability)
TACTTMPCataglyphis_Unknown31,0.44638922694031546,0.3651456680463725,0.0,from Formicidae (crown capture probability)
TACTTMPCataglyphis_Unknown34,0.44638922694031546,0.3651456680463725,0,from Formicidae (singleton)
TACTTMPCataulacus_Afrotropical01,0.44638922694031546,0.3651456680463725,0.0,from Formicidae (crown capture probability)
TACTTMPCataulacus_Afrotropical02,0.44638922694031546,0.3651456680463725,0.0,from Formicidae (crown capture probability)
TACTTMPCataulacus_Afrotropical06,0.44638922694031546,0.3651456680463725,0.0,from Formicidae (crown capture probability)
TACTTMPCataulacus_Afrotropical07,0.44638922694031546,0.3651456680463725,0.0,from Formicidae (crown capture probability)
TACTTMPCataulacus_Afrotropical08,0.44638922694031546,0.3651456680463725,0.0,from Formicidae (crown capture probability)
TACTTMPCataulacus_Afrotropical09,0.44638922694031546,0.3651456680463725,0,from Formicidae (singleton)
TACTTMPCataulacus_Afrotropical10,0.44638922694031546,0.3651456680463725,0.0,from Formicidae (crown capture probability)
TACTTMPCataulacus_Afrotropical11,0.44638922694031546,0.3651456680463725,0.0,from Formicidae (crown capture probability)
TACTTMPCataulacus_Afrotropical12,0.44638922694031546,0.3651456680463725,0.0,from Formicidae (crown capture probability)
TACTTMPCataulacus_Indomalayan04,0.44638922694031546,0.3651456680463725,0.0,from Formicidae (crown capture probability)
TACTTMPCataulacus_Indomalayan05,0.44638922694031546,0.3651456680463725,0.0,from Formicidae (crown capture probability)
TACTTMPCataulacus_Unknown03,0.44638922694031546,0.3651456680463725,0.0,from Formicidae (cherry)
TACTTMPCentromyrmex_Afrotropical04,0.44638922694031546,0.3651456680463725,0.0,from Formicidae (crown capture probability)
TACTTMPCentromyrmex_Afrotropical05,0.44638922694031546,0.3651456680463725,0.0,from Formicidae (crown capture probability)
TACTTMPCentromyrmex_Afrotropical07,0.44638922694031546,0.3651456680463725,0.0,from Formicidae (crown capture probability)
TACTTMPCentromyrmex_Indomalayan03,0.44638922694031546,0.3651456680463725,0,from Formicidae (singleton)
TACTTMPCentromyrmex_Indomalayan06,0.44638922694031546,0.3651456680463725,0,from Formicidae (singleton)
TACTTMPCentromyrmex_Neotropical01,0.44638922694031546,0.3651456680463725,0.0,from Formicidae (cherry)
TACTTMPCentromyrmex_Neotropical02,0.44638922694031546,0.3651456680463725,0,from Formicidae (singleton)
TACTTMPCephalotes_Nearctic48,0.44638922694031546,0.3651456680463725,0,from Formicidae (singleton)
TACTTMPCephalotes_Nearctic57,0.44638922694031546,0.3651456680463725,0,from Formicidae (singleton)
TACTTMPCephalotes_Neotropical01,0.44638922694031546,0.3651456680463725,0,from Formicidae (singleton)
TACTTMPCephalotes_Neotropical02,0.44638922694031546,0.3651456680463725,0.0,from Formicidae (crown capture probability)
TACTTMPCephalotes_Neotropical03,0.44638922694031546,0.3651456680463725,0,from Formicidae (singleton)
TACTTMPCephalotes_Neotropical04,0.44638922694031546,0.3651456680463725,0,from Formicidae (singleton)
TACTTMPCephalotes_Neotropical05,0.44638922694031546,0.3651456680463725,0.0,from Formicidae (cherry)
TACTTMPCephalotes_Neotropical06,0.44638922694031546,0.3651456680463725,0.0,from Formicidae (cherry)
TACTTMPCephalotes_Neotropical07,0.44638922694031546,0.3651456680463725,0.0,from Formicidae (cherry)
TACTTMPCephalotes_Neotropical08,0.44638922694031546,0.3651456680463725,0.0,from Formicidae (cherry)
TACTTMPCephalotes_Neotropical09,0.44638922694031546,0.3651456680463725,0.0,from Formicidae (cherry)
TACTTMPCephalotes_Neotropical10,0.44638922694031546,0.3651456680463725,0.0,from Formicidae (crown capture probability)
TACTTMPCephalotes_Neotropical11,0.44638922694031546,0.3651456680463725,0.0,from Formicidae (cherry)
TACTTMPCephalotes_Neotropical12,0.44638922694031546,0.3651456680463725,0.0,from Formicidae (crown capture probability)
TACTTMPCephalotes_Neotropical13,0.44638922694031546,0.3651456680463725,0,from Formicidae (singleton)
TACTTMPCephalotes_Neotropical14,0.44638922694031546,0.3651456680463725,0,from Formicidae (singleton)
TACTTMPCephalotes_Neotropical15,0.44638922694031546,0.3651456680463725,0.0,from Formicidae (crown capture probability)
TACTTMPCephalotes_Neotropical17,0.44638922694031546,0.3651456680463725,0.0,from Formicidae (cherry)
TACTTMPCephalotes_Neotropical18,0.44638922694031546,0.3651456680463725,0,from Formicidae (singleton)
TACTTMPCephalotes_Neotropical19,0.44638922694031546,0.3651456680463725,0,from Formicidae (singleton)
TACTTMPCephalotes_Neotropical20,0.44638922694031546,0.3651456680463725,0,from Formicidae (singleton)
TACTTMPCephalotes_Neotropical21,0.44638922694031546,0.3651456680463725,0,from Formicidae (singleton)
TACTTMPCephalotes_Neotropical22,0.44638922694031546,0.3651456680463725,0.0,from Formicidae (crown capture probability)
TACTTMPCephalotes_Neotropical23,0.44638922694031546,0.3651456680463725,0.0,from Formicidae (cherry)
TACTTMPCephalotes_Neotropical24,0.44638922694031546,0.3651456680463725,0,from Formicidae (singleton)
TACTTMPCephalotes_Neotropical25,0.44638922694031546,0.3651456680463725,0,from Formicidae (singleton)
TACTTMPCephalotes_Neotropical26,0.44638922694031546,0.3651456680463725,0,from Formicidae (singleton)
TACTTMPCephalotes_Neotropical27,0.44638922694031546,0.3651456680463725,0,from Formicidae (singleton)
TACTTMPCephalotes_Neotropical28,0.44638922694031546,0.3651456680463725,0.0,from Formicidae (cherry)
TACTTMPCephalotes_Neotropical29,0.44638922694031546,0.3651456680463725,0.0,from Formicidae (cherry)
TACTTMPCephalotes_Neotropical30,0.44638922694031546,0.3651456680463725,0,from Formicidae (singleton)
TACTTMPCephalotes_Neotropical31,0.44638922694031546,0.3651456680463725,0.0,from Formicidae (crown capture probability)
TACTTMPCephalotes_Neotropical32,0.44638922694031546,0.3651456680463725,0.0,from Formicidae (cherry)
TACTTMPCephalotes_Neotropical33,0.44638922694031546,0.3651456680463725,0,from Formicidae (singleton)
TACTTMPCephalotes_Neotropical34,0.44638922694031546,0.3651456680463725,0,from Formicidae (singleton)
TACTTMPCephalotes_Neotropical35,0.44638922694031546,0.3651456680463725,0.0,from Formicidae (cherry)
TACTTMPCephalotes_Neotropical36,0.44638922694031546,0.3651456680463725,0,from Formicidae (singleton)
TACTTMPCephalotes_Neotropical37,0.44638922694031546,0.3651456680463725,0,from Formicidae (singleton)
TACTTMPCephalotes_Neotropical38,0.44638922694031546,0.3651456680463725,0.0,from Formicidae (cherry)
TACTTMPCephalotes_Neotropical39,0.44638922694031546,0.3651456680463725,0,from Formicidae (singleton)
TACTTMPCephalotes_Neotropical40,0.44638922694031546,0.3651456680463725,0.0,from Formicidae (cherry)
TACTTMPCephalotes_Neotropical41,0.44638922694031546,0.3651456680463725,0.0,from Formicidae (cherry)
TACTTMPCephalotes_Neotropical42,0.44638922694031546,0.3651456680463725,0,from Formicidae (singleton)
TACTTMPCephalotes_Neotropical44,0.44638922694031546,0.3651456680463725,0,from Formicidae (singleton)
TACTTMPCephalotes_Neotropical45,0.44638922694031546,0.3651456680463725,0.0,from Formicidae (cherry)
TACTTMPCephalotes_Neotropical46,0.44638922694031546,0.3651456680463725,0,from Formicidae (singleton)
TACTTMPCephalotes_Neotropical47,0.44638922694031546,0.3651456680463725,0.0,from Formicidae (cherry)
TACTTMPCephalotes_Neotropical49,0.44638922694031546,0.3651456680463725,0.0,from Formicidae (crown capture probability)
TACTTMPCephalotes_Neotropical50,0.44638922694031546,0.3651456680463725,0.0,from Formicidae (crown capture probability)
TACTTMPCephalotes_Neotropical51,0.44638922694031546,0.3651456680463725,0.0,from Formicidae (cherry)
TACTTMPCephalotes_Neotropical52,0.44638922694031546,0.3651456680463725,0,from Formicidae (singleton)
TACTTMPCephalotes_Neotropical53,0.44638922694031546,0.3651456680463725,0,from Formicidae (singleton)
TACTTMPCephalotes_Neotropical54,0.44638922694031546,0.3651456680463725,0.0,from Formicidae (cherry)
TACTTMPCephalotes_Neotropical55,0.44638922694031546,0.3651456680463725,0.0,from Formicidae (cherry)
TACTTMPCephalotes_Neotropical56,0.44638922694031546,0.3651456680463725,0.0,from Formicidae (cherry)
TACTTMPCephalotes_Neotropical58,0.44638922694031546,0.3651456680463725,0.0,from Formicidae (crown capture probability)
TACTTMPCephalotes_Neotropical59,0.44638922694031546,0.3651456680463725,0.0,from Formicidae (crown capture probability)
TACTTMPCephalotes_Neotropical60,0.44638922694031546,0.3651456680463725,0.0,from Formicidae (cherry)
TACTTMPCephalotes_Neotropical61,0.44638922694031546,0.3651456680463725,0,from Formicidae (singleton)
TACTTMPCephalotes_Neotropical62,0.44638922694031546,0.3651456680463725,0.0,from Formicidae (cherry)
TACTTMPCephalotes_Neotropical63,0.44638922694031546,0.3651456680463725,0,from Formicidae (singleton)
TACTTMPCephalotes_Neotropical64,0.44638922694031546,0.3651456680463725,0,from Formicidae (singleton)
TACTTMPCephalotes_Neotropical67,0.44638922694031546,0.3651456680463725,0,from Formicidae (singleton)
TACTTMPCephalotes_Neotropical68,0.44638922694031546,0.3651456680463725,0,from Formicidae (singleton)
TACTTMPCephalotes_Neotropical69,0.44638922694031546,0.3651456680463725,0.0,from Formicidae (crown capture probability)
TACTTMPCephalotes_Neotropical70,0.44638922694031546,0.3651456680463725,0,from Formicidae (singleton)
TACTTMPCephalotes_Neotropical71,0.44638922694031546,0.3651456680463725,0.0,from Formicidae (cherry)
TACTTMPCephalotes_Neotropical72,0.44638922694031546,0.3651456680463725,0,from Formicidae (singleton)
TACTTMPCephalotes_Neotropical73,0.44638922694031546,0.3651456680463725,0.0,from Formicidae (cherry)
TACTTMPCephalotes_Unknown16,0.44638922694031546,0.3651456680463725,0,from Formicidae (singleton)
TACTTMPCephalotes_Unknown43,0.44638922694031546,0.3651456680463725,0,from Formicidae (singleton)
TACTTMPCephalotes_Unknown65,0.44638922694031546,0.3651456680463725,0,from Formicidae (singleton)
TACTTMPCephalotes_Unknown66,0.44638922694031546,0.3651456680463725,0.0,from Formicidae (cherry)
TACTTMPCerapachys_Australasian02,0.44638922694031546,0.3651456680463725,0,from Formicidae (singleton)
TACTTMPCerapachys_Indomalayan01,0.44638922694031546,0.3651456680463725,0.0,from Formicidae (crown capture probability)
TACTTMPChelaner_Australasian01,0.44638922694031546,0.3651456680463725,0.0,from Formicidae (crown capture probability)
TACTTMPChelaner_Australasian02,0.44638922694031546,0.3651456680463725,0.0,from Formicidae (crown capture probability)
TACTTMPChelaner_Australasian03,0.44638922694031546,0.3651456680463725,0.0,from Formicidae (crown capture probability)
TACTTMPChelaner_Australasian04,0.44638922694031546,0.3651456680463725,0.0,from Formicidae (cherry)
TACTTMPChelaner_Australasian05,0.44638922694031546,0.3651456680463725,0.0,from Formicidae (crown capture probability)
TACTTMPChelaner_Australasian06,0.44638922694031546,0.3651456680463725,0.0,from Formicidae (crown capture probability)
TACTTMPChelaner_Australasian07,0.44638922694031546,0.3651456680463725,0.0,from Formicidae (crown capture probability)
TACTTMPChelaner_Australasian08,0.44638922694031546,0.3651456680463725,0.0,from Formicidae (cherry)
TACTTMPChelaner_Australasian09,0.44638922694031546,0.3651456680463725,0.0,from Formicidae (cherry)
TACTTMPChelaner_Australasian10,0.44638922694031546,0.3651456680463725,0.0,from Formicidae (cherry)
TACTTMPChelaner_Australasian11,0.44638922694031546,0.3651456680463725,0.0,from Formicidae (crown capture probability)
TACTTMPChelaner_Australasian12,0.44638922694031546,0.3651456680463725,0.0,from Formicidae (crown capture probability)
TACTTMPChelaner_Australasian13,0.44638922694031546,0.3651456680463725,0.0,from Formicidae (crown capture probability)
TACTTMPChelaner_Australasian14,0.44638922694031546,0.3651456680463725,0.0,from Formicidae (cherry)
TACTTMPChelaner_Australasian15,0.44638922694031546,0.3651456680463725,0.0,from Formicidae (cherry)
TACTTMPChelaner_Australasian16,0.44638922694031546,0.3651456680463725,0.0,from Formicidae (crown capture probability)
TACTTMPChelaner_Australasian17,0.44638922694031546,0.3651456680463725,0.0,from Formicidae (cherry)
TACTTMPChelaner_Australasian18,0.44638922694031546,0.3651456680463725,0.0,from Formicidae (cherry)
TACTTMPChelaner_Australasian19,0.44638922694031546,0.3651456680463725,0,from Formicidae (singleton)
TACTTMPCheliomyrmex_Neotropical01,0.44638922694031546,0.3651456680463725,0,from Formicidae (singleton)
TACTTMPCheliomyrmex_Neotropical02,0.44638922694031546,0.3651456680463725,0.0,from Formicidae (cherry)
TACTTMPCheliomyrmex_Neotropical03,0.44638922694031546,0.3651456680463725,0,from Formicidae (singleton)
TACTTMPChronoxenus_Indomalayan01,0.44638922694031546,0.3651456680463725,0.0,from Formicidae (crown capture probability)
TACTTMPChrysapace_Indomalayan02,0.44638922694031546,0.3651456680463725,0.0,from Formicidae (crown capture probability)
TACTTMPChrysapace_Palearctic01,0.44638922694031546,0.3651456680463725,0,from Formicidae (singleton)
TACTTMPCladomyrma_Indomalayan01,0.44638922694031546,0.3651456680463725,0.0,from Formicidae (crown capture probability)
TACTTMPColobopsis_Australasian07,0.44638922694031546,0.3651456680463725,0.0,from Formicidae (crown capture probability)
TACTTMPColobopsis_Australasian08,0.44638922694031546,0.3651456680463725,0.0,from Formicidae (crown capture probability)
TACTTMPColobopsis_Australasian10,0.44638922694031546,0.3651456680463725,0.0,from Formicidae (crown capture probability)
TACTTMPColobopsis_Australasian11,0.44638922694031546,0.3651456680463725,0.0,from Formicidae (crown capture probability)
TACTTMPColobopsis_Australasian17,0.44638922694031546,0.3651456680463725,0.0,from Formicidae (crown capture probability)
TACTTMPColobopsis_Indomalayan05,0.44638922694031546,0.3651456680463725,0.0,from Formicidae (crown capture probability)
TACTTMPColobopsis_Indomalayan06,0.44638922694031546,0.3651456680463725,0.0,from Formicidae (crown capture probability)
TACTTMPColobopsis_Indomalayan09,0.44638922694031546,0.3651456680463725,0.0,from Formicidae (crown capture probability)
TACTTMPColobopsis_Indomalayan15,0.44638922694031546,0.3651456680463725,0.0,from Formicidae (crown capture probability)
TACTTMPColobopsis_Nearctic01,0.44638922694031546,0.3651456680463725,0.0,from Formicidae (crown capture probability)
TACTTMPColobopsis_Nearctic02,0.44638922694031546,0.3651456680463725,0,from Formicidae (singleton)
TACTTMPColobopsis_Neotropical03,0.44638922694031546,0.3651456680463725,0.0,from Formicidae (crown capture probability)
TACTTMPColobopsis_Oceanian12,0.44638922694031546,0.3651456680463725,0.0,from Formicidae (crown capture probability)
TACTTMPColobopsis_Oceanian13,0.44638922694031546,0.3651456680463725,0.0,from Formicidae (crown capture probability)
TACTTMPColobopsis_Oceanian14,0.44638922694031546,0.3651456680463725,0.0,from Formicidae (crown capture probability)
TACTTMPColobopsis_Oceanian16,0.44638922694031546,0.3651456680463725,0.0,from Formicidae (crown capture probability)
TACTTMPColobopsis_Palearctic04,0.44638922694031546,0.3651456680463725,0.0,from Formicidae (crown capture probability)
TACTTMPColobostruma_Australasian01,0.44638922694031546,0.3651456680463725,0.0,from Formicidae (crown capture probability)
TACTTMPCrematogaster_Afrotropical144,0.44638922694031546,0.3651456680463725,0.0,from Formicidae (crown capture probability)
TACTTMPCrematogaster_Afrotropical145,0.44638922694031546,0.3651456680463725,0.0,from Formicidae (cherry)
TACTTMPCrematogaster_Afrotropical146,0.44638922694031546,0.3651456680463725,0.0,from Formicidae (crown capture probability)
TACTTMPCrematogaster_Afrotropical147,0.44638922694031546,0.3651456680463725,0.0,from Formicidae (crown capture probability)
TACTTMPCrematogaster_Afrotropical148,0.44638922694031546,0.3651456680463725,0.0,from Formicidae (crown capture probability)
TACTTMPCrematogaster_Afrotropical149,0.44638922694031546,0.3651456680463725,0.0,from Formicidae (crown capture probability)
TACTTMPCrematogaster_Afrotropical150,0.44638922694031546,0.3651456680463725,0.0,from Formicidae (crown capture probability)
TACTTMPCrematogaster_Afrotropical31,0.44638922694031546,0.3651456680463725,0.0,from Formicidae (cherry)
TACTTMPCrematogaster_Afrotropical32,0.44638922694031546,0.3651456680463725,0.0,from Formicidae (cherry)
TACTTMPCrematogaster_Afrotropical33,0.44638922694031546,0.3651456680463725,0.0,from Formicidae (crown capture probability)
TACTTMPCrematogaster_Afrotropical34,0.44638922694031546,0.3651456680463725,0.0,from Formicidae (cherry)
TACTTMPCrematogaster_Afrotropical35,0.44638922694031546,0.3651456680463725,0.0,from Formicidae (crown capture probability)
TACTTMPCrematogaster_Afrotropical36,0.44638922694031546,0.3651456680463725,0,from Formicidae (singleton)
TACTTMPCrematogaster_Afrotropical37,0.44638922694031546,0.3651456680463725,0.0,from Formicidae (crown capture probability)
TACTTMPCrematogaster_Afrotropical38,0.44638922694031546,0.3651456680463725,0.0,from Formicidae (cherry)
TACTTMPCrematogaster_Afrotropical39,0.44638922694031546,0.3651456680463725,0.0,from Formicidae (crown capture probability)
TACTTMPCrematogaster_Afrotropical40,0.44638922694031546,0.3651456680463725,0.0,from Formicidae (crown capture probability)
TACTTMPCrematogaster_Afrotropical41,0.44638922694031546,0.3651456680463725,0.0,from Formicidae (crown capture probability)
TACTTMPCrematogaster_Afrotropical42,0.44638922694031546,0.3651456680463725,0.0,from Formicidae (crown capture probability)
TACTTMPCrematogaster_Afrotropical43,0.44638922694031546,0.3651456680463725,0.0,from Formicidae (cherry)
TACTTMPCrematogaster_Afrotropical44,0.44638922694031546,0.3651456680463725,0.0,from Formicidae (crown capture probability)
TACTTMPCrematogaster_Afrotropical45,0.44638922694031546,0.3651456680463725,0.0,from Formicidae (cherry)
TACTTMPCrematogaster_Afrotropical46,0.44638922694031546,0.3651456680463725,0.0,from Formicidae (cherry)
TACTTMPCrematogaster_Afrotropical47,0.44638922694031546,0.3651456680463725,0.0,from Formicidae (cherry)
TACTTMPCrematogaster_Afrotropical48,0.44638922694031546,0.3651456680463725,0.0,from Formicidae (crown capture probability)
TACTTMPCrematogaster_Afrotropical49,0.44638922694031546,0.3651456680463725,0.0,from Formicidae (cherry)
TACTTMPCrematogaster_Afrotropical51,0.44638922694031546,0.3651456680463725,0.0,from Formicidae (crown capture probability)
TACTTMPCrematogaster_Afrotropical52,0.44638922694031546,0.3651456680463725,0,from Formicidae (singleton)
TACTTMPCrematogaster_Afrotropical53,0.44638922694031546,0.3651456680463725,0.0,from Formicidae (crown capture probability)
TACTTMPCrematogaster_Afrotropical55,0.44638922694031546,0.3651456680463725,0.0,from Formicidae (crown capture probability)
TACTTMPCrematogaster_Afrotropical56,0.44638922694031546,0.3651456680463725,0.0,from Formicidae (crown capture probability)
TACTTMPCrematogaster_Afrotropical57,0.44638922694031546,0.3651456680463725,0.0,from Formicidae (crown capture probability)
TACTTMPCrematogaster_Afrotropical58,0.44638922694031546,0.3651456680463725,0.0,from Formicidae (crown capture probability)
TACTTMPCrematogaster_Afrotropical59,0.44638922694031546,0.3651456680463725,0,from Formicidae (singleton)
TACTTMPCrematogaster_Afrotropical60,0.44638922694031546,0.3651456680463725,0.0,from Formicidae (crown capture probability)
TACTTMPCrematogaster_Afrotropical61,0.44638922694031546,0.3651456680463725,0.0,from Formicidae (crown capture probability)
TACTTMPCrematogaster_Afrotropical62,0.44638922694031546,0.3651456680463725,0.0,from Formicidae (crown capture probability)
TACTTMPCrematogaster_Afrotropical63,0.44638922694031546,0.3651456680463725,0.0,from Formicidae (cherry)
TACTTMPCrematogaster_Afrotropical64,0.44638922694031546,0.3651456680463725,0.0,from Formicidae (crown capture probability)
TACTTMPCrematogaster_Afrotropical65,0.44638922694031546,0.3651456680463725,0.0,from Formicidae (crown capture probability)
TACTTMPCrematogaster_Afrotropical66,0.44638922694031546,0.3651456680463725,0.0,from Formicidae (cherry)
TACTTMPCrematogaster_Afrotropical67,0.44638922694031546,0.3651456680463725,0.0,from Formicidae (crown capture probability)
TACTTMPCrematogaster_Afrotropical68,0.44638922694031546,0.3651456680463725,0.0,from Formicidae (crown capture probability)
TACTTMPCrematogaster_Afrotropical69,0.44638922694031546,0.3651456680463725,0.0,from Formicidae (cherry)
TACTTMPCrematogaster_Afrotropical70,0.44638922694031546,0.3651456680463725,0.0,from Formicidae (crown capture probability)
TACTTMPCrematogaster_Afrotropical71,0.44638922694031546,0.3651456680463725,0.0,from Formicidae (crown capture probability)
TACTTMPCrematogaster_Afrotropical72,0.44638922694031546,0.3651456680463725,0.0,from Formicidae (cherry)
TACTTMPCrematogaster_Afrotropical73,0.44638922694031546,0.3651456680463725,0.0,from Formicidae (crown capture probability)
TACTTMPCrematogaster_Afrotropical74,0.44638922694031546,0.3651456680463725,0.0,from Formicidae (crown capture probability)
TACTTMPCrematogaster_Afrotropical75,0.44638922694031546,0.3651456680463725,0.0,from Formicidae (crown capture probability)
TACTTMPCrematogaster_Afrotropical76,0.44638922694031546,0.3651456680463725,0.0,from Formicidae (crown capture probability)
TACTTMPCrematogaster_Afrotropical77,0.44638922694031546,0.3651456680463725,0.0,from Formicidae (crown capture probability)
TACTTMPCrematogaster_Afrotropical78,0.44638922694031546,0.3651456680463725,0.0,from Formicidae (crown capture probability)
TACTTMPCrematogaster_Afrotropical79,0.44638922694031546,0.3651456680463725,0.0,from Formicidae (cherry)
TACTTMPCrematogaster_Australasian07,0.44638922694031546,0.3651456680463725,0.0,from Formicidae (crown capture probability)
TACTTMPCrematogaster_Australasian10,0.44638922694031546,0.3651456680463725,0.0,from Formicidae (crown capture probability)
TACTTMPCrematogaster_Australasian118,0.44638922694031546,0.3651456680463725,0.0,from Formicidae (crown capture probability)
TACTTMPCrematogaster_Australasian12,0.44638922694031546,0.3651456680463725,0.0,from Formicidae (crown capture probability)
TACTTMPCrematogaster_Australasian127,0.44638922694031546,0.3651456680463725,0,from Formicidae (singleton)
TACTTMPCrematogaster_Australasian130,0.44638922694031546,0.3651456680463725,0.0,from Formicidae (cherry)
TACTTMPCrematogaster_Australasian131,0.44638922694031546,0.3651456680463725,0.0,from Formicidae (crown capture probability)
TACTTMPCrematogaster_Australasian132,0.44638922694031546,0.3651456680463725,0,from Formicidae (singleton)
TACTTMPCrematogaster_Australasian142,0.44638922694031546,0.3651456680463725,0.0,from Formicidae (cherry)
TACTTMPCrematogaster_Australasian15,0.44638922694031546,0.3651456680463725,0.0,from Formicidae (cherry)
TACTTMPCrematogaster_Australasian17,0.44638922694031546,0.3651456680463725,0.0,from Formicidae (crown capture probability)
TACTTMPCrematogaster_Australasian18,0.44638922694031546,0.3651456680463725,0.0,from Formicidae (crown capture probability)
TACTTMPCrematogaster_Australasian19,0.44638922694031546,0.3651456680463725,0.0,from Formicidae (crown capture probability)
TACTTMPCrematogaster_Australasian21,0.44638922694031546,0.3651456680463725,0.0,from Formicidae (crown capture probability)
TACTTMPCrematogaster_Australasian22,0.44638922694031546,0.3651456680463725,0.0,from Formicidae (crown capture probability)
TACTTMPCrematogaster_Australasian23,0.44638922694031546,0.3651456680463725,0,from Formicidae (singleton)
TACTTMPCrematogaster_Australasian24,0.44638922694031546,0.3651456680463725,0.0,from Formicidae (cherry)
TACTTMPCrematogaster_Australasian30,0.44638922694031546,0.3651456680463725,0.0,from Formicidae (crown capture probability)
TACTTMPCrematogaster_Australasian54,0.44638922694031546,0.3651456680463725,0.0,from Formicidae (crown capture probability)
TACTTMPCrematogaster_Indomalayan01,0.44638922694031546,0.3651456680463725,0.0,from Formicidae (crown capture probability)
TACTTMPCrematogaster_Indomalayan02,0.44638922694031546,0.3651456680463725,0.0,from Formicidae (crown capture probability)
TACTTMPCrematogaster_Indomalayan03,0.44638922694031546,0.3651456680463725,0.0,from Formicidae (crown capture probability)
TACTTMPCrematogaster_Indomalayan04,0.44638922694031546,0.3651456680463725,0.0,from Formicidae (cherry)
TACTTMPCrematogaster_Indomalayan05,0.44638922694031546,0.3651456680463725,0.0,from Formicidae (crown capture probability)
TACTTMPCrematogaster_Indomalayan06,0.44638922694031546,0.3651456680463725,0.0,from Formicidae (crown capture probability)
TACTTMPCrematogaster_Indomalayan08,0.44638922694031546,0.3651456680463725,0.0,from Formicidae (crown capture probability)
TACTTMPCrematogaster_Indomalayan09,0.44638922694031546,0.3651456680463725,0.0,from Formicidae (crown capture probability)
TACTTMPCrematogaster_Indomalayan11,0.44638922694031546,0.3651456680463725,0.0,from Formicidae (crown capture probability)
TACTTMPCrematogaster_Indomalayan113,0.44638922694031546,0.3651456680463725,0,from Formicidae (singleton)
TACTTMPCrematogaster_Indomalayan114,0.44638922694031546,0.3651456680463725,0.0,from Formicidae (crown capture probability)
TACTTMPCrematogaster_Indomalayan115,0.44638922694031546,0.3651456680463725,0.0,from Formicidae (crown capture probability)
TACTTMPCrematogaster_Indomalayan116,0.44638922694031546,0.3651456680463725,0.0,from Formicidae (crown capture probability)
TACTTMPCrematogaster_Indomalayan123,0.44638922694031546,0.3651456680463725,0.0,from Formicidae (crown capture probability)
TACTTMPCrematogaster_Indomalayan124,0.44638922694031546,0.3651456680463725,0.0,from Formicidae (crown capture probability)
TACTTMPCrematogaster_Indomalayan125,0.44638922694031546,0.3651456680463725,0.0,from Formicidae (crown capture probability)
TACTTMPCrematogaster_Indomalayan126,0.44638922694031546,0.3651456680463725,0.0,from Formicidae (crown capture probability)
TACTTMPCrematogaster_Indomalayan128,0.44638922694031546,0.3651456680463725,0.0,from Formicidae (cherry)
TACTTMPCrematogaster_Indomalayan129,0.44638922694031546,0.3651456680463725,0.0,from Formicidae (crown capture probability)
TACTTMPCrematogaster_Indomalayan13,0.44638922694031546,0.3651456680463725,0.0,from Formicidae (crown capture probability)
TACTTMPCrematogaster_Indomalayan14,0.44638922694031546,0.3651456680463725,0.0,from Formicidae (crown capture probability)
TACTTMPCrematogaster_Indomalayan16,0.44638922694031546,0.3651456680463725,0,from Formicidae (singleton)
TACTTMPCrematogaster_Indomalayan25,0.44638922694031546,0.3651456680463725,0.0,from Formicidae (crown capture probability)
TACTTMPCrematogaster_Indomalayan26,0.44638922694031546,0.3651456680463725,0.0,from Formicidae (crown capture probability)
TACTTMPCrematogaster_Indomalayan27,0.44638922694031546,0.3651456680463725,0.0,from Formicidae (crown capture probability)
TACTTMPCrematogaster_Indomalayan28,0.44638922694031546,0.3651456680463725,0.0,from Formicidae (crown capture probability)
TACTTMPCrematogaster_Indomalayan29,0.44638922694031546,0.3651456680463725,0.0,from Formicidae (crown capture probability)
TACTTMPCrematogaster_Indomalayan50,0.44638922694031546,0.3651456680463725,0.0,from Formicidae (crown capture probability)
TACTTMPCrematogaster_Nearctic101,0.44638922694031546,0.3651456680463725,0,from Formicidae (singleton)
TACTTMPCrematogaster_Nearctic102,0.44638922694031546,0.3651456680463725,0.0,from Formicidae (cherry)
TACTTMPCrematogaster_Nearctic103,0.44638922694031546,0.3651456680463725,0,from Formicidae (singleton)
TACTTMPCrematogaster_Nearctic104,0.44638922694031546,0.3651456680463725,0,from Formicidae (singleton)
TACTTMPCrematogaster_Nearctic105,0.44638922694031546,0.3651456680463725,0.0,from Formicidae (cherry)
TACTTMPCrematogaster_Nearctic106,0.44638922694031546,0.3651456680463725,0.0,from Formicidae (cherry)
TACTTMPCrematogaster_Nearctic107,0.44638922694031546,0.3651456680463725,0,from Formicidae (singleton)
TACTTMPCrematogaster_Nearctic108,0.44638922694031546,0.3651456680463725,0,from Formicidae (singleton)
TACTTMPCrematogaster_Nearctic109,0.44638922694031546,0.3651456680463725,0,from Formicidae (singleton)
TACTTMPCrematogaster_Nearctic80,0.44638922694031546,0.3651456680463725,0,from Formicidae (singleton)
TACTTMPCrematogaster_Nearctic81,0.44638922694031546,0.3651456680463725,0,from Formicidae (singleton)
TACTTMPCrematogaster_Nearctic82,0.44638922694031546,0.3651456680463725,0,from Formicidae (singleton)
TACTTMPCrematogaster_Nearctic83,0.44638922694031546,0.3651456680463725,0,from Formicidae (singleton)
TACTTMPCrematogaster_Nearctic84,0.44638922694031546,0.3651456680463725,0,from Formicidae (singleton)
TACTTMPCrematogaster_Nearctic85,0.44638922694031546,0.3651456680463725,0,from Formicidae (singleton)
TACTTMPCrematogaster_Nearctic86,0.44638922694031546,0.3651456680463725,0,from Formicidae (singleton)
TACTTMPCrematogaster_Nearctic89,0.44638922694031546,0.3651456680463725,0,from Formicidae (singleton)
TACTTMPCrematogaster_Nearctic91,0.44638922694031546,0.3651456680463725,0,from Formicidae (singleton)
TACTTMPCrematogaster_Nearctic92,0.44638922694031546,0.3651456680463725,0,from Formicidae (singleton)
TACTTMPCrematogaster_Nearctic93,0.44638922694031546,0.3651456680463725,0,from Formicidae (singleton)
TACTTMPCrematogaster_Nearctic94,0.44638922694031546,0.3651456680463725,0,from Formicidae (singleton)
TACTTMPCrematogaster_Nearctic95,0.44638922694031546,0.3651456680463725,0,from Formicidae (singleton)
TACTTMPCrematogaster_Nearctic97,0.44638922694031546,0.3651456680463725,0,from Formicidae (singleton)
TACTTMPCrematogaster_Neotropical100,0.44638922694031546,0.3651456680463725,0.0,from Formicidae (crown capture probability)
TACTTMPCrematogaster_Neotropical119,0.44638922694031546,0.3651456680463725,0,from Formicidae (singleton)
TACTTMPCrematogaster_Neotropical120,0.44638922694031546,0.3651456680463725,0.0,from Formicidae (crown capture probability)
TACTTMPCrematogaster_Neotropical133,0.44638922694031546,0.3651456680463725,0.0,from Formicidae (crown capture probability)
TACTTMPCrematogaster_Neotropical134,0.44638922694031546,0.3651456680463725,0.0,from Formicidae (crown capture probability)
TACTTMPCrematogaster_Neotropical135,0.44638922694031546,0.3651456680463725,0.0,from Formicidae (crown capture probability)
TACTTMPCrematogaster_Neotropical136,0.44638922694031546,0.3651456680463725,0.0,from Formicidae (crown capture probability)
TACTTMPCrematogaster_Neotropical137,0.44638922694031546,0.3651456680463725,0.0,from Formicidae (crown capture probability)
TACTTMPCrematogaster_Neotropical139,0.44638922694031546,0.3651456680463725,0.0,from Formicidae (cherry)
TACTTMPCrematogaster_Neotropical140,0.44638922694031546,0.3651456680463725,0.0,from Formicidae (crown capture probability)
TACTTMPCrematogaster_Neotropical141,0.44638922694031546,0.3651456680463725,0.0,from Formicidae (crown capture probability)
TACTTMPCrematogaster_Neotropical143,0.44638922694031546,0.3651456680463725,0.0,from Formicidae (crown capture probability)
TACTTMPCrematogaster_Neotropical87,0.44638922694031546,0.3651456680463725,0.0,from Formicidae (crown capture probability)
TACTTMPCrematogaster_Neotropical88,0.44638922694031546,0.3651456680463725,0.0,from Formicidae (crown capture probability)
TACTTMPCrematogaster_Neotropical90,0.44638922694031546,0.3651456680463725,0.0,from Formicidae (crown capture probability)
TACTTMPCrematogaster_Neotropical96,0.44638922694031546,0.3651456680463725,0.0,from Formicidae (cherry)
TACTTMPCrematogaster_Neotropical98,0.44638922694031546,0.3651456680463725,0.0,from Formicidae (crown capture probability)
TACTTMPCrematogaster_Neotropical99,0.44638922694031546,0.3651456680463725,0.0,from Formicidae (cherry)
TACTTMPCrematogaster_Oceanian117,0.44638922694031546,0.3651456680463725,0.0,from Formicidae (cherry)
TACTTMPCrematogaster_Oceanian20,0.44638922694031546,0.3651456680463725,0.0,from Formicidae (crown capture probability)
TACTTMPCrematogaster_Palearctic110,0.44638922694031546,0.3651456680463725,0.0,from Formicidae (crown capture probability)
TACTTMPCrematogaster_Palearctic111,0.44638922694031546,0.3651456680463725,0.0,from Formicidae (crown capture probability)
TACTTMPCrematogaster_Palearctic112,0.44638922694031546,0.3651456680463725,0.0,from Formicidae (crown capture probability)
TACTTMPCrematogaster_Palearctic121,0.44638922694031546,0.3651456680463725,0.0,from Formicidae (crown capture probability)
TACTTMPCrematogaster_Palearctic122,0.44638922694031546,0.3651456680463725,0.0,from Formicidae (crown capture probability)
TACTTMPCrematogaster_Unknown138,0.44638922694031546,0.3651456680463725,0.0,from Formicidae (cherry)
TACTTMPCryptomyrmex_Neotropical01,0.44638922694031546,0.3651456680463725,0.0,from Formicidae (cherry)
TACTTMPCryptopone_Australasian01,0.44638922694031546,0.3651456680463725,0.0,from Formicidae (cherry)
TACTTMPCryptopone_Australasian02,0.44638922694031546,0.3651456680463725,0.0,from Formicidae (cherry)
TACTTMPCryptopone_Australasian12,0.44638922694031546,0.3651456680463725,0,from Formicidae (singleton)
TACTTMPCryptopone_Indomalayan09,0.44638922694031546,0.3651456680463725,0.0,from Formicidae (cherry)
TACTTMPCryptopone_Indomalayan10,0.44638922694031546,0.3651456680463725,0,from Formicidae (singleton)
TACTTMPCryptopone_Indomalayan11,0.44638922694031546,0.3651456680463725,0.0,from Formicidae (cherry)
TACTTMPCryptopone_Nearctic07,0.44638922694031546,0.3651456680463725,0,from Formicidae (singleton)
TACTTMPCryptopone_Neotropical05,0.44638922694031546,0.3651456680463725,0,from Formicidae (singleton)
TACTTMPCryptopone_Neotropical06,0.44638922694031546,0.3651456680463725,0,from Formicidae (singleton)
TACTTMPCryptopone_Neotropical08,0.44638922694031546,0.3651456680463725,0,from Formicidae (singleton)
TACTTMPCryptopone_Palearctic03,0.44638922694031546,0.3651456680463725,0.0,from Formicidae (crown capture probability)
TACTTMPCryptopone_Palearctic04,0.44638922694031546,0.3651456680463725,0.0,from Formicidae (crown capture probability)
TACTTMPCylindromyrmex_Neotropical01,0.44638922694031546,0.3651456680463725,0.0,from Formicidae (crown capture probability)
TACTTMPCylindromyrmex_Neotropical02,0.44638922694031546,0.3651456680463725,0.0,from Formicidae (crown capture probability)
TACTTMPCylindromyrmex_Neotropical03,0.44638922694031546,0.3651456680463725,0.0,from Formicidae (crown capture probability)
TACTTMPCyphoidris_Afrotropical01,0.44638922694031546,0.3651456680463725,0.0,from Formicidae (crown capture probability)
TACTTMPCyphomyrmex_Nearctic08,0.44638922694031546,0.3651456680463725,0,from Formicidae (singleton)
TACTTMPCyphomyrmex_Neotropical01,0.44638922694031546,0.3651456680463725,0.0,from Formicidae (crown capture probability)
TACTTMPCyphomyrmex_Neotropical02,0.44638922694031546,0.3651456680463725,0,from Formicidae (singleton)
TACTTMPCyphomyrmex_Neotropical03,0.44638922694031546,0.3651456680463725,0.0,from Formicidae (crown capture probability)
TACTTMPCyphomyrmex_Neotropical04,0.44638922694031546,0.3651456680463725,0.0,from Formicidae (cherry)
TACTTMPCyphomyrmex_Neotropical05,0.44638922694031546,0.3651456680463725,0.0,from Formicidae (crown capture probability)
TACTTMPCyphomyrmex_Neotropical06,0.44638922694031546,0.3651456680463725,0.0,from Formicidae (cherry)
TACTTMPCyphomyrmex_Neotropical07,0.44638922694031546,0.3651456680463725,0.0,from Formicidae (crown capture probability)
TACTTMPCyphomyrmex_Neotropical09,0.44638922694031546,0.3651456680463725,0.0,from Formicidae (cherry)
TACTTMPDacetinops_Australasian01,0.44638922694031546,0.3651456680463725,0.0,from Formicidae (crown capture probability)
TACTTMPDacetinops_Australasian02,0.44638922694031546,0.3651456680463725,0.0,from Formicidae (crown capture probability)
TACTTMPDaceton_Neotropical01,0.44638922694031546,0.3651456680463725,0.0,from Formicidae (cherry)
TACTTMPDiacamma_Australasian02,0.44638922694031546,0.3651456680463725,0.0,from Formicidae (cherry)
TACTTMPDiacamma_Australasian04,0.44638922694031546,0.3651456680463725,0.0,from Formicidae (cherry)
TACTTMPDiacamma_Australasian05,0.44638922694031546,0.3651456680463725,0.0,from Formicidae (cherry)
TACTTMPDiacamma_Australasian07,0.44638922694031546,0.3651456680463725,0.0,from Formicidae (cherry)
TACTTMPDiacamma_Indomalayan01,0.44638922694031546,0.3651456680463725,0.0,from Formicidae (crown capture probability)
TACTTMPDiacamma_Indomalayan03,0.44638922694031546,0.3651456680463725,0.0,from Formicidae (crown capture probability)
TACTTMPDiacamma_Indomalayan06,0.44638922694031546,0.3651456680463725,0.0,from Formicidae (crown capture probability)
TACTTMPDiacamma_Indomalayan08,0.44638922694031546,0.3651456680463725,0.0,from Formicidae (crown capture probability)
TACTTMPDiacamma_Indomalayan09,0.44638922694031546,0.3651456680463725,0.0,from Formicidae (crown capture probability)
TACTTMPDicroaspis_Unknown01,0.44638922694031546,0.3651456680463725,0.0,from Formicidae (crown capture probability)
TACTTMPDilobocondyla_Australasian01,0.44638922694031546,0.3651456680463725,0.0,from Formicidae (crown capture probability)
TACTTMPDinoponera_Neotropical01,0.44638922694031546,0.3651456680463725,0.0,from Formicidae (crown capture probability)
TACTTMPDinoponera_Neotropical02,0.44638922694031546,0.3651456680463725,0.0,from Formicidae (crown capture probability)
TACTTMPDiscothyrea_Neotropical01,0.44638922694031546,0.3651456680463725,0.0,from Formicidae (crown capture probability)
TACTTMPDoleromyrma_Australasian01,0.44638922694031546,0.3651456680463725,0.0,from Formicidae (cherry)
TACTTMPDolichoderus_Australasian07,0.44638922694031546,0.3651456680463725,0.0,from Formicidae (crown capture probability)
TACTTMPDolichoderus_Indomalayan02,0.44638922694031546,0.3651456680463725,0.0,from Formicidae (crown capture probability)
TACTTMPDolichoderus_Nearctic01,0.44638922694031546,0.3651456680463725,0.0,from Formicidae (crown capture probability)
TACTTMPDolichoderus_Neotropical03,0.44638922694031546,0.3651456680463725,0.0,from Formicidae (crown capture probability)
TACTTMPDolichoderus_Neotropical04,0.44638922694031546,0.3651456680463725,0.0,from Formicidae (crown capture probability)
TACTTMPDolichoderus_Neotropical05,0.44638922694031546,0.3651456680463725,0.0,from Formicidae (crown capture probability)
TACTTMPDolichoderus_Neotropical06,0.44638922694031546,0.3651456680463725,0.0,from Formicidae (crown capture probability)
TACTTMPDorylus_Afrotropical02,0.44638922694031546,0.3651456680463725,0.0,from Formicidae (crown capture probability)
TACTTMPDorylus_Afrotropical04,0.44638922694031546,0.3651456680463725,0.0,from Formicidae (crown capture probability)
TACTTMPDorylus_Afrotropical05,0.44638922694031546,0.3651456680463725,0.0,from Formicidae (crown capture probability)
TACTTMPDorylus_Afrotropical06,0.44638922694031546,0.3651456680463725,0.0,from Formicidae (crown capture probability)
TACTTMPDorylus_Afrotropical07,0.44638922694031546,0.3651456680463725,0.0,from Formicidae (crown capture probability)
TACTTMPDorylus_Afrotropical08,0.44638922694031546,0.3651456680463725,0.0,from Formicidae (crown capture probability)
TACTTMPDorylus_Afrotropical09,0.44638922694031546,0.3651456680463725,0.0,from Formicidae (crown capture probability)
TACTTMPDorylus_Afrotropical10,0.44638922694031546,0.3651456680463725,0,from Formicidae (singleton)
TACTTMPDorylus_Afrotropical11,0.44638922694031546,0.3651456680463725,0.0,from Formicidae (cherry)
TACTTMPDorylus_Afrotropical12,0.44638922694031546,0.3651456680463725,0.0,from Formicidae (crown capture probability)
TACTTMPDorylus_Afrotropical14,0.44638922694031546,0.3651456680463725,0.0,from Formicidae (crown capture probability)
TACTTMPDorylus_Afrotropical15,0.44638922694031546,0.3651456680463725,0.0,from Formicidae (cherry)
TACTTMPDorylus_Australasian03,0.44638922694031546,0.3651456680463725,0,from Formicidae (singleton)
TACTTMPDorylus_Indomalayan01,0.44638922694031546,0.3651456680463725,0.0,from Formicidae (crown capture probability)
TACTTMPDorylus_Unknown13,0.44638922694031546,0.3651456680463725,0.0,from Formicidae (crown capture probability)
TACTTMPDorymyrmex_Nearctic12,0.44638922694031546,0.3651456680463725,0,from Formicidae (singleton)
TACTTMPDorymyrmex_Nearctic13,0.44638922694031546,0.3651456680463725,0.0,from Formicidae (crown capture probability)
TACTTMPDorymyrmex_Nearctic14,0.44638922694031546,0.3651456680463725,0.0,from Formicidae (cherry)
TACTTMPDorymyrmex_Nearctic15,0.44638922694031546,0.3651456680463725,0,from Formicidae (singleton)
TACTTMPDorymyrmex_Nearctic16,0.44638922694031546,0.3651456680463725,0,from Formicidae (singleton)
TACTTMPDorymyrmex_Nearctic17,0.44638922694031546,0.3651456680463725,0,from Formicidae (singleton)
TACTTMPDorymyrmex_Nearctic18,0.44638922694031546,0.3651456680463725,0.0,from Formicidae (crown capture probability)
TACTTMPDorymyrmex_Nearctic19,0.44638922694031546,0.3651456680463725,0,from Formicidae (singleton)
TACTTMPDorymyrmex_Nearctic20,0.44638922694031546,0.3651456680463725,0,from Formicidae (singleton)
TACTTMPDorymyrmex_Neotropical01,0.44638922694031546,0.3651456680463725,0,from Formicidae (singleton)
TACTTMPDorymyrmex_Neotropical02,0.44638922694031546,0.3651456680463725,0,from Formicidae (singleton)
TACTTMPDorymyrmex_Neotropical03,0.44638922694031546,0.3651456680463725,0,from Formicidae (singleton)
TACTTMPDorymyrmex_Neotropical04,0.44638922694031546,0.3651456680463725,0,from Formicidae (singleton)
TACTTMPDorymyrmex_Neotropical05,0.44638922694031546,0.3651456680463725,0.0,from Formicidae (crown capture probability)
TACTTMPDorymyrmex_Neotropical06,0.44638922694031546,0.3651456680463725,0.0,from Formicidae (cherry)
TACTTMPDorymyrmex_Neotropical07,0.44638922694031546,0.3651456680463725,0.0,from Formicidae (cherry)
TACTTMPDorymyrmex_Neotropical08,0.44638922694031546,0.3651456680463725,0.0,from Formicidae (crown capture probability)
TACTTMPDorymyrmex_Neotropical09,0.44638922694031546,0.3651456680463725,0,from Formicidae (singleton)
TACTTMPDorymyrmex_Neotropical10,0.44638922694031546,0.3651456680463725,0.0,from Formicidae (cherry)
TACTTMPDorymyrmex_Neotropical11,0.44638922694031546,0.3651456680463725,0.0,from Formicidae (crown capture probability)
TACTTMPDorymyrmex_Neotropical21,0.44638922694031546,0.3651456680463725,0.0,from Formicidae (cherry)
TACTTMPDorymyrmex_Neotropical22,0.44638922694031546,0.3651456680463725,0.0,from Formicidae (crown capture probability)
TACTTMPDorymyrmex_Neotropical23,0.44638922694031546,0.3651456680463725,0.0,from Formicidae (cherry)
TACTTMPDorymyrmex_Neotropical24,0.44638922694031546,0.3651456680463725,0.0,from Formicidae (cherry)
TACTTMPDorymyrmex_Neotropical25,0.44638922694031546,0.3651456680463725,0.0,from Formicidae (crown capture probability)
TACTTMPDorymyrmex_Neotropical26,0.44638922694031546,0.3651456680463725,0.0,from Formicidae (cherry)
TACTTMPDorymyrmex_Neotropical27,0.44638922694031546,0.3651456680463725,0,from Formicidae (singleton)
TACTTMPDorymyrmex_Neotropical28,0.44638922694031546,0.3651456680463725,0.0,from Formicidae (cherry)
TACTTMPDorymyrmex_Neotropical29,0.44638922694031546,0.3651456680463725,0.0,from Formicidae (crown capture probability)
TACTTMPDorymyrmex_Neotropical30,0.44638922694031546,0.3651456680463725,0.0,from Formicidae (cherry)
TACTTMPDorymyrmex_Neotropical31,0.44638922694031546,0.3651456680463725,0.0,from Formicidae (cherry)
TACTTMPEburopone_Unknown01,0.44638922694031546,0.3651456680463725,0,from Formicidae (singleton)
TACTTMPEburopone_Unknown02,0.44638922694031546,0.3651456680463725,0,from Formicidae (singleton)
TACTTMPEburopone_Unknown03,0.44638922694031546,0.3651456680463725,0.0,from Formicidae (crown capture probability)
TACTTMPEchinopla_Australasian02,0.44638922694031546,0.3651456680463725,0.0,from Formicidae (crown capture probability)
TACTTMPEchinopla_Indomalayan01,0.44638922694031546,0.3651456680463725,0.0,from Formicidae (crown capture probability)
TACTTMPEciton_Neotropical01,0.44638922694031546,0.3651456680463725,0,from Formicidae (singleton)
TACTTMPEciton_Neotropical02,0.44638922694031546,0.3651456680463725,0.0,from Formicidae (cherry)
TACTTMPEciton_Neotropical03,0.44638922694031546,0.3651456680463725,0,from Formicidae (singleton)
TACTTMPEciton_Neotropical04,0.44638922694031546,0.3651456680463725,0.0,from Formicidae (crown capture probability)
TACTTMPEciton_Neotropical05,0.44638922694031546,0.3651456680463725,0,from Formicidae (singleton)
TACTTMPEciton_Neotropical06,0.44638922694031546,0.3651456680463725,0,from Formicidae (singleton)
TACTTMPEciton_Neotropical07,0.44638922694031546,0.3651456680463725,0,from Formicidae (singleton)
TACTTMPEciton_Neotropical08,0.44638922694031546,0.3651456680463725,0.0,from Formicidae (cherry)
TACTTMPEcphorella_Unknown01,0.44638922694031546,0.3651456680463725,0.0,from Formicidae (cherry)
TACTTMPEctatomma_Neotropical01,0.44638922694031546,0.3651456680463725,0,from Formicidae (singleton)
TACTTMPEctatomma_Neotropical02,0.44638922694031546,0.3651456680463725,0,from Formicidae (singleton)
TACTTMPEctatomma_Neotropical03,0.44638922694031546,0.3651456680463725,0,from Formicidae (singleton)
TACTTMPEctatomma_Neotropical04,0.44638922694031546,0.3651456680463725,0,from Formicidae (singleton)
TACTTMPEctatomma_Neotropical05,0.44638922694031546,0.3651456680463725,0,from Formicidae (singleton)
TACTTMPEctatomma_Neotropical06,0.44638922694031546,0.3651456680463725,0,from Formicidae (singleton)
TACTTMPEctatomma_Neotropical07,0.44638922694031546,0.3651456680463725,0,from Formicidae (singleton)
TACTTMPEctatomma_Neotropical08,0.44638922694031546,0.3651456680463725,0.0,from Formicidae (crown capture probability)
TACTTMPEctatomma_Neotropical09,0.44638922694031546,0.3651456680463725,0,from Formicidae (singleton)
TACTTMPEctatomma_Neotropical10,0.44638922694031546,0.3651456680463725,0,from Formicidae (singleton)
TACTTMPEctatomma_Neotropical11,0.44638922694031546,0.3651456680463725,0,from Formicidae (singleton)
TACTTMPEctatomma_Neotropical12,0.44638922694031546,0.3651456680463725,0,from Formicidae (singleton)
TACTTMPEctatomma_Neotropical13,0.44638922694031546,0.3651456680463725,0,from Formicidae (singleton)
TACTTMPEctomomyrmex_Australasian06,0.44638922694031546,0.3651456680463725,0.0,from Formicidae (cherry)
TACTTMPEctomomyrmex_Australasian07,0.44638922694031546,0.3651456680463725,0,from Formicidae (singleton)
TACTTMPEctomomyrmex_Australasian08,0.44638922694031546,0.3651456680463725,0.0,from Formicidae (cherry)
TACTTMPEctomomyrmex_Australasian09,0.44638922694031546,0.3651456680463725,0.0,from Formicidae (cherry)
TACTTMPEctomomyrmex_Australasian15,0.44638922694031546,0.3651456680463725,0,from Formicidae (singleton)
TACTTMPEctomomyrmex_Indomalayan01,0.44638922694031546,0.3651456680463725,0.0,from Formicidae (cherry)
TACTTMPEctomomyrmex_Indomalayan02,0.44638922694031546,0.3651456680463725,0,from Formicidae (singleton)
TACTTMPEctomomyrmex_Indomalayan03,0.44638922694031546,0.3651456680463725,0.0,from Formicidae (crown capture probability)
TACTTMPEctomomyrmex_Indomalayan04,0.44638922694031546,0.3651456680463725,0.0,from Formicidae (cherry)
TACTTMPEctomomyrmex_Indomalayan05,0.44638922694031546,0.3651456680463725,0,from Formicidae (singleton)
TACTTMPEctomomyrmex_Indomalayan10,0.44638922694031546,0.3651456680463725,0,from Formicidae (singleton)
TACTTMPEctomomyrmex_Indomalayan11,0.44638922694031546,0.3651456680463725,0,from Formicidae (singleton)
TACTTMPEctomomyrmex_Indomalayan13,0.44638922694031546,0.3651456680463725,0,from Formicidae (singleton)
TACTTMPEctomomyrmex_Palearctic12,0.44638922694031546,0.3651456680463725,0.0,from Formicidae (crown capture probability)
TACTTMPEctomomyrmex_Palearctic14,0.44638922694031546,0.3651456680463725,0.0,from Formicidae (cherry)
TACTTMPEmeryopone_Indomalayan02,0.44638922694031546,0.3651456680463725,0.0,from Formicidae (cherry)
TACTTMPEmeryopone_Palearctic01,0.44638922694031546,0.3651456680463725,0.0,from Formicidae (crown capture probability)
TACTTMPEpopostruma_Australasian01,0.44638922694031546,0.3651456680463725,0.0,from Formicidae (crown capture probability)
TACTTMPEuprenolepis_Indomalayan01,0.44638922694031546,0.3651456680463725,0.0,from Formicidae (crown capture probability)
TACTTMPEuprenolepis_Indomalayan02,0.44638922694031546,0.3651456680463725,0.0,from Formicidae (crown capture probability)
TACTTMPEurhopalothrix_Australasian01,0.44638922694031546,0.3651456680463725,0.0,from Formicidae (crown capture probability)
TACTTMPEurhopalothrix_Australasian04,0.44638922694031546,0.3651456680463725,0.0,from Formicidae (crown capture probability)
TACTTMPEurhopalothrix_Neotropical02,0.44638922694031546,0.3651456680463725,0.0,from Formicidae (crown capture probability)
TACTTMPEurhopalothrix_Neotropical03,0.44638922694031546,0.3651456680463725,0.0,from Formicidae (crown capture probability)
TACTTMPEusphinctus_Unknown01,0.44638922694031546,0.3651456680463725,0.0,from Formicidae (crown capture probability)
TACTTMPFisheropone_Afrotropical01,0.44638922694031546,0.3651456680463725,0,from Formicidae (singleton)
TACTTMPFisheropone_Afrotropical02,0.44638922694031546,0.3651456680463725,0,from Formicidae (singleton)
TACTTMPFisheropone_Afrotropical04,0.44638922694031546,0.3651456680463725,0.0,from Formicidae (crown capture probability)
TACTTMPFisheropone_Afrotropical05,0.44638922694031546,0.3651456680463725,0.0,from Formicidae (crown capture probability)
TACTTMPFisheropone_Indomalayan03,0.44638922694031546,0.3651456680463725,0.0,from Formicidae (crown capture probability)
TACTTMPFisheropone_Unknown06,0.44638922694031546,0.3651456680463725,0,from Formicidae (singleton)
TACTTMPForelius_Nearctic02,0.44638922694031546,0.3651456680463725,0,from Formicidae (singleton)
TACTTMPForelius_Neotropical01,0.44638922694031546,0.3651456680463725,0.0,from Formicidae (cherry)
TACTTMPForelius_Neotropical03,0.44638922694031546,0.3651456680463725,0.0,from Formicidae (cherry)
TACTTMPForelius_Neotropical04,0.44638922694031546,0.3651456680463725,0.0,from Formicidae (cherry)
TACTTMPForelius_Neotropical05,0.44638922694031546,0.3651456680463725,0,from Formicidae (singleton)
TACTTMPForelius_Neotropical06,0.44638922694031546,0.3651456680463725,0.0,from Formicidae (crown capture probability)
TACTTMPForelius_Neotropical07,0.44638922694031546,0.3651456680463725,0.0,from Formicidae (crown capture probability)
TACTTMPForelius_Neotropical08,0.44638922694031546,0.3651456680463725,0.0,from Formicidae (crown capture probability)
TACTTMPFormica_Nearctic01,0.44638922694031546,0.3651456680463725,0.0,from Formicidae (cherry)
TACTTMPFormica_Nearctic02,0.44638922694031546,0.3651456680463725,0.0,from Formicidae (crown capture probability)
TACTTMPFormica_Nearctic03,0.44638922694031546,0.3651456680463725,0.0,from Formicidae (crown capture probability)
TACTTMPFormica_Nearctic04,0.44638922694031546,0.3651456680463725,0,from Formicidae (singleton)
TACTTMPFormica_Nearctic05,0.44638922694031546,0.3651456680463725,0.0,from Formicidae (cherry)
TACTTMPFormica_Nearctic06,0.44638922694031546,0.3651456680463725,0.0,from Formicidae (cherry)
TACTTMPFormica_Nearctic07,0.44638922694031546,0.3651456680463725,0,from Formicidae (singleton)
TACTTMPFormica_Nearctic08,0.44638922694031546,0.3651456680463725,0,from Formicidae (singleton)
TACTTMPFormica_Nearctic09,0.44638922694031546,0.3651456680463725,0.0,from Formicidae (cherry)
TACTTMPFormica_Nearctic11,0.44638922694031546,0.3651456680463725,0.0,from Formicidae (crown capture probability)
TACTTMPFormica_Nearctic12,0.44638922694031546,0.3651456680463725,0,from Formicidae (singleton)
TACTTMPFormica_Nearctic13,0.44638922694031546,0.3651456680463725,0.0,from Formicidae (crown capture probability)
TACTTMPFormica_Nearctic14,0.44638922694031546,0.3651456680463725,0.0,from Formicidae (cherry)
TACTTMPFormica_Nearctic15,0.44638922694031546,0.3651456680463725,0.0,from Formicidae (cherry)
TACTTMPFormica_Nearctic16,0.44638922694031546,0.3651456680463725,0,from Formicidae (singleton)
TACTTMPFormica_Nearctic17,0.44638922694031546,0.3651456680463725,0,from Formicidae (singleton)
TACTTMPFormica_Nearctic18,0.44638922694031546,0.3651456680463725,0.0,from Formicidae (cherry)
TACTTMPFormica_Nearctic19,0.44638922694031546,0.3651456680463725,0.0,from Formicidae (crown capture probability)
TACTTMPFormica_Nearctic20,0.44638922694031546,0.3651456680463725,0,from Formicidae (singleton)
TACTTMPFormica_Nearctic21,0.44638922694031546,0.3651456680463725,0,from Formicidae (singleton)
TACTTMPFormica_Nearctic22,0.44638922694031546,0.3651456680463725,0,from Formicidae (singleton)
TACTTMPFormica_Nearctic23,0.44638922694031546,0.3651456680463725,0.0,from Formicidae (cherry)
TACTTMPFormica_Nearctic24,0.44638922694031546,0.3651456680463725,0.0,from Formicidae (cherry)
TACTTMPFormica_Nearctic25,0.44638922694031546,0.3651456680463725,0.0,from Formicidae (cherry)
TACTTMPFormica_Nearctic26,0.44638922694031546,0.3651456680463725,0.0,from Formicidae (cherry)
TACTTMPFormica_Nearctic27,0.44638922694031546,0.3651456680463725,0,from Formicidae (singleton)
TACTTMPFormica_Nearctic28,0.44638922694031546,0.3651456680463725,0.0,from Formicidae (cherry)
TACTTMPFormica_Nearctic37,0.44638922694031546,0.3651456680463725,0.0,from Formicidae (crown capture probability)
TACTTMPFormica_Nearctic38,0.44638922694031546,0.3651456680463725,0,from Formicidae (singleton)
TACTTMPFormica_Nearctic39,0.44638922694031546,0.3651456680463725,0,from Formicidae (singleton)
TACTTMPFormica_Nearctic40,0.44638922694031546,0.3651456680463725,0.0,from Formicidae (cherry)
TACTTMPFormica_Nearctic41,0.44638922694031546,0.3651456680463725,0.0,from Formicidae (crown capture probability)
TACTTMPFormica_Nearctic42,0.44638922694031546,0.3651456680463725,0,from Formicidae (singleton)
TACTTMPFormica_Nearctic43,0.44638922694031546,0.3651456680463725,0,from Formicidae (singleton)
TACTTMPFormica_Nearctic44,0.44638922694031546,0.3651456680463725,0.0,from Formicidae (cherry)
TACTTMPFormica_Nearctic45,0.44638922694031546,0.3651456680463725,0.0,from Formicidae (cherry)
TACTTMPFormica_Nearctic47,0.44638922694031546,0.3651456680463725,0.0,from Formicidae (cherry)
TACTTMPFormica_Nearctic48,0.44638922694031546,0.3651456680463725,0,from Formicidae (singleton)
TACTTMPFormica_Nearctic55,0.44638922694031546,0.3651456680463725,0,from Formicidae (singleton)
TACTTMPFormica_Nearctic56,0.44638922694031546,0.3651456680463725,0,from Formicidae (singleton)
TACTTMPFormica_Nearctic63,0.44638922694031546,0.3651456680463725,0.0,from Formicidae (cherry)
TACTTMPFormica_Nearctic64,0.44638922694031546,0.3651456680463725,0,from Formicidae (singleton)
TACTTMPFormica_Nearctic65,0.44638922694031546,0.3651456680463725,0,from Formicidae (singleton)
TACTTMPFormica_Nearctic68,0.44638922694031546,0.3651456680463725,0.0,from Formicidae (crown capture probability)
TACTTMPFormica_Nearctic69,0.44638922694031546,0.3651456680463725,0.0,from Formicidae (crown capture probability)
TACTTMPFormica_Nearctic70,0.44638922694031546,0.3651456680463725,0,from Formicidae (singleton)
TACTTMPFormica_Nearctic72,0.44638922694031546,0.3651456680463725,0.0,from Formicidae (cherry)
TACTTMPFormica_Nearctic73,0.44638922694031546,0.3651456680463725,0.0,from Formicidae (crown capture probability)
TACTTMPFormica_Nearctic74,0.44638922694031546,0.3651456680463725,0.0,from Formicidae (cherry)
TACTTMPFormica_Nearctic75,0.44638922694031546,0.3651456680463725,0.0,from Formicidae (cherry)
TACTTMPFormica_Nearctic76,0.44638922694031546,0.3651456680463725,0.0,from Formicidae (crown capture probability)
TACTTMPFormica_Nearctic77,0.44638922694031546,0.3651456680463725,0,from Formicidae (singleton)
TACTTMPFormica_Nearctic78,0.44638922694031546,0.3651456680463725,0.0,from Formicidae (cherry)
TACTTMPFormica_Nearctic79,0.44638922694031546,0.3651456680463725,0.0,from Formicidae (cherry)
TACTTMPFormica_Nearctic80,0.44638922694031546,0.3651456680463725,0.0,from Formicidae (cherry)
TACTTMPFormica_Nearctic84,0.44638922694031546,0.3651456680463725,0.0,from Formicidae (crown capture probability)
TACTTMPFormica_Nearctic85,0.44638922694031546,0.3651456680463725,0.0,from Formicidae (cherry)
TACTTMPFormica_Nearctic86,0.44638922694031546,0.3651456680463725,0,from Formicidae (singleton)
TACTTMPFormica_Nearctic87,0.44638922694031546,0.3651456680463725,0,from Formicidae (singleton)
TACTTMPFormica_Nearctic88,0.44638922694031546,0.3651456680463725,0.0,from Formicidae (crown capture probability)
TACTTMPFormica_Neotropical71,0.44638922694031546,0.3651456680463725,0.0,from Formicidae (crown capture probability)
TACTTMPFormica_Palearctic10,0.44638922694031546,0.3651456680463725,0,from Formicidae (singleton)
TACTTMPFormica_Palearctic29,0.44638922694031546,0.3651456680463725,0.0,from Formicidae (crown capture probability)
TACTTMPFormica_Palearctic30,0.44638922694031546,0.3651456680463725,0.0,from Formicidae (crown capture probability)
TACTTMPFormica_Palearctic32,0.44638922694031546,0.3651456680463725,0.0,from Formicidae (crown capture probability)
TACTTMPFormica_Palearctic33,0.44638922694031546,0.3651456680463725,0.0,from Formicidae (crown capture probability)
TACTTMPFormica_Palearctic35,0.44638922694031546,0.3651456680463725,0.0,from Formicidae (crown capture probability)
TACTTMPFormica_Palearctic36,0.44638922694031546,0.3651456680463725,0.0,from Formicidae (crown capture probability)
TACTTMPFormica_Palearctic46,0.44638922694031546,0.3651456680463725,0.0,from Formicidae (crown capture probability)
TACTTMPFormica_Palearctic49,0.44638922694031546,0.3651456680463725,0.0,from Formicidae (crown capture probability)
TACTTMPFormica_Palearctic50,0.44638922694031546,0.3651456680463725,0.0,from Formicidae (crown capture probability)
TACTTMPFormica_Palearctic51,0.44638922694031546,0.3651456680463725,0.0,from Formicidae (crown capture probability)
TACTTMPFormica_Palearctic52,0.44638922694031546,0.3651456680463725,0.0,from Formicidae (crown capture probability)
TACTTMPFormica_Palearctic53,0.44638922694031546,0.3651456680463725,0.0,from Formicidae (crown capture probability)
TACTTMPFormica_Palearctic54,0.44638922694031546,0.3651456680463725,0.0,from Formicidae (crown capture probability)
TACTTMPFormica_Palearctic57,0.44638922694031546,0.3651456680463725,0.0,from Formicidae (crown capture probability)
TACTTMPFormica_Palearctic58,0.44638922694031546,0.3651456680463725,0.0,from Formicidae (crown capture probability)
TACTTMPFormica_Palearctic59,0.44638922694031546,0.3651456680463725,0,from Formicidae (singleton)
TACTTMPFormica_Palearctic60,0.44638922694031546,0.3651456680463725,0.0,from Formicidae (crown capture probability)
TACTTMPFormica_Palearctic61,0.44638922694031546,0.3651456680463725,0.0,from Formicidae (cherry)
TACTTMPFormica_Palearctic62,0.44638922694031546,0.3651456680463725,0.0,from Formicidae (crown capture probability)
TACTTMPFormica_Palearctic66,0.44638922694031546,0.3651456680463725,0.0,from Formicidae (crown capture probability)
TACTTMPFormica_Palearctic81,0.44638922694031546,0.3651456680463725,0.0,from Formicidae (crown capture probability)
TACTTMPFormica_Palearctic82,0.44638922694031546,0.3651456680463725,0.0,from Formicidae (crown capture probability)
TACTTMPFormica_Palearctic83,0.44638922694031546,0.3651456680463725,0.0,from Formicidae (crown capture probability)
TACTTMPFormica_Unknown31,0.44638922694031546,0.3651456680463725,0.0,from Formicidae (cherry)
TACTTMPFormica_Unknown34,0.44638922694031546,0.3651456680463725,0.0,from Formicidae (crown capture probability)
TACTTMPFormica_Unknown67,0.44638922694031546,0.3651456680463725,0.0,from Formicidae (crown capture probability)
TACTTMPFormicoxenus_Nearctic01,0.44638922694031546,0.3651456680463725,0.0,from Formicidae (crown capture probability)
TACTTMPFormosimyrma_Unknown01,0.44638922694031546,0.3651456680463725,0.0,from Formicidae (cherry)
TACTTMPFulakora_Australasian06,0.44638922694031546,0.3651456680463725,0.0,from Formicidae (crown capture probability)
TACTTMPFulakora_Neotropical01,0.44638922694031546,0.3651456680463725,0.0,from Formicidae (crown capture probability)
TACTTMPFulakora_Neotropical02,0.44638922694031546,0.3651456680463725,0.0,from Formicidae (crown capture probability)
TACTTMPFulakora_Neotropical03,0.44638922694031546,0.3651456680463725,0.0,from Formicidae (crown capture probability)
TACTTMPFulakora_Neotropical04,0.44638922694031546,0.3651456680463725,0.0,from Formicidae (crown capture probability)
TACTTMPFulakora_Neotropical05,0.44638922694031546,0.3651456680463725,0.0,from Formicidae (crown capture probability)
TACTTMPGaoligongidris_Unknown01,0.44638922694031546,0.3651456680463725,0.0,from Formicidae (cherry)
TACTTMPGauromyrmex_Indomalayan01,0.44638922694031546,0.3651456680463725,0.0,from Formicidae (crown capture probability)
TACTTMPGesomyrmex_Australasian01,0.44638922694031546,0.3651456680463725,0.0,from Formicidae (crown capture probability)
TACTTMPGnamptogenys_Nearctic09,0.44638922694031546,0.3651456680463725,0,from Formicidae (singleton)
TACTTMPGnamptogenys_Neotropical01,0.44638922694031546,0.3651456680463725,0.0,from Formicidae (cherry)
TACTTMPGnamptogenys_Neotropical02,0.44638922694031546,0.3651456680463725,0.0,from Formicidae (cherry)
TACTTMPGnamptogenys_Neotropical03,0.44638922694031546,0.3651456680463725,0.0,from Formicidae (cherry)
TACTTMPGnamptogenys_Neotropical04,0.44638922694031546,0.3651456680463725,0.0,from Formicidae (crown capture probability)
TACTTMPGnamptogenys_Neotropical05,0.44638922694031546,0.3651456680463725,0.0,from Formicidae (cherry)
TACTTMPGnamptogenys_Neotropical06,0.44638922694031546,0.3651456680463725,0.0,from Formicidae (crown capture probability)
TACTTMPGnamptogenys_Neotropical07,0.44638922694031546,0.3651456680463725,0,from Formicidae (singleton)
TACTTMPGnamptogenys_Neotropical08,0.44638922694031546,0.3651456680463725,0.0,from Formicidae (cherry)
TACTTMPGnamptogenys_Neotropical10,0.44638922694031546,0.3651456680463725,0.0,from Formicidae (cherry)
TACTTMPGnamptogenys_Neotropical11,0.44638922694031546,0.3651456680463725,0.0,from Formicidae (cherry)
TACTTMPGnamptogenys_Neotropical12,0.44638922694031546,0.3651456680463725,0,from Formicidae (singleton)
TACTTMPGnamptogenys_Neotropical13,0.44638922694031546,0.3651456680463725,0.0,from Formicidae (cherry)
TACTTMPGnamptogenys_Neotropical15,0.44638922694031546,0.3651456680463725,0.0,from Formicidae (cherry)
TACTTMPGnamptogenys_Neotropical16,0.44638922694031546,0.3651456680463725,0.0,from Formicidae (crown capture probability)
TACTTMPGnamptogenys_Neotropical17,0.44638922694031546,0.3651456680463725,0,from Formicidae (singleton)
TACTTMPGnamptogenys_Unknown14,0.44638922694031546,0.3651456680463725,0,from Formicidae (singleton)
TACTTMPGoniomma_Palearctic01,0.44638922694031546,0.3651456680463725,0.0,from Formicidae (cherry)
TACTTMPGoniomma_Palearctic02,0.44638922694031546,0.3651456680463725,0.0,from Formicidae (cherry)
TACTTMPGoniomma_Palearctic03,0.44638922694031546,0.3651456680463725,0,from Formicidae (singleton)
TACTTMPGoniomma_Palearctic04,0.44638922694031546,0.3651456680463725,0,from Formicidae (singleton)
TACTTMPGoniomma_Palearctic05,0.44638922694031546,0.3651456680463725,0.0,from Formicidae (crown capture probability)
TACTTMPHarpagoxenus_Palearctic01,0.44638922694031546,0.3651456680463725,0.0,from Formicidae (crown capture probability)
TACTTMPHarpegnathos_Indomalayan01,0.44638922694031546,0.3651456680463725,0.0,from Formicidae (crown capture probability)
TACTTMPHarpegnathos_Indomalayan02,0.44638922694031546,0.3651456680463725,0.0,from Formicidae (crown capture probability)
TACTTMPHeteroponera_Australasian08,0.44638922694031546,0.3651456680463725,0.0,from Formicidae (crown capture probability)
TACTTMPHeteroponera_Australasian09,0.44638922694031546,0.3651456680463725,0.0,from Formicidae (crown capture probability)
TACTTMPHeteroponera_Australasian10,0.44638922694031546,0.3651456680463725,0.0,from Formicidae (crown capture probability)
TACTTMPHeteroponera_Australasian11,0.44638922694031546,0.3651456680463725,0.0,from Formicidae (crown capture probability)
TACTTMPHeteroponera_Neotropical01,0.44638922694031546,0.3651456680463725,0.0,from Formicidae (cherry)
TACTTMPHeteroponera_Neotropical02,0.44638922694031546,0.3651456680463725,0,from Formicidae (singleton)
TACTTMPHeteroponera_Neotropical03,0.44638922694031546,0.3651456680463725,0,from Formicidae (singleton)
TACTTMPHeteroponera_Neotropical04,0.44638922694031546,0.3651456680463725,0,from Formicidae (singleton)
TACTTMPHeteroponera_Neotropical05,0.44638922694031546,0.3651456680463725,0,from Formicidae (singleton)
TACTTMPHeteroponera_Neotropical06,0.44638922694031546,0.3651456680463725,0.0,from Formicidae (cherry)
TACTTMPHeteroponera_Neotropical07,0.44638922694031546,0.3651456680463725,0,from Formicidae (singleton)
TACTTMPHeteroponera_Neotropical12,0.44638922694031546,0.3651456680463725,0.0,from Formicidae (cherry)
TACTTMPHeteroponera_Neotropical13,0.44638922694031546,0.3651456680463725,0,from Formicidae (singleton)
TACTTMPHolcoponera_Australasian15,0.44638922694031546,0.3651456680463725,0.0,from Formicidae (crown capture probability)
TACTTMPHolcoponera_Indomalayan14,0.44638922694031546,0.3651456680463725,0.0,from Formicidae (cherry)
TACTTMPHolcoponera_Neotropical01,0.44638922694031546,0.3651456680463725,0.0,from Formicidae (cherry)
TACTTMPHolcoponera_Neotropical02,0.44638922694031546,0.3651456680463725,0.0,from Formicidae (crown capture probability)
TACTTMPHolcoponera_Neotropical03,0.44638922694031546,0.3651456680463725,0,from Formicidae (singleton)
TACTTMPHolcoponera_Neotropical04,0.44638922694031546,0.3651456680463725,0.0,from Formicidae (cherry)
TACTTMPHolcoponera_Neotropical05,0.44638922694031546,0.3651456680463725,0.0,from Formicidae (crown capture probability)
TACTTMPHolcoponera_Neotropical06,0.44638922694031546,0.3651456680463725,0.0,from Formicidae (cherry)
TACTTMPHolcoponera_Neotropical07,0.44638922694031546,0.3651456680463725,0,from Formicidae (singleton)
TACTTMPHolcoponera_Neotropical08,0.44638922694031546,0.3651456680463725,0.0,from Formicidae (cherry)
TACTTMPHolcoponera_Neotropical09,0.44638922694031546,0.3651456680463725,0,from Formicidae (singleton)
TACTTMPHolcoponera_Neotropical10,0.44638922694031546,0.3651456680463725,0.0,from Formicidae (crown capture probability)
TACTTMPHolcoponera_Neotropical16,0.44638922694031546,0.3651456680463725,0.0,from Formicidae (cherry)
TACTTMPHolcoponera_Neotropical17,0.44638922694031546,0.3651456680463725,0.0,from Formicidae (crown capture probability)
TACTTMPHolcoponera_Neotropical18,0.44638922694031546,0.3651456680463725,0.0,from Formicidae (cherry)
TACTTMPHolcoponera_Oceanian11,0.44638922694031546,0.3651456680463725,0,from Formicidae (singleton)
TACTTMPHolcoponera_Oceanian12,0.44638922694031546,0.3651456680463725,0.0,from Formicidae (crown capture probability)
TACTTMPHolcoponera_Oceanian13,0.44638922694031546,0.3651456680463725,0.0,from Formicidae (cherry)
TACTTMPHylomyrma_Neotropical01,0.44638922694031546,0.3651456680463725,0.0,from Formicidae (crown capture probability)
TACTTMPHylomyrma_Neotropical02,0.44638922694031546,0.3651456680463725,0.0,from Formicidae (crown capture probability)
TACTTMPHylomyrma_Neotropical03,0.44638922694031546,0.3651456680463725,0.0,from Formicidae (crown capture probability)
TACTTMPHylomyrma_Neotropical04,0.44638922694031546,0.3651456680463725,0.0,from Formicidae (cherry)
TACTTMPHylomyrma_Neotropical05,0.44638922694031546,0.3651456680463725,0.0,from Formicidae (crown capture probability)
TACTTMPHylomyrma_Neotropical06,0.44638922694031546,0.3651456680463725,0.0,from Formicidae (crown capture probability)
TACTTMPHylomyrma_Neotropical07,0.44638922694031546,0.3651456680463725,0.0,from Formicidae (crown capture probability)
TACTTMPHylomyrma_Neotropical08,0.44638922694031546,0.3651456680463725,0.0,from Formicidae (crown capture probability)
TACTTMPHypoponera_Afrotropical03,0.44638922694031546,0.3651456680463725,0.0,from Formicidae (cherry)
TACTTMPHypoponera_Afrotropical06,0.44638922694031546,0.3651456680463725,0.0,from Formicidae (cherry)
TACTTMPHypoponera_Afrotropical07,0.44638922694031546,0.3651456680463725,0,from Formicidae (singleton)
TACTTMPHypoponera_Afrotropical22,0.44638922694031546,0.3651456680463725,0.0,from Formicidae (cherry)
TACTTMPHypoponera_Afrotropical23,0.44638922694031546,0.3651456680463725,0.0,from Formicidae (cherry)
TACTTMPHypoponera_Afrotropical24,0.44638922694031546,0.3651456680463725,0,from Formicidae (singleton)
TACTTMPHypoponera_Afrotropical25,0.44638922694031546,0.3651456680463725,0,from Formicidae (singleton)
TACTTMPHypoponera_Afrotropical26,0.44638922694031546,0.3651456680463725,0.0,from Formicidae (crown capture probability)
TACTTMPHypoponera_Afrotropical27,0.44638922694031546,0.3651456680463725,0.0,from Formicidae (cherry)
TACTTMPHypoponera_Afrotropical28,0.44638922694031546,0.3651456680463725,0.0,from Formicidae (cherry)
TACTTMPHypoponera_Afrotropical29,0.44638922694031546,0.3651456680463725,0.0,from Formicidae (cherry)
TACTTMPHypoponera_Afrotropical30,0.44638922694031546,0.3651456680463725,0.0,from Formicidae (cherry)
TACTTMPHypoponera_Afrotropical31,0.44638922694031546,0.3651456680463725,0.0,from Formicidae (crown capture probability)
TACTTMPHypoponera_Afrotropical32,0.44638922694031546,0.3651456680463725,0.0,from Formicidae (cherry)
TACTTMPHypoponera_Afrotropical33,0.44638922694031546,0.3651456680463725,0.0,from Formicidae (crown capture probability)
TACTTMPHypoponera_Afrotropical34,0.44638922694031546,0.3651456680463725,0.0,from Formicidae (crown capture probability)
TACTTMPHypoponera_Afrotropical35,0.44638922694031546,0.3651456680463725,0.0,from Formicidae (crown capture probability)
TACTTMPHypoponera_Afrotropical36,0.44638922694031546,0.3651456680463725,0.0,from Formicidae (crown capture probability)
TACTTMPHypoponera_Afrotropical37,0.44638922694031546,0.3651456680463725,0.0,from Formicidae (cherry)
TACTTMPHypoponera_Afrotropical39,0.44638922694031546,0.3651456680463725,0,from Formicidae (singleton)
TACTTMPHypoponera_Afrotropical40,0.44638922694031546,0.3651456680463725,0,from Formicidae (singleton)
TACTTMPHypoponera_Afrotropical41,0.44638922694031546,0.3651456680463725,0,from Formicidae (singleton)
TACTTMPHypoponera_Afrotropical42,0.44638922694031546,0.3651456680463725,0,from Formicidae (singleton)
TACTTMPHypoponera_Afrotropical43,0.44638922694031546,0.3651456680463725,0.0,from Formicidae (cherry)
TACTTMPHypoponera_Afrotropical44,0.44638922694031546,0.3651456680463725,0,from Formicidae (singleton)
TACTTMPHypoponera_Afrotropical45,0.44638922694031546,0.3651456680463725,0.0,from Formicidae (cherry)
TACTTMPHypoponera_Afrotropical46,0.44638922694031546,0.3651456680463725,0.0,from Formicidae (crown capture probability)
TACTTMPHypoponera_Afrotropical47,0.44638922694031546,0.3651456680463725,0,from Formicidae (singleton)
TACTTMPHypoponera_Afrotropical48,0.44638922694031546,0.3651456680463725,0,from Formicidae (singleton)
TACTTMPHypoponera_Afrotropical49,0.44638922694031546,0.3651456680463725,0.0,from Formicidae (cherry)
TACTTMPHypoponera_Afrotropical50,0.44638922694031546,0.3651456680463725,0.0,from Formicidae (cherry)
TACTTMPHypoponera_Australasian01,0.44638922694031546,0.3651456680463725,0.0,from Formicidae (crown capture probability)
TACTTMPHypoponera_Indomalayan04,0.44638922694031546,0.3651456680463725,0.0,from Formicidae (crown capture probability)
TACTTMPHypoponera_Nearctic10,0.44638922694031546,0.3651456680463725,0.0,from Formicidae (cherry)
TACTTMPHypoponera_Nearctic17,0.44638922694031546,0.3651456680463725,0,from Formicidae (singleton)
TACTTMPHypoponera_Neotropical11,0.44638922694031546,0.3651456680463725,0.0,from Formicidae (crown capture probability)
TACTTMPHypoponera_Neotropical12,0.44638922694031546,0.3651456680463725,0.0,from Formicidae (crown capture probability)
TACTTMPHypoponera_Neotropical13,0.44638922694031546,0.3651456680463725,0.0,from Formicidae (crown capture probability)
TACTTMPHypoponera_Neotropical14,0.44638922694031546,0.3651456680463725,0.0,from Formicidae (crown capture probability)
TACTTMPHypoponera_Neotropical15,0.44638922694031546,0.3651456680463725,0,from Formicidae (singleton)
TACTTMPHypoponera_Neotropical16,0.44638922694031546,0.3651456680463725,0.0,from Formicidae (crown capture probability)
TACTTMPHypoponera_Neotropical18,0.44638922694031546,0.3651456680463725,0.0,from Formicidae (crown capture probability)
TACTTMPHypoponera_Neotropical20,0.44638922694031546,0.3651456680463725,0.0,from Formicidae (crown capture probability)
TACTTMPHypoponera_Neotropical21,0.44638922694031546,0.3651456680463725,0.0,from Formicidae (crown capture probability)
TACTTMPHypoponera_Oceanian02,0.44638922694031546,0.3651456680463725,0.0,from Formicidae (cherry)
TACTTMPHypoponera_Oceanian05,0.44638922694031546,0.3651456680463725,0.0,from Formicidae (cherry)
TACTTMPHypoponera_Palearctic08,0.44638922694031546,0.3651456680463725,0.0,from Formicidae (crown capture probability)
TACTTMPHypoponera_Palearctic19,0.44638922694031546,0.3651456680463725,0.0,from Formicidae (cherry)
TACTTMPHypoponera_Palearctic38,0.44638922694031546,0.3651456680463725,0,from Formicidae (singleton)
TACTTMPHypoponera_Unknown09,0.44638922694031546,0.3651456680463725,0,from Formicidae (singleton)
TACTTMPIgaponera_Unknown01,0.44638922694031546,0.3651456680463725,0.0,from Formicidae (cherry)
TACTTMPIndomyrma_Indomalayan01,0.44638922694031546,0.3651456680463725,0.0,from Formicidae (cherry)
TACTTMPIridomyrmex_Australasian01,0.44638922694031546,0.3651456680463725,0.0,from Formicidae (crown capture probability)
TACTTMPIridomyrmex_Australasian02,0.44638922694031546,0.3651456680463725,0.0,from Formicidae (crown capture probability)
TACTTMPIridomyrmex_Australasian03,0.44638922694031546,0.3651456680463725,0.0,from Formicidae (crown capture probability)
TACTTMPIridomyrmex_Indomalayan04,0.44638922694031546,0.3651456680463725,0,from Formicidae (singleton)
TACTTMPIshakidris_Unknown01,0.44638922694031546,0.3651456680463725,0.0,from Formicidae (cherry)
TACTTMPKartidris_Palearctic01,0.44638922694031546,0.3651456680463725,0.0,from Formicidae (crown capture probability)
TACTTMPLabidus_Neotropical01,0.44638922694031546,0.3651456680463725,0.0,from Formicidae (crown capture probability)
TACTTMPLabidus_Neotropical02,0.44638922694031546,0.3651456680463725,0.0,from Formicidae (crown capture probability)
TACTTMPLabidus_Unknown03,0.44638922694031546,0.3651456680463725,0,from Formicidae (singleton)
TACTTMPLachnomyrmex_Neotropical01,0.44638922694031546,0.3651456680463725,0.0,from Formicidae (crown capture probability)
TACTTMPLasiomyrma_Unknown01,0.44638922694031546,0.3651456680463725,0.0,from Formicidae (crown capture probability)
TACTTMPLasiophanes_Neotropical01,0.44638922694031546,0.3651456680463725,0.0,from Formicidae (crown capture probability)
TACTTMPLasius_Nearctic01,0.44638922694031546,0.3651456680463725,0.0,from Formicidae (crown capture probability)
TACTTMPLasius_Nearctic03,0.44638922694031546,0.3651456680463725,0.0,from Formicidae (crown capture probability)
TACTTMPLasius_Nearctic04,0.44638922694031546,0.3651456680463725,0.0,from Formicidae (cherry)
TACTTMPLasius_Nearctic05,0.44638922694031546,0.3651456680463725,0,from Formicidae (singleton)
TACTTMPLasius_Nearctic07,0.44638922694031546,0.3651456680463725,0.0,from Formicidae (crown capture probability)
TACTTMPLasius_Nearctic08,0.44638922694031546,0.3651456680463725,0.0,from Formicidae (crown capture probability)
TACTTMPLasius_Nearctic11,0.44638922694031546,0.3651456680463725,0.0,from Formicidae (crown capture probability)
TACTTMPLasius_Nearctic13,0.44638922694031546,0.3651456680463725,0.0,from Formicidae (cherry)
TACTTMPLasius_Nearctic18,0.44638922694031546,0.3651456680463725,0,from Formicidae (singleton)
TACTTMPLasius_Nearctic27,0.44638922694031546,0.3651456680463725,0.0,from Formicidae (crown capture probability)
TACTTMPLasius_Palearctic02,0.44638922694031546,0.3651456680463725,0.0,from Formicidae (crown capture probability)
TACTTMPLasius_Palearctic06,0.44638922694031546,0.3651456680463725,0.0,from Formicidae (crown capture probability)
TACTTMPLasius_Palearctic09,0.44638922694031546,0.3651456680463725,0.0,from Formicidae (cherry)
TACTTMPLasius_Palearctic12,0.44638922694031546,0.3651456680463725,0.0,from Formicidae (crown capture probability)
TACTTMPLasius_Palearctic14,0.44638922694031546,0.3651456680463725,0.0,from Formicidae (crown capture probability)
TACTTMPLasius_Palearctic15,0.44638922694031546,0.3651456680463725,0.0,from Formicidae (crown capture probability)
TACTTMPLasius_Palearctic16,0.44638922694031546,0.3651456680463725,0.0,from Formicidae (crown capture probability)
TACTTMPLasius_Palearctic19,0.44638922694031546,0.3651456680463725,0.0,from Formicidae (crown capture probability)
TACTTMPLasius_Palearctic20,0.44638922694031546,0.3651456680463725,0.0,from Formicidae (crown capture probability)
TACTTMPLasius_Palearctic21,0.44638922694031546,0.3651456680463725,0.0,from Formicidae (crown capture probability)
TACTTMPLasius_Palearctic22,0.44638922694031546,0.3651456680463725,0.0,from Formicidae (crown capture probability)
TACTTMPLasius_Palearctic23,0.44638922694031546,0.3651456680463725,0.0,from Formicidae (crown capture probability)
TACTTMPLasius_Palearctic24,0.44638922694031546,0.3651456680463725,0.0,from Formicidae (crown capture probability)
TACTTMPLasius_Palearctic25,0.44638922694031546,0.3651456680463725,0.0,from Formicidae (crown capture probability)
TACTTMPLasius_Palearctic26,0.44638922694031546,0.3651456680463725,0.0,from Formicidae (crown capture probability)
TACTTMPLasius_Unknown10,0.44638922694031546,0.3651456680463725,0.0,from Formicidae (cherry)
TACTTMPLasius_Unknown17,0.44638922694031546,0.3651456680463725,0.0,from Formicidae (crown capture probability)
TACTTMPLenomyrmex_Neotropical01,0.44638922694031546,0.3651456680463725,0.0,from Formicidae (crown capture probability)
TACTTMPLepisiota_Afrotropical01,0.44638922694031546,0.3651456680463725,0.0,from Formicidae (crown capture probability)
TACTTMPLeptanilla_Palearctic01,0.44638922694031546,0.3651456680463725,0.0,from Formicidae (crown capture probability)
TACTTMPLeptanilloides_Nearctic05,0.44638922694031546,0.3651456680463725,0,from Formicidae (singleton)
TACTTMPLeptanilloides_Neotropical01,0.44638922694031546,0.3651456680463725,0.0,from Formicidae (crown capture probability)
TACTTMPLeptanilloides_Neotropical02,0.44638922694031546,0.3651456680463725,0.0,from Formicidae (cherry)
TACTTMPLeptanilloides_Neotropical03,0.44638922694031546,0.3651456680463725,0.0,from Formicidae (cherry)
TACTTMPLeptanilloides_Neotropical04,0.44638922694031546,0.3651456680463725,0.0,from Formicidae (cherry)
TACTTMPLeptanilloides_Neotropical06,0.44638922694031546,0.3651456680463725,0.0,from Formicidae (crown capture probability)
TACTTMPLeptanilloides_Neotropical07,0.44638922694031546,0.3651456680463725,0,from Formicidae (singleton)
TACTTMPLeptanilloides_Neotropical08,0.44638922694031546,0.3651456680463725,0,from Formicidae (singleton)
TACTTMPLeptanilloides_Neotropical09,0.44638922694031546,0.3651456680463725,0.0,from Formicidae (cherry)
TACTTMPLeptogenys_Afrotropical108,0.44638922694031546,0.3651456680463725,0,from Formicidae (singleton)
TACTTMPLeptogenys_Afrotropical109,0.44638922694031546,0.3651456680463725,0,from Formicidae (singleton)
TACTTMPLeptogenys_Afrotropical110,0.44638922694031546,0.3651456680463725,0,from Formicidae (singleton)
TACTTMPLeptogenys_Afrotropical111,0.44638922694031546,0.3651456680463725,0.0,from Formicidae (cherry)
TACTTMPLeptogenys_Afrotropical112,0.44638922694031546,0.3651456680463725,0.0,from Formicidae (cherry)
TACTTMPLeptogenys_Afrotropical113,0.44638922694031546,0.3651456680463725,0.0,from Formicidae (cherry)
TACTTMPLeptogenys_Afrotropical114,0.44638922694031546,0.3651456680463725,0,from Formicidae (singleton)
TACTTMPLeptogenys_Afrotropical115,0.44638922694031546,0.3651456680463725,0.0,from Formicidae (cherry)
TACTTMPLeptogenys_Afrotropical116,0.44638922694031546,0.3651456680463725,0.0,from Formicidae (cherry)
TACTTMPLeptogenys_Afrotropical117,0.44638922694031546,0.3651456680463725,0,from Formicidae (singleton)
TACTTMPLeptogenys_Afrotropical118,0.44638922694031546,0.3651456680463725,0,from Formicidae (singleton)
TACTTMPLeptogenys_Afrotropical119,0.44638922694031546,0.3651456680463725,0,from Formicidae (singleton)
TACTTMPLeptogenys_Afrotropical120,0.44638922694031546,0.3651456680463725,0.0,from Formicidae (crown capture probability)
TACTTMPLeptogenys_Afrotropical152,0.44638922694031546,0.3651456680463725,0,from Formicidae (singleton)
TACTTMPLeptogenys_Afrotropical153,0.44638922694031546,0.3651456680463725,0,from Formicidae (singleton)
TACTTMPLeptogenys_Afrotropical154,0.44638922694031546,0.3651456680463725,0,from Formicidae (singleton)
TACTTMPLeptogenys_Afrotropical155,0.44638922694031546,0.3651456680463725,0.0,from Formicidae (crown capture probability)
TACTTMPLeptogenys_Afrotropical156,0.44638922694031546,0.3651456680463725,0,from Formicidae (singleton)
TACTTMPLeptogenys_Afrotropical157,0.44638922694031546,0.3651456680463725,0,from Formicidae (singleton)
TACTTMPLeptogenys_Afrotropical158,0.44638922694031546,0.3651456680463725,0.0,from Formicidae (cherry)
TACTTMPLeptogenys_Afrotropical159,0.44638922694031546,0.3651456680463725,0,from Formicidae (singleton)
TACTTMPLeptogenys_Afrotropical35,0.44638922694031546,0.3651456680463725,0,from Formicidae (singleton)
TACTTMPLeptogenys_Afrotropical36,0.44638922694031546,0.3651456680463725,0,from Formicidae (singleton)
TACTTMPLeptogenys_Afrotropical37,0.44638922694031546,0.3651456680463725,0,from Formicidae (singleton)
TACTTMPLeptogenys_Afrotropical38,0.44638922694031546,0.3651456680463725,0,from Formicidae (singleton)
TACTTMPLeptogenys_Afrotropical39,0.44638922694031546,0.3651456680463725,0,from Formicidae (singleton)
TACTTMPLeptogenys_Afrotropical40,0.44638922694031546,0.3651456680463725,0,from Formicidae (singleton)
TACTTMPLeptogenys_Afrotropical41,0.44638922694031546,0.3651456680463725,0.0,from Formicidae (cherry)
TACTTMPLeptogenys_Afrotropical42,0.44638922694031546,0.3651456680463725,0,from Formicidae (singleton)
TACTTMPLeptogenys_Afrotropical43,0.44638922694031546,0.3651456680463725,0,from Formicidae (singleton)
TACTTMPLeptogenys_Afrotropical44,0.44638922694031546,0.3651456680463725,0,from Formicidae (singleton)
TACTTMPLeptogenys_Afrotropical45,0.44638922694031546,0.3651456680463725,0,from Formicidae (singleton)
TACTTMPLeptogenys_Afrotropical46,0.44638922694031546,0.3651456680463725,0,from Formicidae (singleton)
TACTTMPLeptogenys_Afrotropical47,0.44638922694031546,0.3651456680463725,0,from Formicidae (singleton)
TACTTMPLeptogenys_Afrotropical48,0.44638922694031546,0.3651456680463725,0,from Formicidae (singleton)
TACTTMPLeptogenys_Afrotropical49,0.44638922694031546,0.3651456680463725,0.0,from Formicidae (cherry)
TACTTMPLeptogenys_Afrotropical50,0.44638922694031546,0.3651456680463725,0.0,from Formicidae (cherry)
TACTTMPLeptogenys_Afrotropical51,0.44638922694031546,0.3651456680463725,0,from Formicidae (singleton)
TACTTMPLeptogenys_Afrotropical52,0.44638922694031546,0.3651456680463725,0.0,from Formicidae (crown capture probability)
TACTTMPLeptogenys_Afrotropical53,0.44638922694031546,0.3651456680463725,0,from Formicidae (singleton)
TACTTMPLeptogenys_Afrotropical54,0.44638922694031546,0.3651456680463725,0,from Formicidae (singleton)
TACTTMPLeptogenys_Afrotropical56,0.44638922694031546,0.3651456680463725,0,from Formicidae (singleton)
TACTTMPLeptogenys_Afrotropical57,0.44638922694031546,0.3651456680463725,0.0,from Formicidae (crown capture probability)
TACTTMPLeptogenys_Afrotropical58,0.44638922694031546,0.3651456680463725,0,from Formicidae (singleton)
TACTTMPLeptogenys_Afrotropical59,0.44638922694031546,0.3651456680463725,0,from Formicidae (singleton)
TACTTMPLeptogenys_Afrotropical60,0.44638922694031546,0.3651456680463725,0.0,from Formicidae (cherry)
TACTTMPLeptogenys_Afrotropical61,0.44638922694031546,0.3651456680463725,0,from Formicidae (singleton)
TACTTMPLeptogenys_Afrotropical62,0.44638922694031546,0.3651456680463725,0.0,from Formicidae (crown capture probability)
TACTTMPLeptogenys_Afrotropical63,0.44638922694031546,0.3651456680463725,0,from Formicidae (singleton)
TACTTMPLeptogenys_Afrotropical64,0.44638922694031546,0.3651456680463725,0,from Formicidae (singleton)
TACTTMPLeptogenys_Afrotropical65,0.44638922694031546,0.3651456680463725,0,from Formicidae (singleton)
TACTTMPLeptogenys_Afrotropical66,0.44638922694031546,0.3651456680463725,0.0,from Formicidae (cherry)
TACTTMPLeptogenys_Afrotropical67,0.44638922694031546,0.3651456680463725,0,from Formicidae (singleton)
TACTTMPLeptogenys_Afrotropical68,0.44638922694031546,0.3651456680463725,0,from Formicidae (singleton)
TACTTMPLeptogenys_Afrotropical69,0.44638922694031546,0.3651456680463725,0,from Formicidae (singleton)
TACTTMPLeptogenys_Afrotropical70,0.44638922694031546,0.3651456680463725,0,from Formicidae (singleton)
TACTTMPLeptogenys_Afrotropical71,0.44638922694031546,0.3651456680463725,0,from Formicidae (singleton)
TACTTMPLeptogenys_Afrotropical72,0.44638922694031546,0.3651456680463725,0,from Formicidae (singleton)
TACTTMPLeptogenys_Afrotropical73,0.44638922694031546,0.3651456680463725,0,from Formicidae (singleton)
TACTTMPLeptogenys_Afrotropical74,0.44638922694031546,0.3651456680463725,0,from Formicidae (singleton)
TACTTMPLeptogenys_Afrotropical75,0.44638922694031546,0.3651456680463725,0,from Formicidae (singleton)
TACTTMPLeptogenys_Afrotropical76,0.44638922694031546,0.3651456680463725,0,from Formicidae (singleton)
TACTTMPLeptogenys_Afrotropical77,0.44638922694031546,0.3651456680463725,0,from Formicidae (singleton)
TACTTMPLeptogenys_Afrotropical78,0.44638922694031546,0.3651456680463725,0,from Formicidae (singleton)
TACTTMPLeptogenys_Afrotropical79,0.44638922694031546,0.3651456680463725,0,from Formicidae (singleton)
TACTTMPLeptogenys_Afrotropical80,0.44638922694031546,0.3651456680463725,0,from Formicidae (singleton)
TACTTMPLeptogenys_Afrotropical81,0.44638922694031546,0.3651456680463725,0,from Formicidae (singleton)
TACTTMPLeptogenys_Afrotropical82,0.44638922694031546,0.3651456680463725,0,from Formicidae (singleton)
TACTTMPLeptogenys_Afrotropical83,0.44638922694031546,0.3651456680463725,0.0,from Formicidae (cherry)
TACTTMPLeptogenys_Afrotropical84,0.44638922694031546,0.3651456680463725,0,from Formicidae (singleton)
TACTTMPLeptogenys_Afrotropical85,0.44638922694031546,0.3651456680463725,0,from Formicidae (singleton)
TACTTMPLeptogenys_Afrotropical86,0.44638922694031546,0.3651456680463725,0,from Formicidae (singleton)
TACTTMPLeptogenys_Afrotropical87,0.44638922694031546,0.3651456680463725,0.0,from Formicidae (cherry)
TACTTMPLeptogenys_Afrotropical88,0.44638922694031546,0.3651456680463725,0.0,from Formicidae (cherry)
TACTTMPLeptogenys_Afrotropical89,0.44638922694031546,0.3651456680463725,0,from Formicidae (singleton)
TACTTMPLeptogenys_Afrotropical91,0.44638922694031546,0.3651456680463725,0.0,from Formicidae (crown capture probability)
TACTTMPLeptogenys_Afrotropical92,0.44638922694031546,0.3651456680463725,0,from Formicidae (singleton)
TACTTMPLeptogenys_Afrotropical93,0.44638922694031546,0.3651456680463725,0,from Formicidae (singleton)
TACTTMPLeptogenys_Afrotropical94,0.44638922694031546,0.3651456680463725,0,from Formicidae (singleton)
TACTTMPLeptogenys_Afrotropical97,0.44638922694031546,0.3651456680463725,0,from Formicidae (singleton)
TACTTMPLeptogenys_Afrotropical98,0.44638922694031546,0.3651456680463725,0,from Formicidae (singleton)
TACTTMPLeptogenys_Afrotropical99,0.44638922694031546,0.3651456680463725,0.0,from Formicidae (cherry)
TACTTMPLeptogenys_Australasian02,0.44638922694031546,0.3651456680463725,0.0,from Formicidae (crown capture probability)
TACTTMPLeptogenys_Australasian03,0.44638922694031546,0.3651456680463725,0,from Formicidae (singleton)
TACTTMPLeptogenys_Australasian04,0.44638922694031546,0.3651456680463725,0.0,from Formicidae (cherry)
TACTTMPLeptogenys_Australasian05,0.44638922694031546,0.3651456680463725,0.0,from Formicidae (cherry)
TACTTMPLeptogenys_Australasian11,0.44638922694031546,0.3651456680463725,0.0,from Formicidae (cherry)
TACTTMPLeptogenys_Australasian12,0.44638922694031546,0.3651456680463725,0,from Formicidae (singleton)
TACTTMPLeptogenys_Australasian13,0.44638922694031546,0.3651456680463725,0,from Formicidae (singleton)
TACTTMPLeptogenys_Australasian14,0.44638922694031546,0.3651456680463725,0,from Formicidae (singleton)
TACTTMPLeptogenys_Australasian15,0.44638922694031546,0.3651456680463725,0.0,from Formicidae (cherry)
TACTTMPLeptogenys_Australasian16,0.44638922694031546,0.3651456680463725,0.0,from Formicidae (crown capture probability)
TACTTMPLeptogenys_Australasian160,0.44638922694031546,0.3651456680463725,0.0,from Formicidae (crown capture probability)
TACTTMPLeptogenys_Australasian17,0.44638922694031546,0.3651456680463725,0,from Formicidae (singleton)
TACTTMPLeptogenys_Australasian18,0.44638922694031546,0.3651456680463725,0.0,from Formicidae (cherry)
TACTTMPLeptogenys_Australasian19,0.44638922694031546,0.3651456680463725,0.0,from Formicidae (cherry)
TACTTMPLeptogenys_Australasian20,0.44638922694031546,0.3651456680463725,0,from Formicidae (singleton)
TACTTMPLeptogenys_Australasian21,0.44638922694031546,0.3651456680463725,0.0,from Formicidae (cherry)
TACTTMPLeptogenys_Australasian22,0.44638922694031546,0.3651456680463725,0.0,from Formicidae (crown capture probability)
TACTTMPLeptogenys_Australasian23,0.44638922694031546,0.3651456680463725,0.0,from Formicidae (crown capture probability)
TACTTMPLeptogenys_Australasian24,0.44638922694031546,0.3651456680463725,0,from Formicidae (singleton)
TACTTMPLeptogenys_Australasian27,0.44638922694031546,0.3651456680463725,0.0,from Formicidae (cherry)
TACTTMPLeptogenys_Australasian29,0.44638922694031546,0.3651456680463725,0,from Formicidae (singleton)
TACTTMPLeptogenys_Australasian30,0.44638922694031546,0.3651456680463725,0.0,from Formicidae (cherry)
TACTTMPLeptogenys_Australasian34,0.44638922694031546,0.3651456680463725,0.0,from Formicidae (crown capture probability)
TACTTMPLeptogenys_Indomalayan01,0.44638922694031546,0.3651456680463725,0.0,from Formicidae (crown capture probability)
TACTTMPLeptogenys_Indomalayan06,0.44638922694031546,0.3651456680463725,0.0,from Formicidae (crown capture probability)
TACTTMPLeptogenys_Indomalayan07,0.44638922694031546,0.3651456680463725,0.0,from Formicidae (crown capture probability)
TACTTMPLeptogenys_Indomalayan08,0.44638922694031546,0.3651456680463725,0.0,from Formicidae (crown capture probability)
TACTTMPLeptogenys_Indomalayan09,0.44638922694031546,0.3651456680463725,0.0,from Formicidae (crown capture probability)
TACTTMPLeptogenys_Indomalayan10,0.44638922694031546,0.3651456680463725,0.0,from Formicidae (crown capture probability)
TACTTMPLeptogenys_Indomalayan161,0.44638922694031546,0.3651456680463725,0.0,from Formicidae (crown capture probability)
TACTTMPLeptogenys_Indomalayan26,0.44638922694031546,0.3651456680463725,0.0,from Formicidae (crown capture probability)
TACTTMPLeptogenys_Indomalayan28,0.44638922694031546,0.3651456680463725,0.0,from Formicidae (crown capture probability)
TACTTMPLeptogenys_Indomalayan33,0.44638922694031546,0.3651456680463725,0.0,from Formicidae (crown capture probability)
TACTTMPLeptogenys_Indomalayan90,0.44638922694031546,0.3651456680463725,0.0,from Formicidae (crown capture probability)
TACTTMPLeptogenys_Nearctic131,0.44638922694031546,0.3651456680463725,0.0,from Formicidae (cherry)
TACTTMPLeptogenys_Neotropical100,0.44638922694031546,0.3651456680463725,0.0,from Formicidae (cherry)
TACTTMPLeptogenys_Neotropical101,0.44638922694031546,0.3651456680463725,0.0,from Formicidae (crown capture probability)
TACTTMPLeptogenys_Neotropical102,0.44638922694031546,0.3651456680463725,0.0,from Formicidae (crown capture probability)
TACTTMPLeptogenys_Neotropical103,0.44638922694031546,0.3651456680463725,0.0,from Formicidae (cherry)
TACTTMPLeptogenys_Neotropical104,0.44638922694031546,0.3651456680463725,0,from Formicidae (singleton)
TACTTMPLeptogenys_Neotropical105,0.44638922694031546,0.3651456680463725,0.0,from Formicidae (cherry)
TACTTMPLeptogenys_Neotropical106,0.44638922694031546,0.3651456680463725,0.0,from Formicidae (crown capture probability)
TACTTMPLeptogenys_Neotropical107,0.44638922694031546,0.3651456680463725,0.0,from Formicidae (crown capture probability)
TACTTMPLeptogenys_Neotropical121,0.44638922694031546,0.3651456680463725,0.0,from Formicidae (crown capture probability)
TACTTMPLeptogenys_Neotropical122,0.44638922694031546,0.3651456680463725,0.0,from Formicidae (crown capture probability)
TACTTMPLeptogenys_Neotropical123,0.44638922694031546,0.3651456680463725,0,from Formicidae (singleton)
TACTTMPLeptogenys_Neotropical124,0.44638922694031546,0.3651456680463725,0.0,from Formicidae (crown capture probability)
TACTTMPLeptogenys_Neotropical125,0.44638922694031546,0.3651456680463725,0,from Formicidae (singleton)
TACTTMPLeptogenys_Neotropical126,0.44638922694031546,0.3651456680463725,0.0,from Formicidae (cherry)
TACTTMPLeptogenys_Neotropical127,0.44638922694031546,0.3651456680463725,0.0,from Formicidae (cherry)
TACTTMPLeptogenys_Neotropical128,0.44638922694031546,0.3651456680463725,0.0,from Formicidae (crown capture probability)
TACTTMPLeptogenys_Neotropical129,0.44638922694031546,0.3651456680463725,0.0,from Formicidae (cherry)
TACTTMPLeptogenys_Neotropical130,0.44638922694031546,0.3651456680463725,0.0,from Formicidae (crown capture probability)
TACTTMPLeptogenys_Neotropical132,0.44638922694031546,0.3651456680463725,0.0,from Formicidae (crown capture probability)
TACTTMPLeptogenys_Neotropical133,0.44638922694031546,0.3651456680463725,0.0,from Formicidae (crown capture probability)
TACTTMPLeptogenys_Neotropical134,0.44638922694031546,0.3651456680463725,0.0,from Formicidae (cherry)
TACTTMPLeptogenys_Neotropical135,0.44638922694031546,0.3651456680463725,0,from Formicidae (singleton)
TACTTMPLeptogenys_Neotropical136,0.44638922694031546,0.3651456680463725,0.0,from Formicidae (cherry)
TACTTMPLeptogenys_Neotropical137,0.44638922694031546,0.3651456680463725,0,from Formicidae (singleton)
TACTTMPLeptogenys_Neotropical138,0.44638922694031546,0.3651456680463725,0.0,from Formicidae (cherry)
TACTTMPLeptogenys_Neotropical139,0.44638922694031546,0.3651456680463725,0.0,from Formicidae (crown capture probability)
TACTTMPLeptogenys_Neotropical140,0.44638922694031546,0.3651456680463725,0,from Formicidae (singleton)
TACTTMPLeptogenys_Neotropical141,0.44638922694031546,0.3651456680463725,0,from Formicidae (singleton)
TACTTMPLeptogenys_Neotropical142,0.44638922694031546,0.3651456680463725,0,from Formicidae (singleton)
TACTTMPLeptogenys_Neotropical143,0.44638922694031546,0.3651456680463725,0,from Formicidae (singleton)
TACTTMPLeptogenys_Neotropical144,0.44638922694031546,0.3651456680463725,0.0,from Formicidae (cherry)
TACTTMPLeptogenys_Neotropical145,0.44638922694031546,0.3651456680463725,0.0,from Formicidae (cherry)
TACTTMPLeptogenys_Neotropical146,0.44638922694031546,0.3651456680463725,0.0,from Formicidae (cherry)
TACTTMPLeptogenys_Neotropical147,0.44638922694031546,0.3651456680463725,0.0,from Formicidae (crown capture probability)
TACTTMPLeptogenys_Neotropical148,0.44638922694031546,0.3651456680463725,0.0,from Formicidae (cherry)
TACTTMPLeptogenys_Neotropical149,0.44638922694031546,0.3651456680463725,0,from Formicidae (singleton)
TACTTMPLeptogenys_Neotropical150,0.44638922694031546,0.3651456680463725,0.0,from Formicidae (cherry)
TACTTMPLeptogenys_Neotropical151,0.44638922694031546,0.3651456680463725,0.0,from Formicidae (cherry)
TACTTMPLeptogenys_Oceanian95,0.44638922694031546,0.3651456680463725,0.0,from Formicidae (crown capture probability)
TACTTMPLeptogenys_Oceanian96,0.44638922694031546,0.3651456680463725,0.0,from Formicidae (crown capture probability)
TACTTMPLeptogenys_Palearctic25,0.44638922694031546,0.3651456680463725,0.0,from Formicidae (crown capture probability)
TACTTMPLeptogenys_Palearctic31,0.44638922694031546,0.3651456680463725,0.0,from Formicidae (crown capture probability)
TACTTMPLeptogenys_Palearctic32,0.44638922694031546,0.3651456680463725,0.0,from Formicidae (crown capture probability)
TACTTMPLeptogenys_Palearctic55,0.44638922694031546,0.3651456680463725,0.0,from Formicidae (crown capture probability)
TACTTMPLeptomyrmex_Australasian01,0.44638922694031546,0.3651456680463725,0,from Formicidae (singleton)
TACTTMPLeptomyrmex_Australasian03,0.44638922694031546,0.3651456680463725,0,from Formicidae (singleton)
TACTTMPLeptomyrmex_Australasian04,0.44638922694031546,0.3651456680463725,0,from Formicidae (singleton)
TACTTMPLeptomyrmex_Australasian06,0.44638922694031546,0.3651456680463725,0,from Formicidae (singleton)
TACTTMPLeptomyrmex_Australasian07,0.44638922694031546,0.3651456680463725,0.0,from Formicidae (cherry)
TACTTMPLeptomyrmex_Australasian08,0.44638922694031546,0.3651456680463725,0,from Formicidae (singleton)
TACTTMPLeptomyrmex_Australasian09,0.44638922694031546,0.3651456680463725,0,from Formicidae (singleton)
TACTTMPLeptomyrmex_Australasian10,0.44638922694031546,0.3651456680463725,0,from Formicidae (singleton)
TACTTMPLeptomyrmex_Australasian11,0.44638922694031546,0.3651456680463725,0,from Formicidae (singleton)
TACTTMPLeptomyrmex_Australasian12,0.44638922694031546,0.3651456680463725,0,from Formicidae (singleton)
TACTTMPLeptomyrmex_Australasian13,0.44638922694031546,0.3651456680463725,0,from Formicidae (singleton)
TACTTMPLeptomyrmex_Australasian14,0.44638922694031546,0.3651456680463725,0,from Formicidae (singleton)
TACTTMPLeptomyrmex_Australasian15,0.44638922694031546,0.3651456680463725,0.0,from Formicidae (cherry)
TACTTMPLeptomyrmex_Australasian16,0.44638922694031546,0.3651456680463725,0,from Formicidae (singleton)
TACTTMPLeptomyrmex_Australasian17,0.44638922694031546,0.3651456680463725,0,from Formicidae (singleton)
TACTTMPLeptomyrmex_Australasian18,0.44638922694031546,0.3651456680463725,0,from Formicidae (singleton)
TACTTMPLeptomyrmex_Australasian19,0.44638922694031546,0.3651456680463725,0.0,from Formicidae (cherry)
TACTTMPLeptomyrmex_Australasian20,0.44638922694031546,0.3651456680463725,0,from Formicidae (singleton)
TACTTMPLeptomyrmex_Australasian21,0.44638922694031546,0.3651456680463725,0,from Formicidae (singleton)
TACTTMPLeptomyrmex_Australasian22,0.44638922694031546,0.3651456680463725,0.0,from Formicidae (cherry)
TACTTMPLeptomyrmex_Australasian23,0.44638922694031546,0.3651456680463725,0,from Formicidae (singleton)
TACTTMPLeptomyrmex_Indomalayan02,0.44638922694031546,0.3651456680463725,0,from Formicidae (singleton)
TACTTMPLeptomyrmex_Indomalayan05,0.44638922694031546,0.3651456680463725,0,from Formicidae (singleton)
TACTTMPLeptomyrmex_Neotropical24,0.44638922694031546,0.3651456680463725,0,from Formicidae (singleton)
TACTTMPLeptothorax_Nearctic02,0.44638922694031546,0.3651456680463725,0.0,from Formicidae (crown capture probability)
TACTTMPLeptothorax_Palearctic01,0.44638922694031546,0.3651456680463725,0.0,from Formicidae (crown capture probability)
TACTTMPLeptothorax_Palearctic03,0.44638922694031546,0.3651456680463725,0.0,from Formicidae (crown capture probability)
TACTTMPLinepithema_Neotropical01,0.44638922694031546,0.3651456680463725,0.0,from Formicidae (cherry)
TACTTMPLinepithema_Neotropical02,0.44638922694031546,0.3651456680463725,0,from Formicidae (singleton)
TACTTMPLinepithema_Neotropical03,0.44638922694031546,0.3651456680463725,0,from Formicidae (singleton)
TACTTMPLinepithema_Neotropical04,0.44638922694031546,0.3651456680463725,0,from Formicidae (singleton)
TACTTMPLinepithema_Neotropical05,0.44638922694031546,0.3651456680463725,0,from Formicidae (singleton)
TACTTMPLinepithema_Neotropical06,0.44638922694031546,0.3651456680463725,0.0,from Formicidae (cherry)
TACTTMPLinepithema_Neotropical07,0.44638922694031546,0.3651456680463725,0.0,from Formicidae (cherry)
TACTTMPLinepithema_Neotropical08,0.44638922694031546,0.3651456680463725,0,from Formicidae (singleton)
TACTTMPLinepithema_Neotropical09,0.44638922694031546,0.3651456680463725,0,from Formicidae (singleton)
TACTTMPLinepithema_Neotropical10,0.44638922694031546,0.3651456680463725,0,from Formicidae (singleton)
TACTTMPLinepithema_Neotropical11,0.44638922694031546,0.3651456680463725,0,from Formicidae (singleton)
TACTTMPLinepithema_Neotropical12,0.44638922694031546,0.3651456680463725,0,from Formicidae (singleton)
TACTTMPLinepithema_Neotropical13,0.44638922694031546,0.3651456680463725,0.0,from Formicidae (cherry)
TACTTMPLinepithema_Neotropical14,0.44638922694031546,0.3651456680463725,0,from Formicidae (singleton)
TACTTMPLinepithema_Neotropical15,0.44638922694031546,0.3651456680463725,0,from Formicidae (singleton)
TACTTMPLinepithema_Neotropical16,0.44638922694031546,0.3651456680463725,0.0,from Formicidae (crown capture probability)
TACTTMPLiometopum_Nearctic01,0.44638922694031546,0.3651456680463725,0,from Formicidae (singleton)
TACTTMPLiometopum_Nearctic03,0.44638922694031546,0.3651456680463725,0,from Formicidae (singleton)
TACTTMPLiometopum_Neotropical02,0.44638922694031546,0.3651456680463725,0.0,from Formicidae (crown capture probability)
TACTTMPLioponera_Afrotropical01,0.44638922694031546,0.3651456680463725,0.0,from Formicidae (cherry)
TACTTMPLioponera_Afrotropical02,0.44638922694031546,0.3651456680463725,0.0,from Formicidae (crown capture probability)
TACTTMPLioponera_Afrotropical03,0.44638922694031546,0.3651456680463725,0.0,from Formicidae (crown capture probability)
TACTTMPLioponera_Afrotropical08,0.44638922694031546,0.3651456680463725,0,from Formicidae (singleton)
TACTTMPLioponera_Afrotropical09,0.44638922694031546,0.3651456680463725,0.0,from Formicidae (cherry)
TACTTMPLioponera_Australasian04,0.44638922694031546,0.3651456680463725,0.0,from Formicidae (crown capture probability)
TACTTMPLioponera_Australasian05,0.44638922694031546,0.3651456680463725,0.0,from Formicidae (crown capture probability)
TACTTMPLioponera_Australasian07,0.44638922694031546,0.3651456680463725,0.0,from Formicidae (crown capture probability)
TACTTMPLioponera_Australasian10,0.44638922694031546,0.3651456680463725,0.0,from Formicidae (crown capture probability)
TACTTMPLioponera_Indomalayan06,0.44638922694031546,0.3651456680463725,0.0,from Formicidae (crown capture probability)
TACTTMPLioponera_Palearctic11,0.44638922694031546,0.3651456680463725,0.0,from Formicidae (crown capture probability)
TACTTMPLividopone_Unknown01,0.44638922694031546,0.3651456680463725,0.0,from Formicidae (cherry)
TACTTMPLoboponera_Afrotropical01,0.44638922694031546,0.3651456680463725,0.0,from Formicidae (crown capture probability)
TACTTMPLophomyrmex_Indomalayan01,0.44638922694031546,0.3651456680463725,0.0,from Formicidae (crown capture probability)
TACTTMPLophomyrmex_Indomalayan02,0.44638922694031546,0.3651456680463725,0.0,from Formicidae (crown capture probability)
TACTTMPLophomyrmex_Indomalayan03,0.44638922694031546,0.3651456680463725,0.0,from Formicidae (cherry)
TACTTMPLordomyrma_Australasian01,0.44638922694031546,0.3651456680463725,0.0,from Formicidae (crown capture probability)
TACTTMPLordomyrma_Indomalayan10,0.44638922694031546,0.3651456680463725,0.0,from Formicidae (crown capture probability)
TACTTMPLordomyrma_Oceanian03,0.44638922694031546,0.3651456680463725,0,from Formicidae (singleton)
TACTTMPLordomyrma_Oceanian04,0.44638922694031546,0.3651456680463725,0.0,from Formicidae (cherry)
TACTTMPLordomyrma_Oceanian05,0.44638922694031546,0.3651456680463725,0,from Formicidae (singleton)
TACTTMPLordomyrma_Oceanian06,0.44638922694031546,0.3651456680463725,0,from Formicidae (singleton)
TACTTMPLordomyrma_Oceanian07,0.44638922694031546,0.3651456680463725,0.0,from Formicidae (crown capture probability)
TACTTMPLordomyrma_Oceanian08,0.44638922694031546,0.3651456680463725,0,from Formicidae (singleton)
TACTTMPLordomyrma_Oceanian09,0.44638922694031546,0.3651456680463725,0.0,from Formicidae (cherry)
TACTTMPLordomyrma_Oceanian11,0.44638922694031546,0.3651456680463725,0,from Formicidae (singleton)
TACTTMPLordomyrma_Palearctic02,0.44638922694031546,0.3651456680463725,0.0,from Formicidae (crown capture probability)
TACTTMPMakebapone_Afrotropical01,0.44638922694031546,0.3651456680463725,0.0,from Formicidae (cherry)
TACTTMPManica_Nearctic02,0.44638922694031546,0.3651456680463725,0,from Formicidae (singleton)
TACTTMPManica_Nearctic03,0.44638922694031546,0.3651456680463725,0,from Formicidae (singleton)
TACTTMPManica_Nearctic04,0.44638922694031546,0.3651456680463725,0,from Formicidae (singleton)
TACTTMPManica_Palearctic01,0.44638922694031546,0.3651456680463725,0.0,from Formicidae (cherry)
TACTTMPManica_Palearctic05,0.44638922694031546,0.3651456680463725,0,from Formicidae (singleton)
TACTTMPMayaponera_Neotropical01,0.44638922694031546,0.3651456680463725,0.0,from Formicidae (cherry)
TACTTMPMayaponera_Neotropical02,0.44638922694031546,0.3651456680463725,0,from Formicidae (singleton)
TACTTMPMayaponera_Neotropical03,0.44638922694031546,0.3651456680463725,0,from Formicidae (singleton)
TACTTMPMayaponera_Neotropical04,0.44638922694031546,0.3651456680463725,0.0,from Formicidae (cherry)
TACTTMPMayaponera_Neotropical05,0.44638922694031546,0.3651456680463725,0,from Formicidae (singleton)
TACTTMPMayriella_Australasian02,0.44638922694031546,0.3651456680463725,0.0,from Formicidae (crown capture probability)
TACTTMPMayriella_Palearctic01,0.44638922694031546,0.3651456680463725,0.0,from Formicidae (cherry)
TACTTMPMegalomyrmex_Neotropical01,0.44638922694031546,0.3651456680463725,0.0,from Formicidae (crown capture probability)
TACTTMPMegalomyrmex_Neotropical02,0.44638922694031546,0.3651456680463725,0.0,from Formicidae (crown capture probability)
TACTTMPMelophorus_Australasian01,0.44638922694031546,0.3651456680463725,0.0,from Formicidae (crown capture probability)
TACTTMPMelophorus_Australasian02,0.44638922694031546,0.3651456680463725,0.0,from Formicidae (cherry)
TACTTMPMelophorus_Australasian03,0.44638922694031546,0.3651456680463725,0,from Formicidae (singleton)
TACTTMPMelophorus_Australasian04,0.44638922694031546,0.3651456680463725,0.0,from Formicidae (crown capture probability)
TACTTMPMelophorus_Australasian05,0.44638922694031546,0.3651456680463725,0.0,from Formicidae (crown capture probability)
TACTTMPMelophorus_Australasian06,0.44638922694031546,0.3651456680463725,0.0,from Formicidae (cherry)
TACTTMPMelophorus_Australasian07,0.44638922694031546,0.3651456680463725,0.0,from Formicidae (crown capture probability)
TACTTMPMelophorus_Australasian08,0.44638922694031546,0.3651456680463725,0.0,from Formicidae (crown capture probability)
TACTTMPMelophorus_Australasian09,0.44638922694031546,0.3651456680463725,0.0,from Formicidae (crown capture probability)
TACTTMPMelophorus_Australasian10,0.44638922694031546,0.3651456680463725,0.0,from Formicidae (crown capture probability)
TACTTMPMelophorus_Australasian11,0.44638922694031546,0.3651456680463725,0,from Formicidae (singleton)
TACTTMPMelophorus_Australasian12,0.44638922694031546,0.3651456680463725,0.0,from Formicidae (crown capture probability)
TACTTMPMelophorus_Australasian13,0.44638922694031546,0.3651456680463725,0.0,from Formicidae (crown capture probability)
TACTTMPMelophorus_Australasian14,0.44638922694031546,0.3651456680463725,0.0,from Formicidae (crown capture probability)
TACTTMPMelophorus_Australasian15,0.44638922694031546,0.3651456680463725,0.0,from Formicidae (crown capture probability)
TACTTMPMelophorus_Australasian16,0.44638922694031546,0.3651456680463725,0.0,from Formicidae (crown capture probability)
TACTTMPMelophorus_Australasian17,0.44638922694031546,0.3651456680463725,0.0,from Formicidae (crown capture probability)
TACTTMPMelophorus_Australasian18,0.44638922694031546,0.3651456680463725,0.0,from Formicidae (cherry)
TACTTMPMelophorus_Australasian19,0.44638922694031546,0.3651456680463725,0.0,from Formicidae (crown capture probability)
TACTTMPMelophorus_Australasian20,0.44638922694031546,0.3651456680463725,0.0,from Formicidae (cherry)
TACTTMPMelophorus_Australasian21,0.44638922694031546,0.3651456680463725,0.0,from Formicidae (crown capture probability)
TACTTMPMelophorus_Australasian22,0.44638922694031546,0.3651456680463725,0.0,from Formicidae (crown capture probability)
TACTTMPMelophorus_Australasian23,0.44638922694031546,0.3651456680463725,0,from Formicidae (singleton)
TACTTMPMelophorus_Australasian24,0.44638922694031546,0.3651456680463725,0.0,from Formicidae (crown capture probability)
TACTTMPMeranoplus_Afrotropical03,0.44638922694031546,0.3651456680463725,0.0,from Formicidae (crown capture probability)
TACTTMPMeranoplus_Afrotropical04,0.44638922694031546,0.3651456680463725,0.0,from Formicidae (crown capture probability)
TACTTMPMeranoplus_Afrotropical05,0.44638922694031546,0.3651456680463725,0.0,from Formicidae (crown capture probability)
TACTTMPMeranoplus_Afrotropical06,0.44638922694031546,0.3651456680463725,0.0,from Formicidae (crown capture probability)
TACTTMPMeranoplus_Australasian01,0.44638922694031546,0.3651456680463725,0.0,from Formicidae (crown capture probability)
TACTTMPMeranoplus_Australasian02,0.44638922694031546,0.3651456680463725,0.0,from Formicidae (crown capture probability)
TACTTMPMesoponera_Australasian01,0.44638922694031546,0.3651456680463725,0,from Formicidae (singleton)
TACTTMPMesoponera_Australasian02,0.44638922694031546,0.3651456680463725,0,from Formicidae (singleton)
TACTTMPMesoponera_Indomalayan03,0.44638922694031546,0.3651456680463725,0.0,from Formicidae (cherry)
TACTTMPMesoponera_Indomalayan04,0.44638922694031546,0.3651456680463725,0.0,from Formicidae (cherry)
TACTTMPMesostruma_Australasian01,0.44638922694031546,0.3651456680463725,0.0,from Formicidae (crown capture probability)
TACTTMPMessor_Afrotropical05,0.44638922694031546,0.3651456680463725,0.0,from Formicidae (cherry)
TACTTMPMessor_Afrotropical12,0.44638922694031546,0.3651456680463725,0.0,from Formicidae (crown capture probability)
TACTTMPMessor_Afrotropical21,0.44638922694031546,0.3651456680463725,0.0,from Formicidae (cherry)
TACTTMPMessor_Afrotropical27,0.44638922694031546,0.3651456680463725,0,from Formicidae (singleton)
TACTTMPMessor_Afrotropical30,0.44638922694031546,0.3651456680463725,0,from Formicidae (singleton)
TACTTMPMessor_Afrotropical31,0.44638922694031546,0.3651456680463725,0,from Formicidae (singleton)
TACTTMPMessor_Afrotropical32,0.44638922694031546,0.3651456680463725,0,from Formicidae (singleton)
TACTTMPMessor_Afrotropical33,0.44638922694031546,0.3651456680463725,0,from Formicidae (singleton)
TACTTMPMessor_Afrotropical34,0.44638922694031546,0.3651456680463725,0.0,from Formicidae (cherry)
TACTTMPMessor_Indomalayan06,0.44638922694031546,0.3651456680463725,0,from Formicidae (singleton)
TACTTMPMessor_Indomalayan42,0.44638922694031546,0.3651456680463725,0,from Formicidae (singleton)
TACTTMPMessor_Palearctic01,0.44638922694031546,0.3651456680463725,0,from Formicidae (singleton)
TACTTMPMessor_Palearctic02,0.44638922694031546,0.3651456680463725,0.0,from Formicidae (crown capture probability)
TACTTMPMessor_Palearctic03,0.44638922694031546,0.3651456680463725,0.0,from Formicidae (cherry)
TACTTMPMessor_Palearctic04,0.44638922694031546,0.3651456680463725,0.0,from Formicidae (crown capture probability)
TACTTMPMessor_Palearctic07,0.44638922694031546,0.3651456680463725,0.0,from Formicidae (crown capture probability)
TACTTMPMessor_Palearctic08,0.44638922694031546,0.3651456680463725,0.0,from Formicidae (cherry)
TACTTMPMessor_Palearctic09,0.44638922694031546,0.3651456680463725,0.0,from Formicidae (crown capture probability)
TACTTMPMessor_Palearctic10,0.44638922694031546,0.3651456680463725,0.0,from Formicidae (crown capture probability)
TACTTMPMessor_Palearctic11,0.44638922694031546,0.3651456680463725,0.0,from Formicidae (cherry)
TACTTMPMessor_Palearctic13,0.44638922694031546,0.3651456680463725,0,from Formicidae (singleton)
TACTTMPMessor_Palearctic14,0.44638922694031546,0.3651456680463725,0.0,from Formicidae (crown capture probability)
TACTTMPMessor_Palearctic15,0.44638922694031546,0.3651456680463725,0.0,from Formicidae (cherry)
TACTTMPMessor_Palearctic16,0.44638922694031546,0.3651456680463725,0.0,from Formicidae (cherry)
TACTTMPMessor_Palearctic17,0.44638922694031546,0.3651456680463725,0.0,from Formicidae (crown capture probability)
TACTTMPMessor_Palearctic18,0.44638922694031546,0.3651456680463725,0.0,from Formicidae (crown capture probability)
TACTTMPMessor_Palearctic19,0.44638922694031546,0.3651456680463725,0,from Formicidae (singleton)
TACTTMPMessor_Palearctic20,0.44638922694031546,0.3651456680463725,0.0,from Formicidae (crown capture probability)
TACTTMPMessor_Palearctic22,0.44638922694031546,0.3651456680463725,0,from Formicidae (singleton)
TACTTMPMessor_Palearctic23,0.44638922694031546,0.3651456680463725,0.0,from Formicidae (crown capture probability)
TACTTMPMessor_Palearctic24,0.44638922694031546,0.3651456680463725,0,from Formicidae (singleton)
TACTTMPMessor_Palearctic25,0.44638922694031546,0.3651456680463725,0.0,from Formicidae (cherry)
TACTTMPMessor_Palearctic26,0.44638922694031546,0.3651456680463725,0.0,from Formicidae (cherry)
TACTTMPMessor_Palearctic28,0.44638922694031546,0.3651456680463725,0.0,from Formicidae (crown capture probability)
TACTTMPMessor_Palearctic29,0.44638922694031546,0.3651456680463725,0.0,from Formicidae (crown capture probability)
TACTTMPMessor_Palearctic35,0.44638922694031546,0.3651456680463725,0.0,from Formicidae (cherry)
TACTTMPMessor_Palearctic36,0.44638922694031546,0.3651456680463725,0.0,from Formicidae (crown capture probability)
TACTTMPMessor_Palearctic37,0.44638922694031546,0.3651456680463725,0.0,from Formicidae (crown capture probability)
TACTTMPMessor_Palearctic38,0.44638922694031546,0.3651456680463725,0.0,from Formicidae (crown capture probability)
TACTTMPMessor_Palearctic39,0.44638922694031546,0.3651456680463725,0.0,from Formicidae (crown capture probability)
TACTTMPMessor_Palearctic40,0.44638922694031546,0.3651456680463725,0.0,from Formicidae (crown capture probability)
TACTTMPMessor_Palearctic41,0.44638922694031546,0.3651456680463725,0.0,from Formicidae (crown capture probability)
TACTTMPMessor_Palearctic43,0.44638922694031546,0.3651456680463725,0.0,from Formicidae (crown capture probability)
TACTTMPMessor_Palearctic44,0.44638922694031546,0.3651456680463725,0.0,from Formicidae (cherry)
TACTTMPMessor_Palearctic45,0.44638922694031546,0.3651456680463725,0.0,from Formicidae (crown capture probability)
TACTTMPMessor_Palearctic46,0.44638922694031546,0.3651456680463725,0.0,from Formicidae (crown capture probability)
TACTTMPMessor_Palearctic47,0.44638922694031546,0.3651456680463725,0.0,from Formicidae (cherry)
TACTTMPMessor_Palearctic48,0.44638922694031546,0.3651456680463725,0.0,from Formicidae (crown capture probability)
TACTTMPMessor_Palearctic49,0.44638922694031546,0.3651456680463725,0.0,from Formicidae (crown capture probability)
TACTTMPMetapone_Afrotropical01,0.44638922694031546,0.3651456680463725,0.0,from Formicidae (crown capture probability)
TACTTMPMetapone_Afrotropical02,0.44638922694031546,0.3651456680463725,0.0,from Formicidae (crown capture probability)
TACTTMPMicrodaceton_Afrotropical01,0.44638922694031546,0.3651456680463725,0.0,from Formicidae (crown capture probability)
TACTTMPMonomorium_Afrotropical01,0.44638922694031546,0.3651456680463725,0.0,from Formicidae (crown capture probability)
TACTTMPMonomorium_Afrotropical02,0.44638922694031546,0.3651456680463725,0.0,from Formicidae (crown capture probability)
TACTTMPMonomorium_Afrotropical03,0.44638922694031546,0.3651456680463725,0.0,from Formicidae (crown capture probability)
TACTTMPMonomorium_Afrotropical04,0.44638922694031546,0.3651456680463725,0.0,from Formicidae (crown capture probability)
TACTTMPMonomorium_Afrotropical05,0.44638922694031546,0.3651456680463725,0.0,from Formicidae (crown capture probability)
TACTTMPMonomorium_Afrotropical06,0.44638922694031546,0.3651456680463725,0.0,from Formicidae (crown capture probability)
TACTTMPMonomorium_Afrotropical07,0.44638922694031546,0.3651456680463725,0.0,from Formicidae (crown capture probability)
TACTTMPMonomorium_Afrotropical08,0.44638922694031546,0.3651456680463725,0.0,from Formicidae (crown capture probability)
TACTTMPMonomorium_Afrotropical09,0.44638922694031546,0.3651456680463725,0.0,from Formicidae (crown capture probability)
TACTTMPMonomorium_Afrotropical11,0.44638922694031546,0.3651456680463725,0.0,from Formicidae (crown capture probability)
TACTTMPMonomorium_Afrotropical12,0.44638922694031546,0.3651456680463725,0.0,from Formicidae (crown capture probability)
TACTTMPMonomorium_Afrotropical13,0.44638922694031546,0.3651456680463725,0.0,from Formicidae (crown capture probability)
TACTTMPMonomorium_Afrotropical24,0.44638922694031546,0.3651456680463725,0.0,from Formicidae (crown capture probability)
TACTTMPMonomorium_Afrotropical26,0.44638922694031546,0.3651456680463725,0.0,from Formicidae (crown capture probability)
TACTTMPMonomorium_Afrotropical29,0.44638922694031546,0.3651456680463725,0.0,from Formicidae (crown capture probability)
TACTTMPMonomorium_Afrotropical30,0.44638922694031546,0.3651456680463725,0.0,from Formicidae (crown capture probability)
TACTTMPMonomorium_Australasian14,0.44638922694031546,0.3651456680463725,0.0,from Formicidae (crown capture probability)
TACTTMPMonomorium_Australasian15,0.44638922694031546,0.3651456680463725,0.0,from Formicidae (crown capture probability)
TACTTMPMonomorium_Australasian16,0.44638922694031546,0.3651456680463725,0.0,from Formicidae (crown capture probability)
TACTTMPMonomorium_Australasian17,0.44638922694031546,0.3651456680463725,0.0,from Formicidae (crown capture probability)
TACTTMPMonomorium_Australasian18,0.44638922694031546,0.3651456680463725,0.0,from Formicidae (crown capture probability)
TACTTMPMonomorium_Australasian19,0.44638922694031546,0.3651456680463725,0.0,from Formicidae (crown capture probability)
TACTTMPMonomorium_Australasian20,0.44638922694031546,0.3651456680463725,0.0,from Formicidae (crown capture probability)
TACTTMPMonomorium_Australasian21,0.44638922694031546,0.3651456680463725,0.0,from Formicidae (crown capture probability)
TACTTMPMonomorium_Indomalayan27,0.44638922694031546,0.3651456680463725,0.0,from Formicidae (crown capture probability)
TACTTMPMonomorium_Nearctic28,0.44638922694031546,0.3651456680463725,0.0,from Formicidae (crown capture probability)
TACTTMPMonomorium_Neotropical22,0.44638922694031546,0.3651456680463725,0.0,from Formicidae (crown capture probability)
TACTTMPMonomorium_Palearctic10,0.44638922694031546,0.3651456680463725,0.0,from Formicidae (crown capture probability)
TACTTMPMonomorium_Palearctic23,0.44638922694031546,0.3651456680463725,0.0,from Formicidae (crown capture probability)
TACTTMPMonomorium_Palearctic25,0.44638922694031546,0.3651456680463725,0.0,from Formicidae (crown capture probability)
TACTTMPMycetagroicus_Neotropical01,0.44638922694031546,0.3651456680463725,0.0,from Formicidae (cherry)
TACTTMPMycetagroicus_Neotropical02,0.44638922694031546,0.3651456680463725,0,from Formicidae (singleton)
TACTTMPMycetagroicus_Neotropical03,0.44638922694031546,0.3651456680463725,0,from Formicidae (singleton)
TACTTMPMycetarotes_Neotropical01,0.44638922694031546,0.3651456680463725,0,from Formicidae (singleton)
TACTTMPMycetarotes_Neotropical02,0.44638922694031546,0.3651456680463725,0.0,from Formicidae (crown capture probability)
TACTTMPMycetomoellerius_Neotropical01,0.44638922694031546,0.3651456680463725,0.0,from Formicidae (crown capture probability)
TACTTMPMycetomoellerius_Neotropical02,0.44638922694031546,0.3651456680463725,0.0,from Formicidae (crown capture probability)
TACTTMPMycetomoellerius_Neotropical03,0.44638922694031546,0.3651456680463725,0.0,from Formicidae (cherry)
TACTTMPMycetomoellerius_Neotropical04,0.44638922694031546,0.3651456680463725,0.0,from Formicidae (crown capture probability)
TACTTMPMycetomoellerius_Neotropical05,0.44638922694031546,0.3651456680463725,0.0,from Formicidae (crown capture probability)
TACTTMPMycetomoellerius_Neotropical06,0.44638922694031546,0.3651456680463725,0.0,from Formicidae (crown capture probability)
TACTTMPMycetomoellerius_Neotropical07,0.44638922694031546,0.3651456680463725,0.0,from Formicidae (crown capture probability)
TACTTMPMycetophylax_Neotropical01,0.44638922694031546,0.3651456680463725,0,from Formicidae (singleton)
TACTTMPMycetophylax_Neotropical02,0.44638922694031546,0.3651456680463725,0.0,from Formicidae (cherry)
TACTTMPMycetophylax_Neotropical03,0.44638922694031546,0.3651456680463725,0.0,from Formicidae (crown capture probability)
TACTTMPMycetophylax_Neotropical04,0.44638922694031546,0.3651456680463725,0.0,from Formicidae (crown capture probability)
TACTTMPMycetophylax_Neotropical05,0.44638922694031546,0.3651456680463725,0.0,from Formicidae (cherry)
TACTTMPMycetophylax_Neotropical06,0.44638922694031546,0.3651456680463725,0.0,from Formicidae (cherry)
TACTTMPMycetophylax_Neotropical07,0.44638922694031546,0.3651456680463725,0.0,from Formicidae (cherry)
TACTTMPMycetophylax_Neotropical08,0.44638922694031546,0.3651456680463725,0.0,from Formicidae (crown capture probability)
TACTTMPMycetosoritis_Nearctic01,0.44638922694031546,0.3651456680463725,0.0,from Formicidae (cherry)
TACTTMPMycocepurus_Neotropical01,0.44638922694031546,0.3651456680463725,0.0,from Formicidae (cherry)
TACTTMPMycocepurus_Neotropical02,0.44638922694031546,0.3651456680463725,0.0,from Formicidae (crown capture probability)
TACTTMPMycocepurus_Neotropical03,0.44638922694031546,0.3651456680463725,0,from Formicidae (singleton)
TACTTMPMyopias_Australasian02,0.44638922694031546,0.3651456680463725,0.0,from Formicidae (cherry)
TACTTMPMyopias_Australasian03,0.44638922694031546,0.3651456680463725,0.0,from Formicidae (crown capture probability)
TACTTMPMyopias_Australasian04,0.44638922694031546,0.3651456680463725,0.0,from Formicidae (crown capture probability)
TACTTMPMyopias_Australasian06,0.44638922694031546,0.3651456680463725,0.0,from Formicidae (crown capture probability)
TACTTMPMyopias_Australasian08,0.44638922694031546,0.3651456680463725,0.0,from Formicidae (crown capture probability)
TACTTMPMyopias_Indomalayan01,0.44638922694031546,0.3651456680463725,0.0,from Formicidae (crown capture probability)
TACTTMPMyopias_Indomalayan05,0.44638922694031546,0.3651456680463725,0.0,from Formicidae (crown capture probability)
TACTTMPMyopias_Indomalayan07,0.44638922694031546,0.3651456680463725,0.0,from Formicidae (crown capture probability)
TACTTMPMyopias_Palearctic09,0.44638922694031546,0.3651456680463725,0.0,from Formicidae (crown capture probability)
TACTTMPMyrmecia_Australasian01,0.44638922694031546,0.3651456680463725,0,from Formicidae (singleton)
TACTTMPMyrmecia_Australasian02,0.44638922694031546,0.3651456680463725,0,from Formicidae (singleton)
TACTTMPMyrmecia_Australasian03,0.44638922694031546,0.3651456680463725,0,from Formicidae (singleton)
TACTTMPMyrmecia_Australasian04,0.44638922694031546,0.3651456680463725,0.0,from Formicidae (cherry)
TACTTMPMyrmecia_Australasian05,0.44638922694031546,0.3651456680463725,0,from Formicidae (singleton)
TACTTMPMyrmecia_Australasian06,0.44638922694031546,0.3651456680463725,0,from Formicidae (singleton)
TACTTMPMyrmecia_Australasian07,0.44638922694031546,0.3651456680463725,0,from Formicidae (singleton)
TACTTMPMyrmecia_Australasian08,0.44638922694031546,0.3651456680463725,0,from Formicidae (singleton)
TACTTMPMyrmecia_Australasian09,0.44638922694031546,0.3651456680463725,0,from Formicidae (singleton)
TACTTMPMyrmecia_Australasian10,0.44638922694031546,0.3651456680463725,0,from Formicidae (singleton)
TACTTMPMyrmecia_Australasian11,0.44638922694031546,0.3651456680463725,0,from Formicidae (singleton)
TACTTMPMyrmecia_Australasian12,0.44638922694031546,0.3651456680463725,0.0,from Formicidae (cherry)
TACTTMPMyrmecia_Australasian13,0.44638922694031546,0.3651456680463725,0,from Formicidae (singleton)
TACTTMPMyrmecia_Australasian14,0.44638922694031546,0.3651456680463725,0,from Formicidae (singleton)
TACTTMPMyrmecia_Australasian15,0.44638922694031546,0.3651456680463725,0,from Formicidae (singleton)
TACTTMPMyrmecia_Australasian16,0.44638922694031546,0.3651456680463725,0,from Formicidae (singleton)
TACTTMPMyrmecia_Australasian17,0.44638922694031546,0.3651456680463725,0,from Formicidae (singleton)
TACTTMPMyrmecia_Australasian18,0.44638922694031546,0.3651456680463725,0,from Formicidae (singleton)
TACTTMPMyrmecia_Australasian19,0.44638922694031546,0.3651456680463725,0,from Formicidae (singleton)
TACTTMPMyrmecia_Australasian20,0.44638922694031546,0.3651456680463725,0,from Formicidae (singleton)
TACTTMPMyrmecia_Australasian21,0.44638922694031546,0.3651456680463725,0.0,from Formicidae (crown capture probability)
TACTTMPMyrmecia_Australasian22,0.44638922694031546,0.3651456680463725,0,from Formicidae (singleton)
TACTTMPMyrmecia_Australasian23,0.44638922694031546,0.3651456680463725,0,from Formicidae (singleton)
TACTTMPMyrmecia_Australasian24,0.44638922694031546,0.3651456680463725,0.0,from Formicidae (cherry)
TACTTMPMyrmecia_Australasian25,0.44638922694031546,0.3651456680463725,0.0,from Formicidae (cherry)
TACTTMPMyrmecia_Australasian26,0.44638922694031546,0.3651456680463725,0,from Formicidae (singleton)
TACTTMPMyrmecia_Australasian27,0.44638922694031546,0.3651456680463725,0,from Formicidae (singleton)
TACTTMPMyrmecia_Australasian28,0.44638922694031546,0.3651456680463725,0.0,from Formicidae (cherry)
TACTTMPMyrmecia_Australasian29,0.44638922694031546,0.3651456680463725,0,from Formicidae (singleton)
TACTTMPMyrmecia_Australasian30,0.44638922694031546,0.3651456680463725,0,from Formicidae (singleton)
TACTTMPMyrmecia_Australasian31,0.44638922694031546,0.3651456680463725,0,from Formicidae (singleton)
TACTTMPMyrmecia_Australasian32,0.44638922694031546,0.3651456680463725,0,from Formicidae (singleton)
TACTTMPMyrmecia_Australasian33,0.44638922694031546,0.3651456680463725,0.0,from Formicidae (cherry)
TACTTMPMyrmecia_Australasian34,0.44638922694031546,0.3651456680463725,0.0,from Formicidae (cherry)
TACTTMPMyrmecia_Australasian35,0.44638922694031546,0.3651456680463725,0,from Formicidae (singleton)
TACTTMPMyrmecia_Australasian36,0.44638922694031546,0.3651456680463725,0,from Formicidae (singleton)
TACTTMPMyrmecia_Australasian37,0.44638922694031546,0.3651456680463725,0,from Formicidae (singleton)
TACTTMPMyrmecia_Australasian38,0.44638922694031546,0.3651456680463725,0,from Formicidae (singleton)
TACTTMPMyrmecia_Australasian39,0.44638922694031546,0.3651456680463725,0.0,from Formicidae (cherry)
TACTTMPMyrmecia_Australasian40,0.44638922694031546,0.3651456680463725,0,from Formicidae (singleton)
TACTTMPMyrmecia_Australasian41,0.44638922694031546,0.3651456680463725,0,from Formicidae (singleton)
TACTTMPMyrmecia_Australasian42,0.44638922694031546,0.3651456680463725,0,from Formicidae (singleton)
TACTTMPMyrmecia_Australasian43,0.44638922694031546,0.3651456680463725,0,from Formicidae (singleton)
TACTTMPMyrmecia_Australasian44,0.44638922694031546,0.3651456680463725,0,from Formicidae (singleton)
TACTTMPMyrmecia_Australasian45,0.44638922694031546,0.3651456680463725,0,from Formicidae (singleton)
TACTTMPMyrmecia_Australasian46,0.44638922694031546,0.3651456680463725,0,from Formicidae (singleton)
TACTTMPMyrmecia_Australasian47,0.44638922694031546,0.3651456680463725,0.0,from Formicidae (cherry)
TACTTMPMyrmecia_Australasian48,0.44638922694031546,0.3651456680463725,0,from Formicidae (singleton)
TACTTMPMyrmecia_Australasian49,0.44638922694031546,0.3651456680463725,0,from Formicidae (singleton)
TACTTMPMyrmecia_Australasian50,0.44638922694031546,0.3651456680463725,0.0,from Formicidae (crown capture probability)
TACTTMPMyrmecia_Australasian51,0.44638922694031546,0.3651456680463725,0.0,from Formicidae (cherry)
TACTTMPMyrmecia_Australasian52,0.44638922694031546,0.3651456680463725,0,from Formicidae (singleton)
TACTTMPMyrmecia_Australasian53,0.44638922694031546,0.3651456680463725,0,from Formicidae (singleton)
TACTTMPMyrmecia_Australasian54,0.44638922694031546,0.3651456680463725,0.0,from Formicidae (cherry)
TACTTMPMyrmecia_Australasian55,0.44638922694031546,0.3651456680463725,0.0,from Formicidae (cherry)
TACTTMPMyrmecia_Australasian56,0.44638922694031546,0.3651456680463725,0,from Formicidae (singleton)
TACTTMPMyrmecia_Australasian57,0.44638922694031546,0.3651456680463725,0,from Formicidae (singleton)
TACTTMPMyrmecia_Australasian58,0.44638922694031546,0.3651456680463725,0.0,from Formicidae (cherry)
TACTTMPMyrmecia_Australasian59,0.44638922694031546,0.3651456680463725,0.0,from Formicidae (crown capture probability)
TACTTMPMyrmecia_Australasian60,0.44638922694031546,0.3651456680463725,0,from Formicidae (singleton)
TACTTMPMyrmecia_Australasian61,0.44638922694031546,0.3651456680463725,0,from Formicidae (singleton)
TACTTMPMyrmecia_Australasian62,0.44638922694031546,0.3651456680463725,0,from Formicidae (singleton)
TACTTMPMyrmecia_Australasian63,0.44638922694031546,0.3651456680463725,0,from Formicidae (singleton)
TACTTMPMyrmecia_Australasian64,0.44638922694031546,0.3651456680463725,0,from Formicidae (singleton)
TACTTMPMyrmecia_Australasian65,0.44638922694031546,0.3651456680463725,0,from Formicidae (singleton)
TACTTMPMyrmecia_Australasian66,0.44638922694031546,0.3651456680463725,0,from Formicidae (singleton)
TACTTMPMyrmecia_Australasian67,0.44638922694031546,0.3651456680463725,0,from Formicidae (singleton)
TACTTMPMyrmecia_Australasian68,0.44638922694031546,0.3651456680463725,0.0,from Formicidae (cherry)
TACTTMPMyrmecia_Australasian69,0.44638922694031546,0.3651456680463725,0,from Formicidae (singleton)
TACTTMPMyrmecia_Australasian70,0.44638922694031546,0.3651456680463725,0,from Formicidae (singleton)
TACTTMPMyrmecia_Australasian71,0.44638922694031546,0.3651456680463725,0,from Formicidae (singleton)
TACTTMPMyrmecia_Australasian72,0.44638922694031546,0.3651456680463725,0,from Formicidae (singleton)
TACTTMPMyrmecia_Australasian73,0.44638922694031546,0.3651456680463725,0,from Formicidae (singleton)
TACTTMPMyrmecina_Indomalayan03,0.44638922694031546,0.3651456680463725,0.0,from Formicidae (crown capture probability)
TACTTMPMyrmecina_Nearctic02,0.44638922694031546,0.3651456680463725,0.0,from Formicidae (crown capture probability)
TACTTMPMyrmecina_Palearctic01,0.44638922694031546,0.3651456680463725,0.0,from Formicidae (crown capture probability)
TACTTMPMyrmecocystus_Nearctic01,0.44638922694031546,0.3651456680463725,0.0,from Formicidae (cherry)
TACTTMPMyrmecocystus_Nearctic02,0.44638922694031546,0.3651456680463725,0,from Formicidae (singleton)
TACTTMPMyrmecocystus_Nearctic03,0.44638922694031546,0.3651456680463725,0.0,from Formicidae (cherry)
TACTTMPMyrmecocystus_Nearctic05,0.44638922694031546,0.3651456680463725,0,from Formicidae (singleton)
TACTTMPMyrmecocystus_Nearctic06,0.44638922694031546,0.3651456680463725,0,from Formicidae (singleton)
TACTTMPMyrmecocystus_Nearctic08,0.44638922694031546,0.3651456680463725,0,from Formicidae (singleton)
TACTTMPMyrmecocystus_Nearctic09,0.44638922694031546,0.3651456680463725,0,from Formicidae (singleton)
TACTTMPMyrmecocystus_Nearctic10,0.44638922694031546,0.3651456680463725,0,from Formicidae (singleton)
TACTTMPMyrmecocystus_Nearctic11,0.44638922694031546,0.3651456680463725,0,from Formicidae (singleton)
TACTTMPMyrmecocystus_Nearctic15,0.44638922694031546,0.3651456680463725,0,from Formicidae (singleton)
TACTTMPMyrmecocystus_Nearctic16,0.44638922694031546,0.3651456680463725,0,from Formicidae (singleton)
TACTTMPMyrmecocystus_Nearctic17,0.44638922694031546,0.3651456680463725,0,from Formicidae (singleton)
TACTTMPMyrmecocystus_Nearctic18,0.44638922694031546,0.3651456680463725,0,from Formicidae (singleton)
TACTTMPMyrmecocystus_Nearctic19,0.44638922694031546,0.3651456680463725,0,from Formicidae (singleton)
TACTTMPMyrmecocystus_Nearctic20,0.44638922694031546,0.3651456680463725,0,from Formicidae (singleton)
TACTTMPMyrmecocystus_Nearctic21,0.44638922694031546,0.3651456680463725,0,from Formicidae (singleton)
TACTTMPMyrmecocystus_Nearctic22,0.44638922694031546,0.3651456680463725,0.0,from Formicidae (cherry)
TACTTMPMyrmecocystus_Nearctic24,0.44638922694031546,0.3651456680463725,0,from Formicidae (singleton)
TACTTMPMyrmecocystus_Neotropical04,0.44638922694031546,0.3651456680463725,0.0,from Formicidae (cherry)
TACTTMPMyrmecocystus_Neotropical07,0.44638922694031546,0.3651456680463725,0.0,from Formicidae (crown capture probability)
TACTTMPMyrmecocystus_Neotropical12,0.44638922694031546,0.3651456680463725,0,from Formicidae (singleton)
TACTTMPMyrmecocystus_Neotropical13,0.44638922694031546,0.3651456680463725,0.0,from Formicidae (cherry)
TACTTMPMyrmecocystus_Neotropical14,0.44638922694031546,0.3651456680463725,0,from Formicidae (singleton)
TACTTMPMyrmecocystus_Neotropical23,0.44638922694031546,0.3651456680463725,0,from Formicidae (singleton)
TACTTMPMyrmecorhynchus_Australasian01,0.44638922694031546,0.3651456680463725,0.0,from Formicidae (crown capture probability)
TACTTMPMyrmelachista_Neotropical01,0.44638922694031546,0.3651456680463725,0.0,from Formicidae (crown capture probability)
TACTTMPMyrmelachista_Neotropical02,0.44638922694031546,0.3651456680463725,0,from Formicidae (singleton)
TACTTMPMyrmelachista_Neotropical03,0.44638922694031546,0.3651456680463725,0,from Formicidae (singleton)
TACTTMPMyrmelachista_Neotropical04,0.44638922694031546,0.3651456680463725,0.0,from Formicidae (crown capture probability)
TACTTMPMyrmelachista_Neotropical05,0.44638922694031546,0.3651456680463725,0.0,from Formicidae (crown capture probability)
TACTTMPMyrmelachista_Neotropical06,0.44638922694031546,0.3651456680463725,0,from Formicidae (singleton)
TACTTMPMyrmelachista_Neotropical07,0.44638922694031546,0.3651456680463725,0.0,from Formicidae (crown capture probability)
TACTTMPMyrmelachista_Neotropical08,0.44638922694031546,0.3651456680463725,0,from Formicidae (singleton)
TACTTMPMyrmelachista_Neotropical09,0.44638922694031546,0.3651456680463725,0.0,from Formicidae (cherry)
TACTTMPMyrmelachista_Neotropical10,0.44638922694031546,0.3651456680463725,0,from Formicidae (singleton)
TACTTMPMyrmelachista_Neotropical11,0.44638922694031546,0.3651456680463725,0.0,from Formicidae (cherry)
TACTTMPMyrmelachista_Neotropical12,0.44638922694031546,0.3651456680463725,0.0,from Formicidae (cherry)
TACTTMPMyrmelachista_Neotropical13,0.44638922694031546,0.3651456680463725,0.0,from Formicidae (crown capture probability)
TACTTMPMyrmelachista_Neotropical14,0.44638922694031546,0.3651456680463725,0.0,from Formicidae (cherry)
TACTTMPMyrmelachista_Neotropical15,0.44638922694031546,0.3651456680463725,0.0,from Formicidae (cherry)
TACTTMPMyrmelachista_Neotropical16,0.44638922694031546,0.3651456680463725,0.0,from Formicidae (cherry)
TACTTMPMyrmelachista_Neotropical17,0.44638922694031546,0.3651456680463725,0.0,from Formicidae (cherry)
TACTTMPMyrmelachista_Neotropical18,0.44638922694031546,0.3651456680463725,0.0,from Formicidae (cherry)
TACTTMPMyrmelachista_Neotropical19,0.44638922694031546,0.3651456680463725,0.0,from Formicidae (crown capture probability)
TACTTMPMyrmelachista_Neotropical20,0.44638922694031546,0.3651456680463725,0,from Formicidae (singleton)
TACTTMPMyrmelachista_Neotropical21,0.44638922694031546,0.3651456680463725,0.0,from Formicidae (crown capture probability)
TACTTMPMyrmelachista_Neotropical22,0.44638922694031546,0.3651456680463725,0.0,from Formicidae (crown capture probability)
TACTTMPMyrmelachista_Neotropical23,0.44638922694031546,0.3651456680463725,0.0,from Formicidae (crown capture probability)
TACTTMPMyrmelachista_Neotropical24,0.44638922694031546,0.3651456680463725,0,from Formicidae (singleton)
TACTTMPMyrmica_Indomalayan60,0.44638922694031546,0.3651456680463725,0.0,from Formicidae (crown capture probability)
TACTTMPMyrmica_Indomalayan64,0.44638922694031546,0.3651456680463725,0.0,from Formicidae (crown capture probability)
TACTTMPMyrmica_Indomalayan66,0.44638922694031546,0.3651456680463725,0.0,from Formicidae (crown capture probability)
TACTTMPMyrmica_Indomalayan67,0.44638922694031546,0.3651456680463725,0.0,from Formicidae (crown capture probability)
TACTTMPMyrmica_Nearctic01,0.44638922694031546,0.3651456680463725,0.0,from Formicidae (crown capture probability)
TACTTMPMyrmica_Nearctic02,0.44638922694031546,0.3651456680463725,0.0,from Formicidae (cherry)
TACTTMPMyrmica_Nearctic23,0.44638922694031546,0.3651456680463725,0,from Formicidae (singleton)
TACTTMPMyrmica_Nearctic24,0.44638922694031546,0.3651456680463725,0.0,from Formicidae (crown capture probability)
TACTTMPMyrmica_Nearctic25,0.44638922694031546,0.3651456680463725,0.0,from Formicidae (cherry)
TACTTMPMyrmica_Nearctic26,0.44638922694031546,0.3651456680463725,0,from Formicidae (singleton)
TACTTMPMyrmica_Nearctic27,0.44638922694031546,0.3651456680463725,0,from Formicidae (singleton)
TACTTMPMyrmica_Nearctic28,0.44638922694031546,0.3651456680463725,0,from Formicidae (singleton)
TACTTMPMyrmica_Nearctic29,0.44638922694031546,0.3651456680463725,0,from Formicidae (singleton)
TACTTMPMyrmica_Nearctic30,0.44638922694031546,0.3651456680463725,0.0,from Formicidae (crown capture probability)
TACTTMPMyrmica_Nearctic31,0.44638922694031546,0.3651456680463725,0,from Formicidae (singleton)
TACTTMPMyrmica_Nearctic32,0.44638922694031546,0.3651456680463725,0,from Formicidae (singleton)
TACTTMPMyrmica_Nearctic34,0.44638922694031546,0.3651456680463725,0,from Formicidae (singleton)
TACTTMPMyrmica_Nearctic35,0.44638922694031546,0.3651456680463725,0.0,from Formicidae (crown capture probability)
TACTTMPMyrmica_Nearctic36,0.44638922694031546,0.3651456680463725,0,from Formicidae (singleton)
TACTTMPMyrmica_Nearctic51,0.44638922694031546,0.3651456680463725,0.0,from Formicidae (cherry)
TACTTMPMyrmica_Nearctic53,0.44638922694031546,0.3651456680463725,0.0,from Formicidae (cherry)
TACTTMPMyrmica_Nearctic54,0.44638922694031546,0.3651456680463725,0.0,from Formicidae (cherry)
TACTTMPMyrmica_Nearctic55,0.44638922694031546,0.3651456680463725,0,from Formicidae (singleton)
TACTTMPMyrmica_Nearctic56,0.44638922694031546,0.3651456680463725,0.0,from Formicidae (cherry)
TACTTMPMyrmica_Nearctic73,0.44638922694031546,0.3651456680463725,0.0,from Formicidae (cherry)
TACTTMPMyrmica_Neotropical33,0.44638922694031546,0.3651456680463725,0.0,from Formicidae (cherry)
TACTTMPMyrmica_Palearctic03,0.44638922694031546,0.3651456680463725,0.0,from Formicidae (crown capture probability)
TACTTMPMyrmica_Palearctic04,0.44638922694031546,0.3651456680463725,0.0,from Formicidae (crown capture probability)
TACTTMPMyrmica_Palearctic05,0.44638922694031546,0.3651456680463725,0.0,from Formicidae (cherry)
TACTTMPMyrmica_Palearctic06,0.44638922694031546,0.3651456680463725,0.0,from Formicidae (crown capture probability)
TACTTMPMyrmica_Palearctic07,0.44638922694031546,0.3651456680463725,0.0,from Formicidae (crown capture probability)
TACTTMPMyrmica_Palearctic08,0.44638922694031546,0.3651456680463725,0.0,from Formicidae (crown capture probability)
TACTTMPMyrmica_Palearctic09,0.44638922694031546,0.3651456680463725,0.0,from Formicidae (crown capture probability)
TACTTMPMyrmica_Palearctic10,0.44638922694031546,0.3651456680463725,0.0,from Formicidae (cherry)
TACTTMPMyrmica_Palearctic11,0.44638922694031546,0.3651456680463725,0.0,from Formicidae (crown capture probability)
TACTTMPMyrmica_Palearctic12,0.44638922694031546,0.3651456680463725,0.0,from Formicidae (cherry)
TACTTMPMyrmica_Palearctic13,0.44638922694031546,0.3651456680463725,0.0,from Formicidae (cherry)
TACTTMPMyrmica_Palearctic14,0.44638922694031546,0.3651456680463725,0.0,from Formicidae (crown capture probability)
TACTTMPMyrmica_Palearctic15,0.44638922694031546,0.3651456680463725,0.0,from Formicidae (cherry)
TACTTMPMyrmica_Palearctic16,0.44638922694031546,0.3651456680463725,0.0,from Formicidae (crown capture probability)
TACTTMPMyrmica_Palearctic17,0.44638922694031546,0.3651456680463725,0,from Formicidae (singleton)
TACTTMPMyrmica_Palearctic18,0.44638922694031546,0.3651456680463725,0.0,from Formicidae (cherry)
TACTTMPMyrmica_Palearctic19,0.44638922694031546,0.3651456680463725,0.0,from Formicidae (crown capture probability)
TACTTMPMyrmica_Palearctic20,0.44638922694031546,0.3651456680463725,0.0,from Formicidae (cherry)
TACTTMPMyrmica_Palearctic22,0.44638922694031546,0.3651456680463725,0.0,from Formicidae (crown capture probability)
TACTTMPMyrmica_Palearctic37,0.44638922694031546,0.3651456680463725,0.0,from Formicidae (crown capture probability)
TACTTMPMyrmica_Palearctic38,0.44638922694031546,0.3651456680463725,0,from Formicidae (singleton)
TACTTMPMyrmica_Palearctic39,0.44638922694031546,0.3651456680463725,0.0,from Formicidae (cherry)
TACTTMPMyrmica_Palearctic40,0.44638922694031546,0.3651456680463725,0.0,from Formicidae (crown capture probability)
TACTTMPMyrmica_Palearctic41,0.44638922694031546,0.3651456680463725,0.0,from Formicidae (crown capture probability)
TACTTMPMyrmica_Palearctic42,0.44638922694031546,0.3651456680463725,0.0,from Formicidae (crown capture probability)
TACTTMPMyrmica_Palearctic43,0.44638922694031546,0.3651456680463725,0.0,from Formicidae (crown capture probability)
TACTTMPMyrmica_Palearctic44,0.44638922694031546,0.3651456680463725,0.0,from Formicidae (crown capture probability)
TACTTMPMyrmica_Palearctic45,0.44638922694031546,0.3651456680463725,0.0,from Formicidae (cherry)
TACTTMPMyrmica_Palearctic46,0.44638922694031546,0.3651456680463725,0.0,from Formicidae (cherry)
TACTTMPMyrmica_Palearctic47,0.44638922694031546,0.3651456680463725,0.0,from Formicidae (cherry)
TACTTMPMyrmica_Palearctic48,0.44638922694031546,0.3651456680463725,0.0,from Formicidae (cherry)
TACTTMPMyrmica_Palearctic49,0.44638922694031546,0.3651456680463725,0.0,from Formicidae (crown capture probability)
TACTTMPMyrmica_Palearctic50,0.44638922694031546,0.3651456680463725,0.0,from Formicidae (crown capture probability)
TACTTMPMyrmica_Palearctic52,0.44638922694031546,0.3651456680463725,0,from Formicidae (singleton)
TACTTMPMyrmica_Palearctic58,0.44638922694031546,0.3651456680463725,0,from Formicidae (singleton)
TACTTMPMyrmica_Palearctic59,0.44638922694031546,0.3651456680463725,0.0,from Formicidae (crown capture probability)
TACTTMPMyrmica_Palearctic61,0.44638922694031546,0.3651456680463725,0.0,from Formicidae (crown capture probability)
TACTTMPMyrmica_Palearctic62,0.44638922694031546,0.3651456680463725,0.0,from Formicidae (cherry)
TACTTMPMyrmica_Palearctic63,0.44638922694031546,0.3651456680463725,0,from Formicidae (singleton)
TACTTMPMyrmica_Palearctic65,0.44638922694031546,0.3651456680463725,0.0,from Formicidae (cherry)
TACTTMPMyrmica_Palearctic68,0.44638922694031546,0.3651456680463725,0,from Formicidae (singleton)
TACTTMPMyrmica_Palearctic69,0.44638922694031546,0.3651456680463725,0.0,from Formicidae (cherry)
TACTTMPMyrmica_Palearctic71,0.44638922694031546,0.3651456680463725,0.0,from Formicidae (crown capture probability)
TACTTMPMyrmica_Palearctic72,0.44638922694031546,0.3651456680463725,0.0,from Formicidae (crown capture probability)
TACTTMPMyrmica_Unknown21,0.44638922694031546,0.3651456680463725,0,from Formicidae (singleton)
TACTTMPMyrmica_Unknown57,0.44638922694031546,0.3651456680463725,0,from Formicidae (singleton)
TACTTMPMyrmica_Unknown70,0.44638922694031546,0.3651456680463725,0,from Formicidae (singleton)
TACTTMPMyrmicaria_Afrotropical03,0.44638922694031546,0.3651456680463725,0.0,from Formicidae (crown capture probability)
TACTTMPMyrmicaria_Australasian01,0.44638922694031546,0.3651456680463725,0.0,from Formicidae (crown capture probability)
TACTTMPMyrmicaria_Indomalayan02,0.44638922694031546,0.3651456680463725,0.0,from Formicidae (crown capture probability)
TACTTMPMyrmicocrypta_Neotropical01,0.44638922694031546,0.3651456680463725,0,from Formicidae (singleton)
TACTTMPMyrmicocrypta_Neotropical02,0.44638922694031546,0.3651456680463725,0.0,from Formicidae (cherry)
TACTTMPMyrmicocrypta_Neotropical03,0.44638922694031546,0.3651456680463725,0.0,from Formicidae (crown capture probability)
TACTTMPMyrmicocrypta_Neotropical04,0.44638922694031546,0.3651456680463725,0.0,from Formicidae (cherry)
TACTTMPMyrmicocrypta_Neotropical05,0.44638922694031546,0.3651456680463725,0.0,from Formicidae (cherry)
TACTTMPMyrmicocrypta_Neotropical06,0.44638922694031546,0.3651456680463725,0.0,from Formicidae (crown capture probability)
TACTTMPMyrmicocrypta_Neotropical07,0.44638922694031546,0.3651456680463725,0,from Formicidae (singleton)
TACTTMPMyrmicocrypta_Neotropical08,0.44638922694031546,0.3651456680463725,0.0,from Formicidae (cherry)
TACTTMPMyrmicocrypta_Neotropical09,0.44638922694031546,0.3651456680463725,0,from Formicidae (singleton)
TACTTMPMyrmicocrypta_Neotropical10,0.44638922694031546,0.3651456680463725,0,from Formicidae (singleton)
TACTTMPMyrmicocrypta_Neotropical11,0.44638922694031546,0.3651456680463725,0.0,from Formicidae (cherry)
TACTTMPMyrmicocrypta_Neotropical12,0.44638922694031546,0.3651456680463725,0.0,from Formicidae (cherry)
TACTTMPMyrmicocrypta_Neotropical13,0.44638922694031546,0.3651456680463725,0.0,from Formicidae (crown capture probability)
TACTTMPMyrmoteras_Australasian02,0.44638922694031546,0.3651456680463725,0.0,from Formicidae (crown capture probability)
TACTTMPMyrmoteras_Indomalayan01,0.44638922694031546,0.3651456680463725,0.0,from Formicidae (crown capture probability)
TACTTMPMystrium_Afrotropical01,0.44638922694031546,0.3651456680463725,0,from Formicidae (singleton)
TACTTMPMystrium_Afrotropical02,0.44638922694031546,0.3651456680463725,0,from Formicidae (singleton)
TACTTMPMystrium_Afrotropical03,0.44638922694031546,0.3651456680463725,0.0,from Formicidae (cherry)
TACTTMPMystrium_Afrotropical04,0.44638922694031546,0.3651456680463725,0,from Formicidae (singleton)
TACTTMPMystrium_Afrotropical05,0.44638922694031546,0.3651456680463725,0.0,from Formicidae (cherry)
TACTTMPMystrium_Afrotropical06,0.44638922694031546,0.3651456680463725,0,from Formicidae (singleton)
TACTTMPMystrium_Afrotropical07,0.44638922694031546,0.3651456680463725,0,from Formicidae (singleton)
TACTTMPMystrium_Afrotropical08,0.44638922694031546,0.3651456680463725,0.0,from Formicidae (cherry)
TACTTMPMystrium_Afrotropical09,0.44638922694031546,0.3651456680463725,0,from Formicidae (singleton)
TACTTMPMystrium_Afrotropical10,0.44638922694031546,0.3651456680463725,0,from Formicidae (singleton)
TACTTMPMystrium_Indomalayan11,0.44638922694031546,0.3651456680463725,0,from Formicidae (singleton)
TACTTMPNeivamyrmex_Nearctic06,0.44638922694031546,0.3651456680463725,0.0,from Formicidae (crown capture probability)
TACTTMPNeivamyrmex_Nearctic07,0.44638922694031546,0.3651456680463725,0.0,from Formicidae (crown capture probability)
TACTTMPNeivamyrmex_Nearctic08,0.44638922694031546,0.3651456680463725,0.0,from Formicidae (crown capture probability)
TACTTMPNeivamyrmex_Nearctic09,0.44638922694031546,0.3651456680463725,0.0,from Formicidae (crown capture probability)
TACTTMPNeivamyrmex_Nearctic10,0.44638922694031546,0.3651456680463725,0.0,from Formicidae (crown capture probability)
TACTTMPNeivamyrmex_Nearctic20,0.44638922694031546,0.3651456680463725,0,from Formicidae (singleton)
TACTTMPNeivamyrmex_Neotropical01,0.44638922694031546,0.3651456680463725,0.0,from Formicidae (crown capture probability)
TACTTMPNeivamyrmex_Neotropical02,0.44638922694031546,0.3651456680463725,0.0,from Formicidae (crown capture probability)
TACTTMPNeivamyrmex_Neotropical03,0.44638922694031546,0.3651456680463725,0.0,from Formicidae (crown capture probability)
TACTTMPNeivamyrmex_Neotropical04,0.44638922694031546,0.3651456680463725,0.0,from Formicidae (crown capture probability)
TACTTMPNeivamyrmex_Neotropical05,0.44638922694031546,0.3651456680463725,0.0,from Formicidae (cherry)
TACTTMPNeivamyrmex_Neotropical11,0.44638922694031546,0.3651456680463725,0.0,from Formicidae (crown capture probability)
TACTTMPNeivamyrmex_Neotropical12,0.44638922694031546,0.3651456680463725,0.0,from Formicidae (crown capture probability)
TACTTMPNeivamyrmex_Neotropical13,0.44638922694031546,0.3651456680463725,0.0,from Formicidae (crown capture probability)
TACTTMPNeivamyrmex_Neotropical14,0.44638922694031546,0.3651456680463725,0.0,from Formicidae (crown capture probability)
TACTTMPNeivamyrmex_Neotropical15,0.44638922694031546,0.3651456680463725,0.0,from Formicidae (crown capture probability)
TACTTMPNeivamyrmex_Neotropical16,0.44638922694031546,0.3651456680463725,0.0,from Formicidae (crown capture probability)
TACTTMPNeivamyrmex_Neotropical17,0.44638922694031546,0.3651456680463725,0.0,from Formicidae (crown capture probability)
TACTTMPNeivamyrmex_Neotropical18,0.44638922694031546,0.3651456680463725,0.0,from Formicidae (crown capture probability)
TACTTMPNeivamyrmex_Neotropical19,0.44638922694031546,0.3651456680463725,0.0,from Formicidae (crown capture probability)
TACTTMPNeivamyrmex_Neotropical21,0.44638922694031546,0.3651456680463725,0.0,from Formicidae (crown capture probability)
TACTTMPNeoponera_Neotropical01,0.44638922694031546,0.3651456680463725,0,from Formicidae (singleton)
TACTTMPNeoponera_Neotropical02,0.44638922694031546,0.3651456680463725,0,from Formicidae (singleton)
TACTTMPNeoponera_Neotropical03,0.44638922694031546,0.3651456680463725,0,from Formicidae (singleton)
TACTTMPNeoponera_Neotropical04,0.44638922694031546,0.3651456680463725,0,from Formicidae (singleton)
TACTTMPNeoponera_Neotropical05,0.44638922694031546,0.3651456680463725,0,from Formicidae (singleton)
TACTTMPNeoponera_Neotropical06,0.44638922694031546,0.3651456680463725,0,from Formicidae (singleton)
TACTTMPNeoponera_Neotropical07,0.44638922694031546,0.3651456680463725,0,from Formicidae (singleton)
TACTTMPNeoponera_Neotropical08,0.44638922694031546,0.3651456680463725,0,from Formicidae (singleton)
TACTTMPNeoponera_Neotropical09,0.44638922694031546,0.3651456680463725,0,from Formicidae (singleton)
TACTTMPNeoponera_Neotropical10,0.44638922694031546,0.3651456680463725,0,from Formicidae (singleton)
TACTTMPNeoponera_Neotropical11,0.44638922694031546,0.3651456680463725,0,from Formicidae (singleton)
TACTTMPNeoponera_Neotropical12,0.44638922694031546,0.3651456680463725,0,from Formicidae (singleton)
TACTTMPNeoponera_Neotropical13,0.44638922694031546,0.3651456680463725,0,from Formicidae (singleton)
TACTTMPNeoponera_Neotropical14,0.44638922694031546,0.3651456680463725,0,from Formicidae (singleton)
TACTTMPNeoponera_Neotropical15,0.44638922694031546,0.3651456680463725,0,from Formicidae (singleton)
TACTTMPNeoponera_Neotropical16,0.44638922694031546,0.3651456680463725,0.0,from Formicidae (cherry)
TACTTMPNeoponera_Neotropical17,0.44638922694031546,0.3651456680463725,0,from Formicidae (singleton)
TACTTMPNeoponera_Neotropical19,0.44638922694031546,0.3651456680463725,0,from Formicidae (singleton)
TACTTMPNeoponera_Neotropical20,0.44638922694031546,0.3651456680463725,0,from Formicidae (singleton)
TACTTMPNeoponera_Neotropical22,0.44638922694031546,0.3651456680463725,0,from Formicidae (singleton)
TACTTMPNeoponera_Neotropical23,0.44638922694031546,0.3651456680463725,0,from Formicidae (singleton)
TACTTMPNeoponera_Neotropical25,0.44638922694031546,0.3651456680463725,0,from Formicidae (singleton)
TACTTMPNeoponera_Neotropical26,0.44638922694031546,0.3651456680463725,0,from Formicidae (singleton)
TACTTMPNeoponera_Neotropical27,0.44638922694031546,0.3651456680463725,0,from Formicidae (singleton)
TACTTMPNeoponera_Neotropical28,0.44638922694031546,0.3651456680463725,0,from Formicidae (singleton)
TACTTMPNeoponera_Neotropical29,0.44638922694031546,0.3651456680463725,0,from Formicidae (singleton)
TACTTMPNeoponera_Neotropical30,0.44638922694031546,0.3651456680463725,0,from Formicidae (singleton)
TACTTMPNeoponera_Neotropical31,0.44638922694031546,0.3651456680463725,0,from Formicidae (singleton)
TACTTMPNeoponera_Neotropical33,0.44638922694031546,0.3651456680463725,0,from Formicidae (singleton)
TACTTMPNeoponera_Neotropical34,0.44638922694031546,0.3651456680463725,0,from Formicidae (singleton)
TACTTMPNeoponera_Neotropical35,0.44638922694031546,0.3651456680463725,0,from Formicidae (singleton)
TACTTMPNeoponera_Neotropical36,0.44638922694031546,0.3651456680463725,0,from Formicidae (singleton)
TACTTMPNeoponera_Neotropical37,0.44638922694031546,0.3651456680463725,0,from Formicidae (singleton)
TACTTMPNeoponera_Neotropical38,0.44638922694031546,0.3651456680463725,0.0,from Formicidae (cherry)
TACTTMPNeoponera_Neotropical39,0.44638922694031546,0.3651456680463725,0,from Formicidae (singleton)
TACTTMPNeoponera_Neotropical40,0.44638922694031546,0.3651456680463725,0,from Formicidae (singleton)
TACTTMPNeoponera_Neotropical41,0.44638922694031546,0.3651456680463725,0,from Formicidae (singleton)
TACTTMPNeoponera_Neotropical43,0.44638922694031546,0.3651456680463725,0,from Formicidae (singleton)
TACTTMPNeoponera_Neotropical44,0.44638922694031546,0.3651456680463725,0,from Formicidae (singleton)
TACTTMPNeoponera_Neotropical45,0.44638922694031546,0.3651456680463725,0,from Formicidae (singleton)
TACTTMPNeoponera_Neotropical46,0.44638922694031546,0.3651456680463725,0,from Formicidae (singleton)
TACTTMPNeoponera_Neotropical47,0.44638922694031546,0.3651456680463725,0,from Formicidae (singleton)
TACTTMPNeoponera_Neotropical48,0.44638922694031546,0.3651456680463725,0,from Formicidae (singleton)
TACTTMPNeoponera_Neotropical49,0.44638922694031546,0.3651456680463725,0,from Formicidae (singleton)
TACTTMPNeoponera_Neotropical50,0.44638922694031546,0.3651456680463725,0.0,from Formicidae (cherry)
TACTTMPNeoponera_Neotropical51,0.44638922694031546,0.3651456680463725,0,from Formicidae (singleton)
TACTTMPNeoponera_Neotropical52,0.44638922694031546,0.3651456680463725,0,from Formicidae (singleton)
TACTTMPNeoponera_Neotropical53,0.44638922694031546,0.3651456680463725,0,from Formicidae (singleton)
TACTTMPNeoponera_Neotropical54,0.44638922694031546,0.3651456680463725,0,from Formicidae (singleton)
TACTTMPNeoponera_Unknown18,0.44638922694031546,0.3651456680463725,0.0,from Formicidae (cherry)
TACTTMPNeoponera_Unknown21,0.44638922694031546,0.3651456680463725,0,from Formicidae (singleton)
TACTTMPNeoponera_Unknown24,0.44638922694031546,0.3651456680463725,0,from Formicidae (singleton)
TACTTMPNeoponera_Unknown32,0.44638922694031546,0.3651456680463725,0,from Formicidae (singleton)
TACTTMPNeoponera_Unknown42,0.44638922694031546,0.3651456680463725,0,from Formicidae (singleton)
TACTTMPNesomyrmex_Afrotropical01,0.44638922694031546,0.3651456680463725,0,from Formicidae (singleton)
TACTTMPNesomyrmex_Afrotropical02,0.44638922694031546,0.3651456680463725,0,from Formicidae (singleton)
TACTTMPNesomyrmex_Afrotropical03,0.44638922694031546,0.3651456680463725,0,from Formicidae (singleton)
TACTTMPNesomyrmex_Afrotropical04,0.44638922694031546,0.3651456680463725,0.0,from Formicidae (cherry)
TACTTMPNesomyrmex_Afrotropical05,0.44638922694031546,0.3651456680463725,0,from Formicidae (singleton)
TACTTMPNesomyrmex_Afrotropical06,0.44638922694031546,0.3651456680463725,0.0,from Formicidae (crown capture probability)
TACTTMPNesomyrmex_Afrotropical07,0.44638922694031546,0.3651456680463725,0.0,from Formicidae (cherry)
TACTTMPNesomyrmex_Afrotropical08,0.44638922694031546,0.3651456680463725,0.0,from Formicidae (cherry)
TACTTMPNesomyrmex_Afrotropical09,0.44638922694031546,0.3651456680463725,0,from Formicidae (singleton)
TACTTMPNesomyrmex_Afrotropical10,0.44638922694031546,0.3651456680463725,0.0,from Formicidae (crown capture probability)
TACTTMPNesomyrmex_Afrotropical11,0.44638922694031546,0.3651456680463725,0.0,from Formicidae (cherry)
TACTTMPNesomyrmex_Afrotropical12,0.44638922694031546,0.3651456680463725,0.0,from Formicidae (crown capture probability)
TACTTMPNesomyrmex_Afrotropical13,0.44638922694031546,0.3651456680463725,0,from Formicidae (singleton)
TACTTMPNesomyrmex_Afrotropical14,0.44638922694031546,0.3651456680463725,0,from Formicidae (singleton)
TACTTMPNesomyrmex_Afrotropical15,0.44638922694031546,0.3651456680463725,0,from Formicidae (singleton)
TACTTMPNesomyrmex_Afrotropical16,0.44638922694031546,0.3651456680463725,0.0,from Formicidae (cherry)
TACTTMPNesomyrmex_Afrotropical17,0.44638922694031546,0.3651456680463725,0,from Formicidae (singleton)
TACTTMPNesomyrmex_Afrotropical18,0.44638922694031546,0.3651456680463725,0.0,from Formicidae (crown capture probability)
TACTTMPNesomyrmex_Afrotropical19,0.44638922694031546,0.3651456680463725,0.0,from Formicidae (cherry)
TACTTMPNesomyrmex_Afrotropical20,0.44638922694031546,0.3651456680463725,0.0,from Formicidae (crown capture probability)
TACTTMPNesomyrmex_Afrotropical21,0.44638922694031546,0.3651456680463725,0.0,from Formicidae (cherry)
TACTTMPNesomyrmex_Afrotropical22,0.44638922694031546,0.3651456680463725,0.0,from Formicidae (cherry)
TACTTMPNesomyrmex_Afrotropical23,0.44638922694031546,0.3651456680463725,0,from Formicidae (singleton)
TACTTMPNesomyrmex_Afrotropical24,0.44638922694031546,0.3651456680463725,0,from Formicidae (singleton)
TACTTMPNesomyrmex_Afrotropical25,0.44638922694031546,0.3651456680463725,0.0,from Formicidae (cherry)
TACTTMPNesomyrmex_Afrotropical26,0.44638922694031546,0.3651456680463725,0.0,from Formicidae (cherry)
TACTTMPNesomyrmex_Afrotropical27,0.44638922694031546,0.3651456680463725,0,from Formicidae (singleton)
TACTTMPNesomyrmex_Afrotropical28,0.44638922694031546,0.3651456680463725,0,from Formicidae (singleton)
TACTTMPNesomyrmex_Afrotropical29,0.44638922694031546,0.3651456680463725,0.0,from Formicidae (cherry)
TACTTMPNesomyrmex_Afrotropical30,0.44638922694031546,0.3651456680463725,0.0,from Formicidae (crown capture probability)
TACTTMPNesomyrmex_Afrotropical31,0.44638922694031546,0.3651456680463725,0,from Formicidae (singleton)
TACTTMPNesomyrmex_Nearctic34,0.44638922694031546,0.3651456680463725,0,from Formicidae (singleton)
TACTTMPNesomyrmex_Neotropical32,0.44638922694031546,0.3651456680463725,0.0,from Formicidae (crown capture probability)
TACTTMPNesomyrmex_Neotropical33,0.44638922694031546,0.3651456680463725,0.0,from Formicidae (crown capture probability)
TACTTMPNesomyrmex_Palearctic35,0.44638922694031546,0.3651456680463725,0.0,from Formicidae (crown capture probability)
TACTTMPNotoncus_Australasian01,0.44638922694031546,0.3651456680463725,0.0,from Formicidae (crown capture probability)
TACTTMPNotostigma_Australasian01,0.44638922694031546,0.3651456680463725,0.0,from Formicidae (cherry)
TACTTMPNylanderia_Afrotropical31,0.44638922694031546,0.3651456680463725,0.0,from Formicidae (crown capture probability)
TACTTMPNylanderia_Afrotropical32,0.44638922694031546,0.3651456680463725,0.0,from Formicidae (crown capture probability)
TACTTMPNylanderia_Afrotropical33,0.44638922694031546,0.3651456680463725,0.0,from Formicidae (cherry)
TACTTMPNylanderia_Afrotropical35,0.44638922694031546,0.3651456680463725,0.0,from Formicidae (cherry)
TACTTMPNylanderia_Afrotropical38,0.44638922694031546,0.3651456680463725,0.0,from Formicidae (cherry)
TACTTMPNylanderia_Afrotropical40,0.44638922694031546,0.3651456680463725,0.0,from Formicidae (cherry)
TACTTMPNylanderia_Afrotropical42,0.44638922694031546,0.3651456680463725,0.0,from Formicidae (crown capture probability)
TACTTMPNylanderia_Afrotropical43,0.44638922694031546,0.3651456680463725,0.0,from Formicidae (crown capture probability)
TACTTMPNylanderia_Australasian01,0.44638922694031546,0.3651456680463725,0,from Formicidae (singleton)
TACTTMPNylanderia_Australasian02,0.44638922694031546,0.3651456680463725,0.0,from Formicidae (cherry)
TACTTMPNylanderia_Australasian36,0.44638922694031546,0.3651456680463725,0,from Formicidae (singleton)
TACTTMPNylanderia_Australasian37,0.44638922694031546,0.3651456680463725,0.0,from Formicidae (crown capture probability)
TACTTMPNylanderia_Australasian39,0.44638922694031546,0.3651456680463725,0.0,from Formicidae (cherry)
TACTTMPNylanderia_Indomalayan14,0.44638922694031546,0.3651456680463725,0.0,from Formicidae (crown capture probability)
TACTTMPNylanderia_Nearctic03,0.44638922694031546,0.3651456680463725,0,from Formicidae (singleton)
TACTTMPNylanderia_Nearctic04,0.44638922694031546,0.3651456680463725,0.0,from Formicidae (cherry)
TACTTMPNylanderia_Nearctic05,0.44638922694031546,0.3651456680463725,0,from Formicidae (singleton)
TACTTMPNylanderia_Nearctic06,0.44638922694031546,0.3651456680463725,0.0,from Formicidae (crown capture probability)
TACTTMPNylanderia_Nearctic07,0.44638922694031546,0.3651456680463725,0,from Formicidae (singleton)
TACTTMPNylanderia_Nearctic08,0.44638922694031546,0.3651456680463725,0.0,from Formicidae (crown capture probability)
TACTTMPNylanderia_Nearctic10,0.44638922694031546,0.3651456680463725,0.0,from Formicidae (crown capture probability)
TACTTMPNylanderia_Nearctic11,0.44638922694031546,0.3651456680463725,0,from Formicidae (singleton)
TACTTMPNylanderia_Neotropical15,0.44638922694031546,0.3651456680463725,0.0,from Formicidae (crown capture probability)
TACTTMPNylanderia_Neotropical16,0.44638922694031546,0.3651456680463725,0,from Formicidae (singleton)
TACTTMPNylanderia_Neotropical17,0.44638922694031546,0.3651456680463725,0,from Formicidae (singleton)
TACTTMPNylanderia_Neotropical18,0.44638922694031546,0.3651456680463725,0,from Formicidae (singleton)
TACTTMPNylanderia_Neotropical19,0.44638922694031546,0.3651456680463725,0.0,from Formicidae (crown capture probability)
TACTTMPNylanderia_Neotropical20,0.44638922694031546,0.3651456680463725,0.0,from Formicidae (crown capture probability)
TACTTMPNylanderia_Neotropical21,0.44638922694031546,0.3651456680463725,0.0,from Formicidae (cherry)
TACTTMPNylanderia_Neotropical22,0.44638922694031546,0.3651456680463725,0.0,from Formicidae (crown capture probability)
TACTTMPNylanderia_Neotropical23,0.44638922694031546,0.3651456680463725,0.0,from Formicidae (crown capture probability)
TACTTMPNylanderia_Neotropical24,0.44638922694031546,0.3651456680463725,0.0,from Formicidae (crown capture probability)
TACTTMPNylanderia_Neotropical25,0.44638922694031546,0.3651456680463725,0.0,from Formicidae (crown capture probability)
TACTTMPNylanderia_Neotropical26,0.44638922694031546,0.3651456680463725,0.0,from Formicidae (crown capture probability)
TACTTMPNylanderia_Neotropical27,0.44638922694031546,0.3651456680463725,0,from Formicidae (singleton)
TACTTMPNylanderia_Neotropical28,0.44638922694031546,0.3651456680463725,0.0,from Formicidae (cherry)
TACTTMPNylanderia_Neotropical29,0.44638922694031546,0.3651456680463725,0.0,from Formicidae (crown capture probability)
TACTTMPNylanderia_Neotropical30,0.44638922694031546,0.3651456680463725,0.0,from Formicidae (crown capture probability)
TACTTMPNylanderia_Oceanian41,0.44638922694031546,0.3651456680463725,0.0,from Formicidae (crown capture probability)
TACTTMPNylanderia_Palearctic09,0.44638922694031546,0.3651456680463725,0.0,from Formicidae (crown capture probability)
TACTTMPNylanderia_Palearctic12,0.44638922694031546,0.3651456680463725,0.0,from Formicidae (crown capture probability)
TACTTMPNylanderia_Palearctic13,0.44638922694031546,0.3651456680463725,0.0,from Formicidae (crown capture probability)
TACTTMPNylanderia_Palearctic34,0.44638922694031546,0.3651456680463725,0.0,from Formicidae (crown capture probability)
TACTTMPOchetellus_Australasian01,0.44638922694031546,0.3651456680463725,0.0,from Formicidae (crown capture probability)
TACTTMPOctostruma_Neotropical01,0.44638922694031546,0.3651456680463725,0.0,from Formicidae (crown capture probability)
TACTTMPOctostruma_Neotropical02,0.44638922694031546,0.3651456680463725,0.0,from Formicidae (crown capture probability)
TACTTMPOctostruma_Neotropical03,0.44638922694031546,0.3651456680463725,0.0,from Formicidae (crown capture probability)
TACTTMPOcymyrmex_Afrotropical01,0.44638922694031546,0.3651456680463725,0,from Formicidae (singleton)
TACTTMPOcymyrmex_Afrotropical02,0.44638922694031546,0.3651456680463725,0,from Formicidae (singleton)
TACTTMPOcymyrmex_Afrotropical03,0.44638922694031546,0.3651456680463725,0,from Formicidae (singleton)
TACTTMPOcymyrmex_Afrotropical04,0.44638922694031546,0.3651456680463725,0.0,from Formicidae (cherry)
TACTTMPOcymyrmex_Afrotropical05,0.44638922694031546,0.3651456680463725,0.0,from Formicidae (cherry)
TACTTMPOcymyrmex_Afrotropical06,0.44638922694031546,0.3651456680463725,0,from Formicidae (singleton)
TACTTMPOcymyrmex_Afrotropical07,0.44638922694031546,0.3651456680463725,0,from Formicidae (singleton)
TACTTMPOcymyrmex_Afrotropical08,0.44638922694031546,0.3651456680463725,0.0,from Formicidae (cherry)
TACTTMPOcymyrmex_Afrotropical09,0.44638922694031546,0.3651456680463725,0.0,from Formicidae (cherry)
TACTTMPOcymyrmex_Afrotropical10,0.44638922694031546,0.3651456680463725,0,from Formicidae (singleton)
TACTTMPOcymyrmex_Afrotropical11,0.44638922694031546,0.3651456680463725,0.0,from Formicidae (cherry)
TACTTMPOcymyrmex_Afrotropical12,0.44638922694031546,0.3651456680463725,0.0,from Formicidae (crown capture probability)
TACTTMPOcymyrmex_Afrotropical13,0.44638922694031546,0.3651456680463725,0.0,from Formicidae (cherry)
TACTTMPOcymyrmex_Afrotropical14,0.44638922694031546,0.3651456680463725,0,from Formicidae (singleton)
TACTTMPOcymyrmex_Afrotropical15,0.44638922694031546,0.3651456680463725,0,from Formicidae (singleton)
TACTTMPOcymyrmex_Afrotropical16,0.44638922694031546,0.3651456680463725,0,from Formicidae (singleton)
TACTTMPOcymyrmex_Afrotropical17,0.44638922694031546,0.3651456680463725,0.0,from Formicidae (crown capture probability)
TACTTMPOcymyrmex_Afrotropical18,0.44638922694031546,0.3651456680463725,0,from Formicidae (singleton)
TACTTMPOcymyrmex_Afrotropical19,0.44638922694031546,0.3651456680463725,0.0,from Formicidae (crown capture probability)
TACTTMPOcymyrmex_Afrotropical20,0.44638922694031546,0.3651456680463725,0,from Formicidae (singleton)
TACTTMPOcymyrmex_Afrotropical21,0.44638922694031546,0.3651456680463725,0.0,from Formicidae (cherry)
TACTTMPOdontomachus_Afrotropical09,0.44638922694031546,0.3651456680463725,0,from Formicidae (singleton)
TACTTMPOdontomachus_Afrotropical10,0.44638922694031546,0.3651456680463725,0,from Formicidae (singleton)
TACTTMPOdontomachus_Afrotropical21,0.44638922694031546,0.3651456680463725,0,from Formicidae (singleton)
TACTTMPOdontomachus_Australasian33,0.44638922694031546,0.3651456680463725,0,from Formicidae (singleton)
TACTTMPOdontomachus_Australasian34,0.44638922694031546,0.3651456680463725,0,from Formicidae (singleton)
TACTTMPOdontomachus_Australasian35,0.44638922694031546,0.3651456680463725,0,from Formicidae (singleton)
TACTTMPOdontomachus_Australasian36,0.44638922694031546,0.3651456680463725,0.0,from Formicidae (cherry)
TACTTMPOdontomachus_Australasian37,0.44638922694031546,0.3651456680463725,0,from Formicidae (singleton)
TACTTMPOdontomachus_Australasian38,0.44638922694031546,0.3651456680463725,0.0,from Formicidae (cherry)
TACTTMPOdontomachus_Australasian39,0.44638922694031546,0.3651456680463725,0,from Formicidae (singleton)
TACTTMPOdontomachus_Australasian43,0.44638922694031546,0.3651456680463725,0.0,from Formicidae (cherry)
TACTTMPOdontomachus_Australasian44,0.44638922694031546,0.3651456680463725,0,from Formicidae (singleton)
TACTTMPOdontomachus_Australasian45,0.44638922694031546,0.3651456680463725,0,from Formicidae (singleton)
TACTTMPOdontomachus_Indomalayan01,0.44638922694031546,0.3651456680463725,0.0,from Formicidae (crown capture probability)
TACTTMPOdontomachus_Indomalayan02,0.44638922694031546,0.3651456680463725,0.0,from Formicidae (crown capture probability)
TACTTMPOdontomachus_Indomalayan06,0.44638922694031546,0.3651456680463725,0.0,from Formicidae (crown capture probability)
TACTTMPOdontomachus_Indomalayan07,0.44638922694031546,0.3651456680463725,0.0,from Formicidae (cherry)
TACTTMPOdontomachus_Indomalayan08,0.44638922694031546,0.3651456680463725,0,from Formicidae (singleton)
TACTTMPOdontomachus_Indomalayan18,0.44638922694031546,0.3651456680463725,0.0,from Formicidae (crown capture probability)
TACTTMPOdontomachus_Indomalayan32,0.44638922694031546,0.3651456680463725,0.0,from Formicidae (crown capture probability)
TACTTMPOdontomachus_Indomalayan40,0.44638922694031546,0.3651456680463725,0.0,from Formicidae (cherry)
TACTTMPOdontomachus_Indomalayan42,0.44638922694031546,0.3651456680463725,0.0,from Formicidae (crown capture probability)
TACTTMPOdontomachus_Nearctic11,0.44638922694031546,0.3651456680463725,0,from Formicidae (singleton)
TACTTMPOdontomachus_Nearctic12,0.44638922694031546,0.3651456680463725,0,from Formicidae (singleton)
TACTTMPOdontomachus_Nearctic13,0.44638922694031546,0.3651456680463725,0.0,from Formicidae (cherry)
TACTTMPOdontomachus_Neotropical14,0.44638922694031546,0.3651456680463725,0.0,from Formicidae (crown capture probability)
TACTTMPOdontomachus_Neotropical15,0.44638922694031546,0.3651456680463725,0.0,from Formicidae (cherry)
TACTTMPOdontomachus_Neotropical16,0.44638922694031546,0.3651456680463725,0.0,from Formicidae (crown capture probability)
TACTTMPOdontomachus_Neotropical17,0.44638922694031546,0.3651456680463725,0,from Formicidae (singleton)
TACTTMPOdontomachus_Neotropical19,0.44638922694031546,0.3651456680463725,0.0,from Formicidae (crown capture probability)
TACTTMPOdontomachus_Neotropical20,0.44638922694031546,0.3651456680463725,0,from Formicidae (singleton)
TACTTMPOdontomachus_Neotropical23,0.44638922694031546,0.3651456680463725,0,from Formicidae (singleton)
TACTTMPOdontomachus_Neotropical24,0.44638922694031546,0.3651456680463725,0.0,from Formicidae (crown capture probability)
TACTTMPOdontomachus_Neotropical25,0.44638922694031546,0.3651456680463725,0.0,from Formicidae (cherry)
TACTTMPOdontomachus_Neotropical26,0.44638922694031546,0.3651456680463725,0,from Formicidae (singleton)
TACTTMPOdontomachus_Neotropical27,0.44638922694031546,0.3651456680463725,0,from Formicidae (singleton)
TACTTMPOdontomachus_Neotropical28,0.44638922694031546,0.3651456680463725,0.0,from Formicidae (cherry)
TACTTMPOdontomachus_Neotropical29,0.44638922694031546,0.3651456680463725,0.0,from Formicidae (crown capture probability)
TACTTMPOdontomachus_Oceanian41,0.44638922694031546,0.3651456680463725,0.0,from Formicidae (cherry)
TACTTMPOdontomachus_Palearctic03,0.44638922694031546,0.3651456680463725,0.0,from Formicidae (crown capture probability)
TACTTMPOdontomachus_Palearctic04,0.44638922694031546,0.3651456680463725,0.0,from Formicidae (crown capture probability)
TACTTMPOdontomachus_Palearctic05,0.44638922694031546,0.3651456680463725,0.0,from Formicidae (cherry)
TACTTMPOdontomachus_Unknown22,0.44638922694031546,0.3651456680463725,0,from Formicidae (singleton)
TACTTMPOdontomachus_Unknown30,0.44638922694031546,0.3651456680463725,0,from Formicidae (singleton)
TACTTMPOdontomachus_Unknown31,0.44638922694031546,0.3651456680463725,0,from Formicidae (singleton)
TACTTMPOecophylla_Afrotropical02,0.44638922694031546,0.3651456680463725,0.0,from Formicidae (cherry)
TACTTMPOecophylla_Australasian01,0.44638922694031546,0.3651456680463725,0,from Formicidae (singleton)
TACTTMPOnychomyrmex_Australasian01,0.44638922694031546,0.3651456680463725,0.0,from Formicidae (crown capture probability)
TACTTMPOoceraea_Australasian02,0.44638922694031546,0.3651456680463725,0.0,from Formicidae (crown capture probability)
TACTTMPOoceraea_Indomalayan01,0.44638922694031546,0.3651456680463725,0.0,from Formicidae (crown capture probability)
TACTTMPOoceraea_Indomalayan03,0.44638922694031546,0.3651456680463725,0.0,from Formicidae (crown capture probability)
TACTTMPOphthalmopone_Afrotropical01,0.44638922694031546,0.3651456680463725,0.0,from Formicidae (crown capture probability)
TACTTMPOphthalmopone_Afrotropical02,0.44638922694031546,0.3651456680463725,0.0,from Formicidae (cherry)
TACTTMPOpisthopsis_Australasian01,0.44638922694031546,0.3651456680463725,0,from Formicidae (singleton)
TACTTMPOpisthopsis_Australasian02,0.44638922694031546,0.3651456680463725,0.0,from Formicidae (cherry)
TACTTMPOpisthopsis_Australasian03,0.44638922694031546,0.3651456680463725,0.0,from Formicidae (crown capture probability)
TACTTMPOpisthopsis_Australasian04,0.44638922694031546,0.3651456680463725,0.0,from Formicidae (crown capture probability)
TACTTMPOrectognathus_Australasian01,0.44638922694031546,0.3651456680463725,0.0,from Formicidae (crown capture probability)
TACTTMPOverbeckia_Australasian02,0.44638922694031546,0.3651456680463725,0,from Formicidae (singleton)
TACTTMPOverbeckia_Indomalayan01,0.44638922694031546,0.3651456680463725,0.0,from Formicidae (cherry)
TACTTMPOxyepoecus_Neotropical01,0.44638922694031546,0.3651456680463725,0.0,from Formicidae (crown capture probability)
TACTTMPOxyopomyrmex_Palearctic01,0.44638922694031546,0.3651456680463725,0.0,from Formicidae (crown capture probability)
TACTTMPOxyopomyrmex_Palearctic02,0.44638922694031546,0.3651456680463725,0.0,from Formicidae (crown capture probability)
TACTTMPOxyopomyrmex_Palearctic03,0.44638922694031546,0.3651456680463725,0.0,from Formicidae (crown capture probability)
TACTTMPPachycondyla_Neotropical01,0.44638922694031546,0.3651456680463725,0.0,from Formicidae (cherry)
TACTTMPPachycondyla_Neotropical03,0.44638922694031546,0.3651456680463725,0.0,from Formicidae (cherry)
TACTTMPPachycondyla_Neotropical04,0.44638922694031546,0.3651456680463725,0,from Formicidae (singleton)
TACTTMPPachycondyla_Neotropical05,0.44638922694031546,0.3651456680463725,0.0,from Formicidae (crown capture probability)
TACTTMPPachycondyla_Neotropical06,0.44638922694031546,0.3651456680463725,0,from Formicidae (singleton)
TACTTMPPachycondyla_Neotropical07,0.44638922694031546,0.3651456680463725,0.0,from Formicidae (crown capture probability)
TACTTMPPachycondyla_Neotropical08,0.44638922694031546,0.3651456680463725,0,from Formicidae (singleton)
TACTTMPPachycondyla_Unknown02,0.44638922694031546,0.3651456680463725,0,from Formicidae (singleton)
TACTTMPPapyrius_Australasian01,0.44638922694031546,0.3651456680463725,0.0,from Formicidae (cherry)
TACTTMPParaparatrechina_Afrotropical02,0.44638922694031546,0.3651456680463725,0.0,from Formicidae (crown capture probability)
TACTTMPParaparatrechina_Afrotropical03,0.44638922694031546,0.3651456680463725,0.0,from Formicidae (cherry)
TACTTMPParaparatrechina_Afrotropical04,0.44638922694031546,0.3651456680463725,0.0,from Formicidae (crown capture probability)
TACTTMPParaparatrechina_Afrotropical05,0.44638922694031546,0.3651456680463725,0.0,from Formicidae (crown capture probability)
TACTTMPParaparatrechina_Australasian07,0.44638922694031546,0.3651456680463725,0.0,from Formicidae (crown capture probability)
TACTTMPParaparatrechina_Australasian08,0.44638922694031546,0.3651456680463725,0.0,from Formicidae (cherry)
TACTTMPParaparatrechina_Australasian09,0.44638922694031546,0.3651456680463725,0.0,from Formicidae (crown capture probability)
TACTTMPParaparatrechina_Indomalayan01,0.44638922694031546,0.3651456680463725,0.0,from Formicidae (crown capture probability)
TACTTMPParaparatrechina_Oceanian06,0.44638922694031546,0.3651456680463725,0,from Formicidae (singleton)
TACTTMPParasyscia_Afrotropical03,0.44638922694031546,0.3651456680463725,0.0,from Formicidae (crown capture probability)
TACTTMPParasyscia_Australasian01,0.44638922694031546,0.3651456680463725,0.0,from Formicidae (crown capture probability)
TACTTMPParasyscia_Australasian02,0.44638922694031546,0.3651456680463725,0.0,from Formicidae (crown capture probability)
TACTTMPParasyscia_Palearctic04,0.44638922694031546,0.3651456680463725,0.0,from Formicidae (crown capture probability)
TACTTMPParatopula_Unknown01,0.44638922694031546,0.3651456680463725,0.0,from Formicidae (crown capture probability)
TACTTMPParatrachymyrmex_Neotropical01,0.44638922694031546,0.3651456680463725,0,from Formicidae (singleton)
TACTTMPParatrachymyrmex_Neotropical02,0.44638922694031546,0.3651456680463725,0.0,from Formicidae (cherry)
TACTTMPParatrachymyrmex_Neotropical03,0.44638922694031546,0.3651456680463725,0,from Formicidae (singleton)
TACTTMPParatrachymyrmex_Neotropical04,0.44638922694031546,0.3651456680463725,0.0,from Formicidae (crown capture probability)
TACTTMPParatrachymyrmex_Neotropical05,0.44638922694031546,0.3651456680463725,0,from Formicidae (singleton)
TACTTMPParatrechina_Afrotropical01,0.44638922694031546,0.3651456680463725,0,from Formicidae (singleton)
TACTTMPParatrechina_Afrotropical02,0.44638922694031546,0.3651456680463725,0.0,from Formicidae (crown capture probability)
TACTTMPParatrechina_Afrotropical03,0.44638922694031546,0.3651456680463725,0,from Formicidae (singleton)
TACTTMPParvaponera_Afrotropical01,0.44638922694031546,0.3651456680463725,0.0,from Formicidae (crown capture probability)
TACTTMPPatagonomyrmex_Neotropical01,0.44638922694031546,0.3651456680463725,0.0,from Formicidae (cherry)
TACTTMPPatagonomyrmex_Neotropical02,0.44638922694031546,0.3651456680463725,0,from Formicidae (singleton)
TACTTMPPerissomyrmex_Neotropical01,0.44638922694031546,0.3651456680463725,0.0,from Formicidae (crown capture probability)
TACTTMPPeronomyrmex_Unknown01,0.44638922694031546,0.3651456680463725,0.0,from Formicidae (crown capture probability)
TACTTMPPheidole_Afrotropical100,0.44638922694031546,0.3651456680463725,0.0,from Formicidae (cherry)
TACTTMPPheidole_Afrotropical101,0.44638922694031546,0.3651456680463725,0,from Formicidae (singleton)
TACTTMPPheidole_Afrotropical102,0.44638922694031546,0.3651456680463725,0,from Formicidae (singleton)
TACTTMPPheidole_Afrotropical103,0.44638922694031546,0.3651456680463725,0.0,from Formicidae (crown capture probability)
TACTTMPPheidole_Afrotropical104,0.44638922694031546,0.3651456680463725,0,from Formicidae (singleton)
TACTTMPPheidole_Afrotropical105,0.44638922694031546,0.3651456680463725,0,from Formicidae (singleton)
TACTTMPPheidole_Afrotropical106,0.44638922694031546,0.3651456680463725,0,from Formicidae (singleton)
TACTTMPPheidole_Afrotropical107,0.44638922694031546,0.3651456680463725,0,from Formicidae (singleton)
TACTTMPPheidole_Afrotropical108,0.44638922694031546,0.3651456680463725,0.0,from Formicidae (cherry)
TACTTMPPheidole_Afrotropical109,0.44638922694031546,0.3651456680463725,0,from Formicidae (singleton)
TACTTMPPheidole_Afrotropical110,0.44638922694031546,0.3651456680463725,0.0,from Formicidae (cherry)
TACTTMPPheidole_Afrotropical111,0.44638922694031546,0.3651456680463725,0.0,from Formicidae (cherry)
TACTTMPPheidole_Afrotropical112,0.44638922694031546,0.3651456680463725,0.0,from Formicidae (cherry)
TACTTMPPheidole_Afrotropical113,0.44638922694031546,0.3651456680463725,0,from Formicidae (singleton)
TACTTMPPheidole_Afrotropical114,0.44638922694031546,0.3651456680463725,0,from Formicidae (singleton)
TACTTMPPheidole_Afrotropical115,0.44638922694031546,0.3651456680463725,0.0,from Formicidae (cherry)
TACTTMPPheidole_Afrotropical116,0.44638922694031546,0.3651456680463725,0.0,from Formicidae (crown capture probability)
TACTTMPPheidole_Afrotropical117,0.44638922694031546,0.3651456680463725,0.0,from Formicidae (cherry)
TACTTMPPheidole_Afrotropical118,0.44638922694031546,0.3651456680463725,0,from Formicidae (singleton)
TACTTMPPheidole_Afrotropical119,0.44638922694031546,0.3651456680463725,0.0,from Formicidae (crown capture probability)
TACTTMPPheidole_Afrotropical120,0.44638922694031546,0.3651456680463725,0.0,from Formicidae (cherry)
TACTTMPPheidole_Afrotropical121,0.44638922694031546,0.3651456680463725,0.0,from Formicidae (crown capture probability)
TACTTMPPheidole_Afrotropical122,0.44638922694031546,0.3651456680463725,0.0,from Formicidae (crown capture probability)
TACTTMPPheidole_Afrotropical123,0.44638922694031546,0.3651456680463725,0,from Formicidae (singleton)
TACTTMPPheidole_Afrotropical124,0.44638922694031546,0.3651456680463725,0,from Formicidae (singleton)
TACTTMPPheidole_Afrotropical125,0.44638922694031546,0.3651456680463725,0,from Formicidae (singleton)
TACTTMPPheidole_Afrotropical126,0.44638922694031546,0.3651456680463725,0.0,from Formicidae (cherry)
TACTTMPPheidole_Afrotropical127,0.44638922694031546,0.3651456680463725,0,from Formicidae (singleton)
TACTTMPPheidole_Afrotropical128,0.44638922694031546,0.3651456680463725,0.0,from Formicidae (cherry)
TACTTMPPheidole_Afrotropical129,0.44638922694031546,0.3651456680463725,0,from Formicidae (singleton)
TACTTMPPheidole_Afrotropical130,0.44638922694031546,0.3651456680463725,0,from Formicidae (singleton)
TACTTMPPheidole_Afrotropical174,0.44638922694031546,0.3651456680463725,0,from Formicidae (singleton)
TACTTMPPheidole_Afrotropical194,0.44638922694031546,0.3651456680463725,0.0,from Formicidae (cherry)
TACTTMPPheidole_Afrotropical197,0.44638922694031546,0.3651456680463725,0,from Formicidae (singleton)
TACTTMPPheidole_Afrotropical198,0.44638922694031546,0.3651456680463725,0.0,from Formicidae (cherry)
TACTTMPPheidole_Afrotropical199,0.44638922694031546,0.3651456680463725,0,from Formicidae (singleton)
TACTTMPPheidole_Afrotropical200,0.44638922694031546,0.3651456680463725,0,from Formicidae (singleton)
TACTTMPPheidole_Afrotropical201,0.44638922694031546,0.3651456680463725,0.0,from Formicidae (cherry)
TACTTMPPheidole_Afrotropical202,0.44638922694031546,0.3651456680463725,0,from Formicidae (singleton)
TACTTMPPheidole_Afrotropical205,0.44638922694031546,0.3651456680463725,0.0,from Formicidae (cherry)
TACTTMPPheidole_Afrotropical206,0.44638922694031546,0.3651456680463725,0.0,from Formicidae (cherry)
TACTTMPPheidole_Afrotropical207,0.44638922694031546,0.3651456680463725,0,from Formicidae (singleton)
TACTTMPPheidole_Afrotropical208,0.44638922694031546,0.3651456680463725,0.0,from Formicidae (cherry)
TACTTMPPheidole_Afrotropical209,0.44638922694031546,0.3651456680463725,0.0,from Formicidae (cherry)
TACTTMPPheidole_Afrotropical210,0.44638922694031546,0.3651456680463725,0,from Formicidae (singleton)
TACTTMPPheidole_Afrotropical217,0.44638922694031546,0.3651456680463725,0.0,from Formicidae (cherry)
TACTTMPPheidole_Afrotropical26,0.44638922694031546,0.3651456680463725,0.0,from Formicidae (cherry)
TACTTMPPheidole_Afrotropical27,0.44638922694031546,0.3651456680463725,0.0,from Formicidae (cherry)
TACTTMPPheidole_Afrotropical28,0.44638922694031546,0.3651456680463725,0.0,from Formicidae (crown capture probability)
TACTTMPPheidole_Afrotropical29,0.44638922694031546,0.3651456680463725,0.0,from Formicidae (cherry)
TACTTMPPheidole_Afrotropical30,0.44638922694031546,0.3651456680463725,0.0,from Formicidae (cherry)
TACTTMPPheidole_Afrotropical31,0.44638922694031546,0.3651456680463725,0.0,from Formicidae (cherry)
TACTTMPPheidole_Afrotropical32,0.44638922694031546,0.3651456680463725,0,from Formicidae (singleton)
TACTTMPPheidole_Afrotropical33,0.44638922694031546,0.3651456680463725,0,from Formicidae (singleton)
TACTTMPPheidole_Afrotropical34,0.44638922694031546,0.3651456680463725,0.0,from Formicidae (cherry)
TACTTMPPheidole_Afrotropical35,0.44638922694031546,0.3651456680463725,0.0,from Formicidae (cherry)
TACTTMPPheidole_Afrotropical36,0.44638922694031546,0.3651456680463725,0,from Formicidae (singleton)
TACTTMPPheidole_Afrotropical37,0.44638922694031546,0.3651456680463725,0.0,from Formicidae (cherry)
TACTTMPPheidole_Afrotropical38,0.44638922694031546,0.3651456680463725,0.0,from Formicidae (cherry)
TACTTMPPheidole_Afrotropical39,0.44638922694031546,0.3651456680463725,0,from Formicidae (singleton)
TACTTMPPheidole_Afrotropical40,0.44638922694031546,0.3651456680463725,0.0,from Formicidae (cherry)
TACTTMPPheidole_Afrotropical41,0.44638922694031546,0.3651456680463725,0,from Formicidae (singleton)
TACTTMPPheidole_Afrotropical42,0.44638922694031546,0.3651456680463725,0.0,from Formicidae (crown capture probability)
TACTTMPPheidole_Afrotropical43,0.44638922694031546,0.3651456680463725,0.0,from Formicidae (cherry)
TACTTMPPheidole_Afrotropical44,0.44638922694031546,0.3651456680463725,0,from Formicidae (singleton)
TACTTMPPheidole_Afrotropical45,0.44638922694031546,0.3651456680463725,0.0,from Formicidae (cherry)
TACTTMPPheidole_Afrotropical46,0.44638922694031546,0.3651456680463725,0.0,from Formicidae (crown capture probability)
TACTTMPPheidole_Afrotropical47,0.44638922694031546,0.3651456680463725,0,from Formicidae (singleton)
TACTTMPPheidole_Afrotropical48,0.44638922694031546,0.3651456680463725,0,from Formicidae (singleton)
TACTTMPPheidole_Afrotropical49,0.44638922694031546,0.3651456680463725,0,from Formicidae (singleton)
TACTTMPPheidole_Afrotropical50,0.44638922694031546,0.3651456680463725,0,from Formicidae (singleton)
TACTTMPPheidole_Afrotropical51,0.44638922694031546,0.3651456680463725,0.0,from Formicidae (cherry)
TACTTMPPheidole_Afrotropical52,0.44638922694031546,0.3651456680463725,0.0,from Formicidae (crown capture probability)
TACTTMPPheidole_Afrotropical53,0.44638922694031546,0.3651456680463725,0.0,from Formicidae (crown capture probability)
TACTTMPPheidole_Afrotropical54,0.44638922694031546,0.3651456680463725,0.0,from Formicidae (cherry)
TACTTMPPheidole_Afrotropical55,0.44638922694031546,0.3651456680463725,0.0,from Formicidae (cherry)
TACTTMPPheidole_Afrotropical56,0.44638922694031546,0.3651456680463725,0.0,from Formicidae (crown capture probability)
TACTTMPPheidole_Afrotropical57,0.44638922694031546,0.3651456680463725,0.0,from Formicidae (crown capture probability)
TACTTMPPheidole_Afrotropical58,0.44638922694031546,0.3651456680463725,0.0,from Formicidae (cherry)
TACTTMPPheidole_Afrotropical59,0.44638922694031546,0.3651456680463725,0.0,from Formicidae (cherry)
TACTTMPPheidole_Afrotropical60,0.44638922694031546,0.3651456680463725,0,from Formicidae (singleton)
TACTTMPPheidole_Afrotropical61,0.44638922694031546,0.3651456680463725,0,from Formicidae (singleton)
TACTTMPPheidole_Afrotropical62,0.44638922694031546,0.3651456680463725,0,from Formicidae (singleton)
TACTTMPPheidole_Afrotropical63,0.44638922694031546,0.3651456680463725,0,from Formicidae (singleton)
TACTTMPPheidole_Afrotropical64,0.44638922694031546,0.3651456680463725,0.0,from Formicidae (cherry)
TACTTMPPheidole_Afrotropical65,0.44638922694031546,0.3651456680463725,0.0,from Formicidae (cherry)
TACTTMPPheidole_Afrotropical66,0.44638922694031546,0.3651456680463725,0,from Formicidae (singleton)
TACTTMPPheidole_Afrotropical67,0.44638922694031546,0.3651456680463725,0.0,from Formicidae (cherry)
TACTTMPPheidole_Afrotropical68,0.44638922694031546,0.3651456680463725,0.0,from Formicidae (cherry)
TACTTMPPheidole_Afrotropical69,0.44638922694031546,0.3651456680463725,0.0,from Formicidae (cherry)
TACTTMPPheidole_Afrotropical70,0.44638922694031546,0.3651456680463725,0,from Formicidae (singleton)
TACTTMPPheidole_Afrotropical71,0.44638922694031546,0.3651456680463725,0.0,from Formicidae (cherry)
TACTTMPPheidole_Afrotropical72,0.44638922694031546,0.3651456680463725,0,from Formicidae (singleton)
TACTTMPPheidole_Afrotropical73,0.44638922694031546,0.3651456680463725,0,from Formicidae (singleton)
TACTTMPPheidole_Afrotropical74,0.44638922694031546,0.3651456680463725,0.0,from Formicidae (cherry)
TACTTMPPheidole_Afrotropical75,0.44638922694031546,0.3651456680463725,0,from Formicidae (singleton)
TACTTMPPheidole_Afrotropical76,0.44638922694031546,0.3651456680463725,0,from Formicidae (singleton)
TACTTMPPheidole_Afrotropical77,0.44638922694031546,0.3651456680463725,0,from Formicidae (singleton)
TACTTMPPheidole_Afrotropical78,0.44638922694031546,0.3651456680463725,0,from Formicidae (singleton)
TACTTMPPheidole_Afrotropical79,0.44638922694031546,0.3651456680463725,0,from Formicidae (singleton)
TACTTMPPheidole_Afrotropical80,0.44638922694031546,0.3651456680463725,0.0,from Formicidae (cherry)
TACTTMPPheidole_Afrotropical81,0.44638922694031546,0.3651456680463725,0.0,from Formicidae (crown capture probability)
TACTTMPPheidole_Afrotropical82,0.44638922694031546,0.3651456680463725,0,from Formicidae (singleton)
TACTTMPPheidole_Afrotropical83,0.44638922694031546,0.3651456680463725,0.0,from Formicidae (cherry)
TACTTMPPheidole_Afrotropical84,0.44638922694031546,0.3651456680463725,0,from Formicidae (singleton)
TACTTMPPheidole_Afrotropical85,0.44638922694031546,0.3651456680463725,0.0,from Formicidae (cherry)
TACTTMPPheidole_Afrotropical86,0.44638922694031546,0.3651456680463725,0.0,from Formicidae (crown capture probability)
TACTTMPPheidole_Afrotropical87,0.44638922694031546,0.3651456680463725,0.0,from Formicidae (cherry)
TACTTMPPheidole_Afrotropical88,0.44638922694031546,0.3651456680463725,0,from Formicidae (singleton)
TACTTMPPheidole_Afrotropical89,0.44638922694031546,0.3651456680463725,0,from Formicidae (singleton)
TACTTMPPheidole_Afrotropical90,0.44638922694031546,0.3651456680463725,0.0,from Formicidae (cherry)
TACTTMPPheidole_Afrotropical91,0.44638922694031546,0.3651456680463725,0,from Formicidae (singleton)
TACTTMPPheidole_Afrotropical92,0.44638922694031546,0.3651456680463725,0,from Formicidae (singleton)
TACTTMPPheidole_Afrotropical93,0.44638922694031546,0.3651456680463725,0.0,from Formicidae (crown capture probability)
TACTTMPPheidole_Afrotropical94,0.44638922694031546,0.3651456680463725,0,from Formicidae (singleton)
TACTTMPPheidole_Afrotropical95,0.44638922694031546,0.3651456680463725,0,from Formicidae (singleton)
TACTTMPPheidole_Afrotropical96,0.44638922694031546,0.3651456680463725,0.0,from Formicidae (cherry)
TACTTMPPheidole_Afrotropical97,0.44638922694031546,0.3651456680463725,0,from Formicidae (singleton)
TACTTMPPheidole_Afrotropical98,0.44638922694031546,0.3651456680463725,0.0,from Formicidae (cherry)
TACTTMPPheidole_Afrotropical99,0.44638922694031546,0.3651456680463725,0,from Formicidae (singleton)
TACTTMPPheidole_Australasian04,0.44638922694031546,0.3651456680463725,0.0,from Formicidae (crown capture probability)
TACTTMPPheidole_Australasian05,0.44638922694031546,0.3651456680463725,0.0,from Formicidae (crown capture probability)
TACTTMPPheidole_Australasian06,0.44638922694031546,0.3651456680463725,0.0,from Formicidae (crown capture probability)
TACTTMPPheidole_Australasian07,0.44638922694031546,0.3651456680463725,0.0,from Formicidae (cherry)
TACTTMPPheidole_Australasian08,0.44638922694031546,0.3651456680463725,0.0,from Formicidae (crown capture probability)
TACTTMPPheidole_Australasian09,0.44638922694031546,0.3651456680463725,0.0,from Formicidae (crown capture probability)
TACTTMPPheidole_Australasian11,0.44638922694031546,0.3651456680463725,0.0,from Formicidae (crown capture probability)
TACTTMPPheidole_Australasian12,0.44638922694031546,0.3651456680463725,0.0,from Formicidae (crown capture probability)
TACTTMPPheidole_Australasian13,0.44638922694031546,0.3651456680463725,0,from Formicidae (singleton)
TACTTMPPheidole_Australasian132,0.44638922694031546,0.3651456680463725,0.0,from Formicidae (cherry)
TACTTMPPheidole_Australasian14,0.44638922694031546,0.3651456680463725,0.0,from Formicidae (crown capture probability)
TACTTMPPheidole_Australasian140,0.44638922694031546,0.3651456680463725,0.0,from Formicidae (crown capture probability)
TACTTMPPheidole_Australasian141,0.44638922694031546,0.3651456680463725,0.0,from Formicidae (crown capture probability)
TACTTMPPheidole_Australasian148,0.44638922694031546,0.3651456680463725,0.0,from Formicidae (crown capture probability)
TACTTMPPheidole_Australasian149,0.44638922694031546,0.3651456680463725,0.0,from Formicidae (crown capture probability)
TACTTMPPheidole_Australasian15,0.44638922694031546,0.3651456680463725,0,from Formicidae (singleton)
TACTTMPPheidole_Australasian151,0.44638922694031546,0.3651456680463725,0.0,from Formicidae (crown capture probability)
TACTTMPPheidole_Australasian152,0.44638922694031546,0.3651456680463725,0,from Formicidae (singleton)
TACTTMPPheidole_Australasian156,0.44638922694031546,0.3651456680463725,0.0,from Formicidae (cherry)
TACTTMPPheidole_Australasian16,0.44638922694031546,0.3651456680463725,0.0,from Formicidae (crown capture probability)
TACTTMPPheidole_Australasian173,0.44638922694031546,0.3651456680463725,0.0,from Formicidae (crown capture probability)
TACTTMPPheidole_Australasian176,0.44638922694031546,0.3651456680463725,0.0,from Formicidae (crown capture probability)
TACTTMPPheidole_Australasian184,0.44638922694031546,0.3651456680463725,0.0,from Formicidae (crown capture probability)
TACTTMPPheidole_Australasian187,0.44638922694031546,0.3651456680463725,0.0,from Formicidae (cherry)
TACTTMPPheidole_Australasian19,0.44638922694031546,0.3651456680463725,0.0,from Formicidae (cherry)
TACTTMPPheidole_Australasian195,0.44638922694031546,0.3651456680463725,0,from Formicidae (singleton)
TACTTMPPheidole_Australasian20,0.44638922694031546,0.3651456680463725,0.0,from Formicidae (crown capture probability)
TACTTMPPheidole_Australasian22,0.44638922694031546,0.3651456680463725,0.0,from Formicidae (crown capture probability)
TACTTMPPheidole_Australasian23,0.44638922694031546,0.3651456680463725,0.0,from Formicidae (crown capture probability)
TACTTMPPheidole_Australasian24,0.44638922694031546,0.3651456680463725,0,from Formicidae (singleton)
TACTTMPPheidole_Australasian25,0.44638922694031546,0.3651456680463725,0.0,from Formicidae (crown capture probability)
TACTTMPPheidole_Indomalayan133,0.44638922694031546,0.3651456680463725,0.0,from Formicidae (crown capture probability)
TACTTMPPheidole_Indomalayan134,0.44638922694031546,0.3651456680463725,0.0,from Formicidae (crown capture probability)
TACTTMPPheidole_Indomalayan135,0.44638922694031546,0.3651456680463725,0.0,from Formicidae (crown capture probability)
TACTTMPPheidole_Indomalayan136,0.44638922694031546,0.3651456680463725,0.0,from Formicidae (crown capture probability)
TACTTMPPheidole_Indomalayan139,0.44638922694031546,0.3651456680463725,0.0,from Formicidae (crown capture probability)
TACTTMPPheidole_Indomalayan142,0.44638922694031546,0.3651456680463725,0.0,from Formicidae (crown capture probability)
TACTTMPPheidole_Indomalayan143,0.44638922694031546,0.3651456680463725,0.0,from Formicidae (crown capture probability)
TACTTMPPheidole_Indomalayan144,0.44638922694031546,0.3651456680463725,0.0,from Formicidae (crown capture probability)
TACTTMPPheidole_Indomalayan145,0.44638922694031546,0.3651456680463725,0.0,from Formicidae (crown capture probability)
TACTTMPPheidole_Indomalayan146,0.44638922694031546,0.3651456680463725,0.0,from Formicidae (crown capture probability)
TACTTMPPheidole_Indomalayan147,0.44638922694031546,0.3651456680463725,0.0,from Formicidae (crown capture probability)
TACTTMPPheidole_Indomalayan153,0.44638922694031546,0.3651456680463725,0.0,from Formicidae (crown capture probability)
TACTTMPPheidole_Indomalayan154,0.44638922694031546,0.3651456680463725,0.0,from Formicidae (crown capture probability)
TACTTMPPheidole_Indomalayan155,0.44638922694031546,0.3651456680463725,0.0,from Formicidae (crown capture probability)
TACTTMPPheidole_Indomalayan157,0.44638922694031546,0.3651456680463725,0.0,from Formicidae (crown capture probability)
TACTTMPPheidole_Indomalayan158,0.44638922694031546,0.3651456680463725,0.0,from Formicidae (crown capture probability)
TACTTMPPheidole_Indomalayan175,0.44638922694031546,0.3651456680463725,0.0,from Formicidae (crown capture probability)
TACTTMPPheidole_Indomalayan180,0.44638922694031546,0.3651456680463725,0.0,from Formicidae (crown capture probability)
TACTTMPPheidole_Indomalayan181,0.44638922694031546,0.3651456680463725,0.0,from Formicidae (crown capture probability)
TACTTMPPheidole_Indomalayan185,0.44638922694031546,0.3651456680463725,0,from Formicidae (singleton)
TACTTMPPheidole_Indomalayan186,0.44638922694031546,0.3651456680463725,0.0,from Formicidae (crown capture probability)
TACTTMPPheidole_Indomalayan188,0.44638922694031546,0.3651456680463725,0.0,from Formicidae (crown capture probability)
TACTTMPPheidole_Indomalayan191,0.44638922694031546,0.3651456680463725,0.0,from Formicidae (crown capture probability)
TACTTMPPheidole_Indomalayan192,0.44638922694031546,0.3651456680463725,0.0,from Formicidae (crown capture probability)
TACTTMPPheidole_Indomalayan196,0.44638922694031546,0.3651456680463725,0.0,from Formicidae (cherry)
TACTTMPPheidole_Nearctic03,0.44638922694031546,0.3651456680463725,0.0,from Formicidae (cherry)
TACTTMPPheidole_Nearctic218,0.44638922694031546,0.3651456680463725,0.0,from Formicidae (crown capture probability)
TACTTMPPheidole_Nearctic219,0.44638922694031546,0.3651456680463725,0,from Formicidae (singleton)
TACTTMPPheidole_Nearctic220,0.44638922694031546,0.3651456680463725,0,from Formicidae (singleton)
TACTTMPPheidole_Nearctic221,0.44638922694031546,0.3651456680463725,0,from Formicidae (singleton)
TACTTMPPheidole_Nearctic222,0.44638922694031546,0.3651456680463725,0,from Formicidae (singleton)
TACTTMPPheidole_Nearctic223,0.44638922694031546,0.3651456680463725,0,from Formicidae (singleton)
TACTTMPPheidole_Nearctic224,0.44638922694031546,0.3651456680463725,0.0,from Formicidae (cherry)
TACTTMPPheidole_Nearctic227,0.44638922694031546,0.3651456680463725,0,from Formicidae (singleton)
TACTTMPPheidole_Nearctic230,0.44638922694031546,0.3651456680463725,0,from Formicidae (singleton)
TACTTMPPheidole_Nearctic231,0.44638922694031546,0.3651456680463725,0,from Formicidae (singleton)
TACTTMPPheidole_Nearctic233,0.44638922694031546,0.3651456680463725,0,from Formicidae (singleton)
TACTTMPPheidole_Nearctic234,0.44638922694031546,0.3651456680463725,0,from Formicidae (singleton)
TACTTMPPheidole_Nearctic235,0.44638922694031546,0.3651456680463725,0,from Formicidae (singleton)
TACTTMPPheidole_Nearctic257,0.44638922694031546,0.3651456680463725,0,from Formicidae (singleton)
TACTTMPPheidole_Nearctic260,0.44638922694031546,0.3651456680463725,0,from Formicidae (singleton)
TACTTMPPheidole_Nearctic261,0.44638922694031546,0.3651456680463725,0,from Formicidae (singleton)
TACTTMPPheidole_Nearctic262,0.44638922694031546,0.3651456680463725,0.0,from Formicidae (cherry)
TACTTMPPheidole_Nearctic263,0.44638922694031546,0.3651456680463725,0.0,from Formicidae (crown capture probability)
TACTTMPPheidole_Nearctic264,0.44638922694031546,0.3651456680463725,0.0,from Formicidae (cherry)
TACTTMPPheidole_Nearctic265,0.44638922694031546,0.3651456680463725,0.0,from Formicidae (cherry)
TACTTMPPheidole_Nearctic266,0.44638922694031546,0.3651456680463725,0,from Formicidae (singleton)
TACTTMPPheidole_Nearctic267,0.44638922694031546,0.3651456680463725,0,from Formicidae (singleton)
TACTTMPPheidole_Nearctic271,0.44638922694031546,0.3651456680463725,0,from Formicidae (singleton)
TACTTMPPheidole_Nearctic272,0.44638922694031546,0.3651456680463725,0.0,from Formicidae (cherry)
TACTTMPPheidole_Nearctic273,0.44638922694031546,0.3651456680463725,0.0,from Formicidae (cherry)
TACTTMPPheidole_Nearctic274,0.44638922694031546,0.3651456680463725,0.0,from Formicidae (cherry)
TACTTMPPheidole_Nearctic275,0.44638922694031546,0.3651456680463725,0.0,from Formicidae (crown capture probability)
TACTTMPPheidole_Nearctic307,0.44638922694031546,0.3651456680463725,0.0,from Formicidae (crown capture probability)
TACTTMPPheidole_Nearctic309,0.44638922694031546,0.3651456680463725,0.0,from Formicidae (cherry)
TACTTMPPheidole_Nearctic310,0.44638922694031546,0.3651456680463725,0.0,from Formicidae (crown capture probability)
TACTTMPPheidole_Nearctic311,0.44638922694031546,0.3651456680463725,0,from Formicidae (singleton)
TACTTMPPheidole_Nearctic312,0.44638922694031546,0.3651456680463725,0.0,from Formicidae (cherry)
TACTTMPPheidole_Nearctic313,0.44638922694031546,0.3651456680463725,0,from Formicidae (singleton)
TACTTMPPheidole_Nearctic314,0.44638922694031546,0.3651456680463725,0.0,from Formicidae (cherry)
TACTTMPPheidole_Nearctic316,0.44638922694031546,0.3651456680463725,0,from Formicidae (singleton)
TACTTMPPheidole_Nearctic317,0.44638922694031546,0.3651456680463725,0.0,from Formicidae (cherry)
TACTTMPPheidole_Nearctic318,0.44638922694031546,0.3651456680463725,0.0,from Formicidae (crown capture probability)
TACTTMPPheidole_Nearctic319,0.44638922694031546,0.3651456680463725,0,from Formicidae (singleton)
TACTTMPPheidole_Nearctic320,0.44638922694031546,0.3651456680463725,0,from Formicidae (singleton)
TACTTMPPheidole_Nearctic321,0.44638922694031546,0.3651456680463725,0.0,from Formicidae (cherry)
TACTTMPPheidole_Nearctic322,0.44638922694031546,0.3651456680463725,0,from Formicidae (singleton)
TACTTMPPheidole_Nearctic362,0.44638922694031546,0.3651456680463725,0.0,from Formicidae (cherry)
TACTTMPPheidole_Nearctic363,0.44638922694031546,0.3651456680463725,0,from Formicidae (singleton)
TACTTMPPheidole_Neotropical01,0.44638922694031546,0.3651456680463725,0.0,from Formicidae (crown capture probability)
TACTTMPPheidole_Neotropical02,0.44638922694031546,0.3651456680463725,0.0,from Formicidae (crown capture probability)
TACTTMPPheidole_Neotropical131,0.44638922694031546,0.3651456680463725,0.0,from Formicidae (crown capture probability)
TACTTMPPheidole_Neotropical150,0.44638922694031546,0.3651456680463725,0.0,from Formicidae (crown capture probability)
TACTTMPPheidole_Neotropical211,0.44638922694031546,0.3651456680463725,0.0,from Formicidae (crown capture probability)
TACTTMPPheidole_Neotropical212,0.44638922694031546,0.3651456680463725,0.0,from Formicidae (crown capture probability)
TACTTMPPheidole_Neotropical213,0.44638922694031546,0.3651456680463725,0.0,from Formicidae (crown capture probability)
TACTTMPPheidole_Neotropical214,0.44638922694031546,0.3651456680463725,0,from Formicidae (singleton)
TACTTMPPheidole_Neotropical215,0.44638922694031546,0.3651456680463725,0.0,from Formicidae (crown capture probability)
TACTTMPPheidole_Neotropical216,0.44638922694031546,0.3651456680463725,0.0,from Formicidae (cherry)
TACTTMPPheidole_Neotropical225,0.44638922694031546,0.3651456680463725,0.0,from Formicidae (crown capture probability)
TACTTMPPheidole_Neotropical226,0.44638922694031546,0.3651456680463725,0.0,from Formicidae (crown capture probability)
TACTTMPPheidole_Neotropical228,0.44638922694031546,0.3651456680463725,0.0,from Formicidae (crown capture probability)
TACTTMPPheidole_Neotropical229,0.44638922694031546,0.3651456680463725,0.0,from Formicidae (crown capture probability)
TACTTMPPheidole_Neotropical232,0.44638922694031546,0.3651456680463725,0.0,from Formicidae (crown capture probability)
TACTTMPPheidole_Neotropical236,0.44638922694031546,0.3651456680463725,0.0,from Formicidae (crown capture probability)
TACTTMPPheidole_Neotropical237,0.44638922694031546,0.3651456680463725,0.0,from Formicidae (crown capture probability)
TACTTMPPheidole_Neotropical238,0.44638922694031546,0.3651456680463725,0,from Formicidae (singleton)
TACTTMPPheidole_Neotropical239,0.44638922694031546,0.3651456680463725,0.0,from Formicidae (crown capture probability)
TACTTMPPheidole_Neotropical240,0.44638922694031546,0.3651456680463725,0.0,from Formicidae (crown capture probability)
TACTTMPPheidole_Neotropical241,0.44638922694031546,0.3651456680463725,0.0,from Formicidae (crown capture probability)
TACTTMPPheidole_Neotropical242,0.44638922694031546,0.3651456680463725,0.0,from Formicidae (crown capture probability)
TACTTMPPheidole_Neotropical243,0.44638922694031546,0.3651456680463725,0.0,from Formicidae (cherry)
TACTTMPPheidole_Neotropical244,0.44638922694031546,0.3651456680463725,0.0,from Formicidae (crown capture probability)
TACTTMPPheidole_Neotropical245,0.44638922694031546,0.3651456680463725,0.0,from Formicidae (crown capture probability)
TACTTMPPheidole_Neotropical246,0.44638922694031546,0.3651456680463725,0.0,from Formicidae (crown capture probability)
TACTTMPPheidole_Neotropical247,0.44638922694031546,0.3651456680463725,0.0,from Formicidae (crown capture probability)
TACTTMPPheidole_Neotropical248,0.44638922694031546,0.3651456680463725,0.0,from Formicidae (crown capture probability)
TACTTMPPheidole_Neotropical249,0.44638922694031546,0.3651456680463725,0.0,from Formicidae (cherry)
TACTTMPPheidole_Neotropical250,0.44638922694031546,0.3651456680463725,0.0,from Formicidae (crown capture probability)
TACTTMPPheidole_Neotropical251,0.44638922694031546,0.3651456680463725,0.0,from Formicidae (crown capture probability)
TACTTMPPheidole_Neotropical252,0.44638922694031546,0.3651456680463725,0.0,from Formicidae (crown capture probability)
TACTTMPPheidole_Neotropical253,0.44638922694031546,0.3651456680463725,0.0,from Formicidae (crown capture probability)
TACTTMPPheidole_Neotropical254,0.44638922694031546,0.3651456680463725,0.0,from Formicidae (crown capture probability)
TACTTMPPheidole_Neotropical255,0.44638922694031546,0.3651456680463725,0.0,from Formicidae (crown capture probability)
TACTTMPPheidole_Neotropical256,0.44638922694031546,0.3651456680463725,0.0,from Formicidae (crown capture probability)
TACTTMPPheidole_Neotropical258,0.44638922694031546,0.3651456680463725,0.0,from Formicidae (crown capture probability)
TACTTMPPheidole_Neotropical259,0.44638922694031546,0.3651456680463725,0.0,from Formicidae (crown capture probability)
TACTTMPPheidole_Neotropical268,0.44638922694031546,0.3651456680463725,0.0,from Formicidae (crown capture probability)
TACTTMPPheidole_Neotropical269,0.44638922694031546,0.3651456680463725,0.0,from Formicidae (crown capture probability)
TACTTMPPheidole_Neotropical270,0.44638922694031546,0.3651456680463725,0.0,from Formicidae (crown capture probability)
TACTTMPPheidole_Neotropical276,0.44638922694031546,0.3651456680463725,0.0,from Formicidae (crown capture probability)
TACTTMPPheidole_Neotropical277,0.44638922694031546,0.3651456680463725,0.0,from Formicidae (crown capture probability)
TACTTMPPheidole_Neotropical278,0.44638922694031546,0.3651456680463725,0.0,from Formicidae (crown capture probability)
TACTTMPPheidole_Neotropical279,0.44638922694031546,0.3651456680463725,0.0,from Formicidae (crown capture probability)
TACTTMPPheidole_Neotropical280,0.44638922694031546,0.3651456680463725,0.0,from Formicidae (crown capture probability)
TACTTMPPheidole_Neotropical281,0.44638922694031546,0.3651456680463725,0.0,from Formicidae (crown capture probability)
TACTTMPPheidole_Neotropical282,0.44638922694031546,0.3651456680463725,0.0,from Formicidae (crown capture probability)
TACTTMPPheidole_Neotropical283,0.44638922694031546,0.3651456680463725,0.0,from Formicidae (crown capture probability)
TACTTMPPheidole_Neotropical284,0.44638922694031546,0.3651456680463725,0.0,from Formicidae (crown capture probability)
TACTTMPPheidole_Neotropical285,0.44638922694031546,0.3651456680463725,0.0,from Formicidae (cherry)
TACTTMPPheidole_Neotropical286,0.44638922694031546,0.3651456680463725,0.0,from Formicidae (crown capture probability)
TACTTMPPheidole_Neotropical287,0.44638922694031546,0.3651456680463725,0.0,from Formicidae (crown capture probability)
TACTTMPPheidole_Neotropical288,0.44638922694031546,0.3651456680463725,0.0,from Formicidae (crown capture probability)
TACTTMPPheidole_Neotropical289,0.44638922694031546,0.3651456680463725,0.0,from Formicidae (crown capture probability)
TACTTMPPheidole_Neotropical290,0.44638922694031546,0.3651456680463725,0.0,from Formicidae (crown capture probability)
TACTTMPPheidole_Neotropical291,0.44638922694031546,0.3651456680463725,0.0,from Formicidae (crown capture probability)
TACTTMPPheidole_Neotropical292,0.44638922694031546,0.3651456680463725,0.0,from Formicidae (crown capture probability)
TACTTMPPheidole_Neotropical293,0.44638922694031546,0.3651456680463725,0.0,from Formicidae (crown capture probability)
TACTTMPPheidole_Neotropical294,0.44638922694031546,0.3651456680463725,0.0,from Formicidae (crown capture probability)
TACTTMPPheidole_Neotropical295,0.44638922694031546,0.3651456680463725,0,from Formicidae (singleton)
TACTTMPPheidole_Neotropical296,0.44638922694031546,0.3651456680463725,0.0,from Formicidae (crown capture probability)
TACTTMPPheidole_Neotropical297,0.44638922694031546,0.3651456680463725,0.0,from Formicidae (crown capture probability)
TACTTMPPheidole_Neotropical298,0.44638922694031546,0.3651456680463725,0.0,from Formicidae (crown capture probability)
TACTTMPPheidole_Neotropical299,0.44638922694031546,0.3651456680463725,0.0,from Formicidae (crown capture probability)
TACTTMPPheidole_Neotropical300,0.44638922694031546,0.3651456680463725,0.0,from Formicidae (crown capture probability)
TACTTMPPheidole_Neotropical301,0.44638922694031546,0.3651456680463725,0.0,from Formicidae (crown capture probability)
TACTTMPPheidole_Neotropical302,0.44638922694031546,0.3651456680463725,0.0,from Formicidae (crown capture probability)
TACTTMPPheidole_Neotropical303,0.44638922694031546,0.3651456680463725,0.0,from Formicidae (crown capture probability)
TACTTMPPheidole_Neotropical304,0.44638922694031546,0.3651456680463725,0.0,from Formicidae (crown capture probability)
TACTTMPPheidole_Neotropical305,0.44638922694031546,0.3651456680463725,0.0,from Formicidae (crown capture probability)
TACTTMPPheidole_Neotropical306,0.44638922694031546,0.3651456680463725,0.0,from Formicidae (crown capture probability)
TACTTMPPheidole_Neotropical308,0.44638922694031546,0.3651456680463725,0.0,from Formicidae (crown capture probability)
TACTTMPPheidole_Neotropical315,0.44638922694031546,0.3651456680463725,0.0,from Formicidae (crown capture probability)
TACTTMPPheidole_Neotropical323,0.44638922694031546,0.3651456680463725,0.0,from Formicidae (cherry)
TACTTMPPheidole_Neotropical324,0.44638922694031546,0.3651456680463725,0.0,from Formicidae (crown capture probability)
TACTTMPPheidole_Neotropical325,0.44638922694031546,0.3651456680463725,0.0,from Formicidae (crown capture probability)
TACTTMPPheidole_Neotropical326,0.44638922694031546,0.3651456680463725,0.0,from Formicidae (crown capture probability)
TACTTMPPheidole_Neotropical327,0.44638922694031546,0.3651456680463725,0.0,from Formicidae (crown capture probability)
TACTTMPPheidole_Neotropical328,0.44638922694031546,0.3651456680463725,0.0,from Formicidae (crown capture probability)
TACTTMPPheidole_Neotropical329,0.44638922694031546,0.3651456680463725,0.0,from Formicidae (cherry)
TACTTMPPheidole_Neotropical330,0.44638922694031546,0.3651456680463725,0.0,from Formicidae (crown capture probability)
TACTTMPPheidole_Neotropical331,0.44638922694031546,0.3651456680463725,0.0,from Formicidae (crown capture probability)
TACTTMPPheidole_Neotropical332,0.44638922694031546,0.3651456680463725,0.0,from Formicidae (crown capture probability)
TACTTMPPheidole_Neotropical333,0.44638922694031546,0.3651456680463725,0.0,from Formicidae (crown capture probability)
TACTTMPPheidole_Neotropical334,0.44638922694031546,0.3651456680463725,0.0,from Formicidae (crown capture probability)
TACTTMPPheidole_Neotropical335,0.44638922694031546,0.3651456680463725,0.0,from Formicidae (crown capture probability)
TACTTMPPheidole_Neotropical336,0.44638922694031546,0.3651456680463725,0.0,from Formicidae (crown capture probability)
TACTTMPPheidole_Neotropical337,0.44638922694031546,0.3651456680463725,0.0,from Formicidae (crown capture probability)
TACTTMPPheidole_Neotropical338,0.44638922694031546,0.3651456680463725,0.0,from Formicidae (crown capture probability)
TACTTMPPheidole_Neotropical339,0.44638922694031546,0.3651456680463725,0.0,from Formicidae (crown capture probability)
TACTTMPPheidole_Neotropical340,0.44638922694031546,0.3651456680463725,0.0,from Formicidae (crown capture probability)
TACTTMPPheidole_Neotropical341,0.44638922694031546,0.3651456680463725,0.0,from Formicidae (crown capture probability)
TACTTMPPheidole_Neotropical342,0.44638922694031546,0.3651456680463725,0.0,from Formicidae (crown capture probability)
TACTTMPPheidole_Neotropical343,0.44638922694031546,0.3651456680463725,0.0,from Formicidae (crown capture probability)
TACTTMPPheidole_Neotropical344,0.44638922694031546,0.3651456680463725,0.0,from Formicidae (crown capture probability)
TACTTMPPheidole_Neotropical345,0.44638922694031546,0.3651456680463725,0.0,from Formicidae (cherry)
TACTTMPPheidole_Neotropical346,0.44638922694031546,0.3651456680463725,0.0,from Formicidae (crown capture probability)
TACTTMPPheidole_Neotropical347,0.44638922694031546,0.3651456680463725,0.0,from Formicidae (crown capture probability)
TACTTMPPheidole_Neotropical348,0.44638922694031546,0.3651456680463725,0.0,from Formicidae (crown capture probability)
TACTTMPPheidole_Neotropical349,0.44638922694031546,0.3651456680463725,0.0,from Formicidae (crown capture probability)
TACTTMPPheidole_Neotropical350,0.44638922694031546,0.3651456680463725,0.0,from Formicidae (crown capture probability)
TACTTMPPheidole_Neotropical351,0.44638922694031546,0.3651456680463725,0.0,from Formicidae (cherry)
TACTTMPPheidole_Neotropical352,0.44638922694031546,0.3651456680463725,0.0,from Formicidae (crown capture probability)
TACTTMPPheidole_Neotropical353,0.44638922694031546,0.3651456680463725,0.0,from Formicidae (crown capture probability)
TACTTMPPheidole_Neotropical354,0.44638922694031546,0.3651456680463725,0.0,from Formicidae (crown capture probability)
TACTTMPPheidole_Neotropical356,0.44638922694031546,0.3651456680463725,0.0,from Formicidae (crown capture probability)
TACTTMPPheidole_Neotropical357,0.44638922694031546,0.3651456680463725,0.0,from Formicidae (crown capture probability)
TACTTMPPheidole_Neotropical358,0.44638922694031546,0.3651456680463725,0.0,from Formicidae (crown capture probability)
TACTTMPPheidole_Neotropical359,0.44638922694031546,0.3651456680463725,0.0,from Formicidae (crown capture probability)
TACTTMPPheidole_Neotropical360,0.44638922694031546,0.3651456680463725,0.0,from Formicidae (cherry)
TACTTMPPheidole_Neotropical361,0.44638922694031546,0.3651456680463725,0.0,from Formicidae (crown capture probability)
TACTTMPPheidole_Neotropical364,0.44638922694031546,0.3651456680463725,0.0,from Formicidae (crown capture probability)
TACTTMPPheidole_Neotropical365,0.44638922694031546,0.3651456680463725,0.0,from Formicidae (crown capture probability)
TACTTMPPheidole_Neotropical366,0.44638922694031546,0.3651456680463725,0.0,from Formicidae (crown capture probability)
TACTTMPPheidole_Neotropical367,0.44638922694031546,0.3651456680463725,0.0,from Formicidae (crown capture probability)
TACTTMPPheidole_Neotropical368,0.44638922694031546,0.3651456680463725,0.0,from Formicidae (crown capture probability)
TACTTMPPheidole_Neotropical369,0.44638922694031546,0.3651456680463725,0.0,from Formicidae (crown capture probability)
TACTTMPPheidole_Oceanian10,0.44638922694031546,0.3651456680463725,0,from Formicidae (singleton)
TACTTMPPheidole_Oceanian160,0.44638922694031546,0.3651456680463725,0,from Formicidae (singleton)
TACTTMPPheidole_Oceanian161,0.44638922694031546,0.3651456680463725,0.0,from Formicidae (cherry)
TACTTMPPheidole_Oceanian162,0.44638922694031546,0.3651456680463725,0,from Formicidae (singleton)
TACTTMPPheidole_Oceanian163,0.44638922694031546,0.3651456680463725,0,from Formicidae (singleton)
TACTTMPPheidole_Oceanian164,0.44638922694031546,0.3651456680463725,0,from Formicidae (singleton)
TACTTMPPheidole_Oceanian165,0.44638922694031546,0.3651456680463725,0,from Formicidae (singleton)
TACTTMPPheidole_Oceanian166,0.44638922694031546,0.3651456680463725,0,from Formicidae (singleton)
TACTTMPPheidole_Oceanian167,0.44638922694031546,0.3651456680463725,0,from Formicidae (singleton)
TACTTMPPheidole_Oceanian168,0.44638922694031546,0.3651456680463725,0,from Formicidae (singleton)
TACTTMPPheidole_Oceanian169,0.44638922694031546,0.3651456680463725,0,from Formicidae (singleton)
TACTTMPPheidole_Oceanian17,0.44638922694031546,0.3651456680463725,0,from Formicidae (singleton)
TACTTMPPheidole_Oceanian170,0.44638922694031546,0.3651456680463725,0,from Formicidae (singleton)
TACTTMPPheidole_Oceanian171,0.44638922694031546,0.3651456680463725,0.0,from Formicidae (cherry)
TACTTMPPheidole_Oceanian172,0.44638922694031546,0.3651456680463725,0,from Formicidae (singleton)
TACTTMPPheidole_Oceanian18,0.44638922694031546,0.3651456680463725,0,from Formicidae (singleton)
TACTTMPPheidole_Oceanian182,0.44638922694031546,0.3651456680463725,0.0,from Formicidae (crown capture probability)
TACTTMPPheidole_Oceanian193,0.44638922694031546,0.3651456680463725,0.0,from Formicidae (cherry)
TACTTMPPheidole_Oceanian21,0.44638922694031546,0.3651456680463725,0,from Formicidae (singleton)
TACTTMPPheidole_Palearctic137,0.44638922694031546,0.3651456680463725,0.0,from Formicidae (crown capture probability)
TACTTMPPheidole_Palearctic138,0.44638922694031546,0.3651456680463725,0.0,from Formicidae (crown capture probability)
TACTTMPPheidole_Palearctic159,0.44638922694031546,0.3651456680463725,0.0,from Formicidae (crown capture probability)
TACTTMPPheidole_Palearctic177,0.44638922694031546,0.3651456680463725,0.0,from Formicidae (cherry)
TACTTMPPheidole_Palearctic178,0.44638922694031546,0.3651456680463725,0,from Formicidae (singleton)
TACTTMPPheidole_Palearctic179,0.44638922694031546,0.3651456680463725,0.0,from Formicidae (crown capture probability)
TACTTMPPheidole_Palearctic183,0.44638922694031546,0.3651456680463725,0,from Formicidae (singleton)
TACTTMPPheidole_Palearctic189,0.44638922694031546,0.3651456680463725,0.0,from Formicidae (crown capture probability)
TACTTMPPheidole_Palearctic190,0.44638922694031546,0.3651456680463725,0,from Formicidae (singleton)
TACTTMPPheidole_Palearctic203,0.44638922694031546,0.3651456680463725,0.0,from Formicidae (crown capture probability)
TACTTMPPheidole_Palearctic204,0.44638922694031546,0.3651456680463725,0.0,from Formicidae (crown capture probability)
TACTTMPPheidole_Unknown355,0.44638922694031546,0.3651456680463725,0.0,from Formicidae (crown capture probability)
TACTTMPPheidole_Unknown370,0.44638922694031546,0.3651456680463725,0.0,from Formicidae (crown capture probability)
TACTTMPPhilidris_Indomalayan01,0.44638922694031546,0.3651456680463725,0.0,from Formicidae (crown capture probability)
TACTTMPPlagiolepis_Afrotropical01,0.44638922694031546,0.3651456680463725,0.0,from Formicidae (crown capture probability)
TACTTMPPlagiolepis_Afrotropical02,0.44638922694031546,0.3651456680463725,0.0,from Formicidae (crown capture probability)
TACTTMPPlatythyrea_Afrotropical01,0.44638922694031546,0.3651456680463725,0,from Formicidae (singleton)
TACTTMPPlatythyrea_Afrotropical02,0.44638922694031546,0.3651456680463725,0,from Formicidae (singleton)
TACTTMPPlatythyrea_Afrotropical03,0.44638922694031546,0.3651456680463725,0,from Formicidae (singleton)
TACTTMPPlatythyrea_Afrotropical04,0.44638922694031546,0.3651456680463725,0,from Formicidae (singleton)
TACTTMPPlatythyrea_Afrotropical05,0.44638922694031546,0.3651456680463725,0,from Formicidae (singleton)
TACTTMPPlatythyrea_Afrotropical06,0.44638922694031546,0.3651456680463725,0,from Formicidae (singleton)
TACTTMPPlatythyrea_Afrotropical10,0.44638922694031546,0.3651456680463725,0,from Formicidae (singleton)
TACTTMPPlatythyrea_Afrotropical11,0.44638922694031546,0.3651456680463725,0,from Formicidae (singleton)
TACTTMPPlatythyrea_Afrotropical17,0.44638922694031546,0.3651456680463725,0.0,from Formicidae (cherry)
TACTTMPPlatythyrea_Afrotropical19,0.44638922694031546,0.3651456680463725,0.0,from Formicidae (cherry)
TACTTMPPlatythyrea_Afrotropical22,0.44638922694031546,0.3651456680463725,0.0,from Formicidae (crown capture probability)
TACTTMPPlatythyrea_Afrotropical23,0.44638922694031546,0.3651456680463725,0,from Formicidae (singleton)
TACTTMPPlatythyrea_Afrotropical24,0.44638922694031546,0.3651456680463725,0,from Formicidae (singleton)
TACTTMPPlatythyrea_Australasian09,0.44638922694031546,0.3651456680463725,0.0,from Formicidae (cherry)
TACTTMPPlatythyrea_Australasian18,0.44638922694031546,0.3651456680463725,0.0,from Formicidae (crown capture probability)
TACTTMPPlatythyrea_Indomalayan07,0.44638922694031546,0.3651456680463725,0.0,from Formicidae (crown capture probability)
TACTTMPPlatythyrea_Indomalayan08,0.44638922694031546,0.3651456680463725,0.0,from Formicidae (crown capture probability)
TACTTMPPlatythyrea_Neotropical12,0.44638922694031546,0.3651456680463725,0.0,from Formicidae (cherry)
TACTTMPPlatythyrea_Neotropical13,0.44638922694031546,0.3651456680463725,0,from Formicidae (singleton)
TACTTMPPlatythyrea_Neotropical14,0.44638922694031546,0.3651456680463725,0,from Formicidae (singleton)
TACTTMPPlatythyrea_Neotropical15,0.44638922694031546,0.3651456680463725,0.0,from Formicidae (cherry)
TACTTMPPlatythyrea_Neotropical21,0.44638922694031546,0.3651456680463725,0.0,from Formicidae (cherry)
TACTTMPPlatythyrea_Unknown16,0.44638922694031546,0.3651456680463725,0,from Formicidae (singleton)
TACTTMPPlatythyrea_Unknown20,0.44638922694031546,0.3651456680463725,0,from Formicidae (singleton)
TACTTMPPlectroctena_Afrotropical01,0.44638922694031546,0.3651456680463725,0.0,from Formicidae (crown capture probability)
TACTTMPPlectroctena_Afrotropical02,0.44638922694031546,0.3651456680463725,0.0,from Formicidae (cherry)
TACTTMPPlectroctena_Afrotropical03,0.44638922694031546,0.3651456680463725,0.0,from Formicidae (crown capture probability)
TACTTMPPlectroctena_Afrotropical04,0.44638922694031546,0.3651456680463725,0.0,from Formicidae (cherry)
TACTTMPPlectroctena_Afrotropical05,0.44638922694031546,0.3651456680463725,0,from Formicidae (singleton)
TACTTMPPlectroctena_Afrotropical06,0.44638922694031546,0.3651456680463725,0.0,from Formicidae (crown capture probability)
TACTTMPPodomyrma_Australasian01,0.44638922694031546,0.3651456680463725,0.0,from Formicidae (crown capture probability)
TACTTMPPodomyrma_Australasian02,0.44638922694031546,0.3651456680463725,0.0,from Formicidae (crown capture probability)
TACTTMPPodomyrma_Australasian04,0.44638922694031546,0.3651456680463725,0.0,from Formicidae (crown capture probability)
TACTTMPPodomyrma_Indomalayan03,0.44638922694031546,0.3651456680463725,0.0,from Formicidae (crown capture probability)
TACTTMPPoecilomyrma_Oceanian01,0.44638922694031546,0.3651456680463725,0.0,from Formicidae (cherry)
TACTTMPPogonomyrmex_Nearctic01,0.44638922694031546,0.3651456680463725,0,from Formicidae (singleton)
TACTTMPPogonomyrmex_Nearctic02,0.44638922694031546,0.3651456680463725,0,from Formicidae (singleton)
TACTTMPPogonomyrmex_Nearctic03,0.44638922694031546,0.3651456680463725,0,from Formicidae (singleton)
TACTTMPPogonomyrmex_Nearctic04,0.44638922694031546,0.3651456680463725,0,from Formicidae (singleton)
TACTTMPPogonomyrmex_Nearctic05,0.44638922694031546,0.3651456680463725,0,from Formicidae (singleton)
TACTTMPPogonomyrmex_Nearctic06,0.44638922694031546,0.3651456680463725,0,from Formicidae (singleton)
TACTTMPPogonomyrmex_Nearctic08,0.44638922694031546,0.3651456680463725,0,from Formicidae (singleton)
TACTTMPPogonomyrmex_Nearctic09,0.44638922694031546,0.3651456680463725,0,from Formicidae (singleton)
TACTTMPPogonomyrmex_Nearctic10,0.44638922694031546,0.3651456680463725,0,from Formicidae (singleton)
TACTTMPPogonomyrmex_Nearctic11,0.44638922694031546,0.3651456680463725,0,from Formicidae (singleton)
TACTTMPPogonomyrmex_Nearctic12,0.44638922694031546,0.3651456680463725,0,from Formicidae (singleton)
TACTTMPPogonomyrmex_Nearctic13,0.44638922694031546,0.3651456680463725,0,from Formicidae (singleton)
TACTTMPPogonomyrmex_Nearctic14,0.44638922694031546,0.3651456680463725,0.0,from Formicidae (crown capture probability)
TACTTMPPogonomyrmex_Nearctic15,0.44638922694031546,0.3651456680463725,0,from Formicidae (singleton)
TACTTMPPogonomyrmex_Nearctic16,0.44638922694031546,0.3651456680463725,0,from Formicidae (singleton)
TACTTMPPogonomyrmex_Nearctic17,0.44638922694031546,0.3651456680463725,0,from Formicidae (singleton)
TACTTMPPogonomyrmex_Nearctic18,0.44638922694031546,0.3651456680463725,0,from Formicidae (singleton)
TACTTMPPogonomyrmex_Nearctic19,0.44638922694031546,0.3651456680463725,0,from Formicidae (singleton)
TACTTMPPogonomyrmex_Nearctic20,0.44638922694031546,0.3651456680463725,0,from Formicidae (singleton)
TACTTMPPogonomyrmex_Nearctic22,0.44638922694031546,0.3651456680463725,0,from Formicidae (singleton)
TACTTMPPogonomyrmex_Nearctic24,0.44638922694031546,0.3651456680463725,0,from Formicidae (singleton)
TACTTMPPogonomyrmex_Nearctic25,0.44638922694031546,0.3651456680463725,0,from Formicidae (singleton)
TACTTMPPogonomyrmex_Nearctic64,0.44638922694031546,0.3651456680463725,0,from Formicidae (singleton)
TACTTMPPogonomyrmex_Nearctic65,0.44638922694031546,0.3651456680463725,0,from Formicidae (singleton)
TACTTMPPogonomyrmex_Neotropical07,0.44638922694031546,0.3651456680463725,0,from Formicidae (singleton)
TACTTMPPogonomyrmex_Neotropical21,0.44638922694031546,0.3651456680463725,0.0,from Formicidae (cherry)
TACTTMPPogonomyrmex_Neotropical23,0.44638922694031546,0.3651456680463725,0,from Formicidae (singleton)
TACTTMPPogonomyrmex_Neotropical26,0.44638922694031546,0.3651456680463725,0,from Formicidae (singleton)
TACTTMPPogonomyrmex_Neotropical27,0.44638922694031546,0.3651456680463725,0.0,from Formicidae (cherry)
TACTTMPPogonomyrmex_Neotropical28,0.44638922694031546,0.3651456680463725,0.0,from Formicidae (cherry)
TACTTMPPogonomyrmex_Neotropical29,0.44638922694031546,0.3651456680463725,0.0,from Formicidae (cherry)
TACTTMPPogonomyrmex_Neotropical30,0.44638922694031546,0.3651456680463725,0,from Formicidae (singleton)
TACTTMPPogonomyrmex_Neotropical31,0.44638922694031546,0.3651456680463725,0,from Formicidae (singleton)
TACTTMPPogonomyrmex_Neotropical32,0.44638922694031546,0.3651456680463725,0.0,from Formicidae (crown capture probability)
TACTTMPPogonomyrmex_Neotropical33,0.44638922694031546,0.3651456680463725,0,from Formicidae (singleton)
TACTTMPPogonomyrmex_Neotropical34,0.44638922694031546,0.3651456680463725,0.0,from Formicidae (cherry)
TACTTMPPogonomyrmex_Neotropical35,0.44638922694031546,0.3651456680463725,0,from Formicidae (singleton)
TACTTMPPogonomyrmex_Neotropical36,0.44638922694031546,0.3651456680463725,0,from Formicidae (singleton)
TACTTMPPogonomyrmex_Neotropical37,0.44638922694031546,0.3651456680463725,0,from Formicidae (singleton)
TACTTMPPogonomyrmex_Neotropical38,0.44638922694031546,0.3651456680463725,0,from Formicidae (singleton)
TACTTMPPogonomyrmex_Neotropical39,0.44638922694031546,0.3651456680463725,0,from Formicidae (singleton)
TACTTMPPogonomyrmex_Neotropical40,0.44638922694031546,0.3651456680463725,0.0,from Formicidae (cherry)
TACTTMPPogonomyrmex_Neotropical41,0.44638922694031546,0.3651456680463725,0,from Formicidae (singleton)
TACTTMPPogonomyrmex_Neotropical42,0.44638922694031546,0.3651456680463725,0,from Formicidae (singleton)
TACTTMPPogonomyrmex_Neotropical43,0.44638922694031546,0.3651456680463725,0,from Formicidae (singleton)
TACTTMPPogonomyrmex_Neotropical44,0.44638922694031546,0.3651456680463725,0,from Formicidae (singleton)
TACTTMPPogonomyrmex_Neotropical45,0.44638922694031546,0.3651456680463725,0,from Formicidae (singleton)
TACTTMPPogonomyrmex_Neotropical46,0.44638922694031546,0.3651456680463725,0,from Formicidae (singleton)
TACTTMPPogonomyrmex_Neotropical47,0.44638922694031546,0.3651456680463725,0,from Formicidae (singleton)
TACTTMPPogonomyrmex_Neotropical48,0.44638922694031546,0.3651456680463725,0,from Formicidae (singleton)
TACTTMPPogonomyrmex_Neotropical49,0.44638922694031546,0.3651456680463725,0.0,from Formicidae (cherry)
TACTTMPPogonomyrmex_Neotropical50,0.44638922694031546,0.3651456680463725,0,from Formicidae (singleton)
TACTTMPPogonomyrmex_Neotropical51,0.44638922694031546,0.3651456680463725,0,from Formicidae (singleton)
TACTTMPPogonomyrmex_Neotropical52,0.44638922694031546,0.3651456680463725,0,from Formicidae (singleton)
TACTTMPPogonomyrmex_Neotropical53,0.44638922694031546,0.3651456680463725,0.0,from Formicidae (crown capture probability)
TACTTMPPogonomyrmex_Neotropical54,0.44638922694031546,0.3651456680463725,0,from Formicidae (singleton)
TACTTMPPogonomyrmex_Neotropical55,0.44638922694031546,0.3651456680463725,0,from Formicidae (singleton)
TACTTMPPogonomyrmex_Neotropical56,0.44638922694031546,0.3651456680463725,0,from Formicidae (singleton)
TACTTMPPogonomyrmex_Neotropical57,0.44638922694031546,0.3651456680463725,0,from Formicidae (singleton)
TACTTMPPogonomyrmex_Neotropical58,0.44638922694031546,0.3651456680463725,0.0,from Formicidae (cherry)
TACTTMPPogonomyrmex_Neotropical59,0.44638922694031546,0.3651456680463725,0,from Formicidae (singleton)
TACTTMPPogonomyrmex_Neotropical60,0.44638922694031546,0.3651456680463725,0,from Formicidae (singleton)
TACTTMPPogonomyrmex_Neotropical61,0.44638922694031546,0.3651456680463725,0,from Formicidae (singleton)
TACTTMPPogonomyrmex_Neotropical62,0.44638922694031546,0.3651456680463725,0,from Formicidae (singleton)
TACTTMPPogonomyrmex_Neotropical63,0.44638922694031546,0.3651456680463725,0.0,from Formicidae (cherry)
TACTTMPPogonomyrmex_Neotropical66,0.44638922694031546,0.3651456680463725,0,from Formicidae (singleton)
TACTTMPPogonomyrmex_Neotropical67,0.44638922694031546,0.3651456680463725,0.0,from Formicidae (cherry)
TACTTMPPogonomyrmex_Neotropical68,0.44638922694031546,0.3651456680463725,0,from Formicidae (singleton)
TACTTMPPogonomyrmex_Neotropical69,0.44638922694031546,0.3651456680463725,0.0,from Formicidae (cherry)
TACTTMPPogonomyrmex_Neotropical70,0.44638922694031546,0.3651456680463725,0,from Formicidae (singleton)
TACTTMPPogonomyrmex_Neotropical71,0.44638922694031546,0.3651456680463725,0,from Formicidae (singleton)
TACTTMPPogonomyrmex_Neotropical72,0.44638922694031546,0.3651456680463725,0,from Formicidae (singleton)
TACTTMPPogonomyrmex_Neotropical73,0.44638922694031546,0.3651456680463725,0,from Formicidae (singleton)
TACTTMPPogonomyrmex_Neotropical74,0.44638922694031546,0.3651456680463725,0.0,from Formicidae (cherry)
TACTTMPPogonomyrmex_Neotropical75,0.44638922694031546,0.3651456680463725,0,from Formicidae (singleton)
TACTTMPPolyergus_Nearctic01,0.44638922694031546,0.3651456680463725,0.0,from Formicidae (crown capture probability)
TACTTMPPolyergus_Nearctic02,0.44638922694031546,0.3651456680463725,0.0,from Formicidae (crown capture probability)
TACTTMPPolyergus_Nearctic03,0.44638922694031546,0.3651456680463725,0.0,from Formicidae (crown capture probability)
TACTTMPPolyergus_Palearctic04,0.44638922694031546,0.3651456680463725,0.0,from Formicidae (crown capture probability)
TACTTMPPolyrhachis_Afrotropical183,0.44638922694031546,0.3651456680463725,0,from Formicidae (singleton)
TACTTMPPolyrhachis_Afrotropical187,0.44638922694031546,0.3651456680463725,0.0,from Formicidae (crown capture probability)
TACTTMPPolyrhachis_Afrotropical188,0.44638922694031546,0.3651456680463725,0,from Formicidae (singleton)
TACTTMPPolyrhachis_Afrotropical190,0.44638922694031546,0.3651456680463725,0.0,from Formicidae (crown capture probability)
TACTTMPPolyrhachis_Afrotropical191,0.44638922694031546,0.3651456680463725,0.0,from Formicidae (crown capture probability)
TACTTMPPolyrhachis_Afrotropical192,0.44638922694031546,0.3651456680463725,0.0,from Formicidae (crown capture probability)
TACTTMPPolyrhachis_Afrotropical193,0.44638922694031546,0.3651456680463725,0,from Formicidae (singleton)
TACTTMPPolyrhachis_Afrotropical194,0.44638922694031546,0.3651456680463725,0.0,from Formicidae (crown capture probability)
TACTTMPPolyrhachis_Afrotropical195,0.44638922694031546,0.3651456680463725,0.0,from Formicidae (crown capture probability)
TACTTMPPolyrhachis_Afrotropical196,0.44638922694031546,0.3651456680463725,0.0,from Formicidae (crown capture probability)
TACTTMPPolyrhachis_Afrotropical197,0.44638922694031546,0.3651456680463725,0.0,from Formicidae (crown capture probability)
TACTTMPPolyrhachis_Afrotropical198,0.44638922694031546,0.3651456680463725,0,from Formicidae (singleton)
TACTTMPPolyrhachis_Afrotropical199,0.44638922694031546,0.3651456680463725,0.0,from Formicidae (crown capture probability)
TACTTMPPolyrhachis_Afrotropical201,0.44638922694031546,0.3651456680463725,0.0,from Formicidae (crown capture probability)
TACTTMPPolyrhachis_Afrotropical203,0.44638922694031546,0.3651456680463725,0.0,from Formicidae (cherry)
TACTTMPPolyrhachis_Afrotropical204,0.44638922694031546,0.3651456680463725,0.0,from Formicidae (cherry)
TACTTMPPolyrhachis_Afrotropical205,0.44638922694031546,0.3651456680463725,0.0,from Formicidae (crown capture probability)
TACTTMPPolyrhachis_Afrotropical206,0.44638922694031546,0.3651456680463725,0.0,from Formicidae (crown capture probability)
TACTTMPPolyrhachis_Afrotropical207,0.44638922694031546,0.3651456680463725,0.0,from Formicidae (crown capture probability)
TACTTMPPolyrhachis_Afrotropical208,0.44638922694031546,0.3651456680463725,0.0,from Formicidae (crown capture probability)
TACTTMPPolyrhachis_Australasian01,0.44638922694031546,0.3651456680463725,0.0,from Formicidae (cherry)
TACTTMPPolyrhachis_Australasian02,0.44638922694031546,0.3651456680463725,0.0,from Formicidae (cherry)
TACTTMPPolyrhachis_Australasian03,0.44638922694031546,0.3651456680463725,0.0,from Formicidae (crown capture probability)
TACTTMPPolyrhachis_Australasian04,0.44638922694031546,0.3651456680463725,0,from Formicidae (singleton)
TACTTMPPolyrhachis_Australasian05,0.44638922694031546,0.3651456680463725,0.0,from Formicidae (cherry)
TACTTMPPolyrhachis_Australasian06,0.44638922694031546,0.3651456680463725,0.0,from Formicidae (cherry)
TACTTMPPolyrhachis_Australasian07,0.44638922694031546,0.3651456680463725,0.0,from Formicidae (cherry)
TACTTMPPolyrhachis_Australasian08,0.44638922694031546,0.3651456680463725,0.0,from Formicidae (crown capture probability)
TACTTMPPolyrhachis_Australasian09,0.44638922694031546,0.3651456680463725,0.0,from Formicidae (crown capture probability)
TACTTMPPolyrhachis_Australasian10,0.44638922694031546,0.3651456680463725,0.0,from Formicidae (crown capture probability)
TACTTMPPolyrhachis_Australasian100,0.44638922694031546,0.3651456680463725,0,from Formicidae (singleton)
TACTTMPPolyrhachis_Australasian104,0.44638922694031546,0.3651456680463725,0,from Formicidae (singleton)
TACTTMPPolyrhachis_Australasian108,0.44638922694031546,0.3651456680463725,0.0,from Formicidae (crown capture probability)
TACTTMPPolyrhachis_Australasian109,0.44638922694031546,0.3651456680463725,0.0,from Formicidae (crown capture probability)
TACTTMPPolyrhachis_Australasian11,0.44638922694031546,0.3651456680463725,0.0,from Formicidae (cherry)
TACTTMPPolyrhachis_Australasian110,0.44638922694031546,0.3651456680463725,0.0,from Formicidae (cherry)
TACTTMPPolyrhachis_Australasian111,0.44638922694031546,0.3651456680463725,0.0,from Formicidae (crown capture probability)
TACTTMPPolyrhachis_Australasian112,0.44638922694031546,0.3651456680463725,0.0,from Formicidae (cherry)
TACTTMPPolyrhachis_Australasian113,0.44638922694031546,0.3651456680463725,0,from Formicidae (singleton)
TACTTMPPolyrhachis_Australasian114,0.44638922694031546,0.3651456680463725,0.0,from Formicidae (crown capture probability)
TACTTMPPolyrhachis_Australasian115,0.44638922694031546,0.3651456680463725,0.0,from Formicidae (cherry)
TACTTMPPolyrhachis_Australasian116,0.44638922694031546,0.3651456680463725,0.0,from Formicidae (crown capture probability)
TACTTMPPolyrhachis_Australasian117,0.44638922694031546,0.3651456680463725,0.0,from Formicidae (cherry)
TACTTMPPolyrhachis_Australasian118,0.44638922694031546,0.3651456680463725,0.0,from Formicidae (crown capture probability)
TACTTMPPolyrhachis_Australasian119,0.44638922694031546,0.3651456680463725,0.0,from Formicidae (crown capture probability)
TACTTMPPolyrhachis_Australasian12,0.44638922694031546,0.3651456680463725,0.0,from Formicidae (crown capture probability)
TACTTMPPolyrhachis_Australasian120,0.44638922694031546,0.3651456680463725,0.0,from Formicidae (crown capture probability)
TACTTMPPolyrhachis_Australasian125,0.44638922694031546,0.3651456680463725,0.0,from Formicidae (cherry)
TACTTMPPolyrhachis_Australasian126,0.44638922694031546,0.3651456680463725,0,from Formicidae (singleton)
TACTTMPPolyrhachis_Australasian127,0.44638922694031546,0.3651456680463725,0.0,from Formicidae (cherry)
TACTTMPPolyrhachis_Australasian128,0.44638922694031546,0.3651456680463725,0.0,from Formicidae (crown capture probability)
TACTTMPPolyrhachis_Australasian129,0.44638922694031546,0.3651456680463725,0,from Formicidae (singleton)
TACTTMPPolyrhachis_Australasian13,0.44638922694031546,0.3651456680463725,0.0,from Formicidae (cherry)
TACTTMPPolyrhachis_Australasian130,0.44638922694031546,0.3651456680463725,0.0,from Formicidae (crown capture probability)
TACTTMPPolyrhachis_Australasian132,0.44638922694031546,0.3651456680463725,0.0,from Formicidae (crown capture probability)
TACTTMPPolyrhachis_Australasian14,0.44638922694031546,0.3651456680463725,0,from Formicidae (singleton)
TACTTMPPolyrhachis_Australasian143,0.44638922694031546,0.3651456680463725,0.0,from Formicidae (crown capture probability)
TACTTMPPolyrhachis_Australasian144,0.44638922694031546,0.3651456680463725,0.0,from Formicidae (crown capture probability)
TACTTMPPolyrhachis_Australasian146,0.44638922694031546,0.3651456680463725,0.0,from Formicidae (crown capture probability)
TACTTMPPolyrhachis_Australasian15,0.44638922694031546,0.3651456680463725,0.0,from Formicidae (crown capture probability)
TACTTMPPolyrhachis_Australasian151,0.44638922694031546,0.3651456680463725,0,from Formicidae (singleton)
TACTTMPPolyrhachis_Australasian153,0.44638922694031546,0.3651456680463725,0,from Formicidae (singleton)
TACTTMPPolyrhachis_Australasian154,0.44638922694031546,0.3651456680463725,0.0,from Formicidae (crown capture probability)
TACTTMPPolyrhachis_Australasian16,0.44638922694031546,0.3651456680463725,0.0,from Formicidae (crown capture probability)
TACTTMPPolyrhachis_Australasian162,0.44638922694031546,0.3651456680463725,0.0,from Formicidae (cherry)
TACTTMPPolyrhachis_Australasian164,0.44638922694031546,0.3651456680463725,0.0,from Formicidae (crown capture probability)
TACTTMPPolyrhachis_Australasian17,0.44638922694031546,0.3651456680463725,0.0,from Formicidae (crown capture probability)
TACTTMPPolyrhachis_Australasian173,0.44638922694031546,0.3651456680463725,0.0,from Formicidae (crown capture probability)
TACTTMPPolyrhachis_Australasian174,0.44638922694031546,0.3651456680463725,0.0,from Formicidae (cherry)
TACTTMPPolyrhachis_Australasian178,0.44638922694031546,0.3651456680463725,0.0,from Formicidae (crown capture probability)
TACTTMPPolyrhachis_Australasian18,0.44638922694031546,0.3651456680463725,0.0,from Formicidae (crown capture probability)
TACTTMPPolyrhachis_Australasian184,0.44638922694031546,0.3651456680463725,0.0,from Formicidae (crown capture probability)
TACTTMPPolyrhachis_Australasian19,0.44638922694031546,0.3651456680463725,0.0,from Formicidae (cherry)
TACTTMPPolyrhachis_Australasian20,0.44638922694031546,0.3651456680463725,0.0,from Formicidae (cherry)
TACTTMPPolyrhachis_Australasian21,0.44638922694031546,0.3651456680463725,0.0,from Formicidae (crown capture probability)
TACTTMPPolyrhachis_Australasian215,0.44638922694031546,0.3651456680463725,0.0,from Formicidae (crown capture probability)
TACTTMPPolyrhachis_Australasian22,0.44638922694031546,0.3651456680463725,0.0,from Formicidae (crown capture probability)
TACTTMPPolyrhachis_Australasian23,0.44638922694031546,0.3651456680463725,0.0,from Formicidae (crown capture probability)
TACTTMPPolyrhachis_Australasian24,0.44638922694031546,0.3651456680463725,0.0,from Formicidae (crown capture probability)
TACTTMPPolyrhachis_Australasian25,0.44638922694031546,0.3651456680463725,0.0,from Formicidae (cherry)
TACTTMPPolyrhachis_Australasian26,0.44638922694031546,0.3651456680463725,0.0,from Formicidae (crown capture probability)
TACTTMPPolyrhachis_Australasian27,0.44638922694031546,0.3651456680463725,0.0,from Formicidae (crown capture probability)
TACTTMPPolyrhachis_Australasian28,0.44638922694031546,0.3651456680463725,0,from Formicidae (singleton)
TACTTMPPolyrhachis_Australasian29,0.44638922694031546,0.3651456680463725,0.0,from Formicidae (crown capture probability)
TACTTMPPolyrhachis_Australasian30,0.44638922694031546,0.3651456680463725,0.0,from Formicidae (crown capture probability)
TACTTMPPolyrhachis_Australasian31,0.44638922694031546,0.3651456680463725,0.0,from Formicidae (crown capture probability)
TACTTMPPolyrhachis_Australasian32,0.44638922694031546,0.3651456680463725,0.0,from Formicidae (crown capture probability)
TACTTMPPolyrhachis_Australasian33,0.44638922694031546,0.3651456680463725,0.0,from Formicidae (crown capture probability)
TACTTMPPolyrhachis_Australasian34,0.44638922694031546,0.3651456680463725,0.0,from Formicidae (cherry)
TACTTMPPolyrhachis_Australasian35,0.44638922694031546,0.3651456680463725,0.0,from Formicidae (cherry)
TACTTMPPolyrhachis_Australasian36,0.44638922694031546,0.3651456680463725,0.0,from Formicidae (crown capture probability)
TACTTMPPolyrhachis_Australasian37,0.44638922694031546,0.3651456680463725,0.0,from Formicidae (crown capture probability)
TACTTMPPolyrhachis_Australasian38,0.44638922694031546,0.3651456680463725,0.0,from Formicidae (crown capture probability)
TACTTMPPolyrhachis_Australasian40,0.44638922694031546,0.3651456680463725,0.0,from Formicidae (crown capture probability)
TACTTMPPolyrhachis_Australasian41,0.44638922694031546,0.3651456680463725,0.0,from Formicidae (cherry)
TACTTMPPolyrhachis_Australasian42,0.44638922694031546,0.3651456680463725,0.0,from Formicidae (crown capture probability)
TACTTMPPolyrhachis_Australasian43,0.44638922694031546,0.3651456680463725,0.0,from Formicidae (crown capture probability)
TACTTMPPolyrhachis_Australasian44,0.44638922694031546,0.3651456680463725,0.0,from Formicidae (crown capture probability)
TACTTMPPolyrhachis_Australasian45,0.44638922694031546,0.3651456680463725,0.0,from Formicidae (crown capture probability)
TACTTMPPolyrhachis_Australasian46,0.44638922694031546,0.3651456680463725,0.0,from Formicidae (cherry)
TACTTMPPolyrhachis_Australasian47,0.44638922694031546,0.3651456680463725,0.0,from Formicidae (cherry)
TACTTMPPolyrhachis_Australasian48,0.44638922694031546,0.3651456680463725,0,from Formicidae (singleton)
TACTTMPPolyrhachis_Australasian49,0.44638922694031546,0.3651456680463725,0.0,from Formicidae (cherry)
TACTTMPPolyrhachis_Australasian50,0.44638922694031546,0.3651456680463725,0.0,from Formicidae (cherry)
TACTTMPPolyrhachis_Australasian51,0.44638922694031546,0.3651456680463725,0.0,from Formicidae (crown capture probability)
TACTTMPPolyrhachis_Australasian52,0.44638922694031546,0.3651456680463725,0.0,from Formicidae (crown capture probability)
TACTTMPPolyrhachis_Australasian53,0.44638922694031546,0.3651456680463725,0.0,from Formicidae (crown capture probability)
TACTTMPPolyrhachis_Australasian54,0.44638922694031546,0.3651456680463725,0.0,from Formicidae (cherry)
TACTTMPPolyrhachis_Australasian55,0.44638922694031546,0.3651456680463725,0.0,from Formicidae (cherry)
TACTTMPPolyrhachis_Australasian56,0.44638922694031546,0.3651456680463725,0.0,from Formicidae (crown capture probability)
TACTTMPPolyrhachis_Australasian57,0.44638922694031546,0.3651456680463725,0.0,from Formicidae (crown capture probability)
TACTTMPPolyrhachis_Australasian58,0.44638922694031546,0.3651456680463725,0.0,from Formicidae (cherry)
TACTTMPPolyrhachis_Australasian59,0.44638922694031546,0.3651456680463725,0.0,from Formicidae (cherry)
TACTTMPPolyrhachis_Australasian60,0.44638922694031546,0.3651456680463725,0,from Formicidae (singleton)
TACTTMPPolyrhachis_Australasian61,0.44638922694031546,0.3651456680463725,0.0,from Formicidae (cherry)
TACTTMPPolyrhachis_Australasian62,0.44638922694031546,0.3651456680463725,0.0,from Formicidae (crown capture probability)
TACTTMPPolyrhachis_Australasian63,0.44638922694031546,0.3651456680463725,0,from Formicidae (singleton)
TACTTMPPolyrhachis_Australasian64,0.44638922694031546,0.3651456680463725,0.0,from Formicidae (crown capture probability)
TACTTMPPolyrhachis_Australasian65,0.44638922694031546,0.3651456680463725,0.0,from Formicidae (crown capture probability)
TACTTMPPolyrhachis_Australasian67,0.44638922694031546,0.3651456680463725,0.0,from Formicidae (crown capture probability)
TACTTMPPolyrhachis_Australasian68,0.44638922694031546,0.3651456680463725,0.0,from Formicidae (cherry)
TACTTMPPolyrhachis_Australasian69,0.44638922694031546,0.3651456680463725,0.0,from Formicidae (cherry)
TACTTMPPolyrhachis_Australasian70,0.44638922694031546,0.3651456680463725,0.0,from Formicidae (crown capture probability)
TACTTMPPolyrhachis_Australasian71,0.44638922694031546,0.3651456680463725,0.0,from Formicidae (cherry)
TACTTMPPolyrhachis_Australasian72,0.44638922694031546,0.3651456680463725,0.0,from Formicidae (crown capture probability)
TACTTMPPolyrhachis_Australasian73,0.44638922694031546,0.3651456680463725,0.0,from Formicidae (crown capture probability)
TACTTMPPolyrhachis_Australasian74,0.44638922694031546,0.3651456680463725,0.0,from Formicidae (crown capture probability)
TACTTMPPolyrhachis_Australasian76,0.44638922694031546,0.3651456680463725,0,from Formicidae (singleton)
TACTTMPPolyrhachis_Australasian77,0.44638922694031546,0.3651456680463725,0.0,from Formicidae (crown capture probability)
TACTTMPPolyrhachis_Australasian78,0.44638922694031546,0.3651456680463725,0.0,from Formicidae (cherry)
TACTTMPPolyrhachis_Australasian79,0.44638922694031546,0.3651456680463725,0.0,from Formicidae (cherry)
TACTTMPPolyrhachis_Australasian80,0.44638922694031546,0.3651456680463725,0.0,from Formicidae (crown capture probability)
TACTTMPPolyrhachis_Australasian81,0.44638922694031546,0.3651456680463725,0,from Formicidae (singleton)
TACTTMPPolyrhachis_Australasian83,0.44638922694031546,0.3651456680463725,0.0,from Formicidae (cherry)
TACTTMPPolyrhachis_Australasian85,0.44638922694031546,0.3651456680463725,0,from Formicidae (singleton)
TACTTMPPolyrhachis_Australasian86,0.44638922694031546,0.3651456680463725,0.0,from Formicidae (cherry)
TACTTMPPolyrhachis_Australasian93,0.44638922694031546,0.3651456680463725,0.0,from Formicidae (crown capture probability)
TACTTMPPolyrhachis_Australasian95,0.44638922694031546,0.3651456680463725,0.0,from Formicidae (crown capture probability)
TACTTMPPolyrhachis_Indomalayan101,0.44638922694031546,0.3651456680463725,0.0,from Formicidae (crown capture probability)
TACTTMPPolyrhachis_Indomalayan102,0.44638922694031546,0.3651456680463725,0.0,from Formicidae (crown capture probability)
TACTTMPPolyrhachis_Indomalayan103,0.44638922694031546,0.3651456680463725,0.0,from Formicidae (cherry)
TACTTMPPolyrhachis_Indomalayan105,0.44638922694031546,0.3651456680463725,0.0,from Formicidae (crown capture probability)
TACTTMPPolyrhachis_Indomalayan106,0.44638922694031546,0.3651456680463725,0.0,from Formicidae (crown capture probability)
TACTTMPPolyrhachis_Indomalayan107,0.44638922694031546,0.3651456680463725,0.0,from Formicidae (crown capture probability)
TACTTMPPolyrhachis_Indomalayan122,0.44638922694031546,0.3651456680463725,0.0,from Formicidae (crown capture probability)
TACTTMPPolyrhachis_Indomalayan124,0.44638922694031546,0.3651456680463725,0.0,from Formicidae (crown capture probability)
TACTTMPPolyrhachis_Indomalayan131,0.44638922694031546,0.3651456680463725,0.0,from Formicidae (crown capture probability)
TACTTMPPolyrhachis_Indomalayan133,0.44638922694031546,0.3651456680463725,0.0,from Formicidae (crown capture probability)
TACTTMPPolyrhachis_Indomalayan134,0.44638922694031546,0.3651456680463725,0.0,from Formicidae (crown capture probability)
TACTTMPPolyrhachis_Indomalayan135,0.44638922694031546,0.3651456680463725,0.0,from Formicidae (crown capture probability)
TACTTMPPolyrhachis_Indomalayan136,0.44638922694031546,0.3651456680463725,0.0,from Formicidae (crown capture probability)
TACTTMPPolyrhachis_Indomalayan137,0.44638922694031546,0.3651456680463725,0.0,from Formicidae (crown capture probability)
TACTTMPPolyrhachis_Indomalayan138,0.44638922694031546,0.3651456680463725,0.0,from Formicidae (crown capture probability)
TACTTMPPolyrhachis_Indomalayan139,0.44638922694031546,0.3651456680463725,0.0,from Formicidae (crown capture probability)
TACTTMPPolyrhachis_Indomalayan140,0.44638922694031546,0.3651456680463725,0.0,from Formicidae (crown capture probability)
TACTTMPPolyrhachis_Indomalayan141,0.44638922694031546,0.3651456680463725,0.0,from Formicidae (crown capture probability)
TACTTMPPolyrhachis_Indomalayan142,0.44638922694031546,0.3651456680463725,0.0,from Formicidae (crown capture probability)
TACTTMPPolyrhachis_Indomalayan145,0.44638922694031546,0.3651456680463725,0.0,from Formicidae (crown capture probability)
TACTTMPPolyrhachis_Indomalayan147,0.44638922694031546,0.3651456680463725,0.0,from Formicidae (crown capture probability)
TACTTMPPolyrhachis_Indomalayan148,0.44638922694031546,0.3651456680463725,0.0,from Formicidae (crown capture probability)
TACTTMPPolyrhachis_Indomalayan149,0.44638922694031546,0.3651456680463725,0.0,from Formicidae (crown capture probability)
TACTTMPPolyrhachis_Indomalayan150,0.44638922694031546,0.3651456680463725,0.0,from Formicidae (crown capture probability)
TACTTMPPolyrhachis_Indomalayan152,0.44638922694031546,0.3651456680463725,0.0,from Formicidae (crown capture probability)
TACTTMPPolyrhachis_Indomalayan155,0.44638922694031546,0.3651456680463725,0.0,from Formicidae (crown capture probability)
TACTTMPPolyrhachis_Indomalayan156,0.44638922694031546,0.3651456680463725,0.0,from Formicidae (crown capture probability)
TACTTMPPolyrhachis_Indomalayan158,0.44638922694031546,0.3651456680463725,0.0,from Formicidae (crown capture probability)
TACTTMPPolyrhachis_Indomalayan159,0.44638922694031546,0.3651456680463725,0.0,from Formicidae (crown capture probability)
TACTTMPPolyrhachis_Indomalayan160,0.44638922694031546,0.3651456680463725,0.0,from Formicidae (cherry)
TACTTMPPolyrhachis_Indomalayan161,0.44638922694031546,0.3651456680463725,0.0,from Formicidae (crown capture probability)
TACTTMPPolyrhachis_Indomalayan163,0.44638922694031546,0.3651456680463725,0.0,from Formicidae (crown capture probability)
TACTTMPPolyrhachis_Indomalayan165,0.44638922694031546,0.3651456680463725,0.0,from Formicidae (crown capture probability)
TACTTMPPolyrhachis_Indomalayan168,0.44638922694031546,0.3651456680463725,0.0,from Formicidae (crown capture probability)
TACTTMPPolyrhachis_Indomalayan169,0.44638922694031546,0.3651456680463725,0.0,from Formicidae (crown capture probability)
TACTTMPPolyrhachis_Indomalayan170,0.44638922694031546,0.3651456680463725,0.0,from Formicidae (crown capture probability)
TACTTMPPolyrhachis_Indomalayan172,0.44638922694031546,0.3651456680463725,0.0,from Formicidae (crown capture probability)
TACTTMPPolyrhachis_Indomalayan176,0.44638922694031546,0.3651456680463725,0.0,from Formicidae (crown capture probability)
TACTTMPPolyrhachis_Indomalayan177,0.44638922694031546,0.3651456680463725,0.0,from Formicidae (crown capture probability)
TACTTMPPolyrhachis_Indomalayan179,0.44638922694031546,0.3651456680463725,0.0,from Formicidae (cherry)
TACTTMPPolyrhachis_Indomalayan180,0.44638922694031546,0.3651456680463725,0.0,from Formicidae (crown capture probability)
TACTTMPPolyrhachis_Indomalayan181,0.44638922694031546,0.3651456680463725,0.0,from Formicidae (crown capture probability)
TACTTMPPolyrhachis_Indomalayan182,0.44638922694031546,0.3651456680463725,0.0,from Formicidae (crown capture probability)
TACTTMPPolyrhachis_Indomalayan185,0.44638922694031546,0.3651456680463725,0.0,from Formicidae (crown capture probability)
TACTTMPPolyrhachis_Indomalayan211,0.44638922694031546,0.3651456680463725,0.0,from Formicidae (crown capture probability)
TACTTMPPolyrhachis_Indomalayan213,0.44638922694031546,0.3651456680463725,0.0,from Formicidae (crown capture probability)
TACTTMPPolyrhachis_Indomalayan214,0.44638922694031546,0.3651456680463725,0.0,from Formicidae (crown capture probability)
TACTTMPPolyrhachis_Indomalayan82,0.44638922694031546,0.3651456680463725,0.0,from Formicidae (cherry)
TACTTMPPolyrhachis_Indomalayan84,0.44638922694031546,0.3651456680463725,0.0,from Formicidae (crown capture probability)
TACTTMPPolyrhachis_Indomalayan87,0.44638922694031546,0.3651456680463725,0.0,from Formicidae (crown capture probability)
TACTTMPPolyrhachis_Indomalayan88,0.44638922694031546,0.3651456680463725,0.0,from Formicidae (crown capture probability)
TACTTMPPolyrhachis_Indomalayan89,0.44638922694031546,0.3651456680463725,0.0,from Formicidae (crown capture probability)
TACTTMPPolyrhachis_Indomalayan90,0.44638922694031546,0.3651456680463725,0,from Formicidae (singleton)
TACTTMPPolyrhachis_Indomalayan91,0.44638922694031546,0.3651456680463725,0.0,from Formicidae (crown capture probability)
TACTTMPPolyrhachis_Indomalayan92,0.44638922694031546,0.3651456680463725,0.0,from Formicidae (crown capture probability)
TACTTMPPolyrhachis_Indomalayan94,0.44638922694031546,0.3651456680463725,0.0,from Formicidae (cherry)
TACTTMPPolyrhachis_Indomalayan96,0.44638922694031546,0.3651456680463725,0.0,from Formicidae (crown capture probability)
TACTTMPPolyrhachis_Indomalayan97,0.44638922694031546,0.3651456680463725,0.0,from Formicidae (cherry)
TACTTMPPolyrhachis_Indomalayan98,0.44638922694031546,0.3651456680463725,0.0,from Formicidae (crown capture probability)
TACTTMPPolyrhachis_Oceanian157,0.44638922694031546,0.3651456680463725,0.0,from Formicidae (crown capture probability)
TACTTMPPolyrhachis_Oceanian167,0.44638922694031546,0.3651456680463725,0.0,from Formicidae (crown capture probability)
TACTTMPPolyrhachis_Oceanian39,0.44638922694031546,0.3651456680463725,0.0,from Formicidae (crown capture probability)
TACTTMPPolyrhachis_Oceanian75,0.44638922694031546,0.3651456680463725,0.0,from Formicidae (crown capture probability)
TACTTMPPolyrhachis_Oceanian99,0.44638922694031546,0.3651456680463725,0.0,from Formicidae (crown capture probability)
TACTTMPPolyrhachis_Palearctic121,0.44638922694031546,0.3651456680463725,0.0,from Formicidae (crown capture probability)
TACTTMPPolyrhachis_Palearctic123,0.44638922694031546,0.3651456680463725,0.0,from Formicidae (cherry)
TACTTMPPolyrhachis_Palearctic171,0.44638922694031546,0.3651456680463725,0.0,from Formicidae (cherry)
TACTTMPPolyrhachis_Palearctic175,0.44638922694031546,0.3651456680463725,0.0,from Formicidae (crown capture probability)
TACTTMPPolyrhachis_Palearctic186,0.44638922694031546,0.3651456680463725,0.0,from Formicidae (cherry)
TACTTMPPolyrhachis_Palearctic209,0.44638922694031546,0.3651456680463725,0.0,from Formicidae (crown capture probability)
TACTTMPPolyrhachis_Palearctic210,0.44638922694031546,0.3651456680463725,0.0,from Formicidae (cherry)
TACTTMPPolyrhachis_Palearctic212,0.44638922694031546,0.3651456680463725,0.0,from Formicidae (crown capture probability)
TACTTMPPolyrhachis_Palearctic66,0.44638922694031546,0.3651456680463725,0.0,from Formicidae (crown capture probability)
TACTTMPPolyrhachis_Unknown166,0.44638922694031546,0.3651456680463725,0,from Formicidae (singleton)
TACTTMPPolyrhachis_Unknown189,0.44638922694031546,0.3651456680463725,0,from Formicidae (singleton)
TACTTMPPolyrhachis_Unknown200,0.44638922694031546,0.3651456680463725,0.0,from Formicidae (crown capture probability)
TACTTMPPolyrhachis_Unknown202,0.44638922694031546,0.3651456680463725,0,from Formicidae (singleton)
TACTTMPPonera_Afrotropical09,0.44638922694031546,0.3651456680463725,0,from Formicidae (singleton)
TACTTMPPonera_Australasian04,0.44638922694031546,0.3651456680463725,0.0,from Formicidae (crown capture probability)
TACTTMPPonera_Australasian08,0.44638922694031546,0.3651456680463725,0.0,from Formicidae (crown capture probability)
TACTTMPPonera_Australasian10,0.44638922694031546,0.3651456680463725,0.0,from Formicidae (crown capture probability)
TACTTMPPonera_Indomalayan12,0.44638922694031546,0.3651456680463725,0.0,from Formicidae (crown capture probability)
TACTTMPPonera_Nearctic03,0.44638922694031546,0.3651456680463725,0.0,from Formicidae (cherry)
TACTTMPPonera_Nearctic05,0.44638922694031546,0.3651456680463725,0,from Formicidae (singleton)
TACTTMPPonera_Nearctic15,0.44638922694031546,0.3651456680463725,0,from Formicidae (singleton)
TACTTMPPonera_Oceanian06,0.44638922694031546,0.3651456680463725,0,from Formicidae (singleton)
TACTTMPPonera_Oceanian07,0.44638922694031546,0.3651456680463725,0.0,from Formicidae (crown capture probability)
TACTTMPPonera_Palearctic01,0.44638922694031546,0.3651456680463725,0.0,from Formicidae (crown capture probability)
TACTTMPPonera_Palearctic02,0.44638922694031546,0.3651456680463725,0.0,from Formicidae (crown capture probability)
TACTTMPPonera_Palearctic11,0.44638922694031546,0.3651456680463725,0.0,from Formicidae (crown capture probability)
TACTTMPPonera_Palearctic13,0.44638922694031546,0.3651456680463725,0.0,from Formicidae (crown capture probability)
TACTTMPPonera_Palearctic14,0.44638922694031546,0.3651456680463725,0.0,from Formicidae (crown capture probability)
TACTTMPPoneracantha_Neotropical01,0.44638922694031546,0.3651456680463725,0.0,from Formicidae (crown capture probability)
TACTTMPPoneracantha_Neotropical02,0.44638922694031546,0.3651456680463725,0.0,from Formicidae (cherry)
TACTTMPPoneracantha_Neotropical03,0.44638922694031546,0.3651456680463725,0.0,from Formicidae (cherry)
TACTTMPPoneracantha_Neotropical04,0.44638922694031546,0.3651456680463725,0.0,from Formicidae (crown capture probability)
TACTTMPPoneracantha_Neotropical06,0.44638922694031546,0.3651456680463725,0.0,from Formicidae (cherry)
TACTTMPPoneracantha_Neotropical07,0.44638922694031546,0.3651456680463725,0,from Formicidae (singleton)
TACTTMPPoneracantha_Neotropical08,0.44638922694031546,0.3651456680463725,0.0,from Formicidae (crown capture probability)
TACTTMPPoneracantha_Unknown05,0.44638922694031546,0.3651456680463725,0,from Formicidae (singleton)
TACTTMPPrenolepis_Neotropical02,0.44638922694031546,0.3651456680463725,0.0,from Formicidae (cherry)
TACTTMPPrenolepis_Palearctic01,0.44638922694031546,0.3651456680463725,0.0,from Formicidae (crown capture probability)
TACTTMPPrenolepis_Palearctic03,0.44638922694031546,0.3651456680463725,0.0,from Formicidae (crown capture probability)
TACTTMPPrionopelta_Afrotropical01,0.44638922694031546,0.3651456680463725,0.0,from Formicidae (crown capture probability)
TACTTMPPrionopelta_Afrotropical03,0.44638922694031546,0.3651456680463725,0.0,from Formicidae (crown capture probability)
TACTTMPPrionopelta_Afrotropical04,0.44638922694031546,0.3651456680463725,0.0,from Formicidae (crown capture probability)
TACTTMPPrionopelta_Neotropical02,0.44638922694031546,0.3651456680463725,0.0,from Formicidae (crown capture probability)
TACTTMPPristomyrmex_Afrotropical01,0.44638922694031546,0.3651456680463725,0.0,from Formicidae (crown capture probability)
TACTTMPPristomyrmex_Indomalayan02,0.44638922694031546,0.3651456680463725,0.0,from Formicidae (crown capture probability)
TACTTMPPristomyrmex_Indomalayan03,0.44638922694031546,0.3651456680463725,0.0,from Formicidae (crown capture probability)
TACTTMPPristomyrmex_Indomalayan04,0.44638922694031546,0.3651456680463725,0.0,from Formicidae (crown capture probability)
TACTTMPProbolomyrmex_Afrotropical01,0.44638922694031546,0.3651456680463725,0.0,from Formicidae (crown capture probability)
TACTTMPProbolomyrmex_Afrotropical02,0.44638922694031546,0.3651456680463725,0.0,from Formicidae (crown capture probability)
TACTTMPProceratium_Australasian01,0.44638922694031546,0.3651456680463725,0.0,from Formicidae (crown capture probability)
TACTTMPProcryptocerus_Neotropical01,0.44638922694031546,0.3651456680463725,0.0,from Formicidae (crown capture probability)
TACTTMPProcryptocerus_Neotropical02,0.44638922694031546,0.3651456680463725,0.0,from Formicidae (crown capture probability)
TACTTMPProcryptocerus_Neotropical03,0.44638922694031546,0.3651456680463725,0.0,from Formicidae (crown capture probability)
TACTTMPProcryptocerus_Neotropical04,0.44638922694031546,0.3651456680463725,0.0,from Formicidae (crown capture probability)
TACTTMPProformica_Palearctic01,0.44638922694031546,0.3651456680463725,0.0,from Formicidae (crown capture probability)
TACTTMPProformica_Palearctic02,0.44638922694031546,0.3651456680463725,0.0,from Formicidae (crown capture probability)
TACTTMPProlasius_Australasian01,0.44638922694031546,0.3651456680463725,0.0,from Formicidae (crown capture probability)
TACTTMPProtalaridris_Neotropical01,0.44638922694031546,0.3651456680463725,0.0,from Formicidae (crown capture probability)
TACTTMPProtanilla_Indomalayan01,0.44638922694031546,0.3651456680463725,0.0,from Formicidae (crown capture probability)
TACTTMPPsalidomyrmex_Afrotropical01,0.44638922694031546,0.3651456680463725,0,from Formicidae (singleton)
TACTTMPPsalidomyrmex_Afrotropical02,0.44638922694031546,0.3651456680463725,0.0,from Formicidae (crown capture probability)
TACTTMPPsalidomyrmex_Afrotropical03,0.44638922694031546,0.3651456680463725,0,from Formicidae (singleton)
TACTTMPPsalidomyrmex_Afrotropical04,0.44638922694031546,0.3651456680463725,0,from Formicidae (singleton)
TACTTMPPseudoatta_Unknown01,0.44638922694031546,0.3651456680463725,0.0,from Formicidae (cherry)
TACTTMPPseudolasius_Australasian02,0.44638922694031546,0.3651456680463725,0.0,from Formicidae (crown capture probability)
TACTTMPPseudolasius_Indomalayan01,0.44638922694031546,0.3651456680463725,0.0,from Formicidae (crown capture probability)
TACTTMPPseudomyrmex_Nearctic71,0.44638922694031546,0.3651456680463725,0,from Formicidae (singleton)
TACTTMPPseudomyrmex_Nearctic72,0.44638922694031546,0.3651456680463725,0,from Formicidae (singleton)
TACTTMPPseudomyrmex_Nearctic98,0.44638922694031546,0.3651456680463725,0.0,from Formicidae (cherry)
TACTTMPPseudomyrmex_Neotropical01,0.44638922694031546,0.3651456680463725,0,from Formicidae (singleton)
TACTTMPPseudomyrmex_Neotropical02,0.44638922694031546,0.3651456680463725,0,from Formicidae (singleton)
TACTTMPPseudomyrmex_Neotropical03,0.44638922694031546,0.3651456680463725,0,from Formicidae (singleton)
TACTTMPPseudomyrmex_Neotropical04,0.44638922694031546,0.3651456680463725,0.0,from Formicidae (crown capture probability)
TACTTMPPseudomyrmex_Neotropical05,0.44638922694031546,0.3651456680463725,0.0,from Formicidae (crown capture probability)
TACTTMPPseudomyrmex_Neotropical06,0.44638922694031546,0.3651456680463725,0.0,from Formicidae (cherry)
TACTTMPPseudomyrmex_Neotropical07,0.44638922694031546,0.3651456680463725,0,from Formicidae (singleton)
TACTTMPPseudomyrmex_Neotropical08,0.44638922694031546,0.3651456680463725,0,from Formicidae (singleton)
TACTTMPPseudomyrmex_Neotropical09,0.44638922694031546,0.3651456680463725,0.0,from Formicidae (crown capture probability)
TACTTMPPseudomyrmex_Neotropical10,0.44638922694031546,0.3651456680463725,0,from Formicidae (singleton)
TACTTMPPseudomyrmex_Neotropical100,0.44638922694031546,0.3651456680463725,0.0,from Formicidae (cherry)
TACTTMPPseudomyrmex_Neotropical101,0.44638922694031546,0.3651456680463725,0.0,from Formicidae (cherry)
TACTTMPPseudomyrmex_Neotropical102,0.44638922694031546,0.3651456680463725,0.0,from Formicidae (cherry)
TACTTMPPseudomyrmex_Neotropical103,0.44638922694031546,0.3651456680463725,0,from Formicidae (singleton)
TACTTMPPseudomyrmex_Neotropical104,0.44638922694031546,0.3651456680463725,0,from Formicidae (singleton)
TACTTMPPseudomyrmex_Neotropical105,0.44638922694031546,0.3651456680463725,0,from Formicidae (singleton)
TACTTMPPseudomyrmex_Neotropical106,0.44638922694031546,0.3651456680463725,0,from Formicidae (singleton)
TACTTMPPseudomyrmex_Neotropical107,0.44638922694031546,0.3651456680463725,0,from Formicidae (singleton)
TACTTMPPseudomyrmex_Neotropical108,0.44638922694031546,0.3651456680463725,0.0,from Formicidae (cherry)
TACTTMPPseudomyrmex_Neotropical109,0.44638922694031546,0.3651456680463725,0.0,from Formicidae (cherry)
TACTTMPPseudomyrmex_Neotropical110,0.44638922694031546,0.3651456680463725,0,from Formicidae (singleton)
TACTTMPPseudomyrmex_Neotropical111,0.44638922694031546,0.3651456680463725,0.0,from Formicidae (cherry)
TACTTMPPseudomyrmex_Neotropical112,0.44638922694031546,0.3651456680463725,0.0,from Formicidae (cherry)
TACTTMPPseudomyrmex_Neotropical113,0.44638922694031546,0.3651456680463725,0,from Formicidae (singleton)
TACTTMPPseudomyrmex_Neotropical12,0.44638922694031546,0.3651456680463725,0,from Formicidae (singleton)
TACTTMPPseudomyrmex_Neotropical13,0.44638922694031546,0.3651456680463725,0,from Formicidae (singleton)
TACTTMPPseudomyrmex_Neotropical14,0.44638922694031546,0.3651456680463725,0,from Formicidae (singleton)
TACTTMPPseudomyrmex_Neotropical15,0.44638922694031546,0.3651456680463725,0,from Formicidae (singleton)
TACTTMPPseudomyrmex_Neotropical16,0.44638922694031546,0.3651456680463725,0,from Formicidae (singleton)
TACTTMPPseudomyrmex_Neotropical17,0.44638922694031546,0.3651456680463725,0,from Formicidae (singleton)
TACTTMPPseudomyrmex_Neotropical18,0.44638922694031546,0.3651456680463725,0.0,from Formicidae (cherry)
TACTTMPPseudomyrmex_Neotropical19,0.44638922694031546,0.3651456680463725,0.0,from Formicidae (cherry)
TACTTMPPseudomyrmex_Neotropical20,0.44638922694031546,0.3651456680463725,0.0,from Formicidae (cherry)
TACTTMPPseudomyrmex_Neotropical21,0.44638922694031546,0.3651456680463725,0,from Formicidae (singleton)
TACTTMPPseudomyrmex_Neotropical22,0.44638922694031546,0.3651456680463725,0,from Formicidae (singleton)
TACTTMPPseudomyrmex_Neotropical23,0.44638922694031546,0.3651456680463725,0,from Formicidae (singleton)
TACTTMPPseudomyrmex_Neotropical24,0.44638922694031546,0.3651456680463725,0,from Formicidae (singleton)
TACTTMPPseudomyrmex_Neotropical25,0.44638922694031546,0.3651456680463725,0,from Formicidae (singleton)
TACTTMPPseudomyrmex_Neotropical26,0.44638922694031546,0.3651456680463725,0,from Formicidae (singleton)
TACTTMPPseudomyrmex_Neotropical27,0.44638922694031546,0.3651456680463725,0,from Formicidae (singleton)
TACTTMPPseudomyrmex_Neotropical28,0.44638922694031546,0.3651456680463725,0.0,from Formicidae (cherry)
TACTTMPPseudomyrmex_Neotropical29,0.44638922694031546,0.3651456680463725,0,from Formicidae (singleton)
TACTTMPPseudomyrmex_Neotropical30,0.44638922694031546,0.3651456680463725,0,from Formicidae (singleton)
TACTTMPPseudomyrmex_Neotropical31,0.44638922694031546,0.3651456680463725,0.0,from Formicidae (cherry)
TACTTMPPseudomyrmex_Neotropical32,0.44638922694031546,0.3651456680463725,0,from Formicidae (singleton)
TACTTMPPseudomyrmex_Neotropical34,0.44638922694031546,0.3651456680463725,0,from Formicidae (singleton)
TACTTMPPseudomyrmex_Neotropical35,0.44638922694031546,0.3651456680463725,0.0,from Formicidae (cherry)
TACTTMPPseudomyrmex_Neotropical36,0.44638922694031546,0.3651456680463725,0.0,from Formicidae (cherry)
TACTTMPPseudomyrmex_Neotropical37,0.44638922694031546,0.3651456680463725,0,from Formicidae (singleton)
TACTTMPPseudomyrmex_Neotropical38,0.44638922694031546,0.3651456680463725,0,from Formicidae (singleton)
TACTTMPPseudomyrmex_Neotropical39,0.44638922694031546,0.3651456680463725,0,from Formicidae (singleton)
TACTTMPPseudomyrmex_Neotropical40,0.44638922694031546,0.3651456680463725,0,from Formicidae (singleton)
TACTTMPPseudomyrmex_Neotropical41,0.44638922694031546,0.3651456680463725,0,from Formicidae (singleton)
TACTTMPPseudomyrmex_Neotropical42,0.44638922694031546,0.3651456680463725,0,from Formicidae (singleton)
TACTTMPPseudomyrmex_Neotropical43,0.44638922694031546,0.3651456680463725,0.0,from Formicidae (cherry)
TACTTMPPseudomyrmex_Neotropical44,0.44638922694031546,0.3651456680463725,0,from Formicidae (singleton)
TACTTMPPseudomyrmex_Neotropical45,0.44638922694031546,0.3651456680463725,0,from Formicidae (singleton)
TACTTMPPseudomyrmex_Neotropical46,0.44638922694031546,0.3651456680463725,0.0,from Formicidae (cherry)
TACTTMPPseudomyrmex_Neotropical47,0.44638922694031546,0.3651456680463725,0.0,from Formicidae (cherry)
TACTTMPPseudomyrmex_Neotropical48,0.44638922694031546,0.3651456680463725,0,from Formicidae (singleton)
TACTTMPPseudomyrmex_Neotropical49,0.44638922694031546,0.3651456680463725,0,from Formicidae (singleton)
TACTTMPPseudomyrmex_Neotropical50,0.44638922694031546,0.3651456680463725,0,from Formicidae (singleton)
TACTTMPPseudomyrmex_Neotropical51,0.44638922694031546,0.3651456680463725,0,from Formicidae (singleton)
TACTTMPPseudomyrmex_Neotropical52,0.44638922694031546,0.3651456680463725,0,from Formicidae (singleton)
TACTTMPPseudomyrmex_Neotropical53,0.44638922694031546,0.3651456680463725,0,from Formicidae (singleton)
TACTTMPPseudomyrmex_Neotropical54,0.44638922694031546,0.3651456680463725,0,from Formicidae (singleton)
TACTTMPPseudomyrmex_Neotropical55,0.44638922694031546,0.3651456680463725,0,from Formicidae (singleton)
TACTTMPPseudomyrmex_Neotropical56,0.44638922694031546,0.3651456680463725,0,from Formicidae (singleton)
TACTTMPPseudomyrmex_Neotropical57,0.44638922694031546,0.3651456680463725,0,from Formicidae (singleton)
TACTTMPPseudomyrmex_Neotropical58,0.44638922694031546,0.3651456680463725,0,from Formicidae (singleton)
TACTTMPPseudomyrmex_Neotropical59,0.44638922694031546,0.3651456680463725,0,from Formicidae (singleton)
TACTTMPPseudomyrmex_Neotropical60,0.44638922694031546,0.3651456680463725,0,from Formicidae (singleton)
TACTTMPPseudomyrmex_Neotropical61,0.44638922694031546,0.3651456680463725,0.0,from Formicidae (crown capture probability)
TACTTMPPseudomyrmex_Neotropical62,0.44638922694031546,0.3651456680463725,0.0,from Formicidae (cherry)
TACTTMPPseudomyrmex_Neotropical63,0.44638922694031546,0.3651456680463725,0,from Formicidae (singleton)
TACTTMPPseudomyrmex_Neotropical64,0.44638922694031546,0.3651456680463725,0,from Formicidae (singleton)
TACTTMPPseudomyrmex_Neotropical65,0.44638922694031546,0.3651456680463725,0,from Formicidae (singleton)
TACTTMPPseudomyrmex_Neotropical66,0.44638922694031546,0.3651456680463725,0,from Formicidae (singleton)
TACTTMPPseudomyrmex_Neotropical67,0.44638922694031546,0.3651456680463725,0,from Formicidae (singleton)
TACTTMPPseudomyrmex_Neotropical68,0.44638922694031546,0.3651456680463725,0,from Formicidae (singleton)
TACTTMPPseudomyrmex_Neotropical69,0.44638922694031546,0.3651456680463725,0.0,from Formicidae (cherry)
TACTTMPPseudomyrmex_Neotropical70,0.44638922694031546,0.3651456680463725,0,from Formicidae (singleton)
TACTTMPPseudomyrmex_Neotropical73,0.44638922694031546,0.3651456680463725,0,from Formicidae (singleton)
TACTTMPPseudomyrmex_Neotropical74,0.44638922694031546,0.3651456680463725,0,from Formicidae (singleton)
TACTTMPPseudomyrmex_Neotropical76,0.44638922694031546,0.3651456680463725,0.0,from Formicidae (cherry)
TACTTMPPseudomyrmex_Neotropical77,0.44638922694031546,0.3651456680463725,0.0,from Formicidae (cherry)
TACTTMPPseudomyrmex_Neotropical78,0.44638922694031546,0.3651456680463725,0,from Formicidae (singleton)
TACTTMPPseudomyrmex_Neotropical79,0.44638922694031546,0.3651456680463725,0,from Formicidae (singleton)
TACTTMPPseudomyrmex_Neotropical80,0.44638922694031546,0.3651456680463725,0,from Formicidae (singleton)
TACTTMPPseudomyrmex_Neotropical81,0.44638922694031546,0.3651456680463725,0,from Formicidae (singleton)
TACTTMPPseudomyrmex_Neotropical82,0.44638922694031546,0.3651456680463725,0,from Formicidae (singleton)
TACTTMPPseudomyrmex_Neotropical83,0.44638922694031546,0.3651456680463725,0,from Formicidae (singleton)
TACTTMPPseudomyrmex_Neotropical84,0.44638922694031546,0.3651456680463725,0,from Formicidae (singleton)
TACTTMPPseudomyrmex_Neotropical85,0.44638922694031546,0.3651456680463725,0,from Formicidae (singleton)
TACTTMPPseudomyrmex_Neotropical86,0.44638922694031546,0.3651456680463725,0,from Formicidae (singleton)
TACTTMPPseudomyrmex_Neotropical87,0.44638922694031546,0.3651456680463725,0,from Formicidae (singleton)
TACTTMPPseudomyrmex_Neotropical88,0.44638922694031546,0.3651456680463725,0,from Formicidae (singleton)
TACTTMPPseudomyrmex_Neotropical89,0.44638922694031546,0.3651456680463725,0,from Formicidae (singleton)
TACTTMPPseudomyrmex_Neotropical90,0.44638922694031546,0.3651456680463725,0,from Formicidae (singleton)
TACTTMPPseudomyrmex_Neotropical91,0.44638922694031546,0.3651456680463725,0,from Formicidae (singleton)
TACTTMPPseudomyrmex_Neotropical92,0.44638922694031546,0.3651456680463725,0,from Formicidae (singleton)
TACTTMPPseudomyrmex_Neotropical93,0.44638922694031546,0.3651456680463725,0.0,from Formicidae (cherry)
TACTTMPPseudomyrmex_Neotropical94,0.44638922694031546,0.3651456680463725,0.0,from Formicidae (cherry)
TACTTMPPseudomyrmex_Neotropical95,0.44638922694031546,0.3651456680463725,0,from Formicidae (singleton)
TACTTMPPseudomyrmex_Neotropical96,0.44638922694031546,0.3651456680463725,0,from Formicidae (singleton)
TACTTMPPseudomyrmex_Neotropical97,0.44638922694031546,0.3651456680463725,0,from Formicidae (singleton)
TACTTMPPseudomyrmex_Neotropical99,0.44638922694031546,0.3651456680463725,0,from Formicidae (singleton)
TACTTMPPseudomyrmex_Unknown11,0.44638922694031546,0.3651456680463725,0,from Formicidae (singleton)
TACTTMPPseudomyrmex_Unknown33,0.44638922694031546,0.3651456680463725,0,from Formicidae (singleton)
TACTTMPPseudomyrmex_Unknown75,0.44638922694031546,0.3651456680463725,0,from Formicidae (singleton)
TACTTMPPseudoneoponera_Australasian03,0.44638922694031546,0.3651456680463725,0.0,from Formicidae (crown capture probability)
TACTTMPPseudoneoponera_Australasian04,0.44638922694031546,0.3651456680463725,0.0,from Formicidae (crown capture probability)
TACTTMPPseudoneoponera_Australasian05,0.44638922694031546,0.3651456680463725,0.0,from Formicidae (crown capture probability)
TACTTMPPseudoneoponera_Australasian06,0.44638922694031546,0.3651456680463725,0.0,from Formicidae (crown capture probability)
TACTTMPPseudoneoponera_Australasian07,0.44638922694031546,0.3651456680463725,0,from Formicidae (singleton)
TACTTMPPseudoneoponera_Indomalayan01,0.44638922694031546,0.3651456680463725,0.0,from Formicidae (cherry)
TACTTMPPseudoneoponera_Indomalayan02,0.44638922694031546,0.3651456680463725,0.0,from Formicidae (cherry)
TACTTMPPseudonotoncus_Australasian01,0.44638922694031546,0.3651456680463725,0.0,from Formicidae (cherry)
TACTTMPRasopone_Neotropical01,0.44638922694031546,0.3651456680463725,0,from Formicidae (singleton)
TACTTMPRasopone_Neotropical02,0.44638922694031546,0.3651456680463725,0,from Formicidae (singleton)
TACTTMPRasopone_Neotropical03,0.44638922694031546,0.3651456680463725,0,from Formicidae (singleton)
TACTTMPRasopone_Neotropical04,0.44638922694031546,0.3651456680463725,0,from Formicidae (singleton)
TACTTMPRasopone_Neotropical05,0.44638922694031546,0.3651456680463725,0.0,from Formicidae (cherry)
TACTTMPRasopone_Neotropical06,0.44638922694031546,0.3651456680463725,0,from Formicidae (singleton)
TACTTMPRasopone_Neotropical07,0.44638922694031546,0.3651456680463725,0,from Formicidae (singleton)
TACTTMPRasopone_Neotropical08,0.44638922694031546,0.3651456680463725,0,from Formicidae (singleton)
TACTTMPRasopone_Neotropical09,0.44638922694031546,0.3651456680463725,0,from Formicidae (singleton)
TACTTMPRasopone_Neotropical10,0.44638922694031546,0.3651456680463725,0,from Formicidae (singleton)
TACTTMPRasopone_Neotropical11,0.44638922694031546,0.3651456680463725,0,from Formicidae (singleton)
TACTTMPRasopone_Neotropical12,0.44638922694031546,0.3651456680463725,0,from Formicidae (singleton)
TACTTMPRasopone_Neotropical13,0.44638922694031546,0.3651456680463725,0.0,from Formicidae (cherry)
TACTTMPRecurvidris_Unknown01,0.44638922694031546,0.3651456680463725,0.0,from Formicidae (crown capture probability)
TACTTMPRecurvidris_Unknown02,0.44638922694031546,0.3651456680463725,0.0,from Formicidae (crown capture probability)
TACTTMPRhopalomastix_Indomalayan01,0.44638922694031546,0.3651456680463725,0.0,from Formicidae (crown capture probability)
TACTTMPRhopalomastix_Indomalayan02,0.44638922694031546,0.3651456680463725,0.0,from Formicidae (crown capture probability)
TACTTMPRhopalothrix_Neotropical01,0.44638922694031546,0.3651456680463725,0.0,from Formicidae (crown capture probability)
TACTTMPRhytidoponera_Australasian01,0.44638922694031546,0.3651456680463725,0.0,from Formicidae (crown capture probability)
TACTTMPRhytidoponera_Australasian02,0.44638922694031546,0.3651456680463725,0.0,from Formicidae (crown capture probability)
TACTTMPRhytidoponera_Australasian03,0.44638922694031546,0.3651456680463725,0.0,from Formicidae (crown capture probability)
TACTTMPRhytidoponera_Australasian04,0.44638922694031546,0.3651456680463725,0.0,from Formicidae (crown capture probability)
TACTTMPRhytidoponera_Australasian05,0.44638922694031546,0.3651456680463725,0.0,from Formicidae (crown capture probability)
TACTTMPRhytidoponera_Australasian06,0.44638922694031546,0.3651456680463725,0.0,from Formicidae (crown capture probability)
TACTTMPRhytidoponera_Australasian07,0.44638922694031546,0.3651456680463725,0.0,from Formicidae (crown capture probability)
TACTTMPRhytidoponera_Australasian08,0.44638922694031546,0.3651456680463725,0.0,from Formicidae (crown capture probability)
TACTTMPRhytidoponera_Australasian09,0.44638922694031546,0.3651456680463725,0.0,from Formicidae (crown capture probability)
TACTTMPRhytidoponera_Australasian10,0.44638922694031546,0.3651456680463725,0.0,from Formicidae (crown capture probability)
TACTTMPRhytidoponera_Australasian11,0.44638922694031546,0.3651456680463725,0.0,from Formicidae (crown capture probability)
TACTTMPRhytidoponera_Australasian12,0.44638922694031546,0.3651456680463725,0.0,from Formicidae (crown capture probability)
TACTTMPRhytidoponera_Australasian13,0.44638922694031546,0.3651456680463725,0.0,from Formicidae (crown capture probability)
TACTTMPRhytidoponera_Australasian14,0.44638922694031546,0.3651456680463725,0.0,from Formicidae (crown capture probability)
TACTTMPRhytidoponera_Australasian15,0.44638922694031546,0.3651456680463725,0.0,from Formicidae (crown capture probability)
TACTTMPRhytidoponera_Australasian16,0.44638922694031546,0.3651456680463725,0.0,from Formicidae (cherry)
TACTTMPRhytidoponera_Australasian18,0.44638922694031546,0.3651456680463725,0.0,from Formicidae (cherry)
TACTTMPRhytidoponera_Australasian19,0.44638922694031546,0.3651456680463725,0.0,from Formicidae (crown capture probability)
TACTTMPRhytidoponera_Australasian20,0.44638922694031546,0.3651456680463725,0.0,from Formicidae (crown capture probability)
TACTTMPRhytidoponera_Indomalayan17,0.44638922694031546,0.3651456680463725,0.0,from Formicidae (crown capture probability)
TACTTMPRogeria_Australasian01,0.44638922694031546,0.3651456680463725,0.0,from Formicidae (cherry)
TACTTMPRogeria_Neotropical02,0.44638922694031546,0.3651456680463725,0.0,from Formicidae (crown capture probability)
TACTTMPRomblonella_Australasian01,0.44638922694031546,0.3651456680463725,0.0,from Formicidae (crown capture probability)
TACTTMPRomblonella_Oceanian02,0.44638922694031546,0.3651456680463725,0.0,from Formicidae (crown capture probability)
TACTTMPRossomyrmex_Palearctic01,0.44638922694031546,0.3651456680463725,0.0,from Formicidae (crown capture probability)
TACTTMPRotastruma_Australasian02,0.44638922694031546,0.3651456680463725,0.0,from Formicidae (cherry)
TACTTMPRotastruma_Palearctic01,0.44638922694031546,0.3651456680463725,0,from Formicidae (singleton)
TACTTMPRoyidris_Afrotropical01,0.44638922694031546,0.3651456680463725,0,from Formicidae (singleton)
TACTTMPRoyidris_Afrotropical02,0.44638922694031546,0.3651456680463725,0,from Formicidae (singleton)
TACTTMPRoyidris_Afrotropical03,0.44638922694031546,0.3651456680463725,0.0,from Formicidae (cherry)
TACTTMPRoyidris_Afrotropical04,0.44638922694031546,0.3651456680463725,0,from Formicidae (singleton)
TACTTMPRoyidris_Afrotropical05,0.44638922694031546,0.3651456680463725,0,from Formicidae (singleton)
TACTTMPRoyidris_Afrotropical06,0.44638922694031546,0.3651456680463725,0,from Formicidae (singleton)
TACTTMPRoyidris_Afrotropical07,0.44638922694031546,0.3651456680463725,0,from Formicidae (singleton)
TACTTMPRoyidris_Afrotropical08,0.44638922694031546,0.3651456680463725,0,from Formicidae (singleton)
TACTTMPRoyidris_Afrotropical09,0.44638922694031546,0.3651456680463725,0,from Formicidae (singleton)
TACTTMPRoyidris_Afrotropical10,0.44638922694031546,0.3651456680463725,0,from Formicidae (singleton)
TACTTMPRoyidris_Afrotropical11,0.44638922694031546,0.3651456680463725,0,from Formicidae (singleton)
TACTTMPRoyidris_Afrotropical12,0.44638922694031546,0.3651456680463725,0,from Formicidae (singleton)
TACTTMPRoyidris_Afrotropical13,0.44638922694031546,0.3651456680463725,0.0,from Formicidae (cherry)
TACTTMPSecostruma_Unknown01,0.44638922694031546,0.3651456680463725,0.0,from Formicidae (cherry)
TACTTMPSericomyrmex_Neotropical01,0.44638922694031546,0.3651456680463725,0,from Formicidae (singleton)
TACTTMPSericomyrmex_Neotropical02,0.44638922694031546,0.3651456680463725,0,from Formicidae (singleton)
TACTTMPSericomyrmex_Neotropical03,0.44638922694031546,0.3651456680463725,0,from Formicidae (singleton)
TACTTMPSericomyrmex_Neotropical04,0.44638922694031546,0.3651456680463725,0,from Formicidae (singleton)
TACTTMPSericomyrmex_Neotropical05,0.44638922694031546,0.3651456680463725,0,from Formicidae (singleton)
TACTTMPSericomyrmex_Neotropical06,0.44638922694031546,0.3651456680463725,0,from Formicidae (singleton)
TACTTMPSericomyrmex_Neotropical07,0.44638922694031546,0.3651456680463725,0.0,from Formicidae (cherry)
TACTTMPSericomyrmex_Neotropical08,0.44638922694031546,0.3651456680463725,0,from Formicidae (singleton)
TACTTMPSericomyrmex_Neotropical09,0.44638922694031546,0.3651456680463725,0.0,from Formicidae (cherry)
TACTTMPSimopelta_Neotropical01,0.44638922694031546,0.3651456680463725,0.0,from Formicidae (cherry)
TACTTMPSimopelta_Neotropical02,0.44638922694031546,0.3651456680463725,0.0,from Formicidae (crown capture probability)
TACTTMPSimopelta_Neotropical03,0.44638922694031546,0.3651456680463725,0,from Formicidae (singleton)
TACTTMPSimopelta_Neotropical04,0.44638922694031546,0.3651456680463725,0,from Formicidae (singleton)
TACTTMPSimopelta_Neotropical05,0.44638922694031546,0.3651456680463725,0.0,from Formicidae (crown capture probability)
TACTTMPSimopelta_Neotropical06,0.44638922694031546,0.3651456680463725,0,from Formicidae (singleton)
TACTTMPSimopelta_Neotropical07,0.44638922694031546,0.3651456680463725,0.0,from Formicidae (cherry)
TACTTMPSimopelta_Neotropical08,0.44638922694031546,0.3651456680463725,0,from Formicidae (singleton)
TACTTMPSimopelta_Neotropical09,0.44638922694031546,0.3651456680463725,0.0,from Formicidae (crown capture probability)
TACTTMPSimopelta_Neotropical10,0.44638922694031546,0.3651456680463725,0,from Formicidae (singleton)
TACTTMPSimopelta_Neotropical11,0.44638922694031546,0.3651456680463725,0,from Formicidae (singleton)
TACTTMPSimopelta_Neotropical12,0.44638922694031546,0.3651456680463725,0,from Formicidae (singleton)
TACTTMPSimopelta_Neotropical13,0.44638922694031546,0.3651456680463725,0,from Formicidae (singleton)
TACTTMPSimopone_Afrotropical01,0.44638922694031546,0.3651456680463725,0.0,from Formicidae (cherry)
TACTTMPSimopone_Afrotropical02,0.44638922694031546,0.3651456680463725,0.0,from Formicidae (cherry)
TACTTMPSimopone_Afrotropical03,0.44638922694031546,0.3651456680463725,0,from Formicidae (singleton)
TACTTMPSimopone_Afrotropical04,0.44638922694031546,0.3651456680463725,0,from Formicidae (singleton)
TACTTMPSimopone_Afrotropical05,0.44638922694031546,0.3651456680463725,0.0,from Formicidae (cherry)
TACTTMPSimopone_Afrotropical06,0.44638922694031546,0.3651456680463725,0,from Formicidae (singleton)
TACTTMPSimopone_Afrotropical07,0.44638922694031546,0.3651456680463725,0,from Formicidae (singleton)
TACTTMPSimopone_Afrotropical08,0.44638922694031546,0.3651456680463725,0,from Formicidae (singleton)
TACTTMPSimopone_Afrotropical09,0.44638922694031546,0.3651456680463725,0.0,from Formicidae (crown capture probability)
TACTTMPSimopone_Afrotropical11,0.44638922694031546,0.3651456680463725,0,from Formicidae (singleton)
TACTTMPSimopone_Afrotropical12,0.44638922694031546,0.3651456680463725,0.0,from Formicidae (cherry)
TACTTMPSimopone_Afrotropical13,0.44638922694031546,0.3651456680463725,0,from Formicidae (singleton)
TACTTMPSimopone_Afrotropical14,0.44638922694031546,0.3651456680463725,0.0,from Formicidae (crown capture probability)
TACTTMPSimopone_Afrotropical15,0.44638922694031546,0.3651456680463725,0.0,from Formicidae (cherry)
TACTTMPSimopone_Afrotropical16,0.44638922694031546,0.3651456680463725,0.0,from Formicidae (cherry)
TACTTMPSimopone_Afrotropical17,0.44638922694031546,0.3651456680463725,0,from Formicidae (singleton)
TACTTMPSimopone_Afrotropical18,0.44638922694031546,0.3651456680463725,0.0,from Formicidae (crown capture probability)
TACTTMPSimopone_Afrotropical19,0.44638922694031546,0.3651456680463725,0.0,from Formicidae (cherry)
TACTTMPSimopone_Afrotropical20,0.44638922694031546,0.3651456680463725,0.0,from Formicidae (crown capture probability)
TACTTMPSimopone_Afrotropical21,0.44638922694031546,0.3651456680463725,0.0,from Formicidae (cherry)
TACTTMPSimopone_Indomalayan10,0.44638922694031546,0.3651456680463725,0.0,from Formicidae (crown capture probability)
TACTTMPSolenopsis_Afrotropical12,0.44638922694031546,0.3651456680463725,0.0,from Formicidae (crown capture probability)
TACTTMPSolenopsis_Australasian14,0.44638922694031546,0.3651456680463725,0.0,from Formicidae (crown capture probability)
TACTTMPSolenopsis_Nearctic02,0.44638922694031546,0.3651456680463725,0.0,from Formicidae (crown capture probability)
TACTTMPSolenopsis_Nearctic04,0.44638922694031546,0.3651456680463725,0.0,from Formicidae (crown capture probability)
TACTTMPSolenopsis_Nearctic07,0.44638922694031546,0.3651456680463725,0.0,from Formicidae (crown capture probability)
TACTTMPSolenopsis_Nearctic08,0.44638922694031546,0.3651456680463725,0.0,from Formicidae (crown capture probability)
TACTTMPSolenopsis_Nearctic09,0.44638922694031546,0.3651456680463725,0.0,from Formicidae (crown capture probability)
TACTTMPSolenopsis_Nearctic11,0.44638922694031546,0.3651456680463725,0.0,from Formicidae (crown capture probability)
TACTTMPSolenopsis_Neotropical01,0.44638922694031546,0.3651456680463725,0.0,from Formicidae (crown capture probability)
TACTTMPSolenopsis_Neotropical03,0.44638922694031546,0.3651456680463725,0.0,from Formicidae (crown capture probability)
TACTTMPSolenopsis_Neotropical05,0.44638922694031546,0.3651456680463725,0.0,from Formicidae (crown capture probability)
TACTTMPSolenopsis_Palearctic06,0.44638922694031546,0.3651456680463725,0.0,from Formicidae (crown capture probability)
TACTTMPSolenopsis_Palearctic13,0.44638922694031546,0.3651456680463725,0.0,from Formicidae (crown capture probability)
TACTTMPSolenopsis_Unknown10,0.44638922694031546,0.3651456680463725,0.0,from Formicidae (cherry)
TACTTMPSphinctomyrmex_Neotropical01,0.44638922694031546,0.3651456680463725,0.0,from Formicidae (cherry)
TACTTMPSphinctomyrmex_Neotropical02,0.44638922694031546,0.3651456680463725,0,from Formicidae (singleton)
TACTTMPStegomyrmex_Neotropical01,0.44638922694031546,0.3651456680463725,0.0,from Formicidae (crown capture probability)
TACTTMPStenamma_Indomalayan24,0.44638922694031546,0.3651456680463725,0.0,from Formicidae (crown capture probability)
TACTTMPStenamma_Nearctic20,0.44638922694031546,0.3651456680463725,0,from Formicidae (singleton)
TACTTMPStenamma_Nearctic27,0.44638922694031546,0.3651456680463725,0,from Formicidae (singleton)
TACTTMPStenamma_Nearctic28,0.44638922694031546,0.3651456680463725,0,from Formicidae (singleton)
TACTTMPStenamma_Nearctic30,0.44638922694031546,0.3651456680463725,0,from Formicidae (singleton)
TACTTMPStenamma_Nearctic33,0.44638922694031546,0.3651456680463725,0,from Formicidae (singleton)
TACTTMPStenamma_Nearctic34,0.44638922694031546,0.3651456680463725,0,from Formicidae (singleton)
TACTTMPStenamma_Nearctic35,0.44638922694031546,0.3651456680463725,0,from Formicidae (singleton)
TACTTMPStenamma_Nearctic36,0.44638922694031546,0.3651456680463725,0,from Formicidae (singleton)
TACTTMPStenamma_Nearctic37,0.44638922694031546,0.3651456680463725,0,from Formicidae (singleton)
TACTTMPStenamma_Nearctic38,0.44638922694031546,0.3651456680463725,0,from Formicidae (singleton)
TACTTMPStenamma_Nearctic39,0.44638922694031546,0.3651456680463725,0,from Formicidae (singleton)
TACTTMPStenamma_Nearctic40,0.44638922694031546,0.3651456680463725,0,from Formicidae (singleton)
TACTTMPStenamma_Nearctic41,0.44638922694031546,0.3651456680463725,0,from Formicidae (singleton)
TACTTMPStenamma_Nearctic42,0.44638922694031546,0.3651456680463725,0,from Formicidae (singleton)
TACTTMPStenamma_Nearctic43,0.44638922694031546,0.3651456680463725,0,from Formicidae (singleton)
TACTTMPStenamma_Nearctic44,0.44638922694031546,0.3651456680463725,0,from Formicidae (singleton)
TACTTMPStenamma_Nearctic45,0.44638922694031546,0.3651456680463725,0,from Formicidae (singleton)
TACTTMPStenamma_Neotropical01,0.44638922694031546,0.3651456680463725,0,from Formicidae (singleton)
TACTTMPStenamma_Neotropical02,0.44638922694031546,0.3651456680463725,0.0,from Formicidae (crown capture probability)
TACTTMPStenamma_Neotropical03,0.44638922694031546,0.3651456680463725,0,from Formicidae (singleton)
TACTTMPStenamma_Neotropical04,0.44638922694031546,0.3651456680463725,0,from Formicidae (singleton)
TACTTMPStenamma_Neotropical05,0.44638922694031546,0.3651456680463725,0,from Formicidae (singleton)
TACTTMPStenamma_Neotropical06,0.44638922694031546,0.3651456680463725,0,from Formicidae (singleton)
TACTTMPStenamma_Neotropical07,0.44638922694031546,0.3651456680463725,0,from Formicidae (singleton)
TACTTMPStenamma_Neotropical08,0.44638922694031546,0.3651456680463725,0.0,from Formicidae (cherry)
TACTTMPStenamma_Neotropical09,0.44638922694031546,0.3651456680463725,0.0,from Formicidae (cherry)
TACTTMPStenamma_Neotropical10,0.44638922694031546,0.3651456680463725,0,from Formicidae (singleton)
TACTTMPStenamma_Neotropical11,0.44638922694031546,0.3651456680463725,0,from Formicidae (singleton)
TACTTMPStenamma_Neotropical12,0.44638922694031546,0.3651456680463725,0.0,from Formicidae (crown capture probability)
TACTTMPStenamma_Neotropical13,0.44638922694031546,0.3651456680463725,0,from Formicidae (singleton)
TACTTMPStenamma_Neotropical14,0.44638922694031546,0.3651456680463725,0.0,from Formicidae (crown capture probability)
TACTTMPStenamma_Neotropical15,0.44638922694031546,0.3651456680463725,0.0,from Formicidae (crown capture probability)
TACTTMPStenamma_Neotropical16,0.44638922694031546,0.3651456680463725,0.0,from Formicidae (cherry)
TACTTMPStenamma_Neotropical17,0.44638922694031546,0.3651456680463725,0.0,from Formicidae (crown capture probability)
TACTTMPStenamma_Neotropical18,0.44638922694031546,0.3651456680463725,0.0,from Formicidae (cherry)
TACTTMPStenamma_Neotropical19,0.44638922694031546,0.3651456680463725,0,from Formicidae (singleton)
TACTTMPStenamma_Neotropical21,0.44638922694031546,0.3651456680463725,0,from Formicidae (singleton)
TACTTMPStenamma_Neotropical22,0.44638922694031546,0.3651456680463725,0.0,from Formicidae (cherry)
TACTTMPStenamma_Neotropical23,0.44638922694031546,0.3651456680463725,0,from Formicidae (singleton)
TACTTMPStenamma_Palearctic25,0.44638922694031546,0.3651456680463725,0.0,from Formicidae (crown capture probability)
TACTTMPStenamma_Palearctic26,0.44638922694031546,0.3651456680463725,0.0,from Formicidae (cherry)
TACTTMPStenamma_Palearctic29,0.44638922694031546,0.3651456680463725,0.0,from Formicidae (crown capture probability)
TACTTMPStenamma_Palearctic31,0.44638922694031546,0.3651456680463725,0.0,from Formicidae (crown capture probability)
TACTTMPStenamma_Palearctic32,0.44638922694031546,0.3651456680463725,0.0,from Formicidae (crown capture probability)
TACTTMPStenamma_Palearctic46,0.44638922694031546,0.3651456680463725,0.0,from Formicidae (crown capture probability)
TACTTMPStenamma_Palearctic47,0.44638922694031546,0.3651456680463725,0.0,from Formicidae (crown capture probability)
TACTTMPStereomyrmex_Indomalayan01,0.44638922694031546,0.3651456680463725,0.0,from Formicidae (crown capture probability)
TACTTMPStictoponera_Australasian01,0.44638922694031546,0.3651456680463725,0.0,from Formicidae (crown capture probability)
TACTTMPStictoponera_Australasian02,0.44638922694031546,0.3651456680463725,0.0,from Formicidae (crown capture probability)
TACTTMPStictoponera_Australasian03,0.44638922694031546,0.3651456680463725,0.0,from Formicidae (crown capture probability)
TACTTMPStictoponera_Australasian04,0.44638922694031546,0.3651456680463725,0.0,from Formicidae (crown capture probability)
TACTTMPStictoponera_Indomalayan05,0.44638922694031546,0.3651456680463725,0.0,from Formicidae (crown capture probability)
TACTTMPStictoponera_Indomalayan06,0.44638922694031546,0.3651456680463725,0.0,from Formicidae (crown capture probability)
TACTTMPStictoponera_Indomalayan07,0.44638922694031546,0.3651456680463725,0.0,from Formicidae (crown capture probability)
TACTTMPStictoponera_Indomalayan08,0.44638922694031546,0.3651456680463725,0.0,from Formicidae (crown capture probability)
TACTTMPStictoponera_Indomalayan09,0.44638922694031546,0.3651456680463725,0.0,from Formicidae (crown capture probability)
TACTTMPStigmacros_Australasian01,0.44638922694031546,0.3651456680463725,0.0,from Formicidae (crown capture probability)
TACTTMPStigmatomma_Afrotropical01,0.44638922694031546,0.3651456680463725,0.0,from Formicidae (crown capture probability)
TACTTMPStigmatomma_Afrotropical02,0.44638922694031546,0.3651456680463725,0.0,from Formicidae (cherry)
TACTTMPStigmatomma_Afrotropical03,0.44638922694031546,0.3651456680463725,0,from Formicidae (singleton)
TACTTMPStigmatomma_Afrotropical04,0.44638922694031546,0.3651456680463725,0,from Formicidae (singleton)
TACTTMPStigmatomma_Afrotropical05,0.44638922694031546,0.3651456680463725,0.0,from Formicidae (cherry)
TACTTMPStigmatomma_Afrotropical06,0.44638922694031546,0.3651456680463725,0,from Formicidae (singleton)
TACTTMPStigmatomma_Indomalayan08,0.44638922694031546,0.3651456680463725,0.0,from Formicidae (crown capture probability)
TACTTMPStigmatomma_Indomalayan09,0.44638922694031546,0.3651456680463725,0.0,from Formicidae (crown capture probability)
TACTTMPStigmatomma_Nearctic10,0.44638922694031546,0.3651456680463725,0,from Formicidae (singleton)
TACTTMPStigmatomma_Nearctic13,0.44638922694031546,0.3651456680463725,0,from Formicidae (singleton)
TACTTMPStigmatomma_Nearctic14,0.44638922694031546,0.3651456680463725,0.0,from Formicidae (cherry)
TACTTMPStigmatomma_Palearctic07,0.44638922694031546,0.3651456680463725,0.0,from Formicidae (crown capture probability)
TACTTMPStigmatomma_Palearctic11,0.44638922694031546,0.3651456680463725,0.0,from Formicidae (crown capture probability)
TACTTMPStigmatomma_Palearctic12,0.44638922694031546,0.3651456680463725,0.0,from Formicidae (crown capture probability)
TACTTMPStreblognathus_Afrotropical01,0.44638922694031546,0.3651456680463725,0.0,from Formicidae (cherry)
TACTTMPStrongylognathus_Palearctic01,0.44638922694031546,0.3651456680463725,0.0,from Formicidae (crown capture probability)
TACTTMPStrumigenys_Afrotropical01,0.44638922694031546,0.3651456680463725,0,from Formicidae (singleton)
TACTTMPStrumigenys_Afrotropical02,0.44638922694031546,0.3651456680463725,0,from Formicidae (singleton)
TACTTMPStrumigenys_Afrotropical03,0.44638922694031546,0.3651456680463725,0,from Formicidae (singleton)
TACTTMPStrumigenys_Afrotropical04,0.44638922694031546,0.3651456680463725,0,from Formicidae (singleton)
TACTTMPStrumigenys_Afrotropical05,0.44638922694031546,0.3651456680463725,0,from Formicidae (singleton)
TACTTMPStrumigenys_Afrotropical06,0.44638922694031546,0.3651456680463725,0,from Formicidae (singleton)
TACTTMPStrumigenys_Afrotropical07,0.44638922694031546,0.3651456680463725,0,from Formicidae (singleton)
TACTTMPStrumigenys_Afrotropical08,0.44638922694031546,0.3651456680463725,0,from Formicidae (singleton)
TACTTMPStrumigenys_Afrotropical09,0.44638922694031546,0.3651456680463725,0.0,from Formicidae (cherry)
TACTTMPStrumigenys_Afrotropical10,0.44638922694031546,0.3651456680463725,0,from Formicidae (singleton)
TACTTMPStrumigenys_Afrotropical11,0.44638922694031546,0.3651456680463725,0,from Formicidae (singleton)
TACTTMPStrumigenys_Afrotropical12,0.44638922694031546,0.3651456680463725,0,from Formicidae (singleton)
TACTTMPStrumigenys_Afrotropical126,0.44638922694031546,0.3651456680463725,0,from Formicidae (singleton)
TACTTMPStrumigenys_Afrotropical13,0.44638922694031546,0.3651456680463725,0.0,from Formicidae (cherry)
TACTTMPStrumigenys_Afrotropical16,0.44638922694031546,0.3651456680463725,0,from Formicidae (singleton)
TACTTMPStrumigenys_Afrotropical17,0.44638922694031546,0.3651456680463725,0,from Formicidae (singleton)
TACTTMPStrumigenys_Afrotropical18,0.44638922694031546,0.3651456680463725,0.0,from Formicidae (crown capture probability)
TACTTMPStrumigenys_Afrotropical19,0.44638922694031546,0.3651456680463725,0,from Formicidae (singleton)
TACTTMPStrumigenys_Afrotropical194,0.44638922694031546,0.3651456680463725,0.0,from Formicidae (cherry)
TACTTMPStrumigenys_Afrotropical195,0.44638922694031546,0.3651456680463725,0,from Formicidae (singleton)
TACTTMPStrumigenys_Afrotropical196,0.44638922694031546,0.3651456680463725,0.0,from Formicidae (cherry)
TACTTMPStrumigenys_Afrotropical197,0.44638922694031546,0.3651456680463725,0.0,from Formicidae (cherry)
TACTTMPStrumigenys_Afrotropical198,0.44638922694031546,0.3651456680463725,0,from Formicidae (singleton)
TACTTMPStrumigenys_Afrotropical199,0.44638922694031546,0.3651456680463725,0,from Formicidae (singleton)
TACTTMPStrumigenys_Afrotropical20,0.44638922694031546,0.3651456680463725,0,from Formicidae (singleton)
TACTTMPStrumigenys_Afrotropical201,0.44638922694031546,0.3651456680463725,0,from Formicidae (singleton)
TACTTMPStrumigenys_Afrotropical202,0.44638922694031546,0.3651456680463725,0,from Formicidae (singleton)
TACTTMPStrumigenys_Afrotropical203,0.44638922694031546,0.3651456680463725,0.0,from Formicidae (cherry)
TACTTMPStrumigenys_Afrotropical204,0.44638922694031546,0.3651456680463725,0,from Formicidae (singleton)
TACTTMPStrumigenys_Afrotropical205,0.44638922694031546,0.3651456680463725,0.0,from Formicidae (crown capture probability)
TACTTMPStrumigenys_Afrotropical206,0.44638922694031546,0.3651456680463725,0.0,from Formicidae (cherry)
TACTTMPStrumigenys_Afrotropical207,0.44638922694031546,0.3651456680463725,0,from Formicidae (singleton)
TACTTMPStrumigenys_Afrotropical208,0.44638922694031546,0.3651456680463725,0,from Formicidae (singleton)
TACTTMPStrumigenys_Afrotropical209,0.44638922694031546,0.3651456680463725,0.0,from Formicidae (cherry)
TACTTMPStrumigenys_Afrotropical21,0.44638922694031546,0.3651456680463725,0.0,from Formicidae (cherry)
TACTTMPStrumigenys_Afrotropical210,0.44638922694031546,0.3651456680463725,0.0,from Formicidae (cherry)
TACTTMPStrumigenys_Afrotropical211,0.44638922694031546,0.3651456680463725,0.0,from Formicidae (cherry)
TACTTMPStrumigenys_Afrotropical212,0.44638922694031546,0.3651456680463725,0.0,from Formicidae (cherry)
TACTTMPStrumigenys_Afrotropical213,0.44638922694031546,0.3651456680463725,0,from Formicidae (singleton)
TACTTMPStrumigenys_Afrotropical214,0.44638922694031546,0.3651456680463725,0,from Formicidae (singleton)
TACTTMPStrumigenys_Afrotropical215,0.44638922694031546,0.3651456680463725,0,from Formicidae (singleton)
TACTTMPStrumigenys_Afrotropical216,0.44638922694031546,0.3651456680463725,0,from Formicidae (singleton)
TACTTMPStrumigenys_Afrotropical217,0.44638922694031546,0.3651456680463725,0,from Formicidae (singleton)
TACTTMPStrumigenys_Afrotropical218,0.44638922694031546,0.3651456680463725,0.0,from Formicidae (cherry)
TACTTMPStrumigenys_Afrotropical219,0.44638922694031546,0.3651456680463725,0.0,from Formicidae (cherry)
TACTTMPStrumigenys_Afrotropical22,0.44638922694031546,0.3651456680463725,0,from Formicidae (singleton)
TACTTMPStrumigenys_Afrotropical220,0.44638922694031546,0.3651456680463725,0.0,from Formicidae (crown capture probability)
TACTTMPStrumigenys_Afrotropical221,0.44638922694031546,0.3651456680463725,0.0,from Formicidae (cherry)
TACTTMPStrumigenys_Afrotropical222,0.44638922694031546,0.3651456680463725,0,from Formicidae (singleton)
TACTTMPStrumigenys_Afrotropical223,0.44638922694031546,0.3651456680463725,0,from Formicidae (singleton)
TACTTMPStrumigenys_Afrotropical224,0.44638922694031546,0.3651456680463725,0.0,from Formicidae (crown capture probability)
TACTTMPStrumigenys_Afrotropical225,0.44638922694031546,0.3651456680463725,0,from Formicidae (singleton)
TACTTMPStrumigenys_Afrotropical226,0.44638922694031546,0.3651456680463725,0,from Formicidae (singleton)
TACTTMPStrumigenys_Afrotropical227,0.44638922694031546,0.3651456680463725,0.0,from Formicidae (crown capture probability)
TACTTMPStrumigenys_Afrotropical228,0.44638922694031546,0.3651456680463725,0,from Formicidae (singleton)
TACTTMPStrumigenys_Afrotropical229,0.44638922694031546,0.3651456680463725,0,from Formicidae (singleton)
TACTTMPStrumigenys_Afrotropical23,0.44638922694031546,0.3651456680463725,0,from Formicidae (singleton)
TACTTMPStrumigenys_Afrotropical230,0.44638922694031546,0.3651456680463725,0.0,from Formicidae (cherry)
TACTTMPStrumigenys_Afrotropical231,0.44638922694031546,0.3651456680463725,0,from Formicidae (singleton)
TACTTMPStrumigenys_Afrotropical232,0.44638922694031546,0.3651456680463725,0,from Formicidae (singleton)
TACTTMPStrumigenys_Afrotropical233,0.44638922694031546,0.3651456680463725,0,from Formicidae (singleton)
TACTTMPStrumigenys_Afrotropical234,0.44638922694031546,0.3651456680463725,0.0,from Formicidae (cherry)
TACTTMPStrumigenys_Afrotropical235,0.44638922694031546,0.3651456680463725,0,from Formicidae (singleton)
TACTTMPStrumigenys_Afrotropical236,0.44638922694031546,0.3651456680463725,0,from Formicidae (singleton)
TACTTMPStrumigenys_Afrotropical237,0.44638922694031546,0.3651456680463725,0,from Formicidae (singleton)
TACTTMPStrumigenys_Afrotropical238,0.44638922694031546,0.3651456680463725,0,from Formicidae (singleton)
TACTTMPStrumigenys_Afrotropical239,0.44638922694031546,0.3651456680463725,0.0,from Formicidae (cherry)
TACTTMPStrumigenys_Afrotropical24,0.44638922694031546,0.3651456680463725,0,from Formicidae (singleton)
TACTTMPStrumigenys_Afrotropical240,0.44638922694031546,0.3651456680463725,0,from Formicidae (singleton)
TACTTMPStrumigenys_Afrotropical241,0.44638922694031546,0.3651456680463725,0.0,from Formicidae (crown capture probability)
TACTTMPStrumigenys_Afrotropical242,0.44638922694031546,0.3651456680463725,0,from Formicidae (singleton)
TACTTMPStrumigenys_Afrotropical243,0.44638922694031546,0.3651456680463725,0,from Formicidae (singleton)
TACTTMPStrumigenys_Afrotropical244,0.44638922694031546,0.3651456680463725,0,from Formicidae (singleton)
TACTTMPStrumigenys_Afrotropical245,0.44638922694031546,0.3651456680463725,0.0,from Formicidae (cherry)
TACTTMPStrumigenys_Afrotropical246,0.44638922694031546,0.3651456680463725,0.0,from Formicidae (crown capture probability)
TACTTMPStrumigenys_Afrotropical247,0.44638922694031546,0.3651456680463725,0,from Formicidae (singleton)
TACTTMPStrumigenys_Afrotropical248,0.44638922694031546,0.3651456680463725,0,from Formicidae (singleton)
TACTTMPStrumigenys_Afrotropical249,0.44638922694031546,0.3651456680463725,0,from Formicidae (singleton)
TACTTMPStrumigenys_Afrotropical25,0.44638922694031546,0.3651456680463725,0.0,from Formicidae (cherry)
TACTTMPStrumigenys_Afrotropical250,0.44638922694031546,0.3651456680463725,0,from Formicidae (singleton)
TACTTMPStrumigenys_Afrotropical251,0.44638922694031546,0.3651456680463725,0,from Formicidae (singleton)
TACTTMPStrumigenys_Afrotropical252,0.44638922694031546,0.3651456680463725,0.0,from Formicidae (cherry)
TACTTMPStrumigenys_Afrotropical253,0.44638922694031546,0.3651456680463725,0,from Formicidae (singleton)
TACTTMPStrumigenys_Afrotropical254,0.44638922694031546,0.3651456680463725,0.0,from Formicidae (cherry)
TACTTMPStrumigenys_Afrotropical255,0.44638922694031546,0.3651456680463725,0,from Formicidae (singleton)
TACTTMPStrumigenys_Afrotropical256,0.44638922694031546,0.3651456680463725,0,from Formicidae (singleton)
TACTTMPStrumigenys_Afrotropical257,0.44638922694031546,0.3651456680463725,0,from Formicidae (singleton)
TACTTMPStrumigenys_Afrotropical258,0.44638922694031546,0.3651456680463725,0,from Formicidae (singleton)
TACTTMPStrumigenys_Afrotropical259,0.44638922694031546,0.3651456680463725,0,from Formicidae (singleton)
TACTTMPStrumigenys_Afrotropical26,0.44638922694031546,0.3651456680463725,0.0,from Formicidae (crown capture probability)
TACTTMPStrumigenys_Afrotropical260,0.44638922694031546,0.3651456680463725,0.0,from Formicidae (crown capture probability)
TACTTMPStrumigenys_Afrotropical261,0.44638922694031546,0.3651456680463725,0,from Formicidae (singleton)
TACTTMPStrumigenys_Afrotropical262,0.44638922694031546,0.3651456680463725,0,from Formicidae (singleton)
TACTTMPStrumigenys_Afrotropical263,0.44638922694031546,0.3651456680463725,0.0,from Formicidae (cherry)
TACTTMPStrumigenys_Afrotropical264,0.44638922694031546,0.3651456680463725,0.0,from Formicidae (cherry)
TACTTMPStrumigenys_Afrotropical265,0.44638922694031546,0.3651456680463725,0,from Formicidae (singleton)
TACTTMPStrumigenys_Afrotropical266,0.44638922694031546,0.3651456680463725,0,from Formicidae (singleton)
TACTTMPStrumigenys_Afrotropical267,0.44638922694031546,0.3651456680463725,0.0,from Formicidae (cherry)
TACTTMPStrumigenys_Afrotropical268,0.44638922694031546,0.3651456680463725,0.0,from Formicidae (cherry)
TACTTMPStrumigenys_Afrotropical269,0.44638922694031546,0.3651456680463725,0.0,from Formicidae (cherry)
TACTTMPStrumigenys_Afrotropical270,0.44638922694031546,0.3651456680463725,0,from Formicidae (singleton)
TACTTMPStrumigenys_Afrotropical271,0.44638922694031546,0.3651456680463725,0,from Formicidae (singleton)
TACTTMPStrumigenys_Afrotropical272,0.44638922694031546,0.3651456680463725,0,from Formicidae (singleton)
TACTTMPStrumigenys_Afrotropical273,0.44638922694031546,0.3651456680463725,0.0,from Formicidae (cherry)
TACTTMPStrumigenys_Afrotropical274,0.44638922694031546,0.3651456680463725,0,from Formicidae (singleton)
TACTTMPStrumigenys_Afrotropical275,0.44638922694031546,0.3651456680463725,0,from Formicidae (singleton)
TACTTMPStrumigenys_Afrotropical276,0.44638922694031546,0.3651456680463725,0,from Formicidae (singleton)
TACTTMPStrumigenys_Afrotropical277,0.44638922694031546,0.3651456680463725,0,from Formicidae (singleton)
TACTTMPStrumigenys_Afrotropical278,0.44638922694031546,0.3651456680463725,0,from Formicidae (singleton)
TACTTMPStrumigenys_Afrotropical279,0.44638922694031546,0.3651456680463725,0,from Formicidae (singleton)
TACTTMPStrumigenys_Afrotropical28,0.44638922694031546,0.3651456680463725,0,from Formicidae (singleton)
TACTTMPStrumigenys_Afrotropical280,0.44638922694031546,0.3651456680463725,0.0,from Formicidae (cherry)
TACTTMPStrumigenys_Afrotropical281,0.44638922694031546,0.3651456680463725,0.0,from Formicidae (cherry)
TACTTMPStrumigenys_Afrotropical282,0.44638922694031546,0.3651456680463725,0,from Formicidae (singleton)
TACTTMPStrumigenys_Afrotropical283,0.44638922694031546,0.3651456680463725,0.0,from Formicidae (cherry)
TACTTMPStrumigenys_Afrotropical284,0.44638922694031546,0.3651456680463725,0,from Formicidae (singleton)
TACTTMPStrumigenys_Afrotropical285,0.44638922694031546,0.3651456680463725,0.0,from Formicidae (cherry)
TACTTMPStrumigenys_Afrotropical286,0.44638922694031546,0.3651456680463725,0.0,from Formicidae (cherry)
TACTTMPStrumigenys_Afrotropical287,0.44638922694031546,0.3651456680463725,0.0,from Formicidae (cherry)
TACTTMPStrumigenys_Afrotropical288,0.44638922694031546,0.3651456680463725,0,from Formicidae (singleton)
TACTTMPStrumigenys_Afrotropical289,0.44638922694031546,0.3651456680463725,0,from Formicidae (singleton)
TACTTMPStrumigenys_Afrotropical29,0.44638922694031546,0.3651456680463725,0.0,from Formicidae (cherry)
TACTTMPStrumigenys_Afrotropical290,0.44638922694031546,0.3651456680463725,0,from Formicidae (singleton)
TACTTMPStrumigenys_Afrotropical291,0.44638922694031546,0.3651456680463725,0,from Formicidae (singleton)
TACTTMPStrumigenys_Afrotropical30,0.44638922694031546,0.3651456680463725,0,from Formicidae (singleton)
TACTTMPStrumigenys_Afrotropical31,0.44638922694031546,0.3651456680463725,0,from Formicidae (singleton)
TACTTMPStrumigenys_Afrotropical32,0.44638922694031546,0.3651456680463725,0.0,from Formicidae (cherry)
TACTTMPStrumigenys_Afrotropical33,0.44638922694031546,0.3651456680463725,0,from Formicidae (singleton)
TACTTMPStrumigenys_Afrotropical34,0.44638922694031546,0.3651456680463725,0,from Formicidae (singleton)
TACTTMPStrumigenys_Afrotropical35,0.44638922694031546,0.3651456680463725,0,from Formicidae (singleton)
TACTTMPStrumigenys_Afrotropical36,0.44638922694031546,0.3651456680463725,0.0,from Formicidae (cherry)
TACTTMPStrumigenys_Afrotropical37,0.44638922694031546,0.3651456680463725,0,from Formicidae (singleton)
TACTTMPStrumigenys_Afrotropical373,0.44638922694031546,0.3651456680463725,0.0,from Formicidae (cherry)
TACTTMPStrumigenys_Afrotropical374,0.44638922694031546,0.3651456680463725,0,from Formicidae (singleton)
TACTTMPStrumigenys_Afrotropical375,0.44638922694031546,0.3651456680463725,0,from Formicidae (singleton)
TACTTMPStrumigenys_Afrotropical376,0.44638922694031546,0.3651456680463725,0.0,from Formicidae (cherry)
TACTTMPStrumigenys_Afrotropical38,0.44638922694031546,0.3651456680463725,0,from Formicidae (singleton)
TACTTMPStrumigenys_Afrotropical39,0.44638922694031546,0.3651456680463725,0,from Formicidae (singleton)
TACTTMPStrumigenys_Afrotropical40,0.44638922694031546,0.3651456680463725,0.0,from Formicidae (cherry)
TACTTMPStrumigenys_Afrotropical41,0.44638922694031546,0.3651456680463725,0,from Formicidae (singleton)
TACTTMPStrumigenys_Afrotropical42,0.44638922694031546,0.3651456680463725,0,from Formicidae (singleton)
TACTTMPStrumigenys_Afrotropical43,0.44638922694031546,0.3651456680463725,0,from Formicidae (singleton)
TACTTMPStrumigenys_Afrotropical44,0.44638922694031546,0.3651456680463725,0.0,from Formicidae (cherry)
TACTTMPStrumigenys_Afrotropical45,0.44638922694031546,0.3651456680463725,0,from Formicidae (singleton)
TACTTMPStrumigenys_Afrotropical46,0.44638922694031546,0.3651456680463725,0,from Formicidae (singleton)
TACTTMPStrumigenys_Afrotropical47,0.44638922694031546,0.3651456680463725,0,from Formicidae (singleton)
TACTTMPStrumigenys_Afrotropical48,0.44638922694031546,0.3651456680463725,0.0,from Formicidae (crown capture probability)
TACTTMPStrumigenys_Afrotropical49,0.44638922694031546,0.3651456680463725,0.0,from Formicidae (cherry)
TACTTMPStrumigenys_Afrotropical50,0.44638922694031546,0.3651456680463725,0.0,from Formicidae (cherry)
TACTTMPStrumigenys_Afrotropical51,0.44638922694031546,0.3651456680463725,0,from Formicidae (singleton)
TACTTMPStrumigenys_Afrotropical52,0.44638922694031546,0.3651456680463725,0,from Formicidae (singleton)
TACTTMPStrumigenys_Afrotropical53,0.44638922694031546,0.3651456680463725,0,from Formicidae (singleton)
TACTTMPStrumigenys_Australasian105,0.44638922694031546,0.3651456680463725,0.0,from Formicidae (crown capture probability)
TACTTMPStrumigenys_Australasian107,0.44638922694031546,0.3651456680463725,0.0,from Formicidae (crown capture probability)
TACTTMPStrumigenys_Australasian108,0.44638922694031546,0.3651456680463725,0,from Formicidae (singleton)
TACTTMPStrumigenys_Australasian109,0.44638922694031546,0.3651456680463725,0.0,from Formicidae (crown capture probability)
TACTTMPStrumigenys_Australasian110,0.44638922694031546,0.3651456680463725,0,from Formicidae (singleton)
TACTTMPStrumigenys_Australasian113,0.44638922694031546,0.3651456680463725,0.0,from Formicidae (cherry)
TACTTMPStrumigenys_Australasian114,0.44638922694031546,0.3651456680463725,0.0,from Formicidae (crown capture probability)
TACTTMPStrumigenys_Australasian115,0.44638922694031546,0.3651456680463725,0.0,from Formicidae (crown capture probability)
TACTTMPStrumigenys_Australasian127,0.44638922694031546,0.3651456680463725,0.0,from Formicidae (cherry)
TACTTMPStrumigenys_Australasian132,0.44638922694031546,0.3651456680463725,0,from Formicidae (singleton)
TACTTMPStrumigenys_Australasian135,0.44638922694031546,0.3651456680463725,0.0,from Formicidae (crown capture probability)
TACTTMPStrumigenys_Australasian136,0.44638922694031546,0.3651456680463725,0,from Formicidae (singleton)
TACTTMPStrumigenys_Australasian139,0.44638922694031546,0.3651456680463725,0.0,from Formicidae (cherry)
TACTTMPStrumigenys_Australasian140,0.44638922694031546,0.3651456680463725,0,from Formicidae (singleton)
TACTTMPStrumigenys_Australasian141,0.44638922694031546,0.3651456680463725,0,from Formicidae (singleton)
TACTTMPStrumigenys_Australasian142,0.44638922694031546,0.3651456680463725,0.0,from Formicidae (cherry)
TACTTMPStrumigenys_Australasian143,0.44638922694031546,0.3651456680463725,0,from Formicidae (singleton)
TACTTMPStrumigenys_Australasian144,0.44638922694031546,0.3651456680463725,0.0,from Formicidae (crown capture probability)
TACTTMPStrumigenys_Australasian146,0.44638922694031546,0.3651456680463725,0.0,from Formicidae (crown capture probability)
TACTTMPStrumigenys_Australasian147,0.44638922694031546,0.3651456680463725,0.0,from Formicidae (cherry)
TACTTMPStrumigenys_Australasian149,0.44638922694031546,0.3651456680463725,0.0,from Formicidae (cherry)
TACTTMPStrumigenys_Australasian15,0.44638922694031546,0.3651456680463725,0,from Formicidae (singleton)
TACTTMPStrumigenys_Australasian150,0.44638922694031546,0.3651456680463725,0.0,from Formicidae (cherry)
TACTTMPStrumigenys_Australasian151,0.44638922694031546,0.3651456680463725,0.0,from Formicidae (crown capture probability)
TACTTMPStrumigenys_Australasian152,0.44638922694031546,0.3651456680463725,0.0,from Formicidae (crown capture probability)
TACTTMPStrumigenys_Australasian153,0.44638922694031546,0.3651456680463725,0.0,from Formicidae (crown capture probability)
TACTTMPStrumigenys_Australasian154,0.44638922694031546,0.3651456680463725,0.0,from Formicidae (crown capture probability)
TACTTMPStrumigenys_Australasian155,0.44638922694031546,0.3651456680463725,0.0,from Formicidae (cherry)
TACTTMPStrumigenys_Australasian156,0.44638922694031546,0.3651456680463725,0.0,from Formicidae (cherry)
TACTTMPStrumigenys_Australasian157,0.44638922694031546,0.3651456680463725,0.0,from Formicidae (cherry)
TACTTMPStrumigenys_Australasian158,0.44638922694031546,0.3651456680463725,0.0,from Formicidae (crown capture probability)
TACTTMPStrumigenys_Australasian159,0.44638922694031546,0.3651456680463725,0,from Formicidae (singleton)
TACTTMPStrumigenys_Australasian160,0.44638922694031546,0.3651456680463725,0.0,from Formicidae (crown capture probability)
TACTTMPStrumigenys_Australasian161,0.44638922694031546,0.3651456680463725,0,from Formicidae (singleton)
TACTTMPStrumigenys_Australasian162,0.44638922694031546,0.3651456680463725,0.0,from Formicidae (cherry)
TACTTMPStrumigenys_Australasian163,0.44638922694031546,0.3651456680463725,0.0,from Formicidae (cherry)
TACTTMPStrumigenys_Australasian164,0.44638922694031546,0.3651456680463725,0.0,from Formicidae (cherry)
TACTTMPStrumigenys_Australasian165,0.44638922694031546,0.3651456680463725,0.0,from Formicidae (crown capture probability)
TACTTMPStrumigenys_Australasian166,0.44638922694031546,0.3651456680463725,0.0,from Formicidae (cherry)
TACTTMPStrumigenys_Australasian167,0.44638922694031546,0.3651456680463725,0.0,from Formicidae (cherry)
TACTTMPStrumigenys_Australasian168,0.44638922694031546,0.3651456680463725,0.0,from Formicidae (crown capture probability)
TACTTMPStrumigenys_Australasian169,0.44638922694031546,0.3651456680463725,0.0,from Formicidae (crown capture probability)
TACTTMPStrumigenys_Australasian170,0.44638922694031546,0.3651456680463725,0.0,from Formicidae (cherry)
TACTTMPStrumigenys_Australasian171,0.44638922694031546,0.3651456680463725,0,from Formicidae (singleton)
TACTTMPStrumigenys_Australasian172,0.44638922694031546,0.3651456680463725,0.0,from Formicidae (cherry)
TACTTMPStrumigenys_Australasian173,0.44638922694031546,0.3651456680463725,0,from Formicidae (singleton)
TACTTMPStrumigenys_Australasian174,0.44638922694031546,0.3651456680463725,0.0,from Formicidae (cherry)
TACTTMPStrumigenys_Australasian175,0.44638922694031546,0.3651456680463725,0.0,from Formicidae (crown capture probability)
TACTTMPStrumigenys_Australasian176,0.44638922694031546,0.3651456680463725,0.0,from Formicidae (cherry)
TACTTMPStrumigenys_Australasian177,0.44638922694031546,0.3651456680463725,0.0,from Formicidae (cherry)
TACTTMPStrumigenys_Australasian179,0.44638922694031546,0.3651456680463725,0.0,from Formicidae (crown capture probability)
TACTTMPStrumigenys_Australasian181,0.44638922694031546,0.3651456680463725,0.0,from Formicidae (crown capture probability)
TACTTMPStrumigenys_Australasian182,0.44638922694031546,0.3651456680463725,0,from Formicidae (singleton)
TACTTMPStrumigenys_Australasian183,0.44638922694031546,0.3651456680463725,0,from Formicidae (singleton)
TACTTMPStrumigenys_Australasian184,0.44638922694031546,0.3651456680463725,0.0,from Formicidae (crown capture probability)
TACTTMPStrumigenys_Australasian186,0.44638922694031546,0.3651456680463725,0.0,from Formicidae (cherry)
TACTTMPStrumigenys_Australasian187,0.44638922694031546,0.3651456680463725,0.0,from Formicidae (cherry)
TACTTMPStrumigenys_Australasian188,0.44638922694031546,0.3651456680463725,0.0,from Formicidae (cherry)
TACTTMPStrumigenys_Australasian189,0.44638922694031546,0.3651456680463725,0,from Formicidae (singleton)
TACTTMPStrumigenys_Australasian191,0.44638922694031546,0.3651456680463725,0.0,from Formicidae (crown capture probability)
TACTTMPStrumigenys_Australasian192,0.44638922694031546,0.3651456680463725,0.0,from Formicidae (crown capture probability)
TACTTMPStrumigenys_Australasian371,0.44638922694031546,0.3651456680463725,0.0,from Formicidae (crown capture probability)
TACTTMPStrumigenys_Australasian372,0.44638922694031546,0.3651456680463725,0.0,from Formicidae (cherry)
TACTTMPStrumigenys_Australasian57,0.44638922694031546,0.3651456680463725,0.0,from Formicidae (crown capture probability)
TACTTMPStrumigenys_Australasian62,0.44638922694031546,0.3651456680463725,0.0,from Formicidae (crown capture probability)
TACTTMPStrumigenys_Australasian95,0.44638922694031546,0.3651456680463725,0.0,from Formicidae (crown capture probability)
TACTTMPStrumigenys_Indomalayan100,0.44638922694031546,0.3651456680463725,0.0,from Formicidae (crown capture probability)
TACTTMPStrumigenys_Indomalayan101,0.44638922694031546,0.3651456680463725,0.0,from Formicidae (cherry)
TACTTMPStrumigenys_Indomalayan102,0.44638922694031546,0.3651456680463725,0.0,from Formicidae (crown capture probability)
TACTTMPStrumigenys_Indomalayan103,0.44638922694031546,0.3651456680463725,0.0,from Formicidae (crown capture probability)
TACTTMPStrumigenys_Indomalayan104,0.44638922694031546,0.3651456680463725,0.0,from Formicidae (crown capture probability)
TACTTMPStrumigenys_Indomalayan106,0.44638922694031546,0.3651456680463725,0.0,from Formicidae (cherry)
TACTTMPStrumigenys_Indomalayan112,0.44638922694031546,0.3651456680463725,0.0,from Formicidae (crown capture probability)
TACTTMPStrumigenys_Indomalayan122,0.44638922694031546,0.3651456680463725,0.0,from Formicidae (crown capture probability)
TACTTMPStrumigenys_Indomalayan123,0.44638922694031546,0.3651456680463725,0.0,from Formicidae (crown capture probability)
TACTTMPStrumigenys_Indomalayan124,0.44638922694031546,0.3651456680463725,0.0,from Formicidae (crown capture probability)
TACTTMPStrumigenys_Indomalayan128,0.44638922694031546,0.3651456680463725,0.0,from Formicidae (crown capture probability)
TACTTMPStrumigenys_Indomalayan129,0.44638922694031546,0.3651456680463725,0.0,from Formicidae (crown capture probability)
TACTTMPStrumigenys_Indomalayan130,0.44638922694031546,0.3651456680463725,0.0,from Formicidae (crown capture probability)
TACTTMPStrumigenys_Indomalayan131,0.44638922694031546,0.3651456680463725,0.0,from Formicidae (crown capture probability)
TACTTMPStrumigenys_Indomalayan133,0.44638922694031546,0.3651456680463725,0.0,from Formicidae (crown capture probability)
TACTTMPStrumigenys_Indomalayan134,0.44638922694031546,0.3651456680463725,0.0,from Formicidae (cherry)
TACTTMPStrumigenys_Indomalayan137,0.44638922694031546,0.3651456680463725,0.0,from Formicidae (crown capture probability)
TACTTMPStrumigenys_Indomalayan138,0.44638922694031546,0.3651456680463725,0.0,from Formicidae (crown capture probability)
TACTTMPStrumigenys_Indomalayan145,0.44638922694031546,0.3651456680463725,0.0,from Formicidae (cherry)
TACTTMPStrumigenys_Indomalayan178,0.44638922694031546,0.3651456680463725,0.0,from Formicidae (cherry)
TACTTMPStrumigenys_Indomalayan185,0.44638922694031546,0.3651456680463725,0.0,from Formicidae (crown capture probability)
TACTTMPStrumigenys_Indomalayan193,0.44638922694031546,0.3651456680463725,0.0,from Formicidae (crown capture probability)
TACTTMPStrumigenys_Indomalayan369,0.44638922694031546,0.3651456680463725,0.0,from Formicidae (crown capture probability)
TACTTMPStrumigenys_Indomalayan370,0.44638922694031546,0.3651456680463725,0.0,from Formicidae (crown capture probability)
TACTTMPStrumigenys_Indomalayan54,0.44638922694031546,0.3651456680463725,0.0,from Formicidae (crown capture probability)
TACTTMPStrumigenys_Indomalayan55,0.44638922694031546,0.3651456680463725,0.0,from Formicidae (crown capture probability)
TACTTMPStrumigenys_Indomalayan59,0.44638922694031546,0.3651456680463725,0.0,from Formicidae (crown capture probability)
TACTTMPStrumigenys_Indomalayan63,0.44638922694031546,0.3651456680463725,0.0,from Formicidae (crown capture probability)
TACTTMPStrumigenys_Indomalayan65,0.44638922694031546,0.3651456680463725,0.0,from Formicidae (crown capture probability)
TACTTMPStrumigenys_Indomalayan96,0.44638922694031546,0.3651456680463725,0.0,from Formicidae (crown capture probability)
TACTTMPStrumigenys_Indomalayan97,0.44638922694031546,0.3651456680463725,0.0,from Formicidae (crown capture probability)
TACTTMPStrumigenys_Nearctic312,0.44638922694031546,0.3651456680463725,0.0,from Formicidae (cherry)
TACTTMPStrumigenys_Nearctic367,0.44638922694031546,0.3651456680463725,0,from Formicidae (singleton)
TACTTMPStrumigenys_Nearctic67,0.44638922694031546,0.3651456680463725,0,from Formicidae (singleton)
TACTTMPStrumigenys_Nearctic68,0.44638922694031546,0.3651456680463725,0,from Formicidae (singleton)
TACTTMPStrumigenys_Nearctic69,0.44638922694031546,0.3651456680463725,0,from Formicidae (singleton)
TACTTMPStrumigenys_Nearctic70,0.44638922694031546,0.3651456680463725,0,from Formicidae (singleton)
TACTTMPStrumigenys_Nearctic71,0.44638922694031546,0.3651456680463725,0.0,from Formicidae (cherry)
TACTTMPStrumigenys_Nearctic72,0.44638922694031546,0.3651456680463725,0,from Formicidae (singleton)
TACTTMPStrumigenys_Nearctic73,0.44638922694031546,0.3651456680463725,0,from Formicidae (singleton)
TACTTMPStrumigenys_Nearctic74,0.44638922694031546,0.3651456680463725,0.0,from Formicidae (crown capture probability)
TACTTMPStrumigenys_Nearctic75,0.44638922694031546,0.3651456680463725,0,from Formicidae (singleton)
TACTTMPStrumigenys_Nearctic76,0.44638922694031546,0.3651456680463725,0.0,from Formicidae (cherry)
TACTTMPStrumigenys_Nearctic77,0.44638922694031546,0.3651456680463725,0.0,from Formicidae (cherry)
TACTTMPStrumigenys_Nearctic78,0.44638922694031546,0.3651456680463725,0,from Formicidae (singleton)
TACTTMPStrumigenys_Nearctic79,0.44638922694031546,0.3651456680463725,0,from Formicidae (singleton)
TACTTMPStrumigenys_Nearctic80,0.44638922694031546,0.3651456680463725,0,from Formicidae (singleton)
TACTTMPStrumigenys_Nearctic81,0.44638922694031546,0.3651456680463725,0.0,from Formicidae (cherry)
TACTTMPStrumigenys_Nearctic82,0.44638922694031546,0.3651456680463725,0.0,from Formicidae (crown capture probability)
TACTTMPStrumigenys_Nearctic83,0.44638922694031546,0.3651456680463725,0,from Formicidae (singleton)
TACTTMPStrumigenys_Nearctic84,0.44638922694031546,0.3651456680463725,0,from Formicidae (singleton)
TACTTMPStrumigenys_Nearctic85,0.44638922694031546,0.3651456680463725,0.0,from Formicidae (cherry)
TACTTMPStrumigenys_Nearctic86,0.44638922694031546,0.3651456680463725,0.0,from Formicidae (cherry)
TACTTMPStrumigenys_Nearctic87,0.44638922694031546,0.3651456680463725,0,from Formicidae (singleton)
TACTTMPStrumigenys_Nearctic88,0.44638922694031546,0.3651456680463725,0.0,from Formicidae (cherry)
TACTTMPStrumigenys_Nearctic89,0.44638922694031546,0.3651456680463725,0,from Formicidae (singleton)
TACTTMPStrumigenys_Nearctic90,0.44638922694031546,0.3651456680463725,0.0,from Formicidae (cherry)
TACTTMPStrumigenys_Nearctic91,0.44638922694031546,0.3651456680463725,0,from Formicidae (singleton)
TACTTMPStrumigenys_Nearctic92,0.44638922694031546,0.3651456680463725,0.0,from Formicidae (cherry)
TACTTMPStrumigenys_Nearctic93,0.44638922694031546,0.3651456680463725,0.0,from Formicidae (cherry)
TACTTMPStrumigenys_Neotropical148,0.44638922694031546,0.3651456680463725,0.0,from Formicidae (crown capture probability)
TACTTMPStrumigenys_Neotropical190,0.44638922694031546,0.3651456680463725,0.0,from Formicidae (crown capture probability)
TACTTMPStrumigenys_Neotropical200,0.44638922694031546,0.3651456680463725,0.0,from Formicidae (cherry)
TACTTMPStrumigenys_Neotropical292,0.44638922694031546,0.3651456680463725,0.0,from Formicidae (cherry)
TACTTMPStrumigenys_Neotropical293,0.44638922694031546,0.3651456680463725,0.0,from Formicidae (cherry)
TACTTMPStrumigenys_Neotropical294,0.44638922694031546,0.3651456680463725,0.0,from Formicidae (crown capture probability)
TACTTMPStrumigenys_Neotropical295,0.44638922694031546,0.3651456680463725,0.0,from Formicidae (crown capture probability)
TACTTMPStrumigenys_Neotropical296,0.44638922694031546,0.3651456680463725,0.0,from Formicidae (crown capture probability)
TACTTMPStrumigenys_Neotropical297,0.44638922694031546,0.3651456680463725,0.0,from Formicidae (cherry)
TACTTMPStrumigenys_Neotropical298,0.44638922694031546,0.3651456680463725,0.0,from Formicidae (cherry)
TACTTMPStrumigenys_Neotropical299,0.44638922694031546,0.3651456680463725,0.0,from Formicidae (crown capture probability)
TACTTMPStrumigenys_Neotropical300,0.44638922694031546,0.3651456680463725,0.0,from Formicidae (crown capture probability)
TACTTMPStrumigenys_Neotropical301,0.44638922694031546,0.3651456680463725,0.0,from Formicidae (cherry)
TACTTMPStrumigenys_Neotropical302,0.44638922694031546,0.3651456680463725,0.0,from Formicidae (crown capture probability)
TACTTMPStrumigenys_Neotropical303,0.44638922694031546,0.3651456680463725,0.0,from Formicidae (cherry)
TACTTMPStrumigenys_Neotropical304,0.44638922694031546,0.3651456680463725,0.0,from Formicidae (cherry)
TACTTMPStrumigenys_Neotropical305,0.44638922694031546,0.3651456680463725,0.0,from Formicidae (cherry)
TACTTMPStrumigenys_Neotropical306,0.44638922694031546,0.3651456680463725,0.0,from Formicidae (crown capture probability)
TACTTMPStrumigenys_Neotropical307,0.44638922694031546,0.3651456680463725,0.0,from Formicidae (crown capture probability)
TACTTMPStrumigenys_Neotropical308,0.44638922694031546,0.3651456680463725,0.0,from Formicidae (crown capture probability)
TACTTMPStrumigenys_Neotropical309,0.44638922694031546,0.3651456680463725,0.0,from Formicidae (crown capture probability)
TACTTMPStrumigenys_Neotropical310,0.44638922694031546,0.3651456680463725,0.0,from Formicidae (crown capture probability)
TACTTMPStrumigenys_Neotropical311,0.44638922694031546,0.3651456680463725,0.0,from Formicidae (crown capture probability)
TACTTMPStrumigenys_Neotropical313,0.44638922694031546,0.3651456680463725,0.0,from Formicidae (cherry)
TACTTMPStrumigenys_Neotropical314,0.44638922694031546,0.3651456680463725,0.0,from Formicidae (crown capture probability)
TACTTMPStrumigenys_Neotropical315,0.44638922694031546,0.3651456680463725,0.0,from Formicidae (crown capture probability)
TACTTMPStrumigenys_Neotropical316,0.44638922694031546,0.3651456680463725,0.0,from Formicidae (crown capture probability)
TACTTMPStrumigenys_Neotropical317,0.44638922694031546,0.3651456680463725,0,from Formicidae (singleton)
TACTTMPStrumigenys_Neotropical318,0.44638922694031546,0.3651456680463725,0,from Formicidae (singleton)
TACTTMPStrumigenys_Neotropical319,0.44638922694031546,0.3651456680463725,0.0,from Formicidae (cherry)
TACTTMPStrumigenys_Neotropical320,0.44638922694031546,0.3651456680463725,0.0,from Formicidae (crown capture probability)
TACTTMPStrumigenys_Neotropical321,0.44638922694031546,0.3651456680463725,0.0,from Formicidae (crown capture probability)
TACTTMPStrumigenys_Neotropical322,0.44638922694031546,0.3651456680463725,0.0,from Formicidae (crown capture probability)
TACTTMPStrumigenys_Neotropical323,0.44638922694031546,0.3651456680463725,0.0,from Formicidae (cherry)
TACTTMPStrumigenys_Neotropical324,0.44638922694031546,0.3651456680463725,0.0,from Formicidae (crown capture probability)
TACTTMPStrumigenys_Neotropical325,0.44638922694031546,0.3651456680463725,0.0,from Formicidae (crown capture probability)
TACTTMPStrumigenys_Neotropical326,0.44638922694031546,0.3651456680463725,0.0,from Formicidae (crown capture probability)
TACTTMPStrumigenys_Neotropical327,0.44638922694031546,0.3651456680463725,0,from Formicidae (singleton)
TACTTMPStrumigenys_Neotropical328,0.44638922694031546,0.3651456680463725,0.0,from Formicidae (crown capture probability)
TACTTMPStrumigenys_Neotropical329,0.44638922694031546,0.3651456680463725,0,from Formicidae (singleton)
TACTTMPStrumigenys_Neotropical330,0.44638922694031546,0.3651456680463725,0.0,from Formicidae (cherry)
TACTTMPStrumigenys_Neotropical331,0.44638922694031546,0.3651456680463725,0.0,from Formicidae (crown capture probability)
TACTTMPStrumigenys_Neotropical332,0.44638922694031546,0.3651456680463725,0,from Formicidae (singleton)
TACTTMPStrumigenys_Neotropical333,0.44638922694031546,0.3651456680463725,0.0,from Formicidae (crown capture probability)
TACTTMPStrumigenys_Neotropical334,0.44638922694031546,0.3651456680463725,0.0,from Formicidae (cherry)
TACTTMPStrumigenys_Neotropical335,0.44638922694031546,0.3651456680463725,0,from Formicidae (singleton)
TACTTMPStrumigenys_Neotropical336,0.44638922694031546,0.3651456680463725,0.0,from Formicidae (cherry)
TACTTMPStrumigenys_Neotropical337,0.44638922694031546,0.3651456680463725,0,from Formicidae (singleton)
TACTTMPStrumigenys_Neotropical338,0.44638922694031546,0.3651456680463725,0.0,from Formicidae (crown capture probability)
TACTTMPStrumigenys_Neotropical339,0.44638922694031546,0.3651456680463725,0.0,from Formicidae (cherry)
TACTTMPStrumigenys_Neotropical340,0.44638922694031546,0.3651456680463725,0.0,from Formicidae (cherry)
TACTTMPStrumigenys_Neotropical341,0.44638922694031546,0.3651456680463725,0.0,from Formicidae (cherry)
TACTTMPStrumigenys_Neotropical342,0.44638922694031546,0.3651456680463725,0.0,from Formicidae (crown capture probability)
TACTTMPStrumigenys_Neotropical343,0.44638922694031546,0.3651456680463725,0.0,from Formicidae (crown capture probability)
TACTTMPStrumigenys_Neotropical344,0.44638922694031546,0.3651456680463725,0.0,from Formicidae (cherry)
TACTTMPStrumigenys_Neotropical345,0.44638922694031546,0.3651456680463725,0.0,from Formicidae (crown capture probability)
TACTTMPStrumigenys_Neotropical346,0.44638922694031546,0.3651456680463725,0.0,from Formicidae (cherry)
TACTTMPStrumigenys_Neotropical347,0.44638922694031546,0.3651456680463725,0.0,from Formicidae (crown capture probability)
TACTTMPStrumigenys_Neotropical348,0.44638922694031546,0.3651456680463725,0.0,from Formicidae (cherry)
TACTTMPStrumigenys_Neotropical349,0.44638922694031546,0.3651456680463725,0.0,from Formicidae (crown capture probability)
TACTTMPStrumigenys_Neotropical350,0.44638922694031546,0.3651456680463725,0.0,from Formicidae (crown capture probability)
TACTTMPStrumigenys_Neotropical351,0.44638922694031546,0.3651456680463725,0.0,from Formicidae (crown capture probability)
TACTTMPStrumigenys_Neotropical352,0.44638922694031546,0.3651456680463725,0,from Formicidae (singleton)
TACTTMPStrumigenys_Neotropical353,0.44638922694031546,0.3651456680463725,0.0,from Formicidae (crown capture probability)
TACTTMPStrumigenys_Neotropical354,0.44638922694031546,0.3651456680463725,0.0,from Formicidae (crown capture probability)
TACTTMPStrumigenys_Neotropical355,0.44638922694031546,0.3651456680463725,0.0,from Formicidae (crown capture probability)
TACTTMPStrumigenys_Neotropical356,0.44638922694031546,0.3651456680463725,0,from Formicidae (singleton)
TACTTMPStrumigenys_Neotropical357,0.44638922694031546,0.3651456680463725,0.0,from Formicidae (crown capture probability)
TACTTMPStrumigenys_Neotropical358,0.44638922694031546,0.3651456680463725,0,from Formicidae (singleton)
TACTTMPStrumigenys_Neotropical359,0.44638922694031546,0.3651456680463725,0.0,from Formicidae (crown capture probability)
TACTTMPStrumigenys_Neotropical360,0.44638922694031546,0.3651456680463725,0.0,from Formicidae (cherry)
TACTTMPStrumigenys_Neotropical361,0.44638922694031546,0.3651456680463725,0.0,from Formicidae (cherry)
TACTTMPStrumigenys_Neotropical362,0.44638922694031546,0.3651456680463725,0.0,from Formicidae (cherry)
TACTTMPStrumigenys_Neotropical363,0.44638922694031546,0.3651456680463725,0.0,from Formicidae (crown capture probability)
TACTTMPStrumigenys_Neotropical364,0.44638922694031546,0.3651456680463725,0.0,from Formicidae (cherry)
TACTTMPStrumigenys_Neotropical365,0.44638922694031546,0.3651456680463725,0.0,from Formicidae (cherry)
TACTTMPStrumigenys_Neotropical366,0.44638922694031546,0.3651456680463725,0.0,from Formicidae (crown capture probability)
TACTTMPStrumigenys_Neotropical368,0.44638922694031546,0.3651456680463725,0.0,from Formicidae (crown capture probability)
TACTTMPStrumigenys_Oceanian111,0.44638922694031546,0.3651456680463725,0.0,from Formicidae (crown capture probability)
TACTTMPStrumigenys_Oceanian116,0.44638922694031546,0.3651456680463725,0.0,from Formicidae (cherry)
TACTTMPStrumigenys_Oceanian117,0.44638922694031546,0.3651456680463725,0.0,from Formicidae (crown capture probability)
TACTTMPStrumigenys_Oceanian118,0.44638922694031546,0.3651456680463725,0.0,from Formicidae (crown capture probability)
TACTTMPStrumigenys_Oceanian119,0.44638922694031546,0.3651456680463725,0.0,from Formicidae (crown capture probability)
TACTTMPStrumigenys_Oceanian120,0.44638922694031546,0.3651456680463725,0.0,from Formicidae (crown capture probability)
TACTTMPStrumigenys_Oceanian121,0.44638922694031546,0.3651456680463725,0.0,from Formicidae (cherry)
TACTTMPStrumigenys_Oceanian180,0.44638922694031546,0.3651456680463725,0.0,from Formicidae (crown capture probability)
TACTTMPStrumigenys_Palearctic125,0.44638922694031546,0.3651456680463725,0.0,from Formicidae (crown capture probability)
TACTTMPStrumigenys_Palearctic14,0.44638922694031546,0.3651456680463725,0.0,from Formicidae (crown capture probability)
TACTTMPStrumigenys_Palearctic27,0.44638922694031546,0.3651456680463725,0.0,from Formicidae (crown capture probability)
TACTTMPStrumigenys_Palearctic56,0.44638922694031546,0.3651456680463725,0.0,from Formicidae (crown capture probability)
TACTTMPStrumigenys_Palearctic58,0.44638922694031546,0.3651456680463725,0.0,from Formicidae (crown capture probability)
TACTTMPStrumigenys_Palearctic60,0.44638922694031546,0.3651456680463725,0.0,from Formicidae (crown capture probability)
TACTTMPStrumigenys_Palearctic61,0.44638922694031546,0.3651456680463725,0.0,from Formicidae (crown capture probability)
TACTTMPStrumigenys_Palearctic64,0.44638922694031546,0.3651456680463725,0.0,from Formicidae (crown capture probability)
TACTTMPStrumigenys_Palearctic66,0.44638922694031546,0.3651456680463725,0.0,from Formicidae (crown capture probability)
TACTTMPStrumigenys_Palearctic94,0.44638922694031546,0.3651456680463725,0.0,from Formicidae (crown capture probability)
TACTTMPStrumigenys_Palearctic98,0.44638922694031546,0.3651456680463725,0.0,from Formicidae (crown capture probability)
TACTTMPStrumigenys_Palearctic99,0.44638922694031546,0.3651456680463725,0.0,from Formicidae (crown capture probability)
TACTTMPSyllophopsis_Afrotropical01,0.44638922694031546,0.3651456680463725,0.0,from Formicidae (cherry)
TACTTMPSyllophopsis_Afrotropical02,0.44638922694031546,0.3651456680463725,0.0,from Formicidae (crown capture probability)
TACTTMPSyllophopsis_Afrotropical03,0.44638922694031546,0.3651456680463725,0.0,from Formicidae (crown capture probability)
TACTTMPSyllophopsis_Afrotropical04,0.44638922694031546,0.3651456680463725,0,from Formicidae (singleton)
TACTTMPSyllophopsis_Afrotropical05,0.44638922694031546,0.3651456680463725,0.0,from Formicidae (crown capture probability)
TACTTMPSyllophopsis_Afrotropical06,0.44638922694031546,0.3651456680463725,0.0,from Formicidae (crown capture probability)
TACTTMPSyllophopsis_Afrotropical07,0.44638922694031546,0.3651456680463725,0.0,from Formicidae (cherry)
TACTTMPSyscia_Indomalayan33,0.44638922694031546,0.3651456680463725,0.0,from Formicidae (crown capture probability)
TACTTMPSyscia_Nearctic07,0.44638922694031546,0.3651456680463725,0,from Formicidae (singleton)
TACTTMPSyscia_Nearctic08,0.44638922694031546,0.3651456680463725,0.0,from Formicidae (cherry)
TACTTMPSyscia_Neotropical01,0.44638922694031546,0.3651456680463725,0.0,from Formicidae (cherry)
TACTTMPSyscia_Neotropical02,0.44638922694031546,0.3651456680463725,0,from Formicidae (singleton)
TACTTMPSyscia_Neotropical03,0.44638922694031546,0.3651456680463725,0,from Formicidae (singleton)
TACTTMPSyscia_Neotropical04,0.44638922694031546,0.3651456680463725,0,from Formicidae (singleton)
TACTTMPSyscia_Neotropical05,0.44638922694031546,0.3651456680463725,0,from Formicidae (singleton)
TACTTMPSyscia_Neotropical06,0.44638922694031546,0.3651456680463725,0,from Formicidae (singleton)
TACTTMPSyscia_Neotropical09,0.44638922694031546,0.3651456680463725,0.0,from Formicidae (cherry)
TACTTMPSyscia_Neotropical10,0.44638922694031546,0.3651456680463725,0,from Formicidae (singleton)
TACTTMPSyscia_Neotropical11,0.44638922694031546,0.3651456680463725,0,from Formicidae (singleton)
TACTTMPSyscia_Neotropical12,0.44638922694031546,0.3651456680463725,0.0,from Formicidae (cherry)
TACTTMPSyscia_Neotropical13,0.44638922694031546,0.3651456680463725,0,from Formicidae (singleton)
TACTTMPSyscia_Neotropical14,0.44638922694031546,0.3651456680463725,0,from Formicidae (singleton)
TACTTMPSyscia_Neotropical15,0.44638922694031546,0.3651456680463725,0,from Formicidae (singleton)
TACTTMPSyscia_Neotropical16,0.44638922694031546,0.3651456680463725,0,from Formicidae (singleton)
TACTTMPSyscia_Neotropical17,0.44638922694031546,0.3651456680463725,0.0,from Formicidae (cherry)
TACTTMPSyscia_Neotropical18,0.44638922694031546,0.3651456680463725,0.0,from Formicidae (cherry)
TACTTMPSyscia_Neotropical19,0.44638922694031546,0.3651456680463725,0,from Formicidae (singleton)
TACTTMPSyscia_Neotropical20,0.44638922694031546,0.3651456680463725,0,from Formicidae (singleton)
TACTTMPSyscia_Neotropical21,0.44638922694031546,0.3651456680463725,0.0,from Formicidae (cherry)
TACTTMPSyscia_Neotropical22,0.44638922694031546,0.3651456680463725,0,from Formicidae (singleton)
TACTTMPSyscia_Neotropical23,0.44638922694031546,0.3651456680463725,0,from Formicidae (singleton)
TACTTMPSyscia_Neotropical24,0.44638922694031546,0.3651456680463725,0,from Formicidae (singleton)
TACTTMPSyscia_Neotropical25,0.44638922694031546,0.3651456680463725,0,from Formicidae (singleton)
TACTTMPSyscia_Neotropical26,0.44638922694031546,0.3651456680463725,0,from Formicidae (singleton)
TACTTMPSyscia_Neotropical27,0.44638922694031546,0.3651456680463725,0,from Formicidae (singleton)
TACTTMPSyscia_Neotropical28,0.44638922694031546,0.3651456680463725,0,from Formicidae (singleton)
TACTTMPSyscia_Neotropical29,0.44638922694031546,0.3651456680463725,0,from Formicidae (singleton)
TACTTMPSyscia_Neotropical30,0.44638922694031546,0.3651456680463725,0,from Formicidae (singleton)
TACTTMPSyscia_Neotropical31,0.44638922694031546,0.3651456680463725,0,from Formicidae (singleton)
TACTTMPSyscia_Neotropical32,0.44638922694031546,0.3651456680463725,0,from Formicidae (singleton)
TACTTMPTanipone_Afrotropical01,0.44638922694031546,0.3651456680463725,0,from Formicidae (singleton)
TACTTMPTanipone_Afrotropical02,0.44638922694031546,0.3651456680463725,0,from Formicidae (singleton)
TACTTMPTanipone_Afrotropical03,0.44638922694031546,0.3651456680463725,0,from Formicidae (singleton)
TACTTMPTanipone_Afrotropical04,0.44638922694031546,0.3651456680463725,0,from Formicidae (singleton)
TACTTMPTanipone_Afrotropical05,0.44638922694031546,0.3651456680463725,0.0,from Formicidae (cherry)
TACTTMPTanipone_Afrotropical06,0.44638922694031546,0.3651456680463725,0,from Formicidae (singleton)
TACTTMPTanipone_Afrotropical07,0.44638922694031546,0.3651456680463725,0,from Formicidae (singleton)
TACTTMPTanipone_Afrotropical08,0.44638922694031546,0.3651456680463725,0,from Formicidae (singleton)
TACTTMPTanipone_Afrotropical09,0.44638922694031546,0.3651456680463725,0,from Formicidae (singleton)
TACTTMPTapinolepis_Unknown01,0.44638922694031546,0.3651456680463725,0.0,from Formicidae (crown capture probability)
TACTTMPTapinoma_Afrotropical12,0.44638922694031546,0.3651456680463725,0.0,from Formicidae (crown capture probability)
TACTTMPTapinoma_Australasian05,0.44638922694031546,0.3651456680463725,0.0,from Formicidae (cherry)
TACTTMPTapinoma_Indomalayan04,0.44638922694031546,0.3651456680463725,0.0,from Formicidae (crown capture probability)
TACTTMPTapinoma_Indomalayan06,0.44638922694031546,0.3651456680463725,0.0,from Formicidae (crown capture probability)
TACTTMPTapinoma_Indomalayan07,0.44638922694031546,0.3651456680463725,0.0,from Formicidae (crown capture probability)
TACTTMPTapinoma_Nearctic08,0.44638922694031546,0.3651456680463725,0.0,from Formicidae (crown capture probability)
TACTTMPTapinoma_Neotropical01,0.44638922694031546,0.3651456680463725,0.0,from Formicidae (cherry)
TACTTMPTapinoma_Neotropical02,0.44638922694031546,0.3651456680463725,0.0,from Formicidae (crown capture probability)
TACTTMPTapinoma_Neotropical13,0.44638922694031546,0.3651456680463725,0.0,from Formicidae (cherry)
TACTTMPTapinoma_Palearctic03,0.44638922694031546,0.3651456680463725,0.0,from Formicidae (crown capture probability)
TACTTMPTapinoma_Palearctic09,0.44638922694031546,0.3651456680463725,0.0,from Formicidae (crown capture probability)
TACTTMPTapinoma_Palearctic10,0.44638922694031546,0.3651456680463725,0.0,from Formicidae (crown capture probability)
TACTTMPTapinoma_Palearctic11,0.44638922694031546,0.3651456680463725,0.0,from Formicidae (crown capture probability)
TACTTMPTechnomyrmex_Afrotropical03,0.44638922694031546,0.3651456680463725,0.0,from Formicidae (crown capture probability)
TACTTMPTechnomyrmex_Afrotropical04,0.44638922694031546,0.3651456680463725,0.0,from Formicidae (crown capture probability)
TACTTMPTechnomyrmex_Afrotropical05,0.44638922694031546,0.3651456680463725,0.0,from Formicidae (crown capture probability)
TACTTMPTechnomyrmex_Afrotropical06,0.44638922694031546,0.3651456680463725,0.0,from Formicidae (crown capture probability)
TACTTMPTechnomyrmex_Afrotropical07,0.44638922694031546,0.3651456680463725,0.0,from Formicidae (crown capture probability)
TACTTMPTechnomyrmex_Afrotropical08,0.44638922694031546,0.3651456680463725,0.0,from Formicidae (crown capture probability)
TACTTMPTechnomyrmex_Afrotropical09,0.44638922694031546,0.3651456680463725,0.0,from Formicidae (crown capture probability)
TACTTMPTechnomyrmex_Afrotropical10,0.44638922694031546,0.3651456680463725,0.0,from Formicidae (crown capture probability)
TACTTMPTechnomyrmex_Afrotropical11,0.44638922694031546,0.3651456680463725,0.0,from Formicidae (crown capture probability)
TACTTMPTechnomyrmex_Afrotropical12,0.44638922694031546,0.3651456680463725,0.0,from Formicidae (crown capture probability)
TACTTMPTechnomyrmex_Indomalayan02,0.44638922694031546,0.3651456680463725,0.0,from Formicidae (crown capture probability)
TACTTMPTechnomyrmex_Oceanian01,0.44638922694031546,0.3651456680463725,0.0,from Formicidae (crown capture probability)
TACTTMPTemnothorax_Afrotropical37,0.44638922694031546,0.3651456680463725,0.0,from Formicidae (crown capture probability)
TACTTMPTemnothorax_Indomalayan62,0.44638922694031546,0.3651456680463725,0.0,from Formicidae (crown capture probability)
TACTTMPTemnothorax_Nearctic05,0.44638922694031546,0.3651456680463725,0.0,from Formicidae (crown capture probability)
TACTTMPTemnothorax_Nearctic100,0.44638922694031546,0.3651456680463725,0.0,from Formicidae (crown capture probability)
TACTTMPTemnothorax_Nearctic101,0.44638922694031546,0.3651456680463725,0.0,from Formicidae (cherry)
TACTTMPTemnothorax_Nearctic102,0.44638922694031546,0.3651456680463725,0.0,from Formicidae (crown capture probability)
TACTTMPTemnothorax_Nearctic103,0.44638922694031546,0.3651456680463725,0.0,from Formicidae (cherry)
TACTTMPTemnothorax_Nearctic104,0.44638922694031546,0.3651456680463725,0.0,from Formicidae (crown capture probability)
TACTTMPTemnothorax_Nearctic105,0.44638922694031546,0.3651456680463725,0.0,from Formicidae (cherry)
TACTTMPTemnothorax_Nearctic21,0.44638922694031546,0.3651456680463725,0,from Formicidae (singleton)
TACTTMPTemnothorax_Nearctic27,0.44638922694031546,0.3651456680463725,0.0,from Formicidae (crown capture probability)
TACTTMPTemnothorax_Nearctic48,0.44638922694031546,0.3651456680463725,0.0,from Formicidae (cherry)
TACTTMPTemnothorax_Nearctic49,0.44638922694031546,0.3651456680463725,0,from Formicidae (singleton)
TACTTMPTemnothorax_Nearctic50,0.44638922694031546,0.3651456680463725,0.0,from Formicidae (cherry)
TACTTMPTemnothorax_Nearctic51,0.44638922694031546,0.3651456680463725,0.0,from Formicidae (crown capture probability)
TACTTMPTemnothorax_Nearctic52,0.44638922694031546,0.3651456680463725,0,from Formicidae (singleton)
TACTTMPTemnothorax_Nearctic65,0.44638922694031546,0.3651456680463725,0.0,from Formicidae (cherry)
TACTTMPTemnothorax_Nearctic66,0.44638922694031546,0.3651456680463725,0.0,from Formicidae (crown capture probability)
TACTTMPTemnothorax_Nearctic68,0.44638922694031546,0.3651456680463725,0.0,from Formicidae (cherry)
TACTTMPTemnothorax_Nearctic71,0.44638922694031546,0.3651456680463725,0,from Formicidae (singleton)
TACTTMPTemnothorax_Nearctic72,0.44638922694031546,0.3651456680463725,0.0,from Formicidae (crown capture probability)
TACTTMPTemnothorax_Nearctic73,0.44638922694031546,0.3651456680463725,0,from Formicidae (singleton)
TACTTMPTemnothorax_Nearctic82,0.44638922694031546,0.3651456680463725,0.0,from Formicidae (cherry)
TACTTMPTemnothorax_Nearctic83,0.44638922694031546,0.3651456680463725,0,from Formicidae (singleton)
TACTTMPTemnothorax_Nearctic84,0.44638922694031546,0.3651456680463725,0,from Formicidae (singleton)
TACTTMPTemnothorax_Nearctic85,0.44638922694031546,0.3651456680463725,0.0,from Formicidae (cherry)
TACTTMPTemnothorax_Nearctic86,0.44638922694031546,0.3651456680463725,0,from Formicidae (singleton)
TACTTMPTemnothorax_Neotropical01,0.44638922694031546,0.3651456680463725,0,from Formicidae (singleton)
TACTTMPTemnothorax_Neotropical02,0.44638922694031546,0.3651456680463725,0.0,from Formicidae (crown capture probability)
TACTTMPTemnothorax_Neotropical03,0.44638922694031546,0.3651456680463725,0.0,from Formicidae (cherry)
TACTTMPTemnothorax_Neotropical04,0.44638922694031546,0.3651456680463725,0.0,from Formicidae (crown capture probability)
TACTTMPTemnothorax_Neotropical06,0.44638922694031546,0.3651456680463725,0.0,from Formicidae (cherry)
TACTTMPTemnothorax_Neotropical07,0.44638922694031546,0.3651456680463725,0.0,from Formicidae (cherry)
TACTTMPTemnothorax_Neotropical08,0.44638922694031546,0.3651456680463725,0.0,from Formicidae (crown capture probability)
TACTTMPTemnothorax_Neotropical09,0.44638922694031546,0.3651456680463725,0.0,from Formicidae (crown capture probability)
TACTTMPTemnothorax_Neotropical10,0.44638922694031546,0.3651456680463725,0.0,from Formicidae (cherry)
TACTTMPTemnothorax_Neotropical11,0.44638922694031546,0.3651456680463725,0.0,from Formicidae (crown capture probability)
TACTTMPTemnothorax_Neotropical12,0.44638922694031546,0.3651456680463725,0.0,from Formicidae (cherry)
TACTTMPTemnothorax_Neotropical13,0.44638922694031546,0.3651456680463725,0.0,from Formicidae (cherry)
TACTTMPTemnothorax_Neotropical14,0.44638922694031546,0.3651456680463725,0.0,from Formicidae (crown capture probability)
TACTTMPTemnothorax_Neotropical15,0.44638922694031546,0.3651456680463725,0.0,from Formicidae (crown capture probability)
TACTTMPTemnothorax_Neotropical16,0.44638922694031546,0.3651456680463725,0.0,from Formicidae (crown capture probability)
TACTTMPTemnothorax_Neotropical17,0.44638922694031546,0.3651456680463725,0.0,from Formicidae (cherry)
TACTTMPTemnothorax_Neotropical18,0.44638922694031546,0.3651456680463725,0.0,from Formicidae (crown capture probability)
TACTTMPTemnothorax_Neotropical19,0.44638922694031546,0.3651456680463725,0.0,from Formicidae (cherry)
TACTTMPTemnothorax_Neotropical20,0.44638922694031546,0.3651456680463725,0.0,from Formicidae (crown capture probability)
TACTTMPTemnothorax_Neotropical22,0.44638922694031546,0.3651456680463725,0,from Formicidae (singleton)
TACTTMPTemnothorax_Neotropical23,0.44638922694031546,0.3651456680463725,0.0,from Formicidae (cherry)
TACTTMPTemnothorax_Neotropical24,0.44638922694031546,0.3651456680463725,0.0,from Formicidae (crown capture probability)
TACTTMPTemnothorax_Neotropical25,0.44638922694031546,0.3651456680463725,0.0,from Formicidae (crown capture probability)
TACTTMPTemnothorax_Neotropical26,0.44638922694031546,0.3651456680463725,0.0,from Formicidae (cherry)
TACTTMPTemnothorax_Neotropical67,0.44638922694031546,0.3651456680463725,0.0,from Formicidae (crown capture probability)
TACTTMPTemnothorax_Neotropical87,0.44638922694031546,0.3651456680463725,0.0,from Formicidae (crown capture probability)
TACTTMPTemnothorax_Neotropical88,0.44638922694031546,0.3651456680463725,0,from Formicidae (singleton)
TACTTMPTemnothorax_Neotropical89,0.44638922694031546,0.3651456680463725,0.0,from Formicidae (crown capture probability)
TACTTMPTemnothorax_Neotropical90,0.44638922694031546,0.3651456680463725,0,from Formicidae (singleton)
TACTTMPTemnothorax_Neotropical91,0.44638922694031546,0.3651456680463725,0.0,from Formicidae (crown capture probability)
TACTTMPTemnothorax_Neotropical92,0.44638922694031546,0.3651456680463725,0.0,from Formicidae (cherry)
TACTTMPTemnothorax_Neotropical93,0.44638922694031546,0.3651456680463725,0.0,from Formicidae (cherry)
TACTTMPTemnothorax_Neotropical94,0.44638922694031546,0.3651456680463725,0.0,from Formicidae (cherry)
TACTTMPTemnothorax_Neotropical95,0.44638922694031546,0.3651456680463725,0.0,from Formicidae (cherry)
TACTTMPTemnothorax_Neotropical96,0.44638922694031546,0.3651456680463725,0.0,from Formicidae (crown capture probability)
TACTTMPTemnothorax_Neotropical97,0.44638922694031546,0.3651456680463725,0.0,from Formicidae (cherry)
TACTTMPTemnothorax_Neotropical98,0.44638922694031546,0.3651456680463725,0.0,from Formicidae (crown capture probability)
TACTTMPTemnothorax_Neotropical99,0.44638922694031546,0.3651456680463725,0.0,from Formicidae (crown capture probability)
TACTTMPTemnothorax_Palearctic28,0.44638922694031546,0.3651456680463725,0.0,from Formicidae (crown capture probability)
TACTTMPTemnothorax_Palearctic29,0.44638922694031546,0.3651456680463725,0.0,from Formicidae (crown capture probability)
TACTTMPTemnothorax_Palearctic30,0.44638922694031546,0.3651456680463725,0.0,from Formicidae (crown capture probability)
TACTTMPTemnothorax_Palearctic31,0.44638922694031546,0.3651456680463725,0.0,from Formicidae (crown capture probability)
TACTTMPTemnothorax_Palearctic32,0.44638922694031546,0.3651456680463725,0.0,from Formicidae (crown capture probability)
TACTTMPTemnothorax_Palearctic33,0.44638922694031546,0.3651456680463725,0.0,from Formicidae (crown capture probability)
TACTTMPTemnothorax_Palearctic34,0.44638922694031546,0.3651456680463725,0.0,from Formicidae (crown capture probability)
TACTTMPTemnothorax_Palearctic35,0.44638922694031546,0.3651456680463725,0.0,from Formicidae (crown capture probability)
TACTTMPTemnothorax_Palearctic36,0.44638922694031546,0.3651456680463725,0.0,from Formicidae (crown capture probability)
TACTTMPTemnothorax_Palearctic38,0.44638922694031546,0.3651456680463725,0.0,from Formicidae (crown capture probability)
TACTTMPTemnothorax_Palearctic40,0.44638922694031546,0.3651456680463725,0.0,from Formicidae (crown capture probability)
TACTTMPTemnothorax_Palearctic41,0.44638922694031546,0.3651456680463725,0.0,from Formicidae (crown capture probability)
TACTTMPTemnothorax_Palearctic42,0.44638922694031546,0.3651456680463725,0.0,from Formicidae (crown capture probability)
TACTTMPTemnothorax_Palearctic43,0.44638922694031546,0.3651456680463725,0.0,from Formicidae (cherry)
TACTTMPTemnothorax_Palearctic44,0.44638922694031546,0.3651456680463725,0.0,from Formicidae (crown capture probability)
TACTTMPTemnothorax_Palearctic45,0.44638922694031546,0.3651456680463725,0.0,from Formicidae (crown capture probability)
TACTTMPTemnothorax_Palearctic46,0.44638922694031546,0.3651456680463725,0.0,from Formicidae (crown capture probability)
TACTTMPTemnothorax_Palearctic47,0.44638922694031546,0.3651456680463725,0.0,from Formicidae (crown capture probability)
TACTTMPTemnothorax_Palearctic53,0.44638922694031546,0.3651456680463725,0.0,from Formicidae (crown capture probability)
TACTTMPTemnothorax_Palearctic54,0.44638922694031546,0.3651456680463725,0.0,from Formicidae (crown capture probability)
TACTTMPTemnothorax_Palearctic55,0.44638922694031546,0.3651456680463725,0.0,from Formicidae (crown capture probability)
TACTTMPTemnothorax_Palearctic56,0.44638922694031546,0.3651456680463725,0.0,from Formicidae (crown capture probability)
TACTTMPTemnothorax_Palearctic57,0.44638922694031546,0.3651456680463725,0.0,from Formicidae (crown capture probability)
TACTTMPTemnothorax_Palearctic58,0.44638922694031546,0.3651456680463725,0.0,from Formicidae (crown capture probability)
TACTTMPTemnothorax_Palearctic59,0.44638922694031546,0.3651456680463725,0.0,from Formicidae (crown capture probability)
TACTTMPTemnothorax_Palearctic60,0.44638922694031546,0.3651456680463725,0.0,from Formicidae (crown capture probability)
TACTTMPTemnothorax_Palearctic61,0.44638922694031546,0.3651456680463725,0.0,from Formicidae (crown capture probability)
TACTTMPTemnothorax_Palearctic63,0.44638922694031546,0.3651456680463725,0.0,from Formicidae (crown capture probability)
TACTTMPTemnothorax_Palearctic64,0.44638922694031546,0.3651456680463725,0.0,from Formicidae (crown capture probability)
TACTTMPTemnothorax_Palearctic69,0.44638922694031546,0.3651456680463725,0.0,from Formicidae (crown capture probability)
TACTTMPTemnothorax_Palearctic70,0.44638922694031546,0.3651456680463725,0.0,from Formicidae (crown capture probability)
TACTTMPTemnothorax_Palearctic74,0.44638922694031546,0.3651456680463725,0.0,from Formicidae (crown capture probability)
TACTTMPTemnothorax_Palearctic75,0.44638922694031546,0.3651456680463725,0.0,from Formicidae (crown capture probability)
TACTTMPTemnothorax_Palearctic76,0.44638922694031546,0.3651456680463725,0.0,from Formicidae (crown capture probability)
TACTTMPTemnothorax_Palearctic77,0.44638922694031546,0.3651456680463725,0.0,from Formicidae (crown capture probability)
TACTTMPTemnothorax_Palearctic78,0.44638922694031546,0.3651456680463725,0.0,from Formicidae (crown capture probability)
TACTTMPTemnothorax_Palearctic79,0.44638922694031546,0.3651456680463725,0.0,from Formicidae (crown capture probability)
TACTTMPTemnothorax_Palearctic80,0.44638922694031546,0.3651456680463725,0.0,from Formicidae (crown capture probability)
TACTTMPTemnothorax_Palearctic81,0.44638922694031546,0.3651456680463725,0.0,from Formicidae (crown capture probability)
TACTTMPTemnothorax_Unknown39,0.44638922694031546,0.3651456680463725,0.0,from Formicidae (crown capture probability)
TACTTMPTerataner_Afrotropical01,0.44638922694031546,0.3651456680463725,0.0,from Formicidae (crown capture probability)
TACTTMPTerataner_Afrotropical02,0.44638922694031546,0.3651456680463725,0.0,from Formicidae (cherry)
TACTTMPTerataner_Afrotropical03,0.44638922694031546,0.3651456680463725,0.0,from Formicidae (cherry)
TACTTMPTerataner_Afrotropical04,0.44638922694031546,0.3651456680463725,0,from Formicidae (singleton)
TACTTMPTerataner_Afrotropical05,0.44638922694031546,0.3651456680463725,0,from Formicidae (singleton)
TACTTMPTerataner_Afrotropical06,0.44638922694031546,0.3651456680463725,0,from Formicidae (singleton)
TACTTMPTerataner_Afrotropical07,0.44638922694031546,0.3651456680463725,0.0,from Formicidae (cherry)
TACTTMPTerataner_Afrotropical08,0.44638922694031546,0.3651456680463725,0,from Formicidae (singleton)
TACTTMPTeratomyrmex_Australasian01,0.44638922694031546,0.3651456680463725,0.0,from Formicidae (crown capture probability)
TACTTMPTetheamyrma_Australasian01,0.44638922694031546,0.3651456680463725,0.0,from Formicidae (cherry)
TACTTMPTetramorium_Afrotropical01,0.44638922694031546,0.3651456680463725,0.0,from Formicidae (crown capture probability)
TACTTMPTetramorium_Afrotropical03,0.44638922694031546,0.3651456680463725,0.0,from Formicidae (crown capture probability)
TACTTMPTetramorium_Afrotropical06,0.44638922694031546,0.3651456680463725,0.0,from Formicidae (crown capture probability)
TACTTMPTetramorium_Afrotropical07,0.44638922694031546,0.3651456680463725,0.0,from Formicidae (crown capture probability)
TACTTMPTetramorium_Afrotropical08,0.44638922694031546,0.3651456680463725,0.0,from Formicidae (crown capture probability)
TACTTMPTetramorium_Afrotropical09,0.44638922694031546,0.3651456680463725,0.0,from Formicidae (crown capture probability)
TACTTMPTetramorium_Afrotropical100,0.44638922694031546,0.3651456680463725,0.0,from Formicidae (crown capture probability)
TACTTMPTetramorium_Afrotropical101,0.44638922694031546,0.3651456680463725,0.0,from Formicidae (cherry)
TACTTMPTetramorium_Afrotropical102,0.44638922694031546,0.3651456680463725,0.0,from Formicidae (cherry)
TACTTMPTetramorium_Afrotropical106,0.44638922694031546,0.3651456680463725,0.0,from Formicidae (crown capture probability)
TACTTMPTetramorium_Afrotropical107,0.44638922694031546,0.3651456680463725,0.0,from Formicidae (crown capture probability)
TACTTMPTetramorium_Afrotropical108,0.44638922694031546,0.3651456680463725,0.0,from Formicidae (crown capture probability)
TACTTMPTetramorium_Afrotropical110,0.44638922694031546,0.3651456680463725,0,from Formicidae (singleton)
TACTTMPTetramorium_Afrotropical111,0.44638922694031546,0.3651456680463725,0.0,from Formicidae (crown capture probability)
TACTTMPTetramorium_Afrotropical15,0.44638922694031546,0.3651456680463725,0.0,from Formicidae (crown capture probability)
TACTTMPTetramorium_Afrotropical16,0.44638922694031546,0.3651456680463725,0.0,from Formicidae (crown capture probability)
TACTTMPTetramorium_Afrotropical17,0.44638922694031546,0.3651456680463725,0.0,from Formicidae (crown capture probability)
TACTTMPTetramorium_Afrotropical18,0.44638922694031546,0.3651456680463725,0.0,from Formicidae (crown capture probability)
TACTTMPTetramorium_Afrotropical19,0.44638922694031546,0.3651456680463725,0.0,from Formicidae (crown capture probability)
TACTTMPTetramorium_Afrotropical20,0.44638922694031546,0.3651456680463725,0.0,from Formicidae (crown capture probability)
TACTTMPTetramorium_Afrotropical21,0.44638922694031546,0.3651456680463725,0.0,from Formicidae (crown capture probability)
TACTTMPTetramorium_Afrotropical22,0.44638922694031546,0.3651456680463725,0.0,from Formicidae (crown capture probability)
TACTTMPTetramorium_Afrotropical23,0.44638922694031546,0.3651456680463725,0.0,from Formicidae (crown capture probability)
TACTTMPTetramorium_Afrotropical24,0.44638922694031546,0.3651456680463725,0.0,from Formicidae (crown capture probability)
TACTTMPTetramorium_Afrotropical25,0.44638922694031546,0.3651456680463725,0.0,from Formicidae (crown capture probability)
TACTTMPTetramorium_Afrotropical26,0.44638922694031546,0.3651456680463725,0.0,from Formicidae (crown capture probability)
TACTTMPTetramorium_Afrotropical27,0.44638922694031546,0.3651456680463725,0.0,from Formicidae (cherry)
TACTTMPTetramorium_Afrotropical28,0.44638922694031546,0.3651456680463725,0.0,from Formicidae (crown capture probability)
TACTTMPTetramorium_Afrotropical29,0.44638922694031546,0.3651456680463725,0.0,from Formicidae (crown capture probability)
TACTTMPTetramorium_Afrotropical30,0.44638922694031546,0.3651456680463725,0.0,from Formicidae (crown capture probability)
TACTTMPTetramorium_Afrotropical31,0.44638922694031546,0.3651456680463725,0.0,from Formicidae (crown capture probability)
TACTTMPTetramorium_Afrotropical32,0.44638922694031546,0.3651456680463725,0.0,from Formicidae (crown capture probability)
TACTTMPTetramorium_Afrotropical33,0.44638922694031546,0.3651456680463725,0.0,from Formicidae (crown capture probability)
TACTTMPTetramorium_Afrotropical34,0.44638922694031546,0.3651456680463725,0.0,from Formicidae (crown capture probability)
TACTTMPTetramorium_Afrotropical35,0.44638922694031546,0.3651456680463725,0.0,from Formicidae (crown capture probability)
TACTTMPTetramorium_Afrotropical36,0.44638922694031546,0.3651456680463725,0.0,from Formicidae (crown capture probability)
TACTTMPTetramorium_Afrotropical37,0.44638922694031546,0.3651456680463725,0.0,from Formicidae (cherry)
TACTTMPTetramorium_Afrotropical38,0.44638922694031546,0.3651456680463725,0.0,from Formicidae (crown capture probability)
TACTTMPTetramorium_Afrotropical39,0.44638922694031546,0.3651456680463725,0.0,from Formicidae (crown capture probability)
TACTTMPTetramorium_Afrotropical40,0.44638922694031546,0.3651456680463725,0.0,from Formicidae (cherry)
TACTTMPTetramorium_Afrotropical41,0.44638922694031546,0.3651456680463725,0.0,from Formicidae (crown capture probability)
TACTTMPTetramorium_Afrotropical42,0.44638922694031546,0.3651456680463725,0.0,from Formicidae (crown capture probability)
TACTTMPTetramorium_Afrotropical43,0.44638922694031546,0.3651456680463725,0.0,from Formicidae (crown capture probability)
TACTTMPTetramorium_Afrotropical44,0.44638922694031546,0.3651456680463725,0.0,from Formicidae (crown capture probability)
TACTTMPTetramorium_Afrotropical45,0.44638922694031546,0.3651456680463725,0.0,from Formicidae (crown capture probability)
TACTTMPTetramorium_Afrotropical46,0.44638922694031546,0.3651456680463725,0.0,from Formicidae (crown capture probability)
TACTTMPTetramorium_Afrotropical47,0.44638922694031546,0.3651456680463725,0.0,from Formicidae (crown capture probability)
TACTTMPTetramorium_Afrotropical48,0.44638922694031546,0.3651456680463725,0.0,from Formicidae (crown capture probability)
TACTTMPTetramorium_Afrotropical49,0.44638922694031546,0.3651456680463725,0.0,from Formicidae (crown capture probability)
TACTTMPTetramorium_Afrotropical50,0.44638922694031546,0.3651456680463725,0.0,from Formicidae (crown capture probability)
TACTTMPTetramorium_Afrotropical51,0.44638922694031546,0.3651456680463725,0.0,from Formicidae (crown capture probability)
TACTTMPTetramorium_Afrotropical52,0.44638922694031546,0.3651456680463725,0.0,from Formicidae (cherry)
TACTTMPTetramorium_Afrotropical53,0.44638922694031546,0.3651456680463725,0.0,from Formicidae (crown capture probability)
TACTTMPTetramorium_Afrotropical54,0.44638922694031546,0.3651456680463725,0.0,from Formicidae (crown capture probability)
TACTTMPTetramorium_Afrotropical55,0.44638922694031546,0.3651456680463725,0.0,from Formicidae (crown capture probability)
TACTTMPTetramorium_Afrotropical56,0.44638922694031546,0.3651456680463725,0.0,from Formicidae (crown capture probability)
TACTTMPTetramorium_Afrotropical57,0.44638922694031546,0.3651456680463725,0.0,from Formicidae (crown capture probability)
TACTTMPTetramorium_Afrotropical58,0.44638922694031546,0.3651456680463725,0.0,from Formicidae (crown capture probability)
TACTTMPTetramorium_Afrotropical59,0.44638922694031546,0.3651456680463725,0.0,from Formicidae (crown capture probability)
TACTTMPTetramorium_Afrotropical60,0.44638922694031546,0.3651456680463725,0.0,from Formicidae (crown capture probability)
TACTTMPTetramorium_Afrotropical61,0.44638922694031546,0.3651456680463725,0.0,from Formicidae (cherry)
TACTTMPTetramorium_Afrotropical62,0.44638922694031546,0.3651456680463725,0.0,from Formicidae (cherry)
TACTTMPTetramorium_Afrotropical63,0.44638922694031546,0.3651456680463725,0.0,from Formicidae (cherry)
TACTTMPTetramorium_Afrotropical64,0.44638922694031546,0.3651456680463725,0.0,from Formicidae (cherry)
TACTTMPTetramorium_Afrotropical65,0.44638922694031546,0.3651456680463725,0.0,from Formicidae (crown capture probability)
TACTTMPTetramorium_Afrotropical66,0.44638922694031546,0.3651456680463725,0.0,from Formicidae (crown capture probability)
TACTTMPTetramorium_Afrotropical67,0.44638922694031546,0.3651456680463725,0.0,from Formicidae (crown capture probability)
TACTTMPTetramorium_Afrotropical68,0.44638922694031546,0.3651456680463725,0.0,from Formicidae (crown capture probability)
TACTTMPTetramorium_Afrotropical69,0.44638922694031546,0.3651456680463725,0.0,from Formicidae (crown capture probability)
TACTTMPTetramorium_Afrotropical70,0.44638922694031546,0.3651456680463725,0.0,from Formicidae (crown capture probability)
TACTTMPTetramorium_Afrotropical71,0.44638922694031546,0.3651456680463725,0.0,from Formicidae (crown capture probability)
TACTTMPTetramorium_Afrotropical72,0.44638922694031546,0.3651456680463725,0.0,from Formicidae (crown capture probability)
TACTTMPTetramorium_Afrotropical73,0.44638922694031546,0.3651456680463725,0.0,from Formicidae (crown capture probability)
TACTTMPTetramorium_Afrotropical74,0.44638922694031546,0.3651456680463725,0.0,from Formicidae (crown capture probability)
TACTTMPTetramorium_Afrotropical75,0.44638922694031546,0.3651456680463725,0.0,from Formicidae (crown capture probability)
TACTTMPTetramorium_Afrotropical76,0.44638922694031546,0.3651456680463725,0.0,from Formicidae (crown capture probability)
TACTTMPTetramorium_Afrotropical77,0.44638922694031546,0.3651456680463725,0.0,from Formicidae (crown capture probability)
TACTTMPTetramorium_Afrotropical78,0.44638922694031546,0.3651456680463725,0.0,from Formicidae (crown capture probability)
TACTTMPTetramorium_Afrotropical79,0.44638922694031546,0.3651456680463725,0.0,from Formicidae (crown capture probability)
TACTTMPTetramorium_Afrotropical80,0.44638922694031546,0.3651456680463725,0.0,from Formicidae (crown capture probability)
TACTTMPTetramorium_Afrotropical81,0.44638922694031546,0.3651456680463725,0.0,from Formicidae (crown capture probability)
TACTTMPTetramorium_Afrotropical82,0.44638922694031546,0.3651456680463725,0.0,from Formicidae (crown capture probability)
TACTTMPTetramorium_Afrotropical83,0.44638922694031546,0.3651456680463725,0.0,from Formicidae (crown capture probability)
TACTTMPTetramorium_Afrotropical84,0.44638922694031546,0.3651456680463725,0.0,from Formicidae (crown capture probability)
TACTTMPTetramorium_Afrotropical85,0.44638922694031546,0.3651456680463725,0.0,from Formicidae (crown capture probability)
TACTTMPTetramorium_Afrotropical86,0.44638922694031546,0.3651456680463725,0.0,from Formicidae (crown capture probability)
TACTTMPTetramorium_Afrotropical87,0.44638922694031546,0.3651456680463725,0.0,from Formicidae (crown capture probability)
TACTTMPTetramorium_Afrotropical88,0.44638922694031546,0.3651456680463725,0.0,from Formicidae (crown capture probability)
TACTTMPTetramorium_Afrotropical89,0.44638922694031546,0.3651456680463725,0.0,from Formicidae (crown capture probability)
TACTTMPTetramorium_Afrotropical90,0.44638922694031546,0.3651456680463725,0.0,from Formicidae (crown capture probability)
TACTTMPTetramorium_Afrotropical91,0.44638922694031546,0.3651456680463725,0.0,from Formicidae (crown capture probability)
TACTTMPTetramorium_Afrotropical92,0.44638922694031546,0.3651456680463725,0.0,from Formicidae (crown capture probability)
TACTTMPTetramorium_Afrotropical93,0.44638922694031546,0.3651456680463725,0.0,from Formicidae (crown capture probability)
TACTTMPTetramorium_Afrotropical94,0.44638922694031546,0.3651456680463725,0.0,from Formicidae (crown capture probability)
TACTTMPTetramorium_Afrotropical95,0.44638922694031546,0.3651456680463725,0.0,from Formicidae (cherry)
TACTTMPTetramorium_Afrotropical96,0.44638922694031546,0.3651456680463725,0.0,from Formicidae (crown capture probability)
TACTTMPTetramorium_Afrotropical97,0.44638922694031546,0.3651456680463725,0.0,from Formicidae (cherry)
TACTTMPTetramorium_Afrotropical98,0.44638922694031546,0.3651456680463725,0.0,from Formicidae (cherry)
TACTTMPTetramorium_Afrotropical99,0.44638922694031546,0.3651456680463725,0,from Formicidae (singleton)
TACTTMPTetramorium_Australasian02,0.44638922694031546,0.3651456680463725,0.0,from Formicidae (crown capture probability)
TACTTMPTetramorium_Australasian04,0.44638922694031546,0.3651456680463725,0.0,from Formicidae (crown capture probability)
TACTTMPTetramorium_Australasian05,0.44638922694031546,0.3651456680463725,0.0,from Formicidae (crown capture probability)
TACTTMPTetramorium_Nearctic104,0.44638922694031546,0.3651456680463725,0.0,from Formicidae (cherry)
TACTTMPTetramorium_Nearctic105,0.44638922694031546,0.3651456680463725,0.0,from Formicidae (cherry)
TACTTMPTetramorium_Neotropical103,0.44638922694031546,0.3651456680463725,0.0,from Formicidae (crown capture probability)
TACTTMPTetramorium_Neotropical13,0.44638922694031546,0.3651456680463725,0.0,from Formicidae (crown capture probability)
TACTTMPTetramorium_Palearctic10,0.44638922694031546,0.3651456680463725,0.0,from Formicidae (crown capture probability)
TACTTMPTetramorium_Palearctic109,0.44638922694031546,0.3651456680463725,0.0,from Formicidae (crown capture probability)
TACTTMPTetramorium_Palearctic11,0.44638922694031546,0.3651456680463725,0.0,from Formicidae (crown capture probability)
TACTTMPTetramorium_Palearctic14,0.44638922694031546,0.3651456680463725,0.0,from Formicidae (crown capture probability)
TACTTMPTetramorium_Unknown12,0.44638922694031546,0.3651456680463725,0.0,from Formicidae (crown capture probability)
TACTTMPTetraponera_Afrotropical01,0.44638922694031546,0.3651456680463725,0,from Formicidae (singleton)
TACTTMPTetraponera_Afrotropical02,0.44638922694031546,0.3651456680463725,0.0,from Formicidae (cherry)
TACTTMPTetraponera_Afrotropical03,0.44638922694031546,0.3651456680463725,0.0,from Formicidae (cherry)
TACTTMPTetraponera_Afrotropical08,0.44638922694031546,0.3651456680463725,0,from Formicidae (singleton)
TACTTMPTetraponera_Afrotropical09,0.44638922694031546,0.3651456680463725,0,from Formicidae (singleton)
TACTTMPTetraponera_Afrotropical10,0.44638922694031546,0.3651456680463725,0,from Formicidae (singleton)
TACTTMPTetraponera_Afrotropical11,0.44638922694031546,0.3651456680463725,0.0,from Formicidae (cherry)
TACTTMPTetraponera_Afrotropical12,0.44638922694031546,0.3651456680463725,0,from Formicidae (singleton)
TACTTMPTetraponera_Afrotropical13,0.44638922694031546,0.3651456680463725,0,from Formicidae (singleton)
TACTTMPTetraponera_Afrotropical14,0.44638922694031546,0.3651456680463725,0.0,from Formicidae (cherry)
TACTTMPTetraponera_Afrotropical15,0.44638922694031546,0.3651456680463725,0.0,from Formicidae (cherry)
TACTTMPTetraponera_Afrotropical16,0.44638922694031546,0.3651456680463725,0,from Formicidae (singleton)
TACTTMPTetraponera_Afrotropical17,0.44638922694031546,0.3651456680463725,0,from Formicidae (singleton)
TACTTMPTetraponera_Afrotropical18,0.44638922694031546,0.3651456680463725,0,from Formicidae (singleton)
TACTTMPTetraponera_Afrotropical19,0.44638922694031546,0.3651456680463725,0,from Formicidae (singleton)
TACTTMPTetraponera_Afrotropical31,0.44638922694031546,0.3651456680463725,0,from Formicidae (singleton)
TACTTMPTetraponera_Afrotropical32,0.44638922694031546,0.3651456680463725,0.0,from Formicidae (crown capture probability)
TACTTMPTetraponera_Afrotropical33,0.44638922694031546,0.3651456680463725,0.0,from Formicidae (cherry)
TACTTMPTetraponera_Afrotropical34,0.44638922694031546,0.3651456680463725,0,from Formicidae (singleton)
TACTTMPTetraponera_Afrotropical35,0.44638922694031546,0.3651456680463725,0.0,from Formicidae (cherry)
TACTTMPTetraponera_Afrotropical36,0.44638922694031546,0.3651456680463725,0,from Formicidae (singleton)
TACTTMPTetraponera_Afrotropical37,0.44638922694031546,0.3651456680463725,0.0,from Formicidae (cherry)
TACTTMPTetraponera_Afrotropical38,0.44638922694031546,0.3651456680463725,0,from Formicidae (singleton)
TACTTMPTetraponera_Afrotropical39,0.44638922694031546,0.3651456680463725,0.0,from Formicidae (cherry)
TACTTMPTetraponera_Afrotropical40,0.44638922694031546,0.3651456680463725,0,from Formicidae (singleton)
TACTTMPTetraponera_Afrotropical41,0.44638922694031546,0.3651456680463725,0.0,from Formicidae (cherry)
TACTTMPTetraponera_Afrotropical42,0.44638922694031546,0.3651456680463725,0.0,from Formicidae (cherry)
TACTTMPTetraponera_Afrotropical43,0.44638922694031546,0.3651456680463725,0,from Formicidae (singleton)
TACTTMPTetraponera_Afrotropical44,0.44638922694031546,0.3651456680463725,0.0,from Formicidae (cherry)
TACTTMPTetraponera_Afrotropical45,0.44638922694031546,0.3651456680463725,0,from Formicidae (singleton)
TACTTMPTetraponera_Afrotropical46,0.44638922694031546,0.3651456680463725,0,from Formicidae (singleton)
TACTTMPTetraponera_Afrotropical47,0.44638922694031546,0.3651456680463725,0,from Formicidae (singleton)
TACTTMPTetraponera_Afrotropical48,0.44638922694031546,0.3651456680463725,0,from Formicidae (singleton)
TACTTMPTetraponera_Afrotropical49,0.44638922694031546,0.3651456680463725,0,from Formicidae (singleton)
TACTTMPTetraponera_Australasian21,0.44638922694031546,0.3651456680463725,0.0,from Formicidae (crown capture probability)
TACTTMPTetraponera_Australasian22,0.44638922694031546,0.3651456680463725,0.0,from Formicidae (crown capture probability)
TACTTMPTetraponera_Australasian24,0.44638922694031546,0.3651456680463725,0.0,from Formicidae (crown capture probability)
TACTTMPTetraponera_Australasian26,0.44638922694031546,0.3651456680463725,0,from Formicidae (singleton)
TACTTMPTetraponera_Australasian27,0.44638922694031546,0.3651456680463725,0.0,from Formicidae (cherry)
TACTTMPTetraponera_Australasian28,0.44638922694031546,0.3651456680463725,0,from Formicidae (singleton)
TACTTMPTetraponera_Australasian51,0.44638922694031546,0.3651456680463725,0.0,from Formicidae (cherry)
TACTTMPTetraponera_Indomalayan05,0.44638922694031546,0.3651456680463725,0,from Formicidae (singleton)
TACTTMPTetraponera_Indomalayan06,0.44638922694031546,0.3651456680463725,0,from Formicidae (singleton)
TACTTMPTetraponera_Indomalayan07,0.44638922694031546,0.3651456680463725,0.0,from Formicidae (cherry)
TACTTMPTetraponera_Indomalayan20,0.44638922694031546,0.3651456680463725,0.0,from Formicidae (cherry)
TACTTMPTetraponera_Indomalayan23,0.44638922694031546,0.3651456680463725,0,from Formicidae (singleton)
TACTTMPTetraponera_Indomalayan25,0.44638922694031546,0.3651456680463725,0.0,from Formicidae (cherry)
TACTTMPTetraponera_Indomalayan29,0.44638922694031546,0.3651456680463725,0.0,from Formicidae (crown capture probability)
TACTTMPTetraponera_Indomalayan30,0.44638922694031546,0.3651456680463725,0.0,from Formicidae (crown capture probability)
TACTTMPTetraponera_Indomalayan50,0.44638922694031546,0.3651456680463725,0.0,from Formicidae (crown capture probability)
TACTTMPTetraponera_Palearctic04,0.44638922694031546,0.3651456680463725,0.0,from Formicidae (crown capture probability)
TACTTMPThaumatomyrmex_Neotropical01,0.44638922694031546,0.3651456680463725,0,from Formicidae (singleton)
TACTTMPThaumatomyrmex_Neotropical02,0.44638922694031546,0.3651456680463725,0.0,from Formicidae (cherry)
TACTTMPThaumatomyrmex_Neotropical03,0.44638922694031546,0.3651456680463725,0.0,from Formicidae (cherry)
TACTTMPThaumatomyrmex_Neotropical04,0.44638922694031546,0.3651456680463725,0.0,from Formicidae (crown capture probability)
TACTTMPThaumatomyrmex_Neotropical05,0.44638922694031546,0.3651456680463725,0,from Formicidae (singleton)
TACTTMPTrachymyrmex_Nearctic02,0.44638922694031546,0.3651456680463725,0.0,from Formicidae (cherry)
TACTTMPTrachymyrmex_Nearctic03,0.44638922694031546,0.3651456680463725,0.0,from Formicidae (crown capture probability)
TACTTMPTrachymyrmex_Neotropical01,0.44638922694031546,0.3651456680463725,0.0,from Formicidae (crown capture probability)
TACTTMPTrichomyrmex_Afrotropical04,0.44638922694031546,0.3651456680463725,0.0,from Formicidae (crown capture probability)
TACTTMPTrichomyrmex_Indomalayan01,0.44638922694031546,0.3651456680463725,0.0,from Formicidae (crown capture probability)
TACTTMPTrichomyrmex_Indomalayan02,0.44638922694031546,0.3651456680463725,0.0,from Formicidae (crown capture probability)
TACTTMPTrichomyrmex_Indomalayan03,0.44638922694031546,0.3651456680463725,0.0,from Formicidae (crown capture probability)
TACTTMPTurneria_Australasian01,0.44638922694031546,0.3651456680463725,0.0,from Formicidae (crown capture probability)
TACTTMPTyphlomyrmex_Neotropical01,0.44638922694031546,0.3651456680463725,0.0,from Formicidae (crown capture probability)
TACTTMPTyphlomyrmex_Neotropical02,0.44638922694031546,0.3651456680463725,0.0,from Formicidae (cherry)
TACTTMPTyphlomyrmex_Neotropical03,0.44638922694031546,0.3651456680463725,0.0,from Formicidae (cherry)
TACTTMPTyphlomyrmex_Neotropical04,0.44638922694031546,0.3651456680463725,0,from Formicidae (singleton)
TACTTMPTyphlomyrmex_Neotropical05,0.44638922694031546,0.3651456680463725,0.0,from Formicidae (cherry)
TACTTMPTyrannomyrmex_Indomalayan01,0.44638922694031546,0.3651456680463725,0.0,from Formicidae (cherry)
TACTTMPTyrannomyrmex_Indomalayan02,0.44638922694031546,0.3651456680463725,0.0,from Formicidae (cherry)
TACTTMPUnicumyrmex_Unknown01,0.44638922694031546,0.3651456680463725,0.0,from Formicidae (cherry)
TACTTMPUwari_Unknown01,0.44638922694031546,0.3651456680463725,0.0,from Formicidae (cherry)
TACTTMPVollenhovia_Australasian01,0.44638922694031546,0.3651456680463725,0.0,from Formicidae (crown capture probability)
TACTTMPVollenhovia_Palearctic02,0.44638922694031546,0.3651456680463725,0.0,from Formicidae (crown capture probability)
TACTTMPVombisidris_Australasian01,0.44638922694031546,0.3651456680463725,0.0,from Formicidae (crown capture probability)
TACTTMPWadeura_Neotropical01,0.44638922694031546,0.3651456680463725,0.0,from Formicidae (cherry)
TACTTMPWadeura_Neotropical02,0.44638922694031546,0.3651456680463725,0,from Formicidae (singleton)
TACTTMPWadeura_Neotropical03,0.44638922694031546,0.3651456680463725,0,from Formicidae (singleton)
TACTTMPWasmannia_Neotropical01,0.44638922694031546,0.3651456680463725,0.0,from Formicidae (crown capture probability)
TACTTMPXenomyrmex_Nearctic02,0.44638922694031546,0.3651456680463725,0,from Formicidae (singleton)
TACTTMPXenomyrmex_Neotropical01,0.44638922694031546,0.3651456680463725,0.0,from Formicidae (crown capture probability)
TACTTMPXiphopelta_Afrotropical01,0.44638922694031546,0.3651456680463725,0.0,from Formicidae (crown capture probability)
TACTTMPXiphopelta_Afrotropical02,0.44638922694031546,0.3651456680463725,0.0,from Formicidae (cherry)
TACTTMPXiphopelta_Afrotropical03,0.44638922694031546,0.3651456680463725,0.0,from Formicidae (cherry)
TACTTMPXiphopelta_Afrotropical04,0.44638922694031546,0.3651456680463725,0.0,from Formicidae (crown capture probability)
TACTTMPXymmer_Afrotropical01,0.44638922694031546,0.3651456680463725,0.0,from Formicidae (crown capture probability)
TACTTMPYunodorylus_Australasian02,0.44638922694031546,0.3651456680463725,0.0,from Formicidae (cherry)
TACTTMPYunodorylus_Indomalayan03,0.44638922694031546,0.3651456680463725,0,from Formicidae (singleton)
TACTTMPYunodorylus_Palearctic01,0.44638922694031546,0.3651456680463725,0,from Formicidae (singleton)
TACTTMPZasphinctus_Afrotropical03,0.44638922694031546,0.3651456680463725,0.0,from Formicidae (crown capture probability)
TACTTMPZasphinctus_Afrotropical04,0.44638922694031546,0.3651456680463725,0.0,from Formicidae (crown capture probability)
TACTTMPZasphinctus_Australasian01,0.44638922694031546,0.3651456680463725,0.0,from Formicidae (crown capture probability)
TACTTMPZasphinctus_Australasian02,0.44638922694031546,0.3651456680463725,0.0,from Formicidae (crown capture probability)
TACTTMPZatania_Neotropical01,0.44638922694031546,0.3651456680463725,0,from Formicidae (singleton)
TACTTMPZatania_Neotropical02,0.44638922694031546,0.3651456680463725,0.0,from Formicidae (cherry)
TACTTMPZatania_Neotropical03,0.44638922694031546,0.3651456680463725,0.0,from Formicidae (cherry)
TACTTMPZatania_Neotropical04,0.44638922694031546,0.3651456680463725,0,from Formicidae (singleton)
Talaridris,0.44638922694031546,0.3651456680463725,0,from Formicidae (singleton)
Tatuidris,0.44638922694031546,0.3651456680463725,0,from Formicidae (singleton)
Tranopelta,0.44638922694031546,0.3651456680463725,1.0,from Formicidae (cherry)
Tropidomyrmex,0.44638922694031546,0.3651456680463725,0,from Formicidae (singleton)
Veromessor,0.09516212356861846,0.0,1.0,computed
Vicinopone,0.44638922694031546,0.3651456680463725,0,from Formicidae (singleton)
Vitsika,0.10240197685103246,0.0066956456934709925,1.0,computed
Xerolitor,0.44638922694031546,0.3651456680463725,0,from Formicidae (singleton)
