original_genus	temp_genus	old_label	new_label	cluster	protected	realm
Acanthognathus	TACTTMPAcanthognathus_Neotropical01	Acanthognathus_ocellatus	TACTTMPAcanthognathus_Neotropical01_ocellatus	1	FALSE	Neotropical
Acanthomyrmex	TACTTMPAcanthomyrmex_Indomalayan01	Acanthomyrmex_ferox	TACTTMPAcanthomyrmex_Indomalayan01_ferox	1	FALSE	Indomalayan
Acanthoponera	TACTTMPAcanthoponera_Neotropical01	Acanthoponera_goeldii	TACTTMPAcanthoponera_Neotropical01_goeldii	1	FALSE	Neotropical
Acanthoponera	TACTTMPAcanthoponera_Neotropical02	Acanthoponera_mucronata	TACTTMPAcanthoponera_Neotropical02_mucronata	2	FALSE	Neotropical
Acanthoponera	TACTTMPAcanthoponera_Neotropical03	Acanthoponera_minor	TACTTMPAcanthoponera_Neotropical03_minor	3	FALSE	Neotropical
Acanthostichus	TACTTMPAcanthostichus_Neotropical01	Acanthostichus_quadratus	TACTTMPAcanthostichus_Neotropical01_quadratus	1	FALSE	Neotropical
Acanthostichus	TACTTMPAcanthostichus_Neotropical02	Acanthostichus_kirbyi	TACTTMPAcanthostichus_Neotropical02_kirbyi	2	FALSE	Neotropical
Acanthostichus	TACTTMPAcanthostichus_Neotropical03	Acanthostichus_brevicornis	TACTTMPAcanthostichus_Neotropical03_brevicornis	3	FALSE	Neotropical
Acanthostichus	TACTTMPAcanthostichus_Nearctic04	Acanthostichus_punctiscapus	TACTTMPAcanthostichus_Nearctic04_punctiscapus	4	FALSE	Nearctic
Acanthostichus	TACTTMPAcanthostichus_Nearctic05	Acanthostichus_davisi	TACTTMPAcanthostichus_Nearctic05_davisi	5	FALSE	Nearctic
Acromyrmex	TACTTMPAcromyrmex_Neotropical01	Acromyrmex_octospinosus	TACTTMPAcromyrmex_Neotropical01_octospinosus	1	FALSE	Neotropical
Acromyrmex	TACTTMPAcromyrmex_Neotropical02	Acromyrmex_insinuator	TACTTMPAcromyrmex_Neotropical02_insinuator	2	FALSE	Neotropical
Acromyrmex	TACTTMPAcromyrmex_Neotropical03	Acromyrmex_lundii	TACTTMPAcromyrmex_Neotropical03_lundii	3	FALSE	Neotropical
Acromyrmex	TACTTMPAcromyrmex_Neotropical04	Acromyrmex_heyeri	TACTTMPAcromyrmex_Neotropical04_heyeri	4	FALSE	Neotropical
Acromyrmex	TACTTMPAcromyrmex_Neotropical05	Acromyrmex_ambiguus	TACTTMPAcromyrmex_Neotropical05_ambiguus	5	FALSE	Neotropical
Acromyrmex	TACTTMPAcromyrmex_Neotropical06	Acromyrmex_crassispinus	TACTTMPAcromyrmex_Neotropical06_crassispinus	6	FALSE	Neotropical
Acromyrmex	TACTTMPAcromyrmex_Unknown07	Acromyrmex_coronatus	TACTTMPAcromyrmex_Unknown07_coronatus	7	FALSE	Unknown
Acromyrmex	TACTTMPAcromyrmex_Neotropical08	Acromyrmex_aspersus	TACTTMPAcromyrmex_Neotropical08_aspersus	8	FALSE	Neotropical
Acromyrmex	TACTTMPAcromyrmex_Neotropical09	Acromyrmex_landolti	TACTTMPAcromyrmex_Neotropical09_landolti	9	FALSE	Neotropical
Acromyrmex	TACTTMPAcromyrmex_Neotropical10	Acromyrmex_balzani	TACTTMPAcromyrmex_Neotropical10_balzani	10	FALSE	Neotropical
Acromyrmex	TACTTMPAcromyrmex_Nearctic11	Acromyrmex_versicolor	TACTTMPAcromyrmex_Nearctic11_versicolor	11	FALSE	Nearctic
Acropyga	TACTTMPAcropyga_Nearctic01	Acropyga_epedana	TACTTMPAcropyga_Nearctic01_epedana	1	FALSE	Nearctic
Acropyga	TACTTMPAcropyga_Neotropical02	Acropyga_decedens	TACTTMPAcropyga_Neotropical02_decedens	2	FALSE	Neotropical
Acropyga	TACTTMPAcropyga_Neotropical03	Acropyga_dubitata	TACTTMPAcropyga_Neotropical03_dubitata	3	FALSE	Neotropical
Acropyga	TACTTMPAcropyga_Neotropical04	Acropyga_hirsutula	TACTTMPAcropyga_Neotropical04_hirsutula	4	FALSE	Neotropical
Acropyga	TACTTMPAcropyga_Neotropical05	Acropyga_romeo	TACTTMPAcropyga_Neotropical05_romeo	5	FALSE	Neotropical
Acropyga	TACTTMPAcropyga_Neotropical06	Acropyga_smithii	TACTTMPAcropyga_Neotropical06_smithii	6	FALSE	Neotropical
Acropyga	TACTTMPAcropyga_Neotropical07	Acropyga_fuhrmanni	TACTTMPAcropyga_Neotropical07_fuhrmanni	7	FALSE	Neotropical
Acropyga	TACTTMPAcropyga_Neotropical08	Acropyga_stenotes	TACTTMPAcropyga_Neotropical08_stenotes	8	FALSE	Neotropical
Acropyga	TACTTMPAcropyga_Neotropical09	Acropyga_guianensis	TACTTMPAcropyga_Neotropical09_guianensis	9	FALSE	Neotropical
Acropyga	TACTTMPAcropyga_Neotropical10	Acropyga_panamensis	TACTTMPAcropyga_Neotropical10_panamensis	10	FALSE	Neotropical
Acropyga	TACTTMPAcropyga_Neotropical11	Acropyga_donisthorpei	TACTTMPAcropyga_Neotropical11_donisthorpei	11	FALSE	Neotropical
Acropyga	TACTTMPAcropyga_Neotropical12	Acropyga_ayanganna	TACTTMPAcropyga_Neotropical12_ayanganna	12	FALSE	Neotropical
Adelomyrmex	TACTTMPAdelomyrmex_Neotropical01	Adelomyrmex_longinoi	TACTTMPAdelomyrmex_Neotropical01_longinoi	1	FALSE	Neotropical
Adetomyrma	TACTTMPAdetomyrma_Afrotropical01	Adetomyrma_venatrix	TACTTMPAdetomyrma_Afrotropical01_venatrix	1	FALSE	Afrotropical
Adetomyrma	TACTTMPAdetomyrma_Afrotropical02	Adetomyrma_aureocuprea	TACTTMPAdetomyrma_Afrotropical02_aureocuprea	2	FALSE	Afrotropical
Adetomyrma	TACTTMPAdetomyrma_Afrotropical03	Adetomyrma_clarivida	TACTTMPAdetomyrma_Afrotropical03_clarivida	3	FALSE	Afrotropical
Adetomyrma	TACTTMPAdetomyrma_Afrotropical04	Adetomyrma_cilium	TACTTMPAdetomyrma_Afrotropical04_cilium	4	FALSE	Afrotropical
Adetomyrma	TACTTMPAdetomyrma_Afrotropical05	Adetomyrma_caputleae	TACTTMPAdetomyrma_Afrotropical05_caputleae	5	FALSE	Afrotropical
Adetomyrma	TACTTMPAdetomyrma_Afrotropical06	Adetomyrma_cassis	TACTTMPAdetomyrma_Afrotropical06_cassis	6	FALSE	Afrotropical
Adetomyrma	TACTTMPAdetomyrma_Afrotropical07	Adetomyrma_bressleri	TACTTMPAdetomyrma_Afrotropical07_bressleri	7	FALSE	Afrotropical
Adetomyrma	TACTTMPAdetomyrma_Afrotropical08	Adetomyrma_goblin	TACTTMPAdetomyrma_Afrotropical08_goblin	8	FALSE	Afrotropical
Aenictogiton	TACTTMPAenictogiton_Unknown01	Aenictogiton_ZM02	TACTTMPAenictogiton_Unknown01_ZM02	1	FALSE	Unknown
Aenictogiton	TACTTMPAenictogiton_Unknown02	Aenictogiton_UG	TACTTMPAenictogiton_Unknown02_UG	2	FALSE	Unknown
Aenictus	TACTTMPAenictus_Afrotropical01	Aenictus_rotundatus	TACTTMPAenictus_Afrotropical01_rotundatus	1	FALSE	Afrotropical
Aenictus	TACTTMPAenictus_Afrotropical02	Aenictus_eugenii	TACTTMPAenictus_Afrotropical02_eugenii	2	FALSE	Afrotropical
Aenictus	TACTTMPAenictus_Palearctic03	Aenictus_hoelldobleri	TACTTMPAenictus_Palearctic03_hoelldobleri	3	FALSE	Palearctic
Aenictus	TACTTMPAenictus_Palearctic04	Aenictus_fuchuanensis	TACTTMPAenictus_Palearctic04_fuchuanensis	4	FALSE	Palearctic
Aenictus	TACTTMPAenictus_Australasian05	Aenictus_turneri	TACTTMPAenictus_Australasian05_turneri	5	FALSE	Australasian
Aenictus	TACTTMPAenictus_Indomalayan06	Aenictus_gracilis	TACTTMPAenictus_Indomalayan06_gracilis	6	FALSE	Indomalayan
Aenictus	TACTTMPAenictus_Australasian07	Aenictus_cornutus	TACTTMPAenictus_Australasian07_cornutus	7	FALSE	Australasian
Aenictus	TACTTMPAenictus_Australasian08	Aenictus_currax	TACTTMPAenictus_Australasian08_currax	8	FALSE	Australasian
Aenictus	TACTTMPAenictus_Australasian09	Aenictus_rotundicollis	TACTTMPAenictus_Australasian09_rotundicollis	9	FALSE	Australasian
Aenictus	TACTTMPAenictus_Australasian10	Aenictus_laeviceps	TACTTMPAenictus_Australasian10_laeviceps	10	FALSE	Australasian
Aenictus	TACTTMPAenictus_Indomalayan11	Aenictus_hodgsoni	TACTTMPAenictus_Indomalayan11_hodgsoni	11	FALSE	Indomalayan
Aenictus	TACTTMPAenictus_Indomalayan12	Aenictus_ceylonicus	TACTTMPAenictus_Indomalayan12_ceylonicus	12	FALSE	Indomalayan
Aenictus	TACTTMPAenictus_Indomalayan13	Aenictus_fergusoni	TACTTMPAenictus_Indomalayan13_fergusoni	13	FALSE	Indomalayan
Aenictus	TACTTMPAenictus_Australasian14	Aenictus_aratus	TACTTMPAenictus_Australasian14_aratus	14	FALSE	Australasian
Aenictus	TACTTMPAenictus_Indomalayan15	Aenictus_camposi	TACTTMPAenictus_Indomalayan15_camposi	15	FALSE	Indomalayan
Aenictus	TACTTMPAenictus_Indomalayan16	Aenictus_levior	TACTTMPAenictus_Indomalayan16_levior	16	FALSE	Indomalayan
Aenictus	TACTTMPAenictus_Palearctic17	Aenictus_bobaiensis	TACTTMPAenictus_Palearctic17_bobaiensis	17	FALSE	Palearctic
Aenictus	TACTTMPAenictus_Indomalayan18	Aenictus_latifemoratus	TACTTMPAenictus_Indomalayan18_latifemoratus	18	FALSE	Indomalayan
Aenictus	TACTTMPAenictus_Indomalayan19	Aenictus_yamanei	TACTTMPAenictus_Indomalayan19_yamanei	19	FALSE	Indomalayan
Aenictus	TACTTMPAenictus_Indomalayan20	Aenictus_silvestrii	TACTTMPAenictus_Indomalayan20_silvestrii	20	FALSE	Indomalayan
Agraulomyrmex	TACTTMPAgraulomyrmex_Unknown01	Agraulomyrmex_sp	TACTTMPAgraulomyrmex_Unknown01_sp	1	FALSE	Unknown
Alfaria	TACTTMPAlfaria_Neotropical01	Alfaria_minuta	TACTTMPAlfaria_Neotropical01_minuta	1	FALSE	Neotropical
Alfaria	TACTTMPAlfaria_Neotropical02	Alfaria_petiscapa	TACTTMPAlfaria_Neotropical02_petiscapa	2	FALSE	Neotropical
Alfaria	TACTTMPAlfaria_Neotropical03	Alfaria_simulans	TACTTMPAlfaria_Neotropical03_simulans	3	FALSE	Neotropical
Alloformica	TACTTMPAlloformica_Unknown01	Alloformica_sp	TACTTMPAlloformica_Unknown01_sp	1	FALSE	Unknown
Allomerus	TACTTMPAllomerus_Neotropical01	Allomerus_octoarticulatus	TACTTMPAllomerus_Neotropical01_octoarticulatus	1	FALSE	Neotropical
Amblyopone	TACTTMPAmblyopone_Australasian01	Amblyopone_longidens	TACTTMPAmblyopone_Australasian01_longidens	1	FALSE	Australasian
Amblyopone	TACTTMPAmblyopone_Australasian02	Amblyopone_australis	TACTTMPAmblyopone_Australasian02_australis	2	FALSE	Australasian
Amoimyrmex	TACTTMPAmoimyrmex_Neotropical01	Amoimyrmex_striatus	TACTTMPAmoimyrmex_Neotropical01_striatus	1	FALSE	Neotropical
Amoimyrmex	TACTTMPAmoimyrmex_Neotropical02	Amoimyrmex_silvestrii	TACTTMPAmoimyrmex_Neotropical02_silvestrii	2	FALSE	Neotropical
Ancyridris	TACTTMPAncyridris_Australasian01	Ancyridris_polyrhachioides	TACTTMPAncyridris_Australasian01_polyrhachioides	1	FALSE	Australasian
Anillidris	TACTTMPAnillidris_Unknown01	Anillidris_sp	TACTTMPAnillidris_Unknown01_sp	1	FALSE	Unknown
Anillomyrma	TACTTMPAnillomyrma_Indomalayan01	Anillomyrma_decamera	TACTTMPAnillomyrma_Indomalayan01_decamera	1	FALSE	Indomalayan
Anochetus	TACTTMPAnochetus_Afrotropical01	Anochetus_traegaordhi	TACTTMPAnochetus_Afrotropical01_traegaordhi	1	FALSE	Afrotropical
Anochetus	TACTTMPAnochetus_Palearctic02	Anochetus_ghilianii	TACTTMPAnochetus_Palearctic02_ghilianii	2	FALSE	Palearctic
Anochetus	TACTTMPAnochetus_Palearctic03	Anochetus_bytinskii	TACTTMPAnochetus_Palearctic03_bytinskii	3	FALSE	Palearctic
Anochetus	TACTTMPAnochetus_Afrotropical04	Anochetus_angolensis	TACTTMPAnochetus_Afrotropical04_angolensis	4	FALSE	Afrotropical
Anochetus	TACTTMPAnochetus_Australasian05	Anochetus_renatae	TACTTMPAnochetus_Australasian05_renatae	5	FALSE	Australasian
Anochetus	TACTTMPAnochetus_Australasian06	Anochetus_rectangularis	TACTTMPAnochetus_Australasian06_rectangularis	6	FALSE	Australasian
Anochetus	TACTTMPAnochetus_Australasian07	Anochetus_paripungens	TACTTMPAnochetus_Australasian07_paripungens	7	FALSE	Australasian
Anochetus	TACTTMPAnochetus_Afrotropical08	Anochetus_goodmani	TACTTMPAnochetus_Afrotropical08_goodmani	8	FALSE	Afrotropical
Anochetus	TACTTMPAnochetus_Afrotropical09	Anochetus_boltoni	TACTTMPAnochetus_Afrotropical09_boltoni	9	FALSE	Afrotropical
Anochetus	TACTTMPAnochetus_Palearctic10	Anochetus_sedilloti	TACTTMPAnochetus_Palearctic10_sedilloti	10	FALSE	Palearctic
Anochetus	TACTTMPAnochetus_Afrotropical11	Anochetus_levaillanti	TACTTMPAnochetus_Afrotropical11_levaillanti	11	FALSE	Afrotropical
Anochetus	TACTTMPAnochetus_Afrotropical12	Anochetus_pattersoni	TACTTMPAnochetus_Afrotropical12_pattersoni	12	FALSE	Afrotropical
Anochetus	TACTTMPAnochetus_Afrotropical13	Anochetus_pubescens	TACTTMPAnochetus_Afrotropical13_pubescens	13	FALSE	Afrotropical
Anochetus	TACTTMPAnochetus_Indomalayan14	Anochetus_graeffei	TACTTMPAnochetus_Indomalayan14_graeffei	14	FALSE	Indomalayan
Anochetus	TACTTMPAnochetus_Australasian15	Anochetus_turneri	TACTTMPAnochetus_Australasian15_turneri	15	FALSE	Australasian
Anochetus	TACTTMPAnochetus_Afrotropical16	Anochetus_obscuratus	TACTTMPAnochetus_Afrotropical16_obscuratus	16	FALSE	Afrotropical
Anochetus	TACTTMPAnochetus_Afrotropical17	Anochetus_africanus	TACTTMPAnochetus_Afrotropical17_africanus	17	FALSE	Afrotropical
Anochetus	TACTTMPAnochetus_Afrotropical18	Anochetus_madagascarensis	TACTTMPAnochetus_Afrotropical18_madagascarensis	18	FALSE	Afrotropical
Anochetus	TACTTMPAnochetus_Afrotropical19	Anochetus_grandidieri	TACTTMPAnochetus_Afrotropical19_grandidieri	19	FALSE	Afrotropical
Anochetus	TACTTMPAnochetus_Afrotropical20	Anochetus_natalensis	TACTTMPAnochetus_Afrotropical20_natalensis	20	FALSE	Afrotropical
Anochetus	TACTTMPAnochetus_Afrotropical21	Anochetus_bequaerti	TACTTMPAnochetus_Afrotropical21_bequaerti	21	FALSE	Afrotropical
Anochetus	TACTTMPAnochetus_Afrotropical22	Anochetus_pellucidus	TACTTMPAnochetus_Afrotropical22_pellucidus	22	FALSE	Afrotropical
Anochetus	TACTTMPAnochetus_Afrotropical23	Anochetus_fuliginosus	TACTTMPAnochetus_Afrotropical23_fuliginosus	23	FALSE	Afrotropical
Anochetus	TACTTMPAnochetus_Afrotropical24	Anochetus_punctaticeps	TACTTMPAnochetus_Afrotropical24_punctaticeps	24	FALSE	Afrotropical
Anochetus	TACTTMPAnochetus_Afrotropical25	Anochetus_katonae	TACTTMPAnochetus_Afrotropical25_katonae	25	FALSE	Afrotropical
Anochetus	TACTTMPAnochetus_Afrotropical26	Anochetus_talpa	TACTTMPAnochetus_Afrotropical26_talpa	26	FALSE	Afrotropical
Anochetus	TACTTMPAnochetus_Indomalayan27	Anochetus_myops	TACTTMPAnochetus_Indomalayan27_myops	27	FALSE	Indomalayan
Anochetus	TACTTMPAnochetus_Afrotropical28	Anochetus_siphneus	TACTTMPAnochetus_Afrotropical28_siphneus	28	FALSE	Afrotropical
Anochetus	TACTTMPAnochetus_Neotropical29	Anochetus_testaceus	TACTTMPAnochetus_Neotropical29_testaceus	29	FALSE	Neotropical
Anochetus	TACTTMPAnochetus_Unknown30	Anochetus_emarginatus	TACTTMPAnochetus_Unknown30_emarginatus	30	FALSE	Unknown
Anochetus	TACTTMPAnochetus_Neotropical31	Anochetus_striatulus	TACTTMPAnochetus_Neotropical31_striatulus	31	FALSE	Neotropical
Anochetus	TACTTMPAnochetus_Neotropical32	Anochetus_micans	TACTTMPAnochetus_Neotropical32_micans	32	FALSE	Neotropical
Anochetus	TACTTMPAnochetus_Neotropical33	Anochetus_kempfi	TACTTMPAnochetus_Neotropical33_kempfi	33	FALSE	Neotropical
Anochetus	TACTTMPAnochetus_Neotropical34	Anochetus_horridus	TACTTMPAnochetus_Neotropical34_horridus	34	FALSE	Neotropical
Anochetus	TACTTMPAnochetus_Neotropical35	Anochetus_minans	TACTTMPAnochetus_Neotropical35_minans	35	FALSE	Neotropical
Anochetus	TACTTMPAnochetus_Neotropical36	Anochetus_mayri	TACTTMPAnochetus_Neotropical36_mayri	36	FALSE	Neotropical
Anochetus	TACTTMPAnochetus_Neotropical37	Anochetus_neglectus	TACTTMPAnochetus_Neotropical37_neglectus	37	FALSE	Neotropical
Anochetus	TACTTMPAnochetus_Neotropical38	Anochetus_diegensis	TACTTMPAnochetus_Neotropical38_diegensis	38	FALSE	Neotropical
Anochetus	TACTTMPAnochetus_Neotropical39	Anochetus_targionii	TACTTMPAnochetus_Neotropical39_targionii	39	FALSE	Neotropical
Anochetus	TACTTMPAnochetus_Neotropical40	Anochetus_bispinosus	TACTTMPAnochetus_Neotropical40_bispinosus	40	FALSE	Neotropical
Anochetus	TACTTMPAnochetus_Neotropical41	Anochetus_simoni	TACTTMPAnochetus_Neotropical41_simoni	41	FALSE	Neotropical
Anochetus	TACTTMPAnochetus_Neotropical42	Anochetus_inermis	TACTTMPAnochetus_Neotropical42_inermis	42	FALSE	Neotropical
Anochetus	TACTTMPAnochetus_Neotropical43	Anochetus_orchidicola	TACTTMPAnochetus_Neotropical43_orchidicola	43	FALSE	Neotropical
Anochetus	TACTTMPAnochetus_Neotropical44	Anochetus_altisquamis	TACTTMPAnochetus_Neotropical44_altisquamis	44	FALSE	Neotropical
Anochetus	TACTTMPAnochetus_Neotropical45	Anochetus_hohenbergiae	TACTTMPAnochetus_Neotropical45_hohenbergiae	45	FALSE	Neotropical
Anochetus	TACTTMPAnochetus_Indomalayan46	Anochetus_isolatus	TACTTMPAnochetus_Indomalayan46_isolatus	46	FALSE	Indomalayan
Anochetus	TACTTMPAnochetus_Australasian47	Anochetus_cato	TACTTMPAnochetus_Australasian47_cato	47	FALSE	Australasian
Anochetus	TACTTMPAnochetus_Indomalayan48	Anochetus_yerburyi	TACTTMPAnochetus_Indomalayan48_yerburyi	48	FALSE	Indomalayan
Anochetus	TACTTMPAnochetus_Indomalayan49	Anochetus_tua	TACTTMPAnochetus_Indomalayan49_tua	49	FALSE	Indomalayan
Anochetus	TACTTMPAnochetus_Indomalayan50	Anochetus_rugosus	TACTTMPAnochetus_Indomalayan50_rugosus	50	FALSE	Indomalayan
Anochetus	TACTTMPAnochetus_Palearctic51	Anochetus_mixtus	TACTTMPAnochetus_Palearctic51_mixtus	51	FALSE	Palearctic
Anochetus	TACTTMPAnochetus_Indomalayan52	Anochetus_muzziolii	TACTTMPAnochetus_Indomalayan52_muzziolii	52	FALSE	Indomalayan
Anochetus	TACTTMPAnochetus_Indomalayan53	Anochetus_princeps	TACTTMPAnochetus_Indomalayan53_princeps	53	FALSE	Indomalayan
Anonychomyrma	TACTTMPAnonychomyrma_Australasian01	Anonychomyrma_nitidiceps	TACTTMPAnonychomyrma_Australasian01_nitidiceps	1	FALSE	Australasian
Anonychomyrma	TACTTMPAnonychomyrma_Australasian02	Anonychomyrma_gilberti	TACTTMPAnonychomyrma_Australasian02_gilberti	2	FALSE	Australasian
Anonychomyrma	TACTTMPAnonychomyrma_Australasian03	Anonychomyrma_itinerans	TACTTMPAnonychomyrma_Australasian03_itinerans	3	FALSE	Australasian
Anoplolepis	TACTTMPAnoplolepis_Indomalayan01	Anoplolepis_gracilipes	TACTTMPAnoplolepis_Indomalayan01_gracilipes	1	FALSE	Indomalayan
Anoplolepis	TACTTMPAnoplolepis_Afrotropical02	Anoplolepis_custodiens	TACTTMPAnoplolepis_Afrotropical02_custodiens	2	FALSE	Afrotropical
Anoplolepis	TACTTMPAnoplolepis_Afrotropical03	Anoplolepis_carinata	TACTTMPAnoplolepis_Afrotropical03_carinata	3	FALSE	Afrotropical
Aphaenogaster	TACTTMPAphaenogaster_Australasian01	Aphaenogaster_quadrispina	TACTTMPAphaenogaster_Australasian01_quadrispina	1	FALSE	Australasian
Aphaenogaster	TACTTMPAphaenogaster_Australasian02	Aphaenogaster_loriai	TACTTMPAphaenogaster_Australasian02_loriai	2	FALSE	Australasian
Aphaenogaster	TACTTMPAphaenogaster_Afrotropical03	Aphaenogaster_gonacantha	TACTTMPAphaenogaster_Afrotropical03_gonacantha	3	FALSE	Afrotropical
Aphaenogaster	TACTTMPAphaenogaster_Australasian04	Aphaenogaster_longiceps	TACTTMPAphaenogaster_Australasian04_longiceps	4	FALSE	Australasian
Aphaenogaster	TACTTMPAphaenogaster_Afrotropical05	Aphaenogaster_swammerdami	TACTTMPAphaenogaster_Afrotropical05_swammerdami	5	FALSE	Afrotropical
Aphaenogaster	TACTTMPAphaenogaster_Australasian06	Aphaenogaster_pythia	TACTTMPAphaenogaster_Australasian06_pythia	6	FALSE	Australasian
Aphaenogaster	TACTTMPAphaenogaster_Indomalayan07	Aphaenogaster_feae	TACTTMPAphaenogaster_Indomalayan07_feae	7	FALSE	Indomalayan
Aphaenogaster	TACTTMPAphaenogaster_Afrotropical08	Aphaenogaster_sahafina	TACTTMPAphaenogaster_Afrotropical08_sahafina	8	FALSE	Afrotropical
Aphaenogaster	TACTTMPAphaenogaster_Afrotropical09	Aphaenogaster_bressleri	TACTTMPAphaenogaster_Afrotropical09_bressleri	9	FALSE	Afrotropical
Aphaenogaster	TACTTMPAphaenogaster_Afrotropical10	Aphaenogaster_makay	TACTTMPAphaenogaster_Afrotropical10_makay	10	FALSE	Afrotropical
Aphaenogaster	TACTTMPAphaenogaster_Neotropical11	Aphaenogaster_phalangium	TACTTMPAphaenogaster_Neotropical11_phalangium	11	FALSE	Neotropical
Aphaenogaster	TACTTMPAphaenogaster_Neotropical12	Aphaenogaster_araneoides	TACTTMPAphaenogaster_Neotropical12_araneoides	12	FALSE	Neotropical
Aphaenogaster	TACTTMPAphaenogaster_Neotropical13	Aphaenogaster_honduriana	TACTTMPAphaenogaster_Neotropical13_honduriana	13	FALSE	Neotropical
Aphaenogaster	TACTTMPAphaenogaster_Palearctic14	Aphaenogaster_senilis	TACTTMPAphaenogaster_Palearctic14_senilis	14	FALSE	Palearctic
Aphaenogaster	TACTTMPAphaenogaster_Palearctic15	Aphaenogaster_balcanica	TACTTMPAphaenogaster_Palearctic15_balcanica	15	FALSE	Palearctic
Aphaenogaster	TACTTMPAphaenogaster_Palearctic16	Aphaenogaster_subterranea	TACTTMPAphaenogaster_Palearctic16_subterranea	16	FALSE	Palearctic
Aphaenogaster	TACTTMPAphaenogaster_Palearctic17	Aphaenogaster_pallida	TACTTMPAphaenogaster_Palearctic17_pallida	17	FALSE	Palearctic
Aphaenogaster	TACTTMPAphaenogaster_Nearctic18	Aphaenogaster_umphreyi	TACTTMPAphaenogaster_Nearctic18_umphreyi	18	FALSE	Nearctic
Aphaenogaster	TACTTMPAphaenogaster_Nearctic19	Aphaenogaster_fulva	TACTTMPAphaenogaster_Nearctic19_fulva	19	FALSE	Nearctic
Aphaenogaster	TACTTMPAphaenogaster_Palearctic20	Aphaenogaster_famelica	TACTTMPAphaenogaster_Palearctic20_famelica	20	FALSE	Palearctic
Aphaenogaster	TACTTMPAphaenogaster_Nearctic21	Aphaenogaster_tennesseensis	TACTTMPAphaenogaster_Nearctic21_tennesseensis	21	FALSE	Nearctic
Aphaenogaster	TACTTMPAphaenogaster_Nearctic22	Aphaenogaster_mariae	TACTTMPAphaenogaster_Nearctic22_mariae	22	FALSE	Nearctic
Aphaenogaster	TACTTMPAphaenogaster_Neotropical23	Aphaenogaster_mutica	TACTTMPAphaenogaster_Neotropical23_mutica	23	FALSE	Neotropical
Aphaenogaster	TACTTMPAphaenogaster_Nearctic24	Aphaenogaster_megommata	TACTTMPAphaenogaster_Nearctic24_megommata	24	FALSE	Nearctic
Aphaenogaster	TACTTMPAphaenogaster_Nearctic25	Aphaenogaster_uinta	TACTTMPAphaenogaster_Nearctic25_uinta	25	FALSE	Nearctic
Aphaenogaster	TACTTMPAphaenogaster_Nearctic26	Aphaenogaster_boulderensis	TACTTMPAphaenogaster_Nearctic26_boulderensis	26	FALSE	Nearctic
Aphaenogaster	TACTTMPAphaenogaster_Neotropical27	Aphaenogaster_patruelis	TACTTMPAphaenogaster_Neotropical27_patruelis	27	FALSE	Neotropical
Aphaenogaster	TACTTMPAphaenogaster_Nearctic28	Aphaenogaster_occidentalis	TACTTMPAphaenogaster_Nearctic28_occidentalis	28	FALSE	Nearctic
Aphaenogaster	TACTTMPAphaenogaster_Nearctic29	Aphaenogaster_texana	TACTTMPAphaenogaster_Nearctic29_texana	29	FALSE	Nearctic
Aphaenogaster	TACTTMPAphaenogaster_Nearctic30	Aphaenogaster_lamellidens	TACTTMPAphaenogaster_Nearctic30_lamellidens	30	FALSE	Nearctic
Aphaenogaster	TACTTMPAphaenogaster_Nearctic31	Aphaenogaster_rudis	TACTTMPAphaenogaster_Nearctic31_rudis	31	FALSE	Nearctic
Aphaenogaster	TACTTMPAphaenogaster_Nearctic32	Aphaenogaster_carolinensis	TACTTMPAphaenogaster_Nearctic32_carolinensis	32	FALSE	Nearctic
Aphaenogaster	TACTTMPAphaenogaster_Neotropical33	Aphaenogaster_miamiana	TACTTMPAphaenogaster_Neotropical33_miamiana	33	FALSE	Neotropical
Aphaenogaster	TACTTMPAphaenogaster_Nearctic34	Aphaenogaster_treatae	TACTTMPAphaenogaster_Nearctic34_treatae	34	FALSE	Nearctic
Aphaenogaster	TACTTMPAphaenogaster_Nearctic35	Aphaenogaster_ashmeadi	TACTTMPAphaenogaster_Nearctic35_ashmeadi	35	FALSE	Nearctic
Aphaenogaster	TACTTMPAphaenogaster_Nearctic36	Aphaenogaster_picea	TACTTMPAphaenogaster_Nearctic36_picea	36	FALSE	Nearctic
Aphaenogaster	TACTTMPAphaenogaster_Nearctic37	Aphaenogaster_flemingi	TACTTMPAphaenogaster_Nearctic37_flemingi	37	FALSE	Nearctic
Aphaenogaster	TACTTMPAphaenogaster_Nearctic38	Aphaenogaster_floridana	TACTTMPAphaenogaster_Nearctic38_floridana	38	FALSE	Nearctic
Aphaenogaster	TACTTMPAphaenogaster_Nearctic39	Aphaenogaster_huachucana	TACTTMPAphaenogaster_Nearctic39_huachucana	39	FALSE	Nearctic
Aphaenogaster	TACTTMPAphaenogaster_Palearctic40	Aphaenogaster_mauritanica	TACTTMPAphaenogaster_Palearctic40_mauritanica	40	FALSE	Palearctic
Aphaenogaster	TACTTMPAphaenogaster_Palearctic41	Aphaenogaster_gibbosa	TACTTMPAphaenogaster_Palearctic41_gibbosa	41	FALSE	Palearctic
Aphaenogaster	TACTTMPAphaenogaster_Palearctic42	Aphaenogaster_striativentris	TACTTMPAphaenogaster_Palearctic42_striativentris	42	FALSE	Palearctic
Aphaenogaster	TACTTMPAphaenogaster_Palearctic43	Aphaenogaster_sardoa	TACTTMPAphaenogaster_Palearctic43_sardoa	43	FALSE	Palearctic
Aphaenogaster	TACTTMPAphaenogaster_Palearctic44	Aphaenogaster_iberica	TACTTMPAphaenogaster_Palearctic44_iberica	44	FALSE	Palearctic
Aphaenogaster	TACTTMPAphaenogaster_Palearctic45	Aphaenogaster_japonica	TACTTMPAphaenogaster_Palearctic45_japonica	45	FALSE	Palearctic
Apterostigma	TACTTMPApterostigma_Neotropical01	Apterostigma_jubatum	TACTTMPApterostigma_Neotropical01_jubatum	1	FALSE	Neotropical
Apterostigma	TACTTMPApterostigma_Neotropical02	Apterostigma_collare	TACTTMPApterostigma_Neotropical02_collare	2	FALSE	Neotropical
Apterostigma	TACTTMPApterostigma_Neotropical03	Apterostigma_manni	TACTTMPApterostigma_Neotropical03_manni	3	FALSE	Neotropical
Apterostigma	TACTTMPApterostigma_Neotropical04	Apterostigma_goniodes	TACTTMPApterostigma_Neotropical04_goniodes	4	FALSE	Neotropical
Apterostigma	TACTTMPApterostigma_Neotropical05	Apterostigma_peruvianum	TACTTMPApterostigma_Neotropical05_peruvianum	5	FALSE	Neotropical
Apterostigma	TACTTMPApterostigma_Neotropical06	Apterostigma_dorotheae	TACTTMPApterostigma_Neotropical06_dorotheae	6	FALSE	Neotropical
Apterostigma	TACTTMPApterostigma_Neotropical07	Apterostigma_pilosum	TACTTMPApterostigma_Neotropical07_pilosum	7	FALSE	Neotropical
Apterostigma	TACTTMPApterostigma_Neotropical08	Apterostigma_dentigerum	TACTTMPApterostigma_Neotropical08_dentigerum	8	FALSE	Neotropical
Apterostigma	TACTTMPApterostigma_Neotropical09	Apterostigma_urichii	TACTTMPApterostigma_Neotropical09_urichii	9	FALSE	Neotropical
Apterostigma	TACTTMPApterostigma_Neotropical10	Apterostigma_steigeri	TACTTMPApterostigma_Neotropical10_steigeri	10	FALSE	Neotropical
Apterostigma	TACTTMPApterostigma_Neotropical11	Apterostigma_auriculatum	TACTTMPApterostigma_Neotropical11_auriculatum	11	FALSE	Neotropical
Apterostigma	TACTTMPApterostigma_Neotropical12	Apterostigma_megacephala	TACTTMPApterostigma_Neotropical12_megacephala	12	FALSE	Neotropical
Aretidris	TACTTMPAretidris_Indomalayan01	Aretidris_buenaventei	TACTTMPAretidris_Indomalayan01_buenaventei	1	FALSE	Indomalayan
Arnoldius	TACTTMPArnoldius_Unknown01	Arnoldius_AU01	TACTTMPArnoldius_Unknown01_AU01	1	FALSE	Unknown
Asphinctopone	TACTTMPAsphinctopone_Afrotropical01	Asphinctopone_silvestrii	TACTTMPAsphinctopone_Afrotropical01_silvestrii	1	FALSE	Afrotropical
Atopomyrmex	TACTTMPAtopomyrmex_Afrotropical01	Atopomyrmex_mocquerysi	TACTTMPAtopomyrmex_Afrotropical01_mocquerysi	1	FALSE	Afrotropical
Atopomyrmex	TACTTMPAtopomyrmex_Afrotropical02	Atopomyrmex_cryptoceroides	TACTTMPAtopomyrmex_Afrotropical02_cryptoceroides	2	FALSE	Afrotropical
Atta	TACTTMPAtta_Unknown01	Atta_sexdens	TACTTMPAtta_Unknown01_sexdens	1	FALSE	Unknown
Atta	TACTTMPAtta_Neotropical02	Atta_robusta	TACTTMPAtta_Neotropical02_robusta	2	FALSE	Neotropical
Atta	TACTTMPAtta_Neotropical03	Atta_opaciceps	TACTTMPAtta_Neotropical03_opaciceps	3	FALSE	Neotropical
Atta	TACTTMPAtta_Neotropical04	Atta_capiguara	TACTTMPAtta_Neotropical04_capiguara	4	FALSE	Neotropical
Atta	TACTTMPAtta_Neotropical05	Atta_laevigata	TACTTMPAtta_Neotropical05_laevigata	5	FALSE	Neotropical
Atta	TACTTMPAtta_Neotropical06	Atta_goiana	TACTTMPAtta_Neotropical06_goiana	6	FALSE	Neotropical
Atta	TACTTMPAtta_Neotropical07	Atta_bisphaerica	TACTTMPAtta_Neotropical07_bisphaerica	7	FALSE	Neotropical
Atta	TACTTMPAtta_Neotropical08	Atta_vollenweideri	TACTTMPAtta_Neotropical08_vollenweideri	8	FALSE	Neotropical
Atta	TACTTMPAtta_Neotropical09	Atta_saltensis	TACTTMPAtta_Neotropical09_saltensis	9	FALSE	Neotropical
Atta	TACTTMPAtta_Neotropical10	Atta_colombica	TACTTMPAtta_Neotropical10_colombica	10	FALSE	Neotropical
Atta	TACTTMPAtta_Neotropical11	Atta_cephalotes	TACTTMPAtta_Neotropical11_cephalotes	11	FALSE	Neotropical
Atta	TACTTMPAtta_Nearctic12	Atta_texana	TACTTMPAtta_Nearctic12_texana	12	FALSE	Nearctic
Atta	TACTTMPAtta_Neotropical13	Atta_insularis	TACTTMPAtta_Neotropical13_insularis	13	FALSE	Neotropical
Atta	TACTTMPAtta_Neotropical14	Atta_mexicana	TACTTMPAtta_Neotropical14_mexicana	14	FALSE	Neotropical
Aulacopone	TACTTMPAulacopone_Unknown01	Aulacopone_sp	TACTTMPAulacopone_Unknown01_sp	1	FALSE	Unknown
Austromorium	TACTTMPAustromorium_Australasian01	Austromorium_flavigaster	TACTTMPAustromorium_Australasian01_flavigaster	1	FALSE	Australasian
Austroponera	TACTTMPAustroponera_Australasian01	Austroponera_pachynoda	TACTTMPAustroponera_Australasian01_pachynoda	1	FALSE	Australasian
Austroponera	TACTTMPAustroponera_Australasian02	Austroponera_castanea	TACTTMPAustroponera_Australasian02_castanea	2	FALSE	Australasian
Austroponera	TACTTMPAustroponera_Australasian03	Austroponera_rufonigra	TACTTMPAustroponera_Australasian03_rufonigra	3	FALSE	Australasian
Axinidris	TACTTMPAxinidris_Afrotropical01	Axinidris_murielae	TACTTMPAxinidris_Afrotropical01_murielae	1	FALSE	Afrotropical
Axinidris	TACTTMPAxinidris_Afrotropical02	Axinidris_mlalu	TACTTMPAxinidris_Afrotropical02_mlalu	2	FALSE	Afrotropical
Azteca	TACTTMPAzteca_Neotropical01	Azteca_pittieri	TACTTMPAzteca_Neotropical01_pittieri	1	FALSE	Neotropical
Azteca	TACTTMPAzteca_Neotropical02	Azteca_oecocordia	TACTTMPAzteca_Neotropical02_oecocordia	2	FALSE	Neotropical
Azteca	TACTTMPAzteca_Neotropical03	Azteca_beltii	TACTTMPAzteca_Neotropical03_beltii	3	FALSE	Neotropical
Azteca	TACTTMPAzteca_Neotropical04	Azteca_schimperi	TACTTMPAzteca_Neotropical04_schimperi	4	FALSE	Neotropical
Azteca	TACTTMPAzteca_Neotropical05	Azteca_ovaticeps	TACTTMPAzteca_Neotropical05_ovaticeps	5	FALSE	Neotropical
Azteca	TACTTMPAzteca_Neotropical06	Azteca_instabilis	TACTTMPAzteca_Neotropical06_instabilis	6	FALSE	Neotropical
Azteca	TACTTMPAzteca_Neotropical07	Azteca_quadraticeps	TACTTMPAzteca_Neotropical07_quadraticeps	7	FALSE	Neotropical
Bajcaridris	TACTTMPBajcaridris_Palearctic01	Bajcaridris_theryi	TACTTMPBajcaridris_Palearctic01_theryi	1	FALSE	Palearctic
Baracidris	TACTTMPBaracidris_Afrotropical01	Baracidris_sitra	TACTTMPBaracidris_Afrotropical01_sitra	1	FALSE	Afrotropical
Basiceros	TACTTMPBasiceros_Neotropical01	Basiceros_singularis	TACTTMPBasiceros_Neotropical01_singularis	1	FALSE	Neotropical
Basiceros	TACTTMPBasiceros_Neotropical02	Basiceros_manni	TACTTMPBasiceros_Neotropical02_manni	2	FALSE	Neotropical
Basiceros	TACTTMPBasiceros_Neotropical03	Basiceros_convexiceps	TACTTMPBasiceros_Neotropical03_convexiceps	3	FALSE	Neotropical
Basiceros	TACTTMPBasiceros_Neotropical04	Basiceros_militaris	TACTTMPBasiceros_Neotropical04_militaris	4	FALSE	Neotropical
Basiceros	TACTTMPBasiceros_Neotropical05	Basiceros_disciger	TACTTMPBasiceros_Neotropical05_disciger	5	FALSE	Neotropical
Basiceros	TACTTMPBasiceros_Neotropical06	Basiceros_conjugans	TACTTMPBasiceros_Neotropical06_conjugans	6	FALSE	Neotropical
Basiceros	TACTTMPBasiceros_Neotropical07	Basiceros_scambognathus	TACTTMPBasiceros_Neotropical07_scambognathus	7	FALSE	Neotropical
Blepharidatta	TACTTMPBlepharidatta_Neotropical01	Blepharidatta_conops	TACTTMPBlepharidatta_Neotropical01_conops	1	FALSE	Neotropical
Blepharidatta	TACTTMPBlepharidatta_Neotropical02	Blepharidatta_brasiliensis	TACTTMPBlepharidatta_Neotropical02_brasiliensis	2	FALSE	Neotropical
Boloponera	TACTTMPBoloponera_Afrotropical01	Boloponera_ikemkha	TACTTMPBoloponera_Afrotropical01_ikemkha	1	FALSE	Afrotropical
Boltonopone	TACTTMPBoltonopone_Afrotropical01	Boltonopone_ilgii	TACTTMPBoltonopone_Afrotropical01_ilgii	1	FALSE	Afrotropical
Boltonopone	TACTTMPBoltonopone_Afrotropical02	Boltonopone_crassa	TACTTMPBoltonopone_Afrotropical02_crassa	2	FALSE	Afrotropical
Boltonopone	TACTTMPBoltonopone_Afrotropical03	Boltonopone_soror	TACTTMPBoltonopone_Afrotropical03_soror	3	FALSE	Afrotropical
Boltonopone	TACTTMPBoltonopone_Afrotropical04	Boltonopone_kruegeri	TACTTMPBoltonopone_Afrotropical04_kruegeri	4	FALSE	Afrotropical
Boltonopone	TACTTMPBoltonopone_Afrotropical05	Boltonopone_silvestrii	TACTTMPBoltonopone_Afrotropical05_silvestrii	5	FALSE	Afrotropical
Bondroitia	TACTTMPBondroitia_Unknown01	Bondroitia_sp	TACTTMPBondroitia_Unknown01_sp	1	FALSE	Unknown
Bothriomyrmex	TACTTMPBothriomyrmex_Palearctic01	Bothriomyrmex_saundersi	TACTTMPBothriomyrmex_Palearctic01_saundersi	1	FALSE	Palearctic
Bothriomyrmex	TACTTMPBothriomyrmex_Palearctic02	Bothriomyrmex_meridionalis	TACTTMPBothriomyrmex_Palearctic02_meridionalis	2	FALSE	Palearctic
Bothriomyrmex	TACTTMPBothriomyrmex_Neotropical03	Bothriomyrmex_paradoxus	TACTTMPBothriomyrmex_Neotropical03_paradoxus	3	FALSE	Neotropical
Bothroponera	TACTTMPBothroponera_Afrotropical01	Bothroponera_granosa	TACTTMPBothroponera_Afrotropical01_granosa	1	FALSE	Afrotropical
Bothroponera	TACTTMPBothroponera_Afrotropical02	Bothroponera_cavernosa	TACTTMPBothroponera_Afrotropical02_cavernosa	2	FALSE	Afrotropical
Bothroponera	TACTTMPBothroponera_Afrotropical03	Bothroponera_strigulosa	TACTTMPBothroponera_Afrotropical03_strigulosa	3	FALSE	Afrotropical
Bothroponera	TACTTMPBothroponera_Afrotropical04	Bothroponera_pumicosa	TACTTMPBothroponera_Afrotropical04_pumicosa	4	FALSE	Afrotropical
Bothroponera	TACTTMPBothroponera_Afrotropical05	Bothroponera_berthoudi	TACTTMPBothroponera_Afrotropical05_berthoudi	5	FALSE	Afrotropical
Bothroponera	TACTTMPBothroponera_Afrotropical06	Bothroponera_masoala	TACTTMPBothroponera_Afrotropical06_masoala	6	FALSE	Afrotropical
Bothroponera	TACTTMPBothroponera_Afrotropical07	Bothroponera_cambouei	TACTTMPBothroponera_Afrotropical07_cambouei	7	FALSE	Afrotropical
Bothroponera	TACTTMPBothroponera_Afrotropical08	Bothroponera_planicornis	TACTTMPBothroponera_Afrotropical08_planicornis	8	FALSE	Afrotropical
Bothroponera	TACTTMPBothroponera_Afrotropical09	Bothroponera_wasmannii	TACTTMPBothroponera_Afrotropical09_wasmannii	9	FALSE	Afrotropical
Bothroponera	TACTTMPBothroponera_Afrotropical10	Bothroponera_vazimba	TACTTMPBothroponera_Afrotropical10_vazimba	10	FALSE	Afrotropical
Bothroponera	TACTTMPBothroponera_Afrotropical11	Bothroponera_tavaratra	TACTTMPBothroponera_Afrotropical11_tavaratra	11	FALSE	Afrotropical
Bothroponera	TACTTMPBothroponera_Afrotropical12	Bothroponera_comorensis	TACTTMPBothroponera_Afrotropical12_comorensis	12	FALSE	Afrotropical
Bothroponera	TACTTMPBothroponera_Afrotropical13	Bothroponera_perroti	TACTTMPBothroponera_Afrotropical13_perroti	13	FALSE	Afrotropical
Bothroponera	TACTTMPBothroponera_Afrotropical14	Bothroponera_talpa	TACTTMPBothroponera_Afrotropical14_talpa	14	FALSE	Afrotropical
Bothroponera	TACTTMPBothroponera_Afrotropical15	Bothroponera_pachyderma	TACTTMPBothroponera_Afrotropical15_pachyderma	15	FALSE	Afrotropical
Bothroponera	TACTTMPBothroponera_Afrotropical16	Bothroponera_sculpturata	TACTTMPBothroponera_Afrotropical16_sculpturata	16	FALSE	Afrotropical
Bothroponera	TACTTMPBothroponera_Afrotropical17	Bothroponera_fugax	TACTTMPBothroponera_Afrotropical17_fugax	17	FALSE	Afrotropical
Brachymyrmex	TACTTMPBrachymyrmex_Neotropical01	Brachymyrmex_nebulosus	TACTTMPBrachymyrmex_Neotropical01_nebulosus	1	FALSE	Neotropical
Brachymyrmex	TACTTMPBrachymyrmex_Nearctic02	Brachymyrmex_depilis	TACTTMPBrachymyrmex_Nearctic02_depilis	2	FALSE	Nearctic
Brachymyrmex	TACTTMPBrachymyrmex_Neotropical03	Brachymyrmex_pilipes	TACTTMPBrachymyrmex_Neotropical03_pilipes	3	FALSE	Neotropical
Brachymyrmex	TACTTMPBrachymyrmex_Neotropical04	Brachymyrmex_admotus	TACTTMPBrachymyrmex_Neotropical04_admotus	4	FALSE	Neotropical
Brachymyrmex	TACTTMPBrachymyrmex_Neotropical05	Brachymyrmex_aphidicola	TACTTMPBrachymyrmex_Neotropical05_aphidicola	5	FALSE	Neotropical
Brachymyrmex	TACTTMPBrachymyrmex_Neotropical06	Brachymyrmex_heeri	TACTTMPBrachymyrmex_Neotropical06_heeri	6	FALSE	Neotropical
Brachyponera	TACTTMPBrachyponera_Palearctic01	Brachyponera_chinensis	TACTTMPBrachyponera_Palearctic01_chinensis	1	FALSE	Palearctic
Brachyponera	TACTTMPBrachyponera_Indomalayan02	Brachyponera_atrata	TACTTMPBrachyponera_Indomalayan02_atrata	2	FALSE	Indomalayan
Brachyponera	TACTTMPBrachyponera_Indomalayan03	Brachyponera_nigrita	TACTTMPBrachyponera_Indomalayan03_nigrita	3	FALSE	Indomalayan
Brachyponera	TACTTMPBrachyponera_Indomalayan04	Brachyponera_pilidorsalis	TACTTMPBrachyponera_Indomalayan04_pilidorsalis	4	FALSE	Indomalayan
Brachyponera	TACTTMPBrachyponera_Indomalayan05	Brachyponera_obscurans	TACTTMPBrachyponera_Indomalayan05_obscurans	5	FALSE	Indomalayan
Brachyponera	TACTTMPBrachyponera_Indomalayan06	Brachyponera_christmasi	TACTTMPBrachyponera_Indomalayan06_christmasi	6	FALSE	Indomalayan
Brachyponera	TACTTMPBrachyponera_Afrotropical07	Brachyponera_sennaarensis	TACTTMPBrachyponera_Afrotropical07_sennaarensis	7	FALSE	Afrotropical
Brachyponera	TACTTMPBrachyponera_Australasian08	Brachyponera_lutea	TACTTMPBrachyponera_Australasian08_lutea	8	FALSE	Australasian
Bregmatomyrma	TACTTMPBregmatomyrma_Unknown01	Bregmatomyrma_sp	TACTTMPBregmatomyrma_Unknown01_sp	1	FALSE	Unknown
Calomyrmex	TACTTMPCalomyrmex_Australasian01	Calomyrmex_similis	TACTTMPCalomyrmex_Australasian01_similis	1	FALSE	Australasian
Calomyrmex	TACTTMPCalomyrmex_Australasian02	Calomyrmex_albopilosus	TACTTMPCalomyrmex_Australasian02_albopilosus	2	FALSE	Australasian
Calomyrmex	TACTTMPCalomyrmex_Australasian03	Calomyrmex_purpureus	TACTTMPCalomyrmex_Australasian03_purpureus	3	FALSE	Australasian
Calomyrmex	TACTTMPCalomyrmex_Australasian04	Calomyrmex_albertisi	TACTTMPCalomyrmex_Australasian04_albertisi	4	FALSE	Australasian
Calomyrmex	TACTTMPCalomyrmex_Indomalayan05	Calomyrmex_laevissimus	TACTTMPCalomyrmex_Indomalayan05_laevissimus	5	FALSE	Indomalayan
Calyptomyrmex	TACTTMPCalyptomyrmex_Afrotropical01	Calyptomyrmex_kaurus	TACTTMPCalyptomyrmex_Afrotropical01_kaurus	1	FALSE	Afrotropical
Calyptomyrmex	TACTTMPCalyptomyrmex_Australasian02	Calyptomyrmex_beccarii	TACTTMPCalyptomyrmex_Australasian02_beccarii	2	FALSE	Australasian
Camponotus	TACTTMPCamponotus_Afrotropical01	Camponotus_maculiventris	TACTTMPCamponotus_Afrotropical01_maculiventris	1	FALSE	Afrotropical
Camponotus	TACTTMPCamponotus_Afrotropical02	Camponotus_dromedarius	TACTTMPCamponotus_Afrotropical02_dromedarius	2	FALSE	Afrotropical
Camponotus	TACTTMPCamponotus_Afrotropical03	Camponotus_foersteri	TACTTMPCamponotus_Afrotropical03_foersteri	3	FALSE	Afrotropical
Camponotus	TACTTMPCamponotus_Afrotropical04	Camponotus_christi	TACTTMPCamponotus_Afrotropical04_christi	4	FALSE	Afrotropical
Camponotus	TACTTMPCamponotus_Afrotropical05	Camponotus_pulcher	TACTTMPCamponotus_Afrotropical05_pulcher	5	FALSE	Afrotropical
Camponotus	TACTTMPCamponotus_Afrotropical06	Camponotus_lamosy	TACTTMPCamponotus_Afrotropical06_lamosy	6	FALSE	Afrotropical
Camponotus	TACTTMPCamponotus_Afrotropical07	Camponotus_mainty	TACTTMPCamponotus_Afrotropical07_mainty	7	FALSE	Afrotropical
Camponotus	TACTTMPCamponotus_Afrotropical08	Camponotus_mocquerysi	TACTTMPCamponotus_Afrotropical08_mocquerysi	8	FALSE	Afrotropical
Camponotus	TACTTMPCamponotus_Afrotropical09	Camponotus_heteroclitus	TACTTMPCamponotus_Afrotropical09_heteroclitus	9	FALSE	Afrotropical
Camponotus	TACTTMPCamponotus_Afrotropical10	Camponotus_nasicus	TACTTMPCamponotus_Afrotropical10_nasicus	10	FALSE	Afrotropical
Camponotus	TACTTMPCamponotus_Afrotropical11	Camponotus_hildebrandti	TACTTMPCamponotus_Afrotropical11_hildebrandti	11	FALSE	Afrotropical
Camponotus	TACTTMPCamponotus_Afrotropical12	Camponotus_butteli	TACTTMPCamponotus_Afrotropical12_butteli	12	FALSE	Afrotropical
Camponotus	TACTTMPCamponotus_Afrotropical13	Camponotus_brookei	TACTTMPCamponotus_Afrotropical13_brookei	13	FALSE	Afrotropical
Camponotus	TACTTMPCamponotus_Afrotropical14	Camponotus_aberrans	TACTTMPCamponotus_Afrotropical14_aberrans	14	FALSE	Afrotropical
Camponotus	TACTTMPCamponotus_Afrotropical15	Camponotus_rotundinodis	TACTTMPCamponotus_Afrotropical15_rotundinodis	15	FALSE	Afrotropical
Camponotus	TACTTMPCamponotus_Afrotropical16	Camponotus_polyrhachioides	TACTTMPCamponotus_Afrotropical16_polyrhachioides	16	FALSE	Afrotropical
Camponotus	TACTTMPCamponotus_Afrotropical17	Camponotus_buchneri	TACTTMPCamponotus_Afrotropical17_buchneri	17	FALSE	Afrotropical
Camponotus	TACTTMPCamponotus_Afrotropical18	Camponotus_sericeus	TACTTMPCamponotus_Afrotropical18_sericeus	18	FALSE	Afrotropical
Camponotus	TACTTMPCamponotus_Afrotropical19	Camponotus_cuneiscapus	TACTTMPCamponotus_Afrotropical19_cuneiscapus	19	FALSE	Afrotropical
Camponotus	TACTTMPCamponotus_Afrotropical20	Camponotus_radovae	TACTTMPCamponotus_Afrotropical20_radovae	20	FALSE	Afrotropical
Camponotus	TACTTMPCamponotus_Afrotropical21	Camponotus_putatus	TACTTMPCamponotus_Afrotropical21_putatus	21	FALSE	Afrotropical
Camponotus	TACTTMPCamponotus_Afrotropical22	Camponotus_concolor	TACTTMPCamponotus_Afrotropical22_concolor	22	FALSE	Afrotropical
Camponotus	TACTTMPCamponotus_Afrotropical23	Camponotus_longicollis	TACTTMPCamponotus_Afrotropical23_longicollis	23	FALSE	Afrotropical
Camponotus	TACTTMPCamponotus_Afrotropical24	Camponotus_karaha	TACTTMPCamponotus_Afrotropical24_karaha	24	FALSE	Afrotropical
Camponotus	TACTTMPCamponotus_Afrotropical25	Camponotus_jodina	TACTTMPCamponotus_Afrotropical25_jodina	25	FALSE	Afrotropical
Camponotus	TACTTMPCamponotus_Afrotropical26	Camponotus_batesii	TACTTMPCamponotus_Afrotropical26_batesii	26	FALSE	Afrotropical
Camponotus	TACTTMPCamponotus_Afrotropical27	Camponotus_manabo	TACTTMPCamponotus_Afrotropical27_manabo	27	FALSE	Afrotropical
Camponotus	TACTTMPCamponotus_Afrotropical28	Camponotus_sada	TACTTMPCamponotus_Afrotropical28_sada	28	FALSE	Afrotropical
Camponotus	TACTTMPCamponotus_Afrotropical29	Camponotus_raina	TACTTMPCamponotus_Afrotropical29_raina	29	FALSE	Afrotropical
Camponotus	TACTTMPCamponotus_Afrotropical30	Camponotus_tanosy	TACTTMPCamponotus_Afrotropical30_tanosy	30	FALSE	Afrotropical
Camponotus	TACTTMPCamponotus_Afrotropical31	Camponotus_reaumuri	TACTTMPCamponotus_Afrotropical31_reaumuri	31	FALSE	Afrotropical
Camponotus	TACTTMPCamponotus_Australasian32	Camponotus_setosus	TACTTMPCamponotus_Australasian32_setosus	32	FALSE	Australasian
Camponotus	TACTTMPCamponotus_Afrotropical33	Camponotus_strangulatus	TACTTMPCamponotus_Afrotropical33_strangulatus	33	FALSE	Afrotropical
Camponotus	TACTTMPCamponotus_Afrotropical34	Camponotus_lubbocki	TACTTMPCamponotus_Afrotropical34_lubbocki	34	FALSE	Afrotropical
Camponotus	TACTTMPCamponotus_Afrotropical35	Camponotus_madagascarensis	TACTTMPCamponotus_Afrotropical35_madagascarensis	35	FALSE	Afrotropical
Camponotus	TACTTMPCamponotus_Afrotropical36	Camponotus_efitra	TACTTMPCamponotus_Afrotropical36_efitra	36	FALSE	Afrotropical
Camponotus	TACTTMPCamponotus_Afrotropical37	Camponotus_mita	TACTTMPCamponotus_Afrotropical37_mita	37	FALSE	Afrotropical
Camponotus	TACTTMPCamponotus_Afrotropical38	Camponotus_descarpentriesi	TACTTMPCamponotus_Afrotropical38_descarpentriesi	38	FALSE	Afrotropical
Camponotus	TACTTMPCamponotus_Afrotropical39	Camponotus_maintikibo	TACTTMPCamponotus_Afrotropical39_maintikibo	39	FALSE	Afrotropical
Camponotus	TACTTMPCamponotus_Afrotropical40	Camponotus_ursus	TACTTMPCamponotus_Afrotropical40_ursus	40	FALSE	Afrotropical
Camponotus	TACTTMPCamponotus_Afrotropical41	Camponotus_zavo	TACTTMPCamponotus_Afrotropical41_zavo	41	FALSE	Afrotropical
Camponotus	TACTTMPCamponotus_Afrotropical42	Camponotus_tratra	TACTTMPCamponotus_Afrotropical42_tratra	42	FALSE	Afrotropical
Camponotus	TACTTMPCamponotus_Afrotropical43	Camponotus_matsilo	TACTTMPCamponotus_Afrotropical43_matsilo	43	FALSE	Afrotropical
Camponotus	TACTTMPCamponotus_Indomalayan44	Camponotus_philippinensis	TACTTMPCamponotus_Indomalayan44_philippinensis	44	FALSE	Indomalayan
Camponotus	TACTTMPCamponotus_Indomalayan45	Camponotus_bedoti	TACTTMPCamponotus_Indomalayan45_bedoti	45	FALSE	Indomalayan
Camponotus	TACTTMPCamponotus_Afrotropical46	Camponotus_thomasseti	TACTTMPCamponotus_Afrotropical46_thomasseti	46	FALSE	Afrotropical
Camponotus	TACTTMPCamponotus_Australasian47	Camponotus_mackayensis	TACTTMPCamponotus_Australasian47_mackayensis	47	FALSE	Australasian
Camponotus	TACTTMPCamponotus_Indomalayan48	Camponotus_ephippiatus	TACTTMPCamponotus_Indomalayan48_ephippiatus	48	FALSE	Indomalayan
Camponotus	TACTTMPCamponotus_Indomalayan49	Camponotus_adustus	TACTTMPCamponotus_Indomalayan49_adustus	49	FALSE	Indomalayan
Camponotus	TACTTMPCamponotus_Indomalayan50	Camponotus_kutteri	TACTTMPCamponotus_Indomalayan50_kutteri	50	FALSE	Indomalayan
Camponotus	TACTTMPCamponotus_Australasian51	Camponotus_posteropilus	TACTTMPCamponotus_Australasian51_posteropilus	51	FALSE	Australasian
Camponotus	TACTTMPCamponotus_Nearctic52	Camponotus_pennsylvanicus	TACTTMPCamponotus_Nearctic52_pennsylvanicus	52	FALSE	Nearctic
Camponotus	TACTTMPCamponotus_Nearctic53	Camponotus_modoc	TACTTMPCamponotus_Nearctic53_modoc	53	FALSE	Nearctic
Camponotus	TACTTMPCamponotus_Palearctic54	Camponotus_obscuripes	TACTTMPCamponotus_Palearctic54_obscuripes	54	FALSE	Palearctic
Camponotus	TACTTMPCamponotus_Palearctic55	Camponotus_herculeanus	TACTTMPCamponotus_Palearctic55_herculeanus	55	FALSE	Palearctic
Camponotus	TACTTMPCamponotus_Nearctic56	Camponotus_laevissimus	TACTTMPCamponotus_Nearctic56_laevissimus	56	FALSE	Nearctic
Camponotus	TACTTMPCamponotus_Nearctic57	Camponotus_laevigatus	TACTTMPCamponotus_Nearctic57_laevigatus	57	FALSE	Nearctic
Camponotus	TACTTMPCamponotus_Nearctic58	Camponotus_castaneus	TACTTMPCamponotus_Nearctic58_castaneus	58	FALSE	Nearctic
Camponotus	TACTTMPCamponotus_Nearctic59	Camponotus_americanus	TACTTMPCamponotus_Nearctic59_americanus	59	FALSE	Nearctic
Camponotus	TACTTMPCamponotus_Nearctic60	Camponotus_maritimus	TACTTMPCamponotus_Nearctic60_maritimus	60	FALSE	Nearctic
Camponotus	TACTTMPCamponotus_Nearctic61	Camponotus_vicinus	TACTTMPCamponotus_Nearctic61_vicinus	61	FALSE	Nearctic
Camponotus	TACTTMPCamponotus_Nearctic62	Camponotus_semitestaceus	TACTTMPCamponotus_Nearctic62_semitestaceus	62	FALSE	Nearctic
Camponotus	TACTTMPCamponotus_Neotropical63	Camponotus_yogi	TACTTMPCamponotus_Neotropical63_yogi	63	FALSE	Neotropical
Camponotus	TACTTMPCamponotus_Nearctic64	Camponotus_clarithorax	TACTTMPCamponotus_Nearctic64_clarithorax	64	FALSE	Nearctic
Camponotus	TACTTMPCamponotus_Nearctic65	Camponotus_ocreatus	TACTTMPCamponotus_Nearctic65_ocreatus	65	FALSE	Nearctic
Camponotus	TACTTMPCamponotus_Nearctic66	Camponotus_hyatti	TACTTMPCamponotus_Nearctic66_hyatti	66	FALSE	Nearctic
Camponotus	TACTTMPCamponotus_Palearctic67	Camponotus_fallax	TACTTMPCamponotus_Palearctic67_fallax	67	FALSE	Palearctic
Camponotus	TACTTMPCamponotus_Palearctic68	Camponotus_quadrinotatus	TACTTMPCamponotus_Palearctic68_quadrinotatus	68	FALSE	Palearctic
Camponotus	TACTTMPCamponotus_Nearctic69	Camponotus_nearcticus	TACTTMPCamponotus_Nearctic69_nearcticus	69	FALSE	Nearctic
Camponotus	TACTTMPCamponotus_Nearctic70	Camponotus_texanus	TACTTMPCamponotus_Nearctic70_texanus	70	FALSE	Nearctic
Camponotus	TACTTMPCamponotus_Palearctic71	Camponotus_kiusiuensis	TACTTMPCamponotus_Palearctic71_kiusiuensis	71	FALSE	Palearctic
Camponotus	TACTTMPCamponotus_Palearctic72	Camponotus_semirufus	TACTTMPCamponotus_Palearctic72_semirufus	72	FALSE	Palearctic
Camponotus	TACTTMPCamponotus_Palearctic73	Camponotus_lateralis	TACTTMPCamponotus_Palearctic73_lateralis	73	FALSE	Palearctic
Camponotus	TACTTMPCamponotus_Palearctic74	Camponotus_aegaeus	TACTTMPCamponotus_Palearctic74_aegaeus	74	FALSE	Palearctic
Camponotus	TACTTMPCamponotus_Neotropical75	Camponotus_thysanopus	TACTTMPCamponotus_Neotropical75_thysanopus	75	FALSE	Neotropical
Camponotus	TACTTMPCamponotus_Neotropical76	Camponotus_christophei	TACTTMPCamponotus_Neotropical76_christophei	76	FALSE	Neotropical
Camponotus	TACTTMPCamponotus_Neotropical77	Camponotus_macromischoides	TACTTMPCamponotus_Neotropical77_macromischoides	77	FALSE	Neotropical
Camponotus	TACTTMPCamponotus_Indomalayan78	Camponotus_nicobarensis	TACTTMPCamponotus_Indomalayan78_nicobarensis	78	FALSE	Indomalayan
Camponotus	TACTTMPCamponotus_Australasian79	Camponotus_humilior	TACTTMPCamponotus_Australasian79_humilior	79	FALSE	Australasian
Camponotus	TACTTMPCamponotus_Palearctic80	Camponotus_fellah	TACTTMPCamponotus_Palearctic80_fellah	80	FALSE	Palearctic
Camponotus	TACTTMPCamponotus_Indomalayan81	Camponotus_compressus	TACTTMPCamponotus_Indomalayan81_compressus	81	FALSE	Indomalayan
Camponotus	TACTTMPCamponotus_Australasian82	Camponotus_novaehollandiae	TACTTMPCamponotus_Australasian82_novaehollandiae	82	FALSE	Australasian
Camponotus	TACTTMPCamponotus_Australasian83	Camponotus_crozieri	TACTTMPCamponotus_Australasian83_crozieri	83	FALSE	Australasian
Camponotus	TACTTMPCamponotus_Australasian84	Camponotus_fieldeae	TACTTMPCamponotus_Australasian84_fieldeae	84	FALSE	Australasian
Camponotus	TACTTMPCamponotus_Oceanian85	Camponotus_eperiamorum	TACTTMPCamponotus_Oceanian85_eperiamorum	85	FALSE	Oceanian
Camponotus	TACTTMPCamponotus_Palearctic86	Camponotus_hesperius	TACTTMPCamponotus_Palearctic86_hesperius	86	FALSE	Palearctic
Camponotus	TACTTMPCamponotus_Palearctic87	Camponotus_baldaccii	TACTTMPCamponotus_Palearctic87_baldaccii	87	FALSE	Palearctic
Camponotus	TACTTMPCamponotus_Afrotropical88	Camponotus_crawleyi	TACTTMPCamponotus_Afrotropical88_crawleyi	88	FALSE	Afrotropical
Camponotus	TACTTMPCamponotus_Palearctic89	Camponotus_sylvaticus	TACTTMPCamponotus_Palearctic89_sylvaticus	89	FALSE	Palearctic
Camponotus	TACTTMPCamponotus_Palearctic90	Camponotus_laconicus	TACTTMPCamponotus_Palearctic90_laconicus	90	FALSE	Palearctic
Camponotus	TACTTMPCamponotus_Afrotropical91	Camponotus_imitator	TACTTMPCamponotus_Afrotropical91_imitator	91	FALSE	Afrotropical
Camponotus	TACTTMPCamponotus_Afrotropical92	Camponotus_hova	TACTTMPCamponotus_Afrotropical92_hova	92	FALSE	Afrotropical
Camponotus	TACTTMPCamponotus_Afrotropical93	Camponotus_gouldi	TACTTMPCamponotus_Afrotropical93_gouldi	93	FALSE	Afrotropical
Camponotus	TACTTMPCamponotus_Afrotropical94	Camponotus_roeseli	TACTTMPCamponotus_Afrotropical94_roeseli	94	FALSE	Afrotropical
Camponotus	TACTTMPCamponotus_Neotropical95	Camponotus_claviscapus	TACTTMPCamponotus_Neotropical95_claviscapus	95	FALSE	Neotropical
Camponotus	TACTTMPCamponotus_Afrotropical96	Camponotus_hagensii	TACTTMPCamponotus_Afrotropical96_hagensii	96	FALSE	Afrotropical
Camponotus	TACTTMPCamponotus_Afrotropical97	Camponotus_quadrimaculatus	TACTTMPCamponotus_Afrotropical97_quadrimaculatus	97	FALSE	Afrotropical
Camponotus	TACTTMPCamponotus_Afrotropical98	Camponotus_dufouri	TACTTMPCamponotus_Afrotropical98_dufouri	98	FALSE	Afrotropical
Camponotus	TACTTMPCamponotus_Unknown99	Camponotus_maculatus	TACTTMPCamponotus_Unknown99_maculatus	99	FALSE	Unknown
Camponotus	TACTTMPCamponotus_Australasian100	Camponotus_loweryi	TACTTMPCamponotus_Australasian100_loweryi	100	FALSE	Australasian
Camponotus	TACTTMPCamponotus_Afrotropical101	Camponotus_ethicus	TACTTMPCamponotus_Afrotropical101_ethicus	101	FALSE	Afrotropical
Camponotus	TACTTMPCamponotus_Neotropical102	Camponotus_punctulatus	TACTTMPCamponotus_Neotropical102_punctulatus	102	FALSE	Neotropical
Camponotus	TACTTMPCamponotus_Neotropical103	Camponotus_novogranadensis	TACTTMPCamponotus_Neotropical103_novogranadensis	103	FALSE	Neotropical
Camponotus	TACTTMPCamponotus_Neotropical104	Camponotus_pellitus	TACTTMPCamponotus_Neotropical104_pellitus	104	FALSE	Neotropical
Camponotus	TACTTMPCamponotus_Neotropical105	Camponotus_integellus	TACTTMPCamponotus_Neotropical105_integellus	105	FALSE	Neotropical
Camponotus	TACTTMPCamponotus_Neotropical106	Camponotus_heathi	TACTTMPCamponotus_Neotropical106_heathi	106	FALSE	Neotropical
Camponotus	TACTTMPCamponotus_Neotropical107	Camponotus_albicoxis	TACTTMPCamponotus_Neotropical107_albicoxis	107	FALSE	Neotropical
Camponotus	TACTTMPCamponotus_Neotropical108	Camponotus_sericeiventris	TACTTMPCamponotus_Neotropical108_sericeiventris	108	FALSE	Neotropical
Camponotus	TACTTMPCamponotus_Neotropical109	Camponotus_sanctaefidei	TACTTMPCamponotus_Neotropical109_sanctaefidei	109	FALSE	Neotropical
Camponotus	TACTTMPCamponotus_Neotropical110	Camponotus_bidens	TACTTMPCamponotus_Neotropical110_bidens	110	FALSE	Neotropical
Camponotus	TACTTMPCamponotus_Neotropical111	Camponotus_linnaei	TACTTMPCamponotus_Neotropical111_linnaei	111	FALSE	Neotropical
Camponotus	TACTTMPCamponotus_Neotropical112	Camponotus_auricomus	TACTTMPCamponotus_Neotropical112_auricomus	112	FALSE	Neotropical
Camponotus	TACTTMPCamponotus_Neotropical113	Camponotus_crassus	TACTTMPCamponotus_Neotropical113_crassus	113	FALSE	Neotropical
Camponotus	TACTTMPCamponotus_Neotropical114	Camponotus_arboreus	TACTTMPCamponotus_Neotropical114_arboreus	114	FALSE	Neotropical
Camponotus	TACTTMPCamponotus_Neotropical115	Camponotus_latangulus	TACTTMPCamponotus_Neotropical115_latangulus	115	FALSE	Neotropical
Camponotus	TACTTMPCamponotus_Neotropical116	Camponotus_planatus	TACTTMPCamponotus_Neotropical116_planatus	116	FALSE	Neotropical
Camponotus	TACTTMPCamponotus_Neotropical117	Camponotus_rectangularis	TACTTMPCamponotus_Neotropical117_rectangularis	117	FALSE	Neotropical
Camponotus	TACTTMPCamponotus_Neotropical118	Camponotus_striatus	TACTTMPCamponotus_Neotropical118_striatus	118	FALSE	Neotropical
Camponotus	TACTTMPCamponotus_Neotropical119	Camponotus_constructor	TACTTMPCamponotus_Neotropical119_constructor	119	FALSE	Neotropical
Camponotus	TACTTMPCamponotus_Nearctic120	Camponotus_inaequalis	TACTTMPCamponotus_Nearctic120_inaequalis	120	FALSE	Nearctic
Camponotus	TACTTMPCamponotus_Neotropical121	Camponotus_dimorphus	TACTTMPCamponotus_Neotropical121_dimorphus	121	FALSE	Neotropical
Camponotus	TACTTMPCamponotus_Neotropical122	Camponotus_rufipes	TACTTMPCamponotus_Neotropical122_rufipes	122	FALSE	Neotropical
Camponotus	TACTTMPCamponotus_Neotropical123	Camponotus_renggeri	TACTTMPCamponotus_Neotropical123_renggeri	123	FALSE	Neotropical
Camponotus	TACTTMPCamponotus_Neotropical124	Camponotus_femoratus	TACTTMPCamponotus_Neotropical124_femoratus	124	FALSE	Neotropical
Camponotus	TACTTMPCamponotus_Neotropical125	Camponotus_cingulatus	TACTTMPCamponotus_Neotropical125_cingulatus	125	FALSE	Neotropical
Camponotus	TACTTMPCamponotus_Neotropical126	Camponotus_ramulorum	TACTTMPCamponotus_Neotropical126_ramulorum	126	FALSE	Neotropical
Camponotus	TACTTMPCamponotus_Nearctic127	Camponotus_festinatus	TACTTMPCamponotus_Nearctic127_festinatus	127	FALSE	Nearctic
Camponotus	TACTTMPCamponotus_Neotropical128	Camponotus_sexguttatus	TACTTMPCamponotus_Neotropical128_sexguttatus	128	FALSE	Neotropical
Camponotus	TACTTMPCamponotus_Neotropical129	Camponotus_mirabilis	TACTTMPCamponotus_Neotropical129_mirabilis	129	FALSE	Neotropical
Camponotus	TACTTMPCamponotus_Neotropical130	Camponotus_chilensis	TACTTMPCamponotus_Neotropical130_chilensis	130	FALSE	Neotropical
Camponotus	TACTTMPCamponotus_Neotropical131	Camponotus_nidulans	TACTTMPCamponotus_Neotropical131_nidulans	131	FALSE	Neotropical
Camponotus	TACTTMPCamponotus_Afrotropical132	Camponotus_ellioti	TACTTMPCamponotus_Afrotropical132_ellioti	132	FALSE	Afrotropical
Camponotus	TACTTMPCamponotus_Afrotropical133	Camponotus_voeltzkowii	TACTTMPCamponotus_Afrotropical133_voeltzkowii	133	FALSE	Afrotropical
Camponotus	TACTTMPCamponotus_Afrotropical134	Camponotus_robustus	TACTTMPCamponotus_Afrotropical134_robustus	134	FALSE	Afrotropical
Camponotus	TACTTMPCamponotus_Afrotropical135	Camponotus_nossibeensis	TACTTMPCamponotus_Afrotropical135_nossibeensis	135	FALSE	Afrotropical
Camponotus	TACTTMPCamponotus_Afrotropical136	Camponotus_darwinii	TACTTMPCamponotus_Afrotropical136_darwinii	136	FALSE	Afrotropical
Camponotus	TACTTMPCamponotus_Afrotropical137	Camponotus_echinoploides	TACTTMPCamponotus_Afrotropical137_echinoploides	137	FALSE	Afrotropical
Camponotus	TACTTMPCamponotus_Afrotropical138	Camponotus_gibber	TACTTMPCamponotus_Afrotropical138_gibber	138	FALSE	Afrotropical
Camponotus	TACTTMPCamponotus_Afrotropical139	Camponotus_cervicalis	TACTTMPCamponotus_Afrotropical139_cervicalis	139	FALSE	Afrotropical
Camponotus	TACTTMPCamponotus_Afrotropical140	Camponotus_liandia	TACTTMPCamponotus_Afrotropical140_liandia	140	FALSE	Afrotropical
Camponotus	TACTTMPCamponotus_Afrotropical141	Camponotus_vestitus	TACTTMPCamponotus_Afrotropical141_vestitus	141	FALSE	Afrotropical
Camponotus	TACTTMPCamponotus_Indomalayan142	Camponotus_parius	TACTTMPCamponotus_Indomalayan142_parius	142	FALSE	Indomalayan
Camponotus	TACTTMPCamponotus_Afrotropical143	Camponotus_cosmicus	TACTTMPCamponotus_Afrotropical143_cosmicus	143	FALSE	Afrotropical
Camponotus	TACTTMPCamponotus_Afrotropical144	Camponotus_bianconii	TACTTMPCamponotus_Afrotropical144_bianconii	144	FALSE	Afrotropical
Camponotus	TACTTMPCamponotus_Afrotropical145	Camponotus_fulvopilosus	TACTTMPCamponotus_Afrotropical145_fulvopilosus	145	FALSE	Afrotropical
Camponotus	TACTTMPCamponotus_Afrotropical146	Camponotus_bayeri	TACTTMPCamponotus_Afrotropical146_bayeri	146	FALSE	Afrotropical
Camponotus	TACTTMPCamponotus_Afrotropical147	Camponotus_mifaka	TACTTMPCamponotus_Afrotropical147_mifaka	147	FALSE	Afrotropical
Camponotus	TACTTMPCamponotus_Afrotropical148	Camponotus_edmondi	TACTTMPCamponotus_Afrotropical148_edmondi	148	FALSE	Afrotropical
Camponotus	TACTTMPCamponotus_Afrotropical149	Camponotus_repens	TACTTMPCamponotus_Afrotropical149_repens	149	FALSE	Afrotropical
Camponotus	TACTTMPCamponotus_Afrotropical150	Camponotus_andrianjaka	TACTTMPCamponotus_Afrotropical150_andrianjaka	150	FALSE	Afrotropical
Camponotus	TACTTMPCamponotus_Afrotropical151	Camponotus_alamaina	TACTTMPCamponotus_Afrotropical151_alamaina	151	FALSE	Afrotropical
Camponotus	TACTTMPCamponotus_Afrotropical152	Camponotus_dicksoni	TACTTMPCamponotus_Afrotropical152_dicksoni	152	FALSE	Afrotropical
Camponotus	TACTTMPCamponotus_Indomalayan153	Camponotus_carin	TACTTMPCamponotus_Indomalayan153_carin	153	FALSE	Indomalayan
Camponotus	TACTTMPCamponotus_Indomalayan154	Camponotus_mutilarius	TACTTMPCamponotus_Indomalayan154_mutilarius	154	FALSE	Indomalayan
Camponotus	TACTTMPCamponotus_Indomalayan155	Camponotus_camelinus	TACTTMPCamponotus_Indomalayan155_camelinus	155	FALSE	Indomalayan
Camponotus	TACTTMPCamponotus_Afrotropical156	Camponotus_grandidieri	TACTTMPCamponotus_Afrotropical156_grandidieri	156	FALSE	Afrotropical
Camponotus	TACTTMPCamponotus_Afrotropical157	Camponotus_auropubens	TACTTMPCamponotus_Afrotropical157_auropubens	157	FALSE	Afrotropical
Camponotus	TACTTMPCamponotus_Australasian158	Camponotus_whitei	TACTTMPCamponotus_Australasian158_whitei	158	FALSE	Australasian
Camponotus	TACTTMPCamponotus_Afrotropical159	Camponotus_aurosus	TACTTMPCamponotus_Afrotropical159_aurosus	159	FALSE	Afrotropical
Camponotus	TACTTMPCamponotus_Australasian160	Camponotus_densopilus	TACTTMPCamponotus_Australasian160_densopilus	160	FALSE	Australasian
Camponotus	TACTTMPCamponotus_Indomalayan161	Camponotus_rufifemur	TACTTMPCamponotus_Indomalayan161_rufifemur	161	FALSE	Indomalayan
Camponotus	TACTTMPCamponotus_Australasian162	Camponotus_festinus	TACTTMPCamponotus_Australasian162_festinus	162	FALSE	Australasian
Camponotus	TACTTMPCamponotus_Indomalayan163	Camponotus_dorycus	TACTTMPCamponotus_Indomalayan163_dorycus	163	FALSE	Indomalayan
Camponotus	TACTTMPCamponotus_Australasian164	Camponotus_megalonyx	TACTTMPCamponotus_Australasian164_megalonyx	164	FALSE	Australasian
Camponotus	TACTTMPCamponotus_Palearctic165	Camponotus_turkestanus	TACTTMPCamponotus_Palearctic165_turkestanus	165	FALSE	Palearctic
Camponotus	TACTTMPCamponotus_Australasian166	Camponotus_prostans	TACTTMPCamponotus_Australasian166_prostans	166	FALSE	Australasian
Camponotus	TACTTMPCamponotus_Australasian167	Camponotus_nigriceps	TACTTMPCamponotus_Australasian167_nigriceps	167	FALSE	Australasian
Camponotus	TACTTMPCamponotus_Australasian168	Camponotus_consobrinus	TACTTMPCamponotus_Australasian168_consobrinus	168	FALSE	Australasian
Camponotus	TACTTMPCamponotus_Australasian169	Camponotus_inverallensis	TACTTMPCamponotus_Australasian169_inverallensis	169	FALSE	Australasian
Camponotus	TACTTMPCamponotus_Australasian170	Camponotus_gibbinotus	TACTTMPCamponotus_Australasian170_gibbinotus	170	FALSE	Australasian
Camponotus	TACTTMPCamponotus_Australasian171	Camponotus_claripes	TACTTMPCamponotus_Australasian171_claripes	171	FALSE	Australasian
Camponotus	TACTTMPCamponotus_Australasian172	Camponotus_chalceus	TACTTMPCamponotus_Australasian172_chalceus	172	FALSE	Australasian
Camponotus	TACTTMPCamponotus_Australasian173	Camponotus_innexus	TACTTMPCamponotus_Australasian173_innexus	173	FALSE	Australasian
Camponotus	TACTTMPCamponotus_Australasian174	Camponotus_rufus	TACTTMPCamponotus_Australasian174_rufus	174	FALSE	Australasian
Camponotus	TACTTMPCamponotus_Australasian175	Camponotus_johnclarki	TACTTMPCamponotus_Australasian175_johnclarki	175	FALSE	Australasian
Camponotus	TACTTMPCamponotus_Australasian176	Camponotus_prosseri	TACTTMPCamponotus_Australasian176_prosseri	176	FALSE	Australasian
Camponotus	TACTTMPCamponotus_Australasian177	Camponotus_aurocinctus	TACTTMPCamponotus_Australasian177_aurocinctus	177	FALSE	Australasian
Camponotus	TACTTMPCamponotus_Australasian178	Camponotus_wiederkehri	TACTTMPCamponotus_Australasian178_wiederkehri	178	FALSE	Australasian
Camponotus	TACTTMPCamponotus_Australasian179	Camponotus_terebrans	TACTTMPCamponotus_Australasian179_terebrans	179	FALSE	Australasian
Camponotus	TACTTMPCamponotus_Australasian180	Camponotus_donnellani	TACTTMPCamponotus_Australasian180_donnellani	180	FALSE	Australasian
Camponotus	TACTTMPCamponotus_Australasian181	Camponotus_gouldianus	TACTTMPCamponotus_Australasian181_gouldianus	181	FALSE	Australasian
Camponotus	TACTTMPCamponotus_Australasian182	Camponotus_pawseyi	TACTTMPCamponotus_Australasian182_pawseyi	182	FALSE	Australasian
Camponotus	TACTTMPCamponotus_Australasian183	Camponotus_dromas	TACTTMPCamponotus_Australasian183_dromas	183	FALSE	Australasian
Camponotus	TACTTMPCamponotus_Australasian184	Camponotus_afflatus	TACTTMPCamponotus_Australasian184_afflatus	184	FALSE	Australasian
Camponotus	TACTTMPCamponotus_Australasian185	Camponotus_piliventris	TACTTMPCamponotus_Australasian185_piliventris	185	FALSE	Australasian
Camponotus	TACTTMPCamponotus_Australasian186	Camponotus_suffusus	TACTTMPCamponotus_Australasian186_suffusus	186	FALSE	Australasian
Camponotus	TACTTMPCamponotus_Australasian187	Camponotus_tricoloratus	TACTTMPCamponotus_Australasian187_tricoloratus	187	FALSE	Australasian
Camponotus	TACTTMPCamponotus_Australasian188	Camponotus_intrepidus	TACTTMPCamponotus_Australasian188_intrepidus	188	FALSE	Australasian
Camponotus	TACTTMPCamponotus_Australasian189	Camponotus_discors	TACTTMPCamponotus_Australasian189_discors	189	FALSE	Australasian
Camponotus	TACTTMPCamponotus_Australasian190	Camponotus_pulchellus	TACTTMPCamponotus_Australasian190_pulchellus	190	FALSE	Australasian
Camponotus	TACTTMPCamponotus_Australasian191	Camponotus_gambeyi	TACTTMPCamponotus_Australasian191_gambeyi	191	FALSE	Australasian
Camponotus	TACTTMPCamponotus_Australasian192	Camponotus_mussolinii	TACTTMPCamponotus_Australasian192_mussolinii	192	FALSE	Australasian
Camponotus	TACTTMPCamponotus_Australasian193	Camponotus_inflatus	TACTTMPCamponotus_Australasian193_inflatus	193	FALSE	Australasian
Camponotus	TACTTMPCamponotus_Australasian194	Camponotus_scotti	TACTTMPCamponotus_Australasian194_scotti	194	FALSE	Australasian
Camponotus	TACTTMPCamponotus_Australasian195	Camponotus_aeneopilosus	TACTTMPCamponotus_Australasian195_aeneopilosus	195	FALSE	Australasian
Camponotus	TACTTMPCamponotus_Australasian196	Camponotus_thadeus	TACTTMPCamponotus_Australasian196_thadeus	196	FALSE	Australasian
Camponotus	TACTTMPCamponotus_Australasian197	Camponotus_hartogi	TACTTMPCamponotus_Australasian197_hartogi	197	FALSE	Australasian
Camponotus	TACTTMPCamponotus_Australasian198	Camponotus_perjurus	TACTTMPCamponotus_Australasian198_perjurus	198	FALSE	Australasian
Camponotus	TACTTMPCamponotus_Australasian199	Camponotus_janeti	TACTTMPCamponotus_Australasian199_janeti	199	FALSE	Australasian
Camponotus	TACTTMPCamponotus_Australasian200	Camponotus_rubiginosus	TACTTMPCamponotus_Australasian200_rubiginosus	200	FALSE	Australasian
Camponotus	TACTTMPCamponotus_Afrotropical201	Camponotus_varatra	TACTTMPCamponotus_Afrotropical201_varatra	201	FALSE	Afrotropical
Camponotus	TACTTMPCamponotus_Afrotropical202	Camponotus_orombe	TACTTMPCamponotus_Afrotropical202_orombe	202	FALSE	Afrotropical
Camponotus	TACTTMPCamponotus_Afrotropical203	Camponotus_tafo	TACTTMPCamponotus_Afrotropical203_tafo	203	FALSE	Afrotropical
Camponotus	TACTTMPCamponotus_Afrotropical204	Camponotus_galoko	TACTTMPCamponotus_Afrotropical204_galoko	204	FALSE	Afrotropical
Camponotus	TACTTMPCamponotus_Afrotropical205	Camponotus_bevohitra	TACTTMPCamponotus_Afrotropical205_bevohitra	205	FALSE	Afrotropical
Camponotus	TACTTMPCamponotus_Afrotropical206	Camponotus_androy	TACTTMPCamponotus_Afrotropical206_androy	206	FALSE	Afrotropical
Camponotus	TACTTMPCamponotus_Afrotropical207	Camponotus_chrysurus	TACTTMPCamponotus_Afrotropical207_chrysurus	207	FALSE	Afrotropical
Camponotus	TACTTMPCamponotus_Indomalayan208	Camponotus_micragyne	TACTTMPCamponotus_Indomalayan208_micragyne	208	FALSE	Indomalayan
Camponotus	TACTTMPCamponotus_Unknown209	Camponotus_cruentatus	TACTTMPCamponotus_Unknown209_cruentatus	209	FALSE	Unknown
Cardiocondyla	TACTTMPCardiocondyla_Palearctic01	Cardiocondyla_mauritanica	TACTTMPCardiocondyla_Palearctic01_mauritanica	1	FALSE	Palearctic
Cardiocondyla	TACTTMPCardiocondyla_Palearctic02	Cardiocondyla_kagutsuchi	TACTTMPCardiocondyla_Palearctic02_kagutsuchi	2	FALSE	Palearctic
Cardiocondyla	TACTTMPCardiocondyla_Indomalayan03	Cardiocondyla_tjibodana	TACTTMPCardiocondyla_Indomalayan03_tjibodana	3	FALSE	Indomalayan
Cardiocondyla	TACTTMPCardiocondyla_Oceanian04	Cardiocondyla_nuda	TACTTMPCardiocondyla_Oceanian04_nuda	4	FALSE	Oceanian
Cardiocondyla	TACTTMPCardiocondyla_Australasian05	Cardiocondyla_atalanta	TACTTMPCardiocondyla_Australasian05_atalanta	5	FALSE	Australasian
Cardiocondyla	TACTTMPCardiocondyla_Neotropical06	Cardiocondyla_venustula	TACTTMPCardiocondyla_Neotropical06_venustula	6	FALSE	Neotropical
Cardiocondyla	TACTTMPCardiocondyla_Palearctic07	Cardiocondyla_stambuloffii	TACTTMPCardiocondyla_Palearctic07_stambuloffii	7	FALSE	Palearctic
Cardiocondyla	TACTTMPCardiocondyla_Palearctic08	Cardiocondyla_koshewnikovi	TACTTMPCardiocondyla_Palearctic08_koshewnikovi	8	FALSE	Palearctic
Cardiocondyla	TACTTMPCardiocondyla_Palearctic09	Cardiocondyla_ulianini	TACTTMPCardiocondyla_Palearctic09_ulianini	9	FALSE	Palearctic
Cardiocondyla	TACTTMPCardiocondyla_Palearctic10	Cardiocondyla_sahlbergi	TACTTMPCardiocondyla_Palearctic10_sahlbergi	10	FALSE	Palearctic
Cardiocondyla	TACTTMPCardiocondyla_Palearctic11	Cardiocondyla_elegans	TACTTMPCardiocondyla_Palearctic11_elegans	11	FALSE	Palearctic
Cardiocondyla	TACTTMPCardiocondyla_Palearctic12	Cardiocondyla_bulgarica	TACTTMPCardiocondyla_Palearctic12_bulgarica	12	FALSE	Palearctic
Cardiocondyla	TACTTMPCardiocondyla_Palearctic13	Cardiocondyla_nigra	TACTTMPCardiocondyla_Palearctic13_nigra	13	FALSE	Palearctic
Cardiocondyla	TACTTMPCardiocondyla_Palearctic14	Cardiocondyla_batesii	TACTTMPCardiocondyla_Palearctic14_batesii	14	FALSE	Palearctic
Cardiocondyla	TACTTMPCardiocondyla_Palearctic15	Cardiocondyla_tibetana	TACTTMPCardiocondyla_Palearctic15_tibetana	15	FALSE	Palearctic
Cardiocondyla	TACTTMPCardiocondyla_Indomalayan16	Cardiocondyla_parvinoda	TACTTMPCardiocondyla_Indomalayan16_parvinoda	16	FALSE	Indomalayan
Cardiocondyla	TACTTMPCardiocondyla_Indomalayan17	Cardiocondyla_minutior	TACTTMPCardiocondyla_Indomalayan17_minutior	17	FALSE	Indomalayan
Cardiocondyla	TACTTMPCardiocondyla_Australasian18	Cardiocondyla_emeryi	TACTTMPCardiocondyla_Australasian18_emeryi	18	FALSE	Australasian
Cardiocondyla	TACTTMPCardiocondyla_Palearctic19	Cardiocondyla_obscurior	TACTTMPCardiocondyla_Palearctic19_obscurior	19	FALSE	Palearctic
Cardiocondyla	TACTTMPCardiocondyla_Afrotropical20	Cardiocondyla_shuckardi	TACTTMPCardiocondyla_Afrotropical20_shuckardi	20	FALSE	Afrotropical
Cardiocondyla	TACTTMPCardiocondyla_Indomalayan21	Cardiocondyla_thoracica	TACTTMPCardiocondyla_Indomalayan21_thoracica	21	FALSE	Indomalayan
Cardiocondyla	TACTTMPCardiocondyla_Indomalayan22	Cardiocondyla_nigrocerea	TACTTMPCardiocondyla_Indomalayan22_nigrocerea	22	FALSE	Indomalayan
Cardiocondyla	TACTTMPCardiocondyla_Australasian23	Cardiocondyla_paradoxa	TACTTMPCardiocondyla_Australasian23_paradoxa	23	FALSE	Australasian
Cardiocondyla	TACTTMPCardiocondyla_Indomalayan24	Cardiocondyla_wroughtonii	TACTTMPCardiocondyla_Indomalayan24_wroughtonii	24	FALSE	Indomalayan
Carebara	TACTTMPCarebara_Afrotropical01	Carebara_sampi	TACTTMPCarebara_Afrotropical01_sampi	1	FALSE	Afrotropical
Carebara	TACTTMPCarebara_Afrotropical02	Carebara_lova	TACTTMPCarebara_Afrotropical02_lova	2	FALSE	Afrotropical
Carebara	TACTTMPCarebara_Afrotropical03	Carebara_vazimba	TACTTMPCarebara_Afrotropical03_vazimba	3	FALSE	Afrotropical
Carebara	TACTTMPCarebara_Afrotropical04	Carebara_salegi	TACTTMPCarebara_Afrotropical04_salegi	4	FALSE	Afrotropical
Carebara	TACTTMPCarebara_Afrotropical05	Carebara_malagasy	TACTTMPCarebara_Afrotropical05_malagasy	5	FALSE	Afrotropical
Carebara	TACTTMPCarebara_Afrotropical06	Carebara_vidua	TACTTMPCarebara_Afrotropical06_vidua	6	FALSE	Afrotropical
Carebara	TACTTMPCarebara_Neotropical07	Carebara_urichi	TACTTMPCarebara_Neotropical07_urichi	7	FALSE	Neotropical
Carebara	TACTTMPCarebara_Indomalayan08	Carebara_affinis	TACTTMPCarebara_Indomalayan08_affinis	8	FALSE	Indomalayan
Carebara	TACTTMPCarebara_Indomalayan09	Carebara_alperti	TACTTMPCarebara_Indomalayan09_alperti	9	FALSE	Indomalayan
Carebara	TACTTMPCarebara_Afrotropical10	Carebara_omasi	TACTTMPCarebara_Afrotropical10_omasi	10	FALSE	Afrotropical
Carebara	TACTTMPCarebara_Afrotropical11	Carebara_nosindambo	TACTTMPCarebara_Afrotropical11_nosindambo	11	FALSE	Afrotropical
Carebara	TACTTMPCarebara_Afrotropical12	Carebara_raberi	TACTTMPCarebara_Afrotropical12_raberi	12	FALSE	Afrotropical
Carebara	TACTTMPCarebara_Afrotropical13	Carebara_kabosy	TACTTMPCarebara_Afrotropical13_kabosy	13	FALSE	Afrotropical
Carebara	TACTTMPCarebara_Indomalayan14	Carebara_pygmaea	TACTTMPCarebara_Indomalayan14_pygmaea	14	FALSE	Indomalayan
Carebara	TACTTMPCarebara_Afrotropical15	Carebara_mahafaly	TACTTMPCarebara_Afrotropical15_mahafaly	15	FALSE	Afrotropical
Carebara	TACTTMPCarebara_Afrotropical16	Carebara_jajoby	TACTTMPCarebara_Afrotropical16_jajoby	16	FALSE	Afrotropical
Cataglyphis	TACTTMPCataglyphis_Palearctic01	Cataglyphis_italica	TACTTMPCataglyphis_Palearctic01_italica	1	FALSE	Palearctic
Cataglyphis	TACTTMPCataglyphis_Palearctic02	Cataglyphis_hellenica	TACTTMPCataglyphis_Palearctic02_hellenica	2	FALSE	Palearctic
Cataglyphis	TACTTMPCataglyphis_Palearctic03	Cataglyphis_cursor	TACTTMPCataglyphis_Palearctic03_cursor	3	FALSE	Palearctic
Cataglyphis	TACTTMPCataglyphis_Palearctic04	Cataglyphis_piliscapa	TACTTMPCataglyphis_Palearctic04_piliscapa	4	FALSE	Palearctic
Cataglyphis	TACTTMPCataglyphis_Palearctic05	Cataglyphis_cretica	TACTTMPCataglyphis_Palearctic05_cretica	5	FALSE	Palearctic
Cataglyphis	TACTTMPCataglyphis_Palearctic06	Cataglyphis_aenescens	TACTTMPCataglyphis_Palearctic06_aenescens	6	FALSE	Palearctic
Cataglyphis	TACTTMPCataglyphis_Palearctic07	Cataglyphis_velox	TACTTMPCataglyphis_Palearctic07_velox	7	FALSE	Palearctic
Cataglyphis	TACTTMPCataglyphis_Palearctic08	Cataglyphis_humeya	TACTTMPCataglyphis_Palearctic08_humeya	8	FALSE	Palearctic
Cataglyphis	TACTTMPCataglyphis_Palearctic09	Cataglyphis_hispanica	TACTTMPCataglyphis_Palearctic09_hispanica	9	FALSE	Palearctic
Cataglyphis	TACTTMPCataglyphis_Palearctic10	Cataglyphis_pilisquamis	TACTTMPCataglyphis_Palearctic10_pilisquamis	10	FALSE	Palearctic
Cataglyphis	TACTTMPCataglyphis_Palearctic11	Cataglyphis_mauritanica	TACTTMPCataglyphis_Palearctic11_mauritanica	11	FALSE	Palearctic
Cataglyphis	TACTTMPCataglyphis_Palearctic12	Cataglyphis_gaetula	TACTTMPCataglyphis_Palearctic12_gaetula	12	FALSE	Palearctic
Cataglyphis	TACTTMPCataglyphis_Palearctic13	Cataglyphis_altisquamis	TACTTMPCataglyphis_Palearctic13_altisquamis	13	FALSE	Palearctic
Cataglyphis	TACTTMPCataglyphis_Palearctic14	Cataglyphis_kurdistanica	TACTTMPCataglyphis_Palearctic14_kurdistanica	14	FALSE	Palearctic
Cataglyphis	TACTTMPCataglyphis_Palearctic15	Cataglyphis_frigida	TACTTMPCataglyphis_Palearctic15_frigida	15	FALSE	Palearctic
Cataglyphis	TACTTMPCataglyphis_Palearctic16	Cataglyphis_sabulosa	TACTTMPCataglyphis_Palearctic16_sabulosa	16	FALSE	Palearctic
Cataglyphis	TACTTMPCataglyphis_Palearctic17	Cataglyphis_bombycina	TACTTMPCataglyphis_Palearctic17_bombycina	17	FALSE	Palearctic
Cataglyphis	TACTTMPCataglyphis_Palearctic18	Cataglyphis_tartessica	TACTTMPCataglyphis_Palearctic18_tartessica	18	FALSE	Palearctic
Cataglyphis	TACTTMPCataglyphis_Palearctic19	Cataglyphis_floricola	TACTTMPCataglyphis_Palearctic19_floricola	19	FALSE	Palearctic
Cataglyphis	TACTTMPCataglyphis_Palearctic20	Cataglyphis_emmae	TACTTMPCataglyphis_Palearctic20_emmae	20	FALSE	Palearctic
Cataglyphis	TACTTMPCataglyphis_Palearctic21	Cataglyphis_vaucheri	TACTTMPCataglyphis_Palearctic21_vaucheri	21	FALSE	Palearctic
Cataglyphis	TACTTMPCataglyphis_Palearctic22	Cataglyphis_livida	TACTTMPCataglyphis_Palearctic22_livida	22	FALSE	Palearctic
Cataglyphis	TACTTMPCataglyphis_Palearctic23	Cataglyphis_theryi	TACTTMPCataglyphis_Palearctic23_theryi	23	FALSE	Palearctic
Cataglyphis	TACTTMPCataglyphis_Palearctic24	Cataglyphis_rubra	TACTTMPCataglyphis_Palearctic24_rubra	24	FALSE	Palearctic
Cataglyphis	TACTTMPCataglyphis_Palearctic25	Cataglyphis_rosenhaueri	TACTTMPCataglyphis_Palearctic25_rosenhaueri	25	FALSE	Palearctic
Cataglyphis	TACTTMPCataglyphis_Palearctic26	Cataglyphis_iberica	TACTTMPCataglyphis_Palearctic26_iberica	26	FALSE	Palearctic
Cataglyphis	TACTTMPCataglyphis_Palearctic27	Cataglyphis_gadeai	TACTTMPCataglyphis_Palearctic27_gadeai	27	FALSE	Palearctic
Cataglyphis	TACTTMPCataglyphis_Palearctic28	Cataglyphis_otini	TACTTMPCataglyphis_Palearctic28_otini	28	FALSE	Palearctic
Cataglyphis	TACTTMPCataglyphis_Palearctic29	Cataglyphis_cubica	TACTTMPCataglyphis_Palearctic29_cubica	29	FALSE	Palearctic
Cataglyphis	TACTTMPCataglyphis_Palearctic30	Cataglyphis_viaticoides	TACTTMPCataglyphis_Palearctic30_viaticoides	30	FALSE	Palearctic
Cataglyphis	TACTTMPCataglyphis_Unknown31	Cataglyphis_albicans	TACTTMPCataglyphis_Unknown31_albicans	31	FALSE	Unknown
Cataglyphis	TACTTMPCataglyphis_Palearctic32	Cataglyphis_savignyi	TACTTMPCataglyphis_Palearctic32_savignyi	32	FALSE	Palearctic
Cataglyphis	TACTTMPCataglyphis_Palearctic33	Cataglyphis_israelensis	TACTTMPCataglyphis_Palearctic33_israelensis	33	FALSE	Palearctic
Cataglyphis	TACTTMPCataglyphis_Unknown34	Cataglyphis_bicolor	TACTTMPCataglyphis_Unknown34_bicolor	34	FALSE	Unknown
Cataglyphis	TACTTMPCataglyphis_Palearctic35	Cataglyphis_holgerseni	TACTTMPCataglyphis_Palearctic35_holgerseni	35	FALSE	Palearctic
Cataglyphis	TACTTMPCataglyphis_Palearctic36	Cataglyphis_nodus	TACTTMPCataglyphis_Palearctic36_nodus	36	FALSE	Palearctic
Cataglyphis	TACTTMPCataglyphis_Palearctic37	Cataglyphis_viatica	TACTTMPCataglyphis_Palearctic37_viatica	37	FALSE	Palearctic
Cataulacus	TACTTMPCataulacus_Afrotropical01	Cataulacus_egenus	TACTTMPCataulacus_Afrotropical01_egenus	1	FALSE	Afrotropical
Cataulacus	TACTTMPCataulacus_Afrotropical02	Cataulacus_ebrardi	TACTTMPCataulacus_Afrotropical02_ebrardi	2	FALSE	Afrotropical
Cataulacus	TACTTMPCataulacus_Unknown03	Cataulacus_guineensis	TACTTMPCataulacus_Unknown03_guineensis	3	FALSE	Unknown
Cataulacus	TACTTMPCataulacus_Indomalayan04	Cataulacus_muticus	TACTTMPCataulacus_Indomalayan04_muticus	4	FALSE	Indomalayan
Cataulacus	TACTTMPCataulacus_Indomalayan05	Cataulacus_hispidulus	TACTTMPCataulacus_Indomalayan05_hispidulus	5	FALSE	Indomalayan
Cataulacus	TACTTMPCataulacus_Afrotropical06	Cataulacus_tenuis	TACTTMPCataulacus_Afrotropical06_tenuis	6	FALSE	Afrotropical
Cataulacus	TACTTMPCataulacus_Afrotropical07	Cataulacus_porcatus	TACTTMPCataulacus_Afrotropical07_porcatus	7	FALSE	Afrotropical
Cataulacus	TACTTMPCataulacus_Afrotropical08	Cataulacus_voeltzkowi	TACTTMPCataulacus_Afrotropical08_voeltzkowi	8	FALSE	Afrotropical
Cataulacus	TACTTMPCataulacus_Afrotropical09	Cataulacus_wasmanni	TACTTMPCataulacus_Afrotropical09_wasmanni	9	FALSE	Afrotropical
Cataulacus	TACTTMPCataulacus_Afrotropical10	Cataulacus_intrudens	TACTTMPCataulacus_Afrotropical10_intrudens	10	FALSE	Afrotropical
Cataulacus	TACTTMPCataulacus_Afrotropical11	Cataulacus_regularis	TACTTMPCataulacus_Afrotropical11_regularis	11	FALSE	Afrotropical
Cataulacus	TACTTMPCataulacus_Afrotropical12	Cataulacus_oberthueri	TACTTMPCataulacus_Afrotropical12_oberthueri	12	FALSE	Afrotropical
Centromyrmex	TACTTMPCentromyrmex_Neotropical01	Centromyrmex_brachycola	TACTTMPCentromyrmex_Neotropical01_brachycola	1	FALSE	Neotropical
Centromyrmex	TACTTMPCentromyrmex_Neotropical02	Centromyrmex_alfaroi	TACTTMPCentromyrmex_Neotropical02_alfaroi	2	FALSE	Neotropical
Centromyrmex	TACTTMPCentromyrmex_Indomalayan03	Centromyrmex_hamulatus	TACTTMPCentromyrmex_Indomalayan03_hamulatus	3	FALSE	Indomalayan
Centromyrmex	TACTTMPCentromyrmex_Afrotropical04	Centromyrmex_sellaris	TACTTMPCentromyrmex_Afrotropical04_sellaris	4	FALSE	Afrotropical
Centromyrmex	TACTTMPCentromyrmex_Afrotropical05	Centromyrmex_angolensis	TACTTMPCentromyrmex_Afrotropical05_angolensis	5	FALSE	Afrotropical
Centromyrmex	TACTTMPCentromyrmex_Indomalayan06	Centromyrmex_feae	TACTTMPCentromyrmex_Indomalayan06_feae	6	FALSE	Indomalayan
Centromyrmex	TACTTMPCentromyrmex_Afrotropical07	Centromyrmex_fugator	TACTTMPCentromyrmex_Afrotropical07_fugator	7	FALSE	Afrotropical
Cephalotes	TACTTMPCephalotes_Neotropical01	Cephalotes_persimilis	TACTTMPCephalotes_Neotropical01_persimilis	1	FALSE	Neotropical
Cephalotes	TACTTMPCephalotes_Neotropical02	Cephalotes_liepini	TACTTMPCephalotes_Neotropical02_liepini	2	FALSE	Neotropical
Cephalotes	TACTTMPCephalotes_Neotropical03	Cephalotes_persimplex	TACTTMPCephalotes_Neotropical03_persimplex	3	FALSE	Neotropical
Cephalotes	TACTTMPCephalotes_Neotropical04	Cephalotes_grandinosus	TACTTMPCephalotes_Neotropical04_grandinosus	4	FALSE	Neotropical
Cephalotes	TACTTMPCephalotes_Neotropical05	Cephalotes_maculatus	TACTTMPCephalotes_Neotropical05_maculatus	5	FALSE	Neotropical
Cephalotes	TACTTMPCephalotes_Neotropical06	Cephalotes_pellans	TACTTMPCephalotes_Neotropical06_pellans	6	FALSE	Neotropical
Cephalotes	TACTTMPCephalotes_Neotropical07	Cephalotes_pallidoides	TACTTMPCephalotes_Neotropical07_pallidoides	7	FALSE	Neotropical
Cephalotes	TACTTMPCephalotes_Neotropical08	Cephalotes_decoloratus	TACTTMPCephalotes_Neotropical08_decoloratus	8	FALSE	Neotropical
Cephalotes	TACTTMPCephalotes_Neotropical09	Cephalotes_pallidus	TACTTMPCephalotes_Neotropical09_pallidus	9	FALSE	Neotropical
Cephalotes	TACTTMPCephalotes_Neotropical10	Cephalotes_jamaicensis	TACTTMPCephalotes_Neotropical10_jamaicensis	10	FALSE	Neotropical
Cephalotes	TACTTMPCephalotes_Neotropical11	Cephalotes_varians	TACTTMPCephalotes_Neotropical11_varians	11	FALSE	Neotropical
Cephalotes	TACTTMPCephalotes_Neotropical12	Cephalotes_pallens	TACTTMPCephalotes_Neotropical12_pallens	12	FALSE	Neotropical
Cephalotes	TACTTMPCephalotes_Neotropical13	Cephalotes_porrasi	TACTTMPCephalotes_Neotropical13_porrasi	13	FALSE	Neotropical
Cephalotes	TACTTMPCephalotes_Neotropical14	Cephalotes_patellaris	TACTTMPCephalotes_Neotropical14_patellaris	14	FALSE	Neotropical
Cephalotes	TACTTMPCephalotes_Neotropical15	Cephalotes_simillimus	TACTTMPCephalotes_Neotropical15_simillimus	15	FALSE	Neotropical
Cephalotes	TACTTMPCephalotes_Unknown16	Cephalotes_minutus	TACTTMPCephalotes_Unknown16_minutus	16	FALSE	Unknown
Cephalotes	TACTTMPCephalotes_Neotropical17	Cephalotes_pusillus	TACTTMPCephalotes_Neotropical17_pusillus	17	FALSE	Neotropical
Cephalotes	TACTTMPCephalotes_Neotropical18	Cephalotes_spinosus	TACTTMPCephalotes_Neotropical18_spinosus	18	FALSE	Neotropical
Cephalotes	TACTTMPCephalotes_Neotropical19	Cephalotes_christopherseni	TACTTMPCephalotes_Neotropical19_christopherseni	19	FALSE	Neotropical
Cephalotes	TACTTMPCephalotes_Neotropical20	Cephalotes_laminatus	TACTTMPCephalotes_Neotropical20_laminatus	20	FALSE	Neotropical
Cephalotes	TACTTMPCephalotes_Neotropical21	Cephalotes_targionii	TACTTMPCephalotes_Neotropical21_targionii	21	FALSE	Neotropical
Cephalotes	TACTTMPCephalotes_Neotropical22	Cephalotes_adolphi	TACTTMPCephalotes_Neotropical22_adolphi	22	FALSE	Neotropical
Cephalotes	TACTTMPCephalotes_Neotropical23	Cephalotes_pilosus	TACTTMPCephalotes_Neotropical23_pilosus	23	FALSE	Neotropical
Cephalotes	TACTTMPCephalotes_Neotropical24	Cephalotes_liogaster	TACTTMPCephalotes_Neotropical24_liogaster	24	FALSE	Neotropical
Cephalotes	TACTTMPCephalotes_Neotropical25	Cephalotes_bruchi	TACTTMPCephalotes_Neotropical25_bruchi	25	FALSE	Neotropical
Cephalotes	TACTTMPCephalotes_Neotropical26	Cephalotes_jheringi	TACTTMPCephalotes_Neotropical26_jheringi	26	FALSE	Neotropical
Cephalotes	TACTTMPCephalotes_Neotropical27	Cephalotes_bohlsi	TACTTMPCephalotes_Neotropical27_bohlsi	27	FALSE	Neotropical
Cephalotes	TACTTMPCephalotes_Neotropical28	Cephalotes_specularis	TACTTMPCephalotes_Neotropical28_specularis	28	FALSE	Neotropical
Cephalotes	TACTTMPCephalotes_Neotropical29	Cephalotes_guayaki	TACTTMPCephalotes_Neotropical29_guayaki	29	FALSE	Neotropical
Cephalotes	TACTTMPCephalotes_Neotropical30	Cephalotes_fiebrigi	TACTTMPCephalotes_Neotropical30_fiebrigi	30	FALSE	Neotropical
Cephalotes	TACTTMPCephalotes_Neotropical31	Cephalotes_bivestitus	TACTTMPCephalotes_Neotropical31_bivestitus	31	FALSE	Neotropical
Cephalotes	TACTTMPCephalotes_Neotropical32	Cephalotes_notatus	TACTTMPCephalotes_Neotropical32_notatus	32	FALSE	Neotropical
Cephalotes	TACTTMPCephalotes_Neotropical33	Cephalotes_angustus	TACTTMPCephalotes_Neotropical33_angustus	33	FALSE	Neotropical
Cephalotes	TACTTMPCephalotes_Neotropical34	Cephalotes_umbraculatus	TACTTMPCephalotes_Neotropical34_umbraculatus	34	FALSE	Neotropical
Cephalotes	TACTTMPCephalotes_Neotropical35	Cephalotes_manni	TACTTMPCephalotes_Neotropical35_manni	35	FALSE	Neotropical
Cephalotes	TACTTMPCephalotes_Neotropical36	Cephalotes_trichophorus	TACTTMPCephalotes_Neotropical36_trichophorus	36	FALSE	Neotropical
Cephalotes	TACTTMPCephalotes_Neotropical37	Cephalotes_peruviensis	TACTTMPCephalotes_Neotropical37_peruviensis	37	FALSE	Neotropical
Cephalotes	TACTTMPCephalotes_Neotropical38	Cephalotes_setulifer	TACTTMPCephalotes_Neotropical38_setulifer	38	FALSE	Neotropical
Cephalotes	TACTTMPCephalotes_Neotropical39	Cephalotes_cristatus	TACTTMPCephalotes_Neotropical39_cristatus	39	FALSE	Neotropical
Cephalotes	TACTTMPCephalotes_Neotropical40	Cephalotes_cordatus	TACTTMPCephalotes_Neotropical40_cordatus	40	FALSE	Neotropical
Cephalotes	TACTTMPCephalotes_Neotropical41	Cephalotes_eduarduli	TACTTMPCephalotes_Neotropical41_eduarduli	41	FALSE	Neotropical
Cephalotes	TACTTMPCephalotes_Neotropical42	Cephalotes_depressus	TACTTMPCephalotes_Neotropical42_depressus	42	FALSE	Neotropical
Cephalotes	TACTTMPCephalotes_Unknown43	Cephalotes_pavonii	TACTTMPCephalotes_Unknown43_pavonii	43	FALSE	Unknown
Cephalotes	TACTTMPCephalotes_Neotropical44	Cephalotes_scutulatus	TACTTMPCephalotes_Neotropical44_scutulatus	44	FALSE	Neotropical
Cephalotes	TACTTMPCephalotes_Neotropical45	Cephalotes_betoi	TACTTMPCephalotes_Neotropical45_betoi	45	FALSE	Neotropical
Cephalotes	TACTTMPCephalotes_Neotropical46	Cephalotes_bimaculatus	TACTTMPCephalotes_Neotropical46_bimaculatus	46	FALSE	Neotropical
Cephalotes	TACTTMPCephalotes_Neotropical47	Cephalotes_kukulcan	TACTTMPCephalotes_Neotropical47_kukulcan	47	FALSE	Neotropical
Cephalotes	TACTTMPCephalotes_Nearctic48	Cephalotes_texanus	TACTTMPCephalotes_Nearctic48_texanus	48	FALSE	Nearctic
Cephalotes	TACTTMPCephalotes_Neotropical49	Cephalotes_lenca	TACTTMPCephalotes_Neotropical49_lenca	49	FALSE	Neotropical
Cephalotes	TACTTMPCephalotes_Neotropical50	Cephalotes_curvistriatus	TACTTMPCephalotes_Neotropical50_curvistriatus	50	FALSE	Neotropical
Cephalotes	TACTTMPCephalotes_Neotropical51	Cephalotes_borgmeieri	TACTTMPCephalotes_Neotropical51_borgmeieri	51	FALSE	Neotropical
Cephalotes	TACTTMPCephalotes_Neotropical52	Cephalotes_multispinosus	TACTTMPCephalotes_Neotropical52_multispinosus	52	FALSE	Neotropical
Cephalotes	TACTTMPCephalotes_Neotropical53	Cephalotes_biguttatus	TACTTMPCephalotes_Neotropical53_biguttatus	53	FALSE	Neotropical
Cephalotes	TACTTMPCephalotes_Neotropical54	Cephalotes_goniodontus	TACTTMPCephalotes_Neotropical54_goniodontus	54	FALSE	Neotropical
Cephalotes	TACTTMPCephalotes_Neotropical55	Cephalotes_wheeleri	TACTTMPCephalotes_Neotropical55_wheeleri	55	FALSE	Neotropical
Cephalotes	TACTTMPCephalotes_Neotropical56	Cephalotes_hirsutus	TACTTMPCephalotes_Neotropical56_hirsutus	56	FALSE	Neotropical
Cephalotes	TACTTMPCephalotes_Nearctic57	Cephalotes_rohweri	TACTTMPCephalotes_Nearctic57_rohweri	57	FALSE	Nearctic
Cephalotes	TACTTMPCephalotes_Neotropical58	Cephalotes_ramiphilus	TACTTMPCephalotes_Neotropical58_ramiphilus	58	FALSE	Neotropical
Cephalotes	TACTTMPCephalotes_Neotropical59	Cephalotes_complanatus	TACTTMPCephalotes_Neotropical59_complanatus	59	FALSE	Neotropical
Cephalotes	TACTTMPCephalotes_Neotropical60	Cephalotes_cordiae	TACTTMPCephalotes_Neotropical60_cordiae	60	FALSE	Neotropical
Cephalotes	TACTTMPCephalotes_Neotropical61	Cephalotes_mompox	TACTTMPCephalotes_Neotropical61_mompox	61	FALSE	Neotropical
Cephalotes	TACTTMPCephalotes_Neotropical62	Cephalotes_cordiventris	TACTTMPCephalotes_Neotropical62_cordiventris	62	FALSE	Neotropical
Cephalotes	TACTTMPCephalotes_Neotropical63	Cephalotes_basalis	TACTTMPCephalotes_Neotropical63_basalis	63	FALSE	Neotropical
Cephalotes	TACTTMPCephalotes_Neotropical64	Cephalotes_crenaticeps	TACTTMPCephalotes_Neotropical64_crenaticeps	64	FALSE	Neotropical
Cephalotes	TACTTMPCephalotes_Unknown65	Cephalotes_clypeatus	TACTTMPCephalotes_Unknown65_clypeatus	65	FALSE	Unknown
Cephalotes	TACTTMPCephalotes_Unknown66	Cephalotes_unimaculatus	TACTTMPCephalotes_Unknown66_unimaculatus	66	FALSE	Unknown
Cephalotes	TACTTMPCephalotes_Neotropical67	Cephalotes_auricomus	TACTTMPCephalotes_Neotropical67_auricomus	67	FALSE	Neotropical
Cephalotes	TACTTMPCephalotes_Neotropical68	Cephalotes_serraticeps	TACTTMPCephalotes_Neotropical68_serraticeps	68	FALSE	Neotropical
Cephalotes	TACTTMPCephalotes_Neotropical69	Cephalotes_alfaroi	TACTTMPCephalotes_Neotropical69_alfaroi	69	FALSE	Neotropical
Cephalotes	TACTTMPCephalotes_Neotropical70	Cephalotes_atratus	TACTTMPCephalotes_Neotropical70_atratus	70	FALSE	Neotropical
Cephalotes	TACTTMPCephalotes_Neotropical71	Cephalotes_opacus	TACTTMPCephalotes_Neotropical71_opacus	71	FALSE	Neotropical
Cephalotes	TACTTMPCephalotes_Neotropical72	Cephalotes_oculatus	TACTTMPCephalotes_Neotropical72_oculatus	72	FALSE	Neotropical
Cephalotes	TACTTMPCephalotes_Neotropical73	Cephalotes_placidus	TACTTMPCephalotes_Neotropical73_placidus	73	FALSE	Neotropical
Cerapachys	TACTTMPCerapachys_Indomalayan01	Cerapachys_sulcinodis	TACTTMPCerapachys_Indomalayan01_sulcinodis	1	FALSE	Indomalayan
Cerapachys	TACTTMPCerapachys_Australasian02	Cerapachys_antennatus	TACTTMPCerapachys_Australasian02_antennatus	2	FALSE	Australasian
Chelaner	TACTTMPChelaner_Australasian01	Chelaner_whitei	TACTTMPChelaner_Australasian01_whitei	1	FALSE	Australasian
Chelaner	TACTTMPChelaner_Australasian02	Chelaner_bicornis	TACTTMPChelaner_Australasian02_bicornis	2	FALSE	Australasian
Chelaner	TACTTMPChelaner_Australasian03	Chelaner_striatifrons	TACTTMPChelaner_Australasian03_striatifrons	3	FALSE	Australasian
Chelaner	TACTTMPChelaner_Australasian04	Chelaner_longinodis	TACTTMPChelaner_Australasian04_longinodis	4	FALSE	Australasian
Chelaner	TACTTMPChelaner_Australasian05	Chelaner_legulus	TACTTMPChelaner_Australasian05_legulus	5	FALSE	Australasian
Chelaner	TACTTMPChelaner_Australasian06	Chelaner_centralis	TACTTMPChelaner_Australasian06_centralis	6	FALSE	Australasian
Chelaner	TACTTMPChelaner_Australasian07	Chelaner_bifidus	TACTTMPChelaner_Australasian07_bifidus	7	FALSE	Australasian
Chelaner	TACTTMPChelaner_Australasian08	Chelaner_insolescens	TACTTMPChelaner_Australasian08_insolescens	8	FALSE	Australasian
Chelaner	TACTTMPChelaner_Australasian09	Chelaner_tambourinensis	TACTTMPChelaner_Australasian09_tambourinensis	9	FALSE	Australasian
Chelaner	TACTTMPChelaner_Australasian10	Chelaner_euryodon	TACTTMPChelaner_Australasian10_euryodon	10	FALSE	Australasian
Chelaner	TACTTMPChelaner_Australasian11	Chelaner_kiliani	TACTTMPChelaner_Australasian11_kiliani	11	FALSE	Australasian
Chelaner	TACTTMPChelaner_Australasian12	Chelaner_sculpturatus	TACTTMPChelaner_Australasian12_sculpturatus	12	FALSE	Australasian
Chelaner	TACTTMPChelaner_Australasian13	Chelaner_leae	TACTTMPChelaner_Australasian13_leae	13	FALSE	Australasian
Chelaner	TACTTMPChelaner_Australasian14	Chelaner_smithii	TACTTMPChelaner_Australasian14_smithii	14	FALSE	Australasian
Chelaner	TACTTMPChelaner_Australasian15	Chelaner_antarcticus	TACTTMPChelaner_Australasian15_antarcticus	15	FALSE	Australasian
Chelaner	TACTTMPChelaner_Australasian16	Chelaner_rubriceps	TACTTMPChelaner_Australasian16_rubriceps	16	FALSE	Australasian
Chelaner	TACTTMPChelaner_Australasian17	Chelaner_albipes	TACTTMPChelaner_Australasian17_albipes	17	FALSE	Australasian
Chelaner	TACTTMPChelaner_Australasian18	Chelaner_gilberti	TACTTMPChelaner_Australasian18_gilberti	18	FALSE	Australasian
Chelaner	TACTTMPChelaner_Australasian19	Chelaner_decuria	TACTTMPChelaner_Australasian19_decuria	19	FALSE	Australasian
Cheliomyrmex	TACTTMPCheliomyrmex_Neotropical01	Cheliomyrmex_morosus	TACTTMPCheliomyrmex_Neotropical01_morosus	1	FALSE	Neotropical
Cheliomyrmex	TACTTMPCheliomyrmex_Neotropical02	Cheliomyrmex_andicola	TACTTMPCheliomyrmex_Neotropical02_andicola	2	FALSE	Neotropical
Cheliomyrmex	TACTTMPCheliomyrmex_Neotropical03	Cheliomyrmex_megalonyx	TACTTMPCheliomyrmex_Neotropical03_megalonyx	3	FALSE	Neotropical
Chronoxenus	TACTTMPChronoxenus_Indomalayan01	Chronoxenus_wroughtonii	TACTTMPChronoxenus_Indomalayan01_wroughtonii	1	FALSE	Indomalayan
Chrysapace	TACTTMPChrysapace_Palearctic01	Chrysapace_sauteri	TACTTMPChrysapace_Palearctic01_sauteri	1	FALSE	Palearctic
Chrysapace	TACTTMPChrysapace_Indomalayan02	Chrysapace_jacobsoni	TACTTMPChrysapace_Indomalayan02_jacobsoni	2	FALSE	Indomalayan
Cladomyrma	TACTTMPCladomyrma_Indomalayan01	Cladomyrma_petalae	TACTTMPCladomyrma_Indomalayan01_petalae	1	FALSE	Indomalayan
Colobopsis	TACTTMPColobopsis_Nearctic01	Colobopsis_papago	TACTTMPColobopsis_Nearctic01_papago	1	FALSE	Nearctic
Colobopsis	TACTTMPColobopsis_Nearctic02	Colobopsis_etiolata	TACTTMPColobopsis_Nearctic02_etiolata	2	FALSE	Nearctic
Colobopsis	TACTTMPColobopsis_Neotropical03	Colobopsis_impressa	TACTTMPColobopsis_Neotropical03_impressa	3	FALSE	Neotropical
Colobopsis	TACTTMPColobopsis_Palearctic04	Colobopsis_truncata	TACTTMPColobopsis_Palearctic04_truncata	4	FALSE	Palearctic
Colobopsis	TACTTMPColobopsis_Indomalayan05	Colobopsis_saundersi	TACTTMPColobopsis_Indomalayan05_saundersi	5	FALSE	Indomalayan
Colobopsis	TACTTMPColobopsis_Indomalayan06	Colobopsis_leonardi	TACTTMPColobopsis_Indomalayan06_leonardi	6	FALSE	Indomalayan
Colobopsis	TACTTMPColobopsis_Australasian07	Colobopsis_cylindrica	TACTTMPColobopsis_Australasian07_cylindrica	7	FALSE	Australasian
Colobopsis	TACTTMPColobopsis_Australasian08	Colobopsis_vitrea	TACTTMPColobopsis_Australasian08_vitrea	8	FALSE	Australasian
Colobopsis	TACTTMPColobopsis_Indomalayan09	Colobopsis_moeschi	TACTTMPColobopsis_Indomalayan09_moeschi	9	FALSE	Indomalayan
Colobopsis	TACTTMPColobopsis_Australasian10	Colobopsis_sommeri	TACTTMPColobopsis_Australasian10_sommeri	10	FALSE	Australasian
Colobopsis	TACTTMPColobopsis_Australasian11	Colobopsis_gasseri	TACTTMPColobopsis_Australasian11_gasseri	11	FALSE	Australasian
Colobopsis	TACTTMPColobopsis_Oceanian12	Colobopsis_vitiensis	TACTTMPColobopsis_Oceanian12_vitiensis	12	FALSE	Oceanian
Colobopsis	TACTTMPColobopsis_Oceanian13	Colobopsis_dentata	TACTTMPColobopsis_Oceanian13_dentata	13	FALSE	Oceanian
Colobopsis	TACTTMPColobopsis_Oceanian14	Colobopsis_polynesica	TACTTMPColobopsis_Oceanian14_polynesica	14	FALSE	Oceanian
Colobopsis	TACTTMPColobopsis_Indomalayan15	Colobopsis_quadriceps	TACTTMPColobopsis_Indomalayan15_quadriceps	15	FALSE	Indomalayan
Colobopsis	TACTTMPColobopsis_Oceanian16	Colobopsis_conithorax	TACTTMPColobopsis_Oceanian16_conithorax	16	FALSE	Oceanian
Colobopsis	TACTTMPColobopsis_Australasian17	Colobopsis_anderseni	TACTTMPColobopsis_Australasian17_anderseni	17	FALSE	Australasian
Colobostruma	TACTTMPColobostruma_Australasian01	Colobostruma_unicorna	TACTTMPColobostruma_Australasian01_unicorna	1	FALSE	Australasian
Crematogaster	TACTTMPCrematogaster_Indomalayan01	Crematogaster_physothorax	TACTTMPCrematogaster_Indomalayan01_physothorax	1	FALSE	Indomalayan
Crematogaster	TACTTMPCrematogaster_Indomalayan02	Crematogaster_inflata	TACTTMPCrematogaster_Indomalayan02_inflata	2	FALSE	Indomalayan
Crematogaster	TACTTMPCrematogaster_Indomalayan03	Crematogaster_onusta	TACTTMPCrematogaster_Indomalayan03_onusta	3	FALSE	Indomalayan
Crematogaster	TACTTMPCrematogaster_Indomalayan04	Crematogaster_aurita	TACTTMPCrematogaster_Indomalayan04_aurita	4	FALSE	Indomalayan
Crematogaster	TACTTMPCrematogaster_Indomalayan05	Crematogaster_yamanei	TACTTMPCrematogaster_Indomalayan05_yamanei	5	FALSE	Indomalayan
Crematogaster	TACTTMPCrematogaster_Indomalayan06	Crematogaster_vacca	TACTTMPCrematogaster_Indomalayan06_vacca	6	FALSE	Indomalayan
Crematogaster	TACTTMPCrematogaster_Australasian07	Crematogaster_sewardi	TACTTMPCrematogaster_Australasian07_sewardi	7	FALSE	Australasian
Crematogaster	TACTTMPCrematogaster_Indomalayan08	Crematogaster_ampullaris	TACTTMPCrematogaster_Indomalayan08_ampullaris	8	FALSE	Indomalayan
Crematogaster	TACTTMPCrematogaster_Indomalayan09	Crematogaster_mucronata	TACTTMPCrematogaster_Indomalayan09_mucronata	9	FALSE	Indomalayan
Crematogaster	TACTTMPCrematogaster_Australasian10	Crematogaster_tanakai	TACTTMPCrematogaster_Australasian10_tanakai	10	FALSE	Australasian
Crematogaster	TACTTMPCrematogaster_Indomalayan11	Crematogaster_difformis	TACTTMPCrematogaster_Indomalayan11_difformis	11	FALSE	Indomalayan
Crematogaster	TACTTMPCrematogaster_Australasian12	Crematogaster_subcircularis	TACTTMPCrematogaster_Australasian12_subcircularis	12	FALSE	Australasian
Crematogaster	TACTTMPCrematogaster_Indomalayan13	Crematogaster_modiglianii	TACTTMPCrematogaster_Indomalayan13_modiglianii	13	FALSE	Indomalayan
Crematogaster	TACTTMPCrematogaster_Indomalayan14	Crematogaster_rothneyi	TACTTMPCrematogaster_Indomalayan14_rothneyi	14	FALSE	Indomalayan
Crematogaster	TACTTMPCrematogaster_Australasian15	Crematogaster_coriaria	TACTTMPCrematogaster_Australasian15_coriaria	15	FALSE	Australasian
Crematogaster	TACTTMPCrematogaster_Indomalayan16	Crematogaster_fruhstorferi	TACTTMPCrematogaster_Indomalayan16_fruhstorferi	16	FALSE	Indomalayan
Crematogaster	TACTTMPCrematogaster_Australasian17	Crematogaster_flavitarsis	TACTTMPCrematogaster_Australasian17_flavitarsis	17	FALSE	Australasian
Crematogaster	TACTTMPCrematogaster_Australasian18	Crematogaster_tetracantha	TACTTMPCrematogaster_Australasian18_tetracantha	18	FALSE	Australasian
Crematogaster	TACTTMPCrematogaster_Australasian19	Crematogaster_dahlii	TACTTMPCrematogaster_Australasian19_dahlii	19	FALSE	Australasian
Crematogaster	TACTTMPCrematogaster_Oceanian20	Crematogaster_abrupta	TACTTMPCrematogaster_Oceanian20_abrupta	20	FALSE	Oceanian
Crematogaster	TACTTMPCrematogaster_Australasian21	Crematogaster_weberi	TACTTMPCrematogaster_Australasian21_weberi	21	FALSE	Australasian
Crematogaster	TACTTMPCrematogaster_Australasian22	Crematogaster_mjobergi	TACTTMPCrematogaster_Australasian22_mjobergi	22	FALSE	Australasian
Crematogaster	TACTTMPCrematogaster_Australasian23	Crematogaster_decamera	TACTTMPCrematogaster_Australasian23_decamera	23	FALSE	Australasian
Crematogaster	TACTTMPCrematogaster_Australasian24	Crematogaster_borneensis	TACTTMPCrematogaster_Australasian24_borneensis	24	FALSE	Australasian
Crematogaster	TACTTMPCrematogaster_Indomalayan25	Crematogaster_subnuda	TACTTMPCrematogaster_Indomalayan25_subnuda	25	FALSE	Indomalayan
Crematogaster	TACTTMPCrematogaster_Indomalayan26	Crematogaster_fraxatrix	TACTTMPCrematogaster_Indomalayan26_fraxatrix	26	FALSE	Indomalayan
Crematogaster	TACTTMPCrematogaster_Indomalayan27	Crematogaster_rogenhoferi	TACTTMPCrematogaster_Indomalayan27_rogenhoferi	27	FALSE	Indomalayan
Crematogaster	TACTTMPCrematogaster_Indomalayan28	Crematogaster_flava	TACTTMPCrematogaster_Indomalayan28_flava	28	FALSE	Indomalayan
Crematogaster	TACTTMPCrematogaster_Indomalayan29	Crematogaster_ochracea	TACTTMPCrematogaster_Indomalayan29_ochracea	29	FALSE	Indomalayan
Crematogaster	TACTTMPCrematogaster_Australasian30	Crematogaster_laeviceps	TACTTMPCrematogaster_Australasian30_laeviceps	30	FALSE	Australasian
Crematogaster	TACTTMPCrematogaster_Afrotropical31	Crematogaster_tricolor	TACTTMPCrematogaster_Afrotropical31_tricolor	31	FALSE	Afrotropical
Crematogaster	TACTTMPCrematogaster_Afrotropical32	Crematogaster_flaviventris	TACTTMPCrematogaster_Afrotropical32_flaviventris	32	FALSE	Afrotropical
Crematogaster	TACTTMPCrematogaster_Afrotropical33	Crematogaster_castanea	TACTTMPCrematogaster_Afrotropical33_castanea	33	FALSE	Afrotropical
Crematogaster	TACTTMPCrematogaster_Afrotropical34	Crematogaster_gerstaeckeri	TACTTMPCrematogaster_Afrotropical34_gerstaeckeri	34	FALSE	Afrotropical
Crematogaster	TACTTMPCrematogaster_Afrotropical35	Crematogaster_malahelo	TACTTMPCrematogaster_Afrotropical35_malahelo	35	FALSE	Afrotropical
Crematogaster	TACTTMPCrematogaster_Afrotropical36	Crematogaster_degeeri	TACTTMPCrematogaster_Afrotropical36_degeeri	36	FALSE	Afrotropical
Crematogaster	TACTTMPCrematogaster_Afrotropical37	Crematogaster_maina	TACTTMPCrematogaster_Afrotropical37_maina	37	FALSE	Afrotropical
Crematogaster	TACTTMPCrematogaster_Afrotropical38	Crematogaster_lobata	TACTTMPCrematogaster_Afrotropical38_lobata	38	FALSE	Afrotropical
Crematogaster	TACTTMPCrematogaster_Afrotropical39	Crematogaster_bara	TACTTMPCrematogaster_Afrotropical39_bara	39	FALSE	Afrotropical
Crematogaster	TACTTMPCrematogaster_Afrotropical40	Crematogaster_alafara	TACTTMPCrematogaster_Afrotropical40_alafara	40	FALSE	Afrotropical
Crematogaster	TACTTMPCrematogaster_Afrotropical41	Crematogaster_masokely	TACTTMPCrematogaster_Afrotropical41_masokely	41	FALSE	Afrotropical
Crematogaster	TACTTMPCrematogaster_Afrotropical42	Crematogaster_mafybe	TACTTMPCrematogaster_Afrotropical42_mafybe	42	FALSE	Afrotropical
Crematogaster	TACTTMPCrematogaster_Afrotropical43	Crematogaster_ramamy	TACTTMPCrematogaster_Afrotropical43_ramamy	43	FALSE	Afrotropical
Crematogaster	TACTTMPCrematogaster_Afrotropical44	Crematogaster_dentata	TACTTMPCrematogaster_Afrotropical44_dentata	44	FALSE	Afrotropical
Crematogaster	TACTTMPCrematogaster_Afrotropical45	Crematogaster_sewellii	TACTTMPCrematogaster_Afrotropical45_sewellii	45	FALSE	Afrotropical
Crematogaster	TACTTMPCrematogaster_Afrotropical46	Crematogaster_excisa	TACTTMPCrematogaster_Afrotropical46_excisa	46	FALSE	Afrotropical
Crematogaster	TACTTMPCrematogaster_Afrotropical47	Crematogaster_rufigena	TACTTMPCrematogaster_Afrotropical47_rufigena	47	FALSE	Afrotropical
Crematogaster	TACTTMPCrematogaster_Afrotropical48	Crematogaster_latuka	TACTTMPCrematogaster_Afrotropical48_latuka	48	FALSE	Afrotropical
Crematogaster	TACTTMPCrematogaster_Afrotropical49	Crematogaster_santschii	TACTTMPCrematogaster_Afrotropical49_santschii	49	FALSE	Afrotropical
Crematogaster	TACTTMPCrematogaster_Indomalayan50	Crematogaster_aberrans	TACTTMPCrematogaster_Indomalayan50_aberrans	50	FALSE	Indomalayan
Crematogaster	TACTTMPCrematogaster_Afrotropical51	Crematogaster_ranavalonae	TACTTMPCrematogaster_Afrotropical51_ranavalonae	51	FALSE	Afrotropical
Crematogaster	TACTTMPCrematogaster_Afrotropical52	Crematogaster_agnetis	TACTTMPCrematogaster_Afrotropical52_agnetis	52	FALSE	Afrotropical
Crematogaster	TACTTMPCrematogaster_Afrotropical53	Crematogaster_stadelmanni	TACTTMPCrematogaster_Afrotropical53_stadelmanni	53	FALSE	Afrotropical
Crematogaster	TACTTMPCrematogaster_Australasian54	Crematogaster_meijerei	TACTTMPCrematogaster_Australasian54_meijerei	54	FALSE	Australasian
Crematogaster	TACTTMPCrematogaster_Afrotropical55	Crematogaster_sabatra	TACTTMPCrematogaster_Afrotropical55_sabatra	55	FALSE	Afrotropical
Crematogaster	TACTTMPCrematogaster_Afrotropical56	Crematogaster_hova	TACTTMPCrematogaster_Afrotropical56_hova	56	FALSE	Afrotropical
Crematogaster	TACTTMPCrematogaster_Afrotropical57	Crematogaster_mahery	TACTTMPCrematogaster_Afrotropical57_mahery	57	FALSE	Afrotropical
Crematogaster	TACTTMPCrematogaster_Afrotropical58	Crematogaster_nosibeensis	TACTTMPCrematogaster_Afrotropical58_nosibeensis	58	FALSE	Afrotropical
Crematogaster	TACTTMPCrematogaster_Afrotropical59	Crematogaster_grevei	TACTTMPCrematogaster_Afrotropical59_grevei	59	FALSE	Afrotropical
Crematogaster	TACTTMPCrematogaster_Afrotropical60	Crematogaster_sisa	TACTTMPCrematogaster_Afrotropical60_sisa	60	FALSE	Afrotropical
Crematogaster	TACTTMPCrematogaster_Afrotropical61	Crematogaster_malala	TACTTMPCrematogaster_Afrotropical61_malala	61	FALSE	Afrotropical
Crematogaster	TACTTMPCrematogaster_Afrotropical62	Crematogaster_liengmei	TACTTMPCrematogaster_Afrotropical62_liengmei	62	FALSE	Afrotropical
Crematogaster	TACTTMPCrematogaster_Afrotropical63	Crematogaster_lango	TACTTMPCrematogaster_Afrotropical63_lango	63	FALSE	Afrotropical
Crematogaster	TACTTMPCrematogaster_Afrotropical64	Crematogaster_luctans	TACTTMPCrematogaster_Afrotropical64_luctans	64	FALSE	Afrotropical
Crematogaster	TACTTMPCrematogaster_Afrotropical65	Crematogaster_bequaerti	TACTTMPCrematogaster_Afrotropical65_bequaerti	65	FALSE	Afrotropical
Crematogaster	TACTTMPCrematogaster_Afrotropical66	Crematogaster_chlorotica	TACTTMPCrematogaster_Afrotropical66_chlorotica	66	FALSE	Afrotropical
Crematogaster	TACTTMPCrematogaster_Afrotropical67	Crematogaster_concava	TACTTMPCrematogaster_Afrotropical67_concava	67	FALSE	Afrotropical
Crematogaster	TACTTMPCrematogaster_Afrotropical68	Crematogaster_gabonensis	TACTTMPCrematogaster_Afrotropical68_gabonensis	68	FALSE	Afrotropical
Crematogaster	TACTTMPCrematogaster_Afrotropical69	Crematogaster_wellmani	TACTTMPCrematogaster_Afrotropical69_wellmani	69	FALSE	Afrotropical
Crematogaster	TACTTMPCrematogaster_Afrotropical70	Crematogaster_desperans	TACTTMPCrematogaster_Afrotropical70_desperans	70	FALSE	Afrotropical
Crematogaster	TACTTMPCrematogaster_Afrotropical71	Crematogaster_madagascariensis	TACTTMPCrematogaster_Afrotropical71_madagascariensis	71	FALSE	Afrotropical
Crematogaster	TACTTMPCrematogaster_Afrotropical72	Crematogaster_hazolava	TACTTMPCrematogaster_Afrotropical72_hazolava	72	FALSE	Afrotropical
Crematogaster	TACTTMPCrematogaster_Afrotropical73	Crematogaster_kelleri	TACTTMPCrematogaster_Afrotropical73_kelleri	73	FALSE	Afrotropical
Crematogaster	TACTTMPCrematogaster_Afrotropical74	Crematogaster_hafahafa	TACTTMPCrematogaster_Afrotropical74_hafahafa	74	FALSE	Afrotropical
Crematogaster	TACTTMPCrematogaster_Afrotropical75	Crematogaster_tavaratra	TACTTMPCrematogaster_Afrotropical75_tavaratra	75	FALSE	Afrotropical
Crematogaster	TACTTMPCrematogaster_Afrotropical76	Crematogaster_lotti	TACTTMPCrematogaster_Afrotropical76_lotti	76	FALSE	Afrotropical
Crematogaster	TACTTMPCrematogaster_Afrotropical77	Crematogaster_depressa	TACTTMPCrematogaster_Afrotropical77_depressa	77	FALSE	Afrotropical
Crematogaster	TACTTMPCrematogaster_Afrotropical78	Crematogaster_buchneri	TACTTMPCrematogaster_Afrotropical78_buchneri	78	FALSE	Afrotropical
Crematogaster	TACTTMPCrematogaster_Afrotropical79	Crematogaster_tsisitsilo	TACTTMPCrematogaster_Afrotropical79_tsisitsilo	79	FALSE	Afrotropical
Crematogaster	TACTTMPCrematogaster_Nearctic80	Crematogaster_vetusta	TACTTMPCrematogaster_Nearctic80_vetusta	80	FALSE	Nearctic
Crematogaster	TACTTMPCrematogaster_Nearctic81	Crematogaster_detecta	TACTTMPCrematogaster_Nearctic81_detecta	81	FALSE	Nearctic
Crematogaster	TACTTMPCrematogaster_Nearctic82	Crematogaster_mutans	TACTTMPCrematogaster_Nearctic82_mutans	82	FALSE	Nearctic
Crematogaster	TACTTMPCrematogaster_Nearctic83	Crematogaster_larreae	TACTTMPCrematogaster_Nearctic83_larreae	83	FALSE	Nearctic
Crematogaster	TACTTMPCrematogaster_Nearctic84	Crematogaster_depilis	TACTTMPCrematogaster_Nearctic84_depilis	84	FALSE	Nearctic
Crematogaster	TACTTMPCrematogaster_Nearctic85	Crematogaster_opuntiae	TACTTMPCrematogaster_Nearctic85_opuntiae	85	FALSE	Nearctic
Crematogaster	TACTTMPCrematogaster_Nearctic86	Crematogaster_californica	TACTTMPCrematogaster_Nearctic86_californica	86	FALSE	Nearctic
Crematogaster	TACTTMPCrematogaster_Neotropical87	Crematogaster_rossi	TACTTMPCrematogaster_Neotropical87_rossi	87	FALSE	Neotropical
Crematogaster	TACTTMPCrematogaster_Neotropical88	Crematogaster_dentinodis	TACTTMPCrematogaster_Neotropical88_dentinodis	88	FALSE	Neotropical
Crematogaster	TACTTMPCrematogaster_Nearctic89	Crematogaster_colei	TACTTMPCrematogaster_Nearctic89_colei	89	FALSE	Nearctic
Crematogaster	TACTTMPCrematogaster_Neotropical90	Crematogaster_opaca	TACTTMPCrematogaster_Neotropical90_opaca	90	FALSE	Neotropical
Crematogaster	TACTTMPCrematogaster_Nearctic91	Crematogaster_isolata	TACTTMPCrematogaster_Nearctic91_isolata	91	FALSE	Nearctic
Crematogaster	TACTTMPCrematogaster_Nearctic92	Crematogaster_rifelna	TACTTMPCrematogaster_Nearctic92_rifelna	92	FALSE	Nearctic
Crematogaster	TACTTMPCrematogaster_Nearctic93	Crematogaster_hespera	TACTTMPCrematogaster_Nearctic93_hespera	93	FALSE	Nearctic
Crematogaster	TACTTMPCrematogaster_Nearctic94	Crematogaster_cerasi	TACTTMPCrematogaster_Nearctic94_cerasi	94	FALSE	Nearctic
Crematogaster	TACTTMPCrematogaster_Nearctic95	Crematogaster_pilosa	TACTTMPCrematogaster_Nearctic95_pilosa	95	FALSE	Nearctic
Crematogaster	TACTTMPCrematogaster_Neotropical96	Crematogaster_laeviuscula	TACTTMPCrematogaster_Neotropical96_laeviuscula	96	FALSE	Neotropical
Crematogaster	TACTTMPCrematogaster_Nearctic97	Crematogaster_parapilosa	TACTTMPCrematogaster_Nearctic97_parapilosa	97	FALSE	Nearctic
Crematogaster	TACTTMPCrematogaster_Neotropical98	Crematogaster_sanguinea	TACTTMPCrematogaster_Neotropical98_sanguinea	98	FALSE	Neotropical
Crematogaster	TACTTMPCrematogaster_Neotropical99	Crematogaster_lucayana	TACTTMPCrematogaster_Neotropical99_lucayana	99	FALSE	Neotropical
Crematogaster	TACTTMPCrematogaster_Neotropical100	Crematogaster_vermiculata	TACTTMPCrematogaster_Neotropical100_vermiculata	100	FALSE	Neotropical
Crematogaster	TACTTMPCrematogaster_Nearctic101	Crematogaster_navajoa	TACTTMPCrematogaster_Nearctic101_navajoa	101	FALSE	Nearctic
Crematogaster	TACTTMPCrematogaster_Nearctic102	Crematogaster_lineolata	TACTTMPCrematogaster_Nearctic102_lineolata	102	FALSE	Nearctic
Crematogaster	TACTTMPCrematogaster_Nearctic103	Crematogaster_emeryana	TACTTMPCrematogaster_Nearctic103_emeryana	103	FALSE	Nearctic
Crematogaster	TACTTMPCrematogaster_Nearctic104	Crematogaster_punctulata	TACTTMPCrematogaster_Nearctic104_punctulata	104	FALSE	Nearctic
Crematogaster	TACTTMPCrematogaster_Nearctic105	Crematogaster_browni	TACTTMPCrematogaster_Nearctic105_browni	105	FALSE	Nearctic
Crematogaster	TACTTMPCrematogaster_Nearctic106	Crematogaster_pinicola	TACTTMPCrematogaster_Nearctic106_pinicola	106	FALSE	Nearctic
Crematogaster	TACTTMPCrematogaster_Nearctic107	Crematogaster_ashmeadi	TACTTMPCrematogaster_Nearctic107_ashmeadi	107	FALSE	Nearctic
Crematogaster	TACTTMPCrematogaster_Nearctic108	Crematogaster_marioni	TACTTMPCrematogaster_Nearctic108_marioni	108	FALSE	Nearctic
Crematogaster	TACTTMPCrematogaster_Nearctic109	Crematogaster_coarctata	TACTTMPCrematogaster_Nearctic109_coarctata	109	FALSE	Nearctic
Crematogaster	TACTTMPCrematogaster_Palearctic110	Crematogaster_scutellaris	TACTTMPCrematogaster_Palearctic110_scutellaris	110	FALSE	Palearctic
Crematogaster	TACTTMPCrematogaster_Palearctic111	Crematogaster_ionia	TACTTMPCrematogaster_Palearctic111_ionia	111	FALSE	Palearctic
Crematogaster	TACTTMPCrematogaster_Palearctic112	Crematogaster_auberti	TACTTMPCrematogaster_Palearctic112_auberti	112	FALSE	Palearctic
Crematogaster	TACTTMPCrematogaster_Indomalayan113	Crematogaster_sagei	TACTTMPCrematogaster_Indomalayan113_sagei	113	FALSE	Indomalayan
Crematogaster	TACTTMPCrematogaster_Indomalayan114	Crematogaster_cylindriceps	TACTTMPCrematogaster_Indomalayan114_cylindriceps	114	FALSE	Indomalayan
Crematogaster	TACTTMPCrematogaster_Indomalayan115	Crematogaster_treubi	TACTTMPCrematogaster_Indomalayan115_treubi	115	FALSE	Indomalayan
Crematogaster	TACTTMPCrematogaster_Indomalayan116	Crematogaster_kojimai	TACTTMPCrematogaster_Indomalayan116_kojimai	116	FALSE	Indomalayan
Crematogaster	TACTTMPCrematogaster_Oceanian117	Crematogaster_obnigra	TACTTMPCrematogaster_Oceanian117_obnigra	117	FALSE	Oceanian
Crematogaster	TACTTMPCrematogaster_Australasian118	Crematogaster_irritabilis	TACTTMPCrematogaster_Australasian118_irritabilis	118	FALSE	Australasian
Crematogaster	TACTTMPCrematogaster_Neotropical119	Crematogaster_sumichrasti	TACTTMPCrematogaster_Neotropical119_sumichrasti	119	FALSE	Neotropical
Crematogaster	TACTTMPCrematogaster_Neotropical120	Crematogaster_flavomicrops	TACTTMPCrematogaster_Neotropical120_flavomicrops	120	FALSE	Neotropical
Crematogaster	TACTTMPCrematogaster_Palearctic121	Crematogaster_osakensis	TACTTMPCrematogaster_Palearctic121_osakensis	121	FALSE	Palearctic
Crematogaster	TACTTMPCrematogaster_Palearctic122	Crematogaster_sordidula	TACTTMPCrematogaster_Palearctic122_sordidula	122	FALSE	Palearctic
Crematogaster	TACTTMPCrematogaster_Indomalayan123	Crematogaster_reticulata	TACTTMPCrematogaster_Indomalayan123_reticulata	123	FALSE	Indomalayan
Crematogaster	TACTTMPCrematogaster_Indomalayan124	Crematogaster_longipilosa	TACTTMPCrematogaster_Indomalayan124_longipilosa	124	FALSE	Indomalayan
Crematogaster	TACTTMPCrematogaster_Indomalayan125	Crematogaster_binghamii	TACTTMPCrematogaster_Indomalayan125_binghamii	125	FALSE	Indomalayan
Crematogaster	TACTTMPCrematogaster_Indomalayan126	Crematogaster_baduvi	TACTTMPCrematogaster_Indomalayan126_baduvi	126	FALSE	Indomalayan
Crematogaster	TACTTMPCrematogaster_Australasian127	Crematogaster_aculeata	TACTTMPCrematogaster_Australasian127_aculeata	127	FALSE	Australasian
Crematogaster	TACTTMPCrematogaster_Indomalayan128	Crematogaster_fritzi	TACTTMPCrematogaster_Indomalayan128_fritzi	128	FALSE	Indomalayan
Crematogaster	TACTTMPCrematogaster_Indomalayan129	Crematogaster_gavapiga	TACTTMPCrematogaster_Indomalayan129_gavapiga	129	FALSE	Indomalayan
Crematogaster	TACTTMPCrematogaster_Australasian130	Crematogaster_paradoxa	TACTTMPCrematogaster_Australasian130_paradoxa	130	FALSE	Australasian
Crematogaster	TACTTMPCrematogaster_Australasian131	Crematogaster_mesonotalis	TACTTMPCrematogaster_Australasian131_mesonotalis	131	FALSE	Australasian
Crematogaster	TACTTMPCrematogaster_Australasian132	Crematogaster_emeryi	TACTTMPCrematogaster_Australasian132_emeryi	132	FALSE	Australasian
Crematogaster	TACTTMPCrematogaster_Neotropical133	Crematogaster_torosa	TACTTMPCrematogaster_Neotropical133_torosa	133	FALSE	Neotropical
Crematogaster	TACTTMPCrematogaster_Neotropical134	Crematogaster_longispina	TACTTMPCrematogaster_Neotropical134_longispina	134	FALSE	Neotropical
Crematogaster	TACTTMPCrematogaster_Neotropical135	Crematogaster_formosa	TACTTMPCrematogaster_Neotropical135_formosa	135	FALSE	Neotropical
Crematogaster	TACTTMPCrematogaster_Neotropical136	Crematogaster_corvina	TACTTMPCrematogaster_Neotropical136_corvina	136	FALSE	Neotropical
Crematogaster	TACTTMPCrematogaster_Neotropical137	Crematogaster_arcuata	TACTTMPCrematogaster_Neotropical137_arcuata	137	FALSE	Neotropical
Crematogaster	TACTTMPCrematogaster_Unknown138	Crematogaster_acuta	TACTTMPCrematogaster_Unknown138_acuta	138	FALSE	Unknown
Crematogaster	TACTTMPCrematogaster_Neotropical139	Crematogaster_victima	TACTTMPCrematogaster_Neotropical139_victima	139	FALSE	Neotropical
Crematogaster	TACTTMPCrematogaster_Neotropical140	Crematogaster_nigropilosa	TACTTMPCrematogaster_Neotropical140_nigropilosa	140	FALSE	Neotropical
Crematogaster	TACTTMPCrematogaster_Neotropical141	Crematogaster_quadriformis	TACTTMPCrematogaster_Neotropical141_quadriformis	141	FALSE	Neotropical
Crematogaster	TACTTMPCrematogaster_Australasian142	Crematogaster_macracantha	TACTTMPCrematogaster_Australasian142_macracantha	142	FALSE	Australasian
Crematogaster	TACTTMPCrematogaster_Neotropical143	Crematogaster_tenuicula	TACTTMPCrematogaster_Neotropical143_tenuicula	143	FALSE	Neotropical
Crematogaster	TACTTMPCrematogaster_Afrotropical144	Crematogaster_telolafy	TACTTMPCrematogaster_Afrotropical144_telolafy	144	FALSE	Afrotropical
Crematogaster	TACTTMPCrematogaster_Afrotropical145	Crematogaster_madecassa	TACTTMPCrematogaster_Afrotropical145_madecassa	145	FALSE	Afrotropical
Crematogaster	TACTTMPCrematogaster_Afrotropical146	Crematogaster_razana	TACTTMPCrematogaster_Afrotropical146_razana	146	FALSE	Afrotropical
Crematogaster	TACTTMPCrematogaster_Afrotropical147	Crematogaster_volamena	TACTTMPCrematogaster_Afrotropical147_volamena	147	FALSE	Afrotropical
Crematogaster	TACTTMPCrematogaster_Afrotropical148	Crematogaster_mpanjono	TACTTMPCrematogaster_Afrotropical148_mpanjono	148	FALSE	Afrotropical
Crematogaster	TACTTMPCrematogaster_Afrotropical149	Crematogaster_dolens	TACTTMPCrematogaster_Afrotropical149_dolens	149	FALSE	Afrotropical
Crematogaster	TACTTMPCrematogaster_Afrotropical150	Crematogaster_rasoherinae	TACTTMPCrematogaster_Afrotropical150_rasoherinae	150	FALSE	Afrotropical
Cryptomyrmex	TACTTMPCryptomyrmex_Neotropical01	Cryptomyrmex_boltoni	TACTTMPCryptomyrmex_Neotropical01_boltoni	1	FALSE	Neotropical
Cryptopone	TACTTMPCryptopone_Australasian01	Cryptopone_rotundiceps	TACTTMPCryptopone_Australasian01_rotundiceps	1	FALSE	Australasian
Cryptopone	TACTTMPCryptopone_Australasian02	Cryptopone_odax	TACTTMPCryptopone_Australasian02_odax	2	FALSE	Australasian
Cryptopone	TACTTMPCryptopone_Palearctic03	Cryptopone_sauteri	TACTTMPCryptopone_Palearctic03_sauteri	3	FALSE	Palearctic
Cryptopone	TACTTMPCryptopone_Palearctic04	Cryptopone_ochracea	TACTTMPCryptopone_Palearctic04_ochracea	4	FALSE	Palearctic
Cryptopone	TACTTMPCryptopone_Neotropical05	Cryptopone_guatemalensis	TACTTMPCryptopone_Neotropical05_guatemalensis	5	FALSE	Neotropical
Cryptopone	TACTTMPCryptopone_Neotropical06	Cryptopone_gilvatumida	TACTTMPCryptopone_Neotropical06_gilvatumida	6	FALSE	Neotropical
Cryptopone	TACTTMPCryptopone_Nearctic07	Cryptopone_gilva	TACTTMPCryptopone_Nearctic07_gilva	7	FALSE	Nearctic
Cryptopone	TACTTMPCryptopone_Neotropical08	Cryptopone_gilvagrande	TACTTMPCryptopone_Neotropical08_gilvagrande	8	FALSE	Neotropical
Cryptopone	TACTTMPCryptopone_Indomalayan09	Cryptopone_testacea	TACTTMPCryptopone_Indomalayan09_testacea	9	FALSE	Indomalayan
Cryptopone	TACTTMPCryptopone_Indomalayan10	Cryptopone_butteli	TACTTMPCryptopone_Indomalayan10_butteli	10	FALSE	Indomalayan
Cryptopone	TACTTMPCryptopone_Indomalayan11	Cryptopone_typhlos	TACTTMPCryptopone_Indomalayan11_typhlos	11	FALSE	Indomalayan
Cryptopone	TACTTMPCryptopone_Australasian12	Cryptopone_fusciceps	TACTTMPCryptopone_Australasian12_fusciceps	12	FALSE	Australasian
Cylindromyrmex	TACTTMPCylindromyrmex_Neotropical01	Cylindromyrmex_whymperi	TACTTMPCylindromyrmex_Neotropical01_whymperi	1	FALSE	Neotropical
Cylindromyrmex	TACTTMPCylindromyrmex_Neotropical02	Cylindromyrmex_darlingtoni	TACTTMPCylindromyrmex_Neotropical02_darlingtoni	2	FALSE	Neotropical
Cylindromyrmex	TACTTMPCylindromyrmex_Neotropical03	Cylindromyrmex_brasiliensis	TACTTMPCylindromyrmex_Neotropical03_brasiliensis	3	FALSE	Neotropical
Cyphoidris	TACTTMPCyphoidris_Afrotropical01	Cyphoidris_exalta	TACTTMPCyphoidris_Afrotropical01_exalta	1	FALSE	Afrotropical
Cyphomyrmex	TACTTMPCyphomyrmex_Neotropical01	Cyphomyrmex_rimosus	TACTTMPCyphomyrmex_Neotropical01_rimosus	1	FALSE	Neotropical
Cyphomyrmex	TACTTMPCyphomyrmex_Neotropical02	Cyphomyrmex_cornutus	TACTTMPCyphomyrmex_Neotropical02_cornutus	2	FALSE	Neotropical
Cyphomyrmex	TACTTMPCyphomyrmex_Neotropical03	Cyphomyrmex_minutus	TACTTMPCyphomyrmex_Neotropical03_minutus	3	FALSE	Neotropical
Cyphomyrmex	TACTTMPCyphomyrmex_Neotropical04	Cyphomyrmex_transversus	TACTTMPCyphomyrmex_Neotropical04_transversus	4	FALSE	Neotropical
Cyphomyrmex	TACTTMPCyphomyrmex_Neotropical05	Cyphomyrmex_laevigatus	TACTTMPCyphomyrmex_Neotropical05_laevigatus	5	FALSE	Neotropical
Cyphomyrmex	TACTTMPCyphomyrmex_Neotropical06	Cyphomyrmex_muelleri	TACTTMPCyphomyrmex_Neotropical06_muelleri	6	FALSE	Neotropical
Cyphomyrmex	TACTTMPCyphomyrmex_Neotropical07	Cyphomyrmex_longiscapus	TACTTMPCyphomyrmex_Neotropical07_longiscapus	7	FALSE	Neotropical
Cyphomyrmex	TACTTMPCyphomyrmex_Nearctic08	Cyphomyrmex_wheeleri	TACTTMPCyphomyrmex_Nearctic08_wheeleri	8	FALSE	Nearctic
Cyphomyrmex	TACTTMPCyphomyrmex_Neotropical09	Cyphomyrmex_costatus	TACTTMPCyphomyrmex_Neotropical09_costatus	9	FALSE	Neotropical
Dacetinops	TACTTMPDacetinops_Australasian01	Dacetinops_ignotus	TACTTMPDacetinops_Australasian01_ignotus	1	FALSE	Australasian
Dacetinops	TACTTMPDacetinops_Australasian02	Dacetinops_cirrosus	TACTTMPDacetinops_Australasian02_cirrosus	2	FALSE	Australasian
Daceton	TACTTMPDaceton_Neotropical01	Daceton_armigerum	TACTTMPDaceton_Neotropical01_armigerum	1	FALSE	Neotropical
Diacamma	TACTTMPDiacamma_Indomalayan01	Diacamma_magdalenae	TACTTMPDiacamma_Indomalayan01_magdalenae	1	FALSE	Indomalayan
Diacamma	TACTTMPDiacamma_Australasian02	Diacamma_intricatum	TACTTMPDiacamma_Australasian02_intricatum	2	FALSE	Australasian
Diacamma	TACTTMPDiacamma_Indomalayan03	Diacamma_geometricum	TACTTMPDiacamma_Indomalayan03_geometricum	3	FALSE	Indomalayan
Diacamma	TACTTMPDiacamma_Australasian04	Diacamma_schoedli	TACTTMPDiacamma_Australasian04_schoedli	4	FALSE	Australasian
Diacamma	TACTTMPDiacamma_Australasian05	Diacamma_leve	TACTTMPDiacamma_Australasian05_leve	5	FALSE	Australasian
Diacamma	TACTTMPDiacamma_Indomalayan06	Diacamma_violaceum	TACTTMPDiacamma_Indomalayan06_violaceum	6	FALSE	Indomalayan
Diacamma	TACTTMPDiacamma_Australasian07	Diacamma_rugosum	TACTTMPDiacamma_Australasian07_rugosum	7	FALSE	Australasian
Diacamma	TACTTMPDiacamma_Indomalayan08	Diacamma_pallidum	TACTTMPDiacamma_Indomalayan08_pallidum	8	FALSE	Indomalayan
Diacamma	TACTTMPDiacamma_Indomalayan09	Diacamma_indicum	TACTTMPDiacamma_Indomalayan09_indicum	9	FALSE	Indomalayan
Dicroaspis	TACTTMPDicroaspis_Unknown01	Dicroaspis_KM01	TACTTMPDicroaspis_Unknown01_KM01	1	FALSE	Unknown
Dilobocondyla	TACTTMPDilobocondyla_Australasian01	Dilobocondyla_borneensis	TACTTMPDilobocondyla_Australasian01_borneensis	1	FALSE	Australasian
Dinoponera	TACTTMPDinoponera_Neotropical01	Dinoponera_quadriceps	TACTTMPDinoponera_Neotropical01_quadriceps	1	FALSE	Neotropical
Dinoponera	TACTTMPDinoponera_Neotropical02	Dinoponera_longipes	TACTTMPDinoponera_Neotropical02_longipes	2	FALSE	Neotropical
Discothyrea	TACTTMPDiscothyrea_Neotropical01	Discothyrea_horni	TACTTMPDiscothyrea_Neotropical01_horni	1	FALSE	Neotropical
Doleromyrma	TACTTMPDoleromyrma_Australasian01	Doleromyrma_darwiniana	TACTTMPDoleromyrma_Australasian01_darwiniana	1	FALSE	Australasian
Dolichoderus	TACTTMPDolichoderus_Nearctic01	Dolichoderus_pustulatus	TACTTMPDolichoderus_Nearctic01_pustulatus	1	FALSE	Nearctic
Dolichoderus	TACTTMPDolichoderus_Indomalayan02	Dolichoderus_erectilobus	TACTTMPDolichoderus_Indomalayan02_erectilobus	2	FALSE	Indomalayan
Dolichoderus	TACTTMPDolichoderus_Neotropical03	Dolichoderus_decollatus	TACTTMPDolichoderus_Neotropical03_decollatus	3	FALSE	Neotropical
Dolichoderus	TACTTMPDolichoderus_Neotropical04	Dolichoderus_lamellosus	TACTTMPDolichoderus_Neotropical04_lamellosus	4	FALSE	Neotropical
Dolichoderus	TACTTMPDolichoderus_Neotropical05	Dolichoderus_debilis	TACTTMPDolichoderus_Neotropical05_debilis	5	FALSE	Neotropical
Dolichoderus	TACTTMPDolichoderus_Neotropical06	Dolichoderus_imitator	TACTTMPDolichoderus_Neotropical06_imitator	6	FALSE	Neotropical
Dolichoderus	TACTTMPDolichoderus_Australasian07	Dolichoderus_scabridus	TACTTMPDolichoderus_Australasian07_scabridus	7	FALSE	Australasian
Dorylus	TACTTMPDorylus_Indomalayan01	Dorylus_orientalis	TACTTMPDorylus_Indomalayan01_orientalis	1	FALSE	Indomalayan
Dorylus	TACTTMPDorylus_Afrotropical02	Dorylus_conradti	TACTTMPDorylus_Afrotropical02_conradti	2	FALSE	Afrotropical
Dorylus	TACTTMPDorylus_Australasian03	Dorylus_laevigatus	TACTTMPDorylus_Australasian03_laevigatus	3	FALSE	Australasian
Dorylus	TACTTMPDorylus_Afrotropical04	Dorylus_helvolus	TACTTMPDorylus_Afrotropical04_helvolus	4	FALSE	Afrotropical
Dorylus	TACTTMPDorylus_Afrotropical05	Dorylus_affinis	TACTTMPDorylus_Afrotropical05_affinis	5	FALSE	Afrotropical
Dorylus	TACTTMPDorylus_Afrotropical06	Dorylus_braunsi	TACTTMPDorylus_Afrotropical06_braunsi	6	FALSE	Afrotropical
Dorylus	TACTTMPDorylus_Afrotropical07	Dorylus_kohli	TACTTMPDorylus_Afrotropical07_kohli	7	FALSE	Afrotropical
Dorylus	TACTTMPDorylus_Afrotropical08	Dorylus_wilverthi	TACTTMPDorylus_Afrotropical08_wilverthi	8	FALSE	Afrotropical
Dorylus	TACTTMPDorylus_Afrotropical09	Dorylus_nigricans	TACTTMPDorylus_Afrotropical09_nigricans	9	FALSE	Afrotropical
Dorylus	TACTTMPDorylus_Afrotropical10	Dorylus_mayri	TACTTMPDorylus_Afrotropical10_mayri	10	FALSE	Afrotropical
Dorylus	TACTTMPDorylus_Afrotropical11	Dorylus_emeryi	TACTTMPDorylus_Afrotropical11_emeryi	11	FALSE	Afrotropical
Dorylus	TACTTMPDorylus_Afrotropical12	Dorylus_gribodoi	TACTTMPDorylus_Afrotropical12_gribodoi	12	FALSE	Afrotropical
Dorylus	TACTTMPDorylus_Unknown13	Dorylus_fulvus	TACTTMPDorylus_Unknown13_fulvus	13	FALSE	Unknown
Dorylus	TACTTMPDorylus_Afrotropical14	Dorylus_spininodis	TACTTMPDorylus_Afrotropical14_spininodis	14	FALSE	Afrotropical
Dorylus	TACTTMPDorylus_Afrotropical15	Dorylus_fimbriatus	TACTTMPDorylus_Afrotropical15_fimbriatus	15	FALSE	Afrotropical
Dorymyrmex	TACTTMPDorymyrmex_Neotropical01	Dorymyrmex_wolffhuegeli	TACTTMPDorymyrmex_Neotropical01_wolffhuegeli	1	FALSE	Neotropical
Dorymyrmex	TACTTMPDorymyrmex_Neotropical02	Dorymyrmex_pyramicus	TACTTMPDorymyrmex_Neotropical02_pyramicus	2	FALSE	Neotropical
Dorymyrmex	TACTTMPDorymyrmex_Neotropical03	Dorymyrmex_breviscapis	TACTTMPDorymyrmex_Neotropical03_breviscapis	3	FALSE	Neotropical
Dorymyrmex	TACTTMPDorymyrmex_Neotropical04	Dorymyrmex_thoracicus	TACTTMPDorymyrmex_Neotropical04_thoracicus	4	FALSE	Neotropical
Dorymyrmex	TACTTMPDorymyrmex_Neotropical05	Dorymyrmex_brunneus	TACTTMPDorymyrmex_Neotropical05_brunneus	5	FALSE	Neotropical
Dorymyrmex	TACTTMPDorymyrmex_Neotropical06	Dorymyrmex_amazonicus	TACTTMPDorymyrmex_Neotropical06_amazonicus	6	FALSE	Neotropical
Dorymyrmex	TACTTMPDorymyrmex_Neotropical07	Dorymyrmex_biconis	TACTTMPDorymyrmex_Neotropical07_biconis	7	FALSE	Neotropical
Dorymyrmex	TACTTMPDorymyrmex_Neotropical08	Dorymyrmex_antillanus	TACTTMPDorymyrmex_Neotropical08_antillanus	8	FALSE	Neotropical
Dorymyrmex	TACTTMPDorymyrmex_Neotropical09	Dorymyrmex_spurius	TACTTMPDorymyrmex_Neotropical09_spurius	9	FALSE	Neotropical
Dorymyrmex	TACTTMPDorymyrmex_Neotropical10	Dorymyrmex_goeldii	TACTTMPDorymyrmex_Neotropical10_goeldii	10	FALSE	Neotropical
Dorymyrmex	TACTTMPDorymyrmex_Neotropical11	Dorymyrmex_jheringi	TACTTMPDorymyrmex_Neotropical11_jheringi	11	FALSE	Neotropical
Dorymyrmex	TACTTMPDorymyrmex_Nearctic12	Dorymyrmex_paiute	TACTTMPDorymyrmex_Nearctic12_paiute	12	FALSE	Nearctic
Dorymyrmex	TACTTMPDorymyrmex_Nearctic13	Dorymyrmex_bicolor	TACTTMPDorymyrmex_Nearctic13_bicolor	13	FALSE	Nearctic
Dorymyrmex	TACTTMPDorymyrmex_Nearctic14	Dorymyrmex_grandulus	TACTTMPDorymyrmex_Nearctic14_grandulus	14	FALSE	Nearctic
Dorymyrmex	TACTTMPDorymyrmex_Nearctic15	Dorymyrmex_reginicula	TACTTMPDorymyrmex_Nearctic15_reginicula	15	FALSE	Nearctic
Dorymyrmex	TACTTMPDorymyrmex_Nearctic16	Dorymyrmex_smithi	TACTTMPDorymyrmex_Nearctic16_smithi	16	FALSE	Nearctic
Dorymyrmex	TACTTMPDorymyrmex_Nearctic17	Dorymyrmex_elegans	TACTTMPDorymyrmex_Nearctic17_elegans	17	FALSE	Nearctic
Dorymyrmex	TACTTMPDorymyrmex_Nearctic18	Dorymyrmex_bureni	TACTTMPDorymyrmex_Nearctic18_bureni	18	FALSE	Nearctic
Dorymyrmex	TACTTMPDorymyrmex_Nearctic19	Dorymyrmex_flavopectus	TACTTMPDorymyrmex_Nearctic19_flavopectus	19	FALSE	Nearctic
Dorymyrmex	TACTTMPDorymyrmex_Nearctic20	Dorymyrmex_insanus	TACTTMPDorymyrmex_Nearctic20_insanus	20	FALSE	Nearctic
Dorymyrmex	TACTTMPDorymyrmex_Neotropical21	Dorymyrmex_paranensis	TACTTMPDorymyrmex_Neotropical21_paranensis	21	FALSE	Neotropical
Dorymyrmex	TACTTMPDorymyrmex_Neotropical22	Dorymyrmex_hunti	TACTTMPDorymyrmex_Neotropical22_hunti	22	FALSE	Neotropical
Dorymyrmex	TACTTMPDorymyrmex_Neotropical23	Dorymyrmex_goetschi	TACTTMPDorymyrmex_Neotropical23_goetschi	23	FALSE	Neotropical
Dorymyrmex	TACTTMPDorymyrmex_Neotropical24	Dorymyrmex_tener	TACTTMPDorymyrmex_Neotropical24_tener	24	FALSE	Neotropical
Dorymyrmex	TACTTMPDorymyrmex_Neotropical25	Dorymyrmex_richteri	TACTTMPDorymyrmex_Neotropical25_richteri	25	FALSE	Neotropical
Dorymyrmex	TACTTMPDorymyrmex_Neotropical26	Dorymyrmex_exsanguis	TACTTMPDorymyrmex_Neotropical26_exsanguis	26	FALSE	Neotropical
Dorymyrmex	TACTTMPDorymyrmex_Neotropical27	Dorymyrmex_morenoi	TACTTMPDorymyrmex_Neotropical27_morenoi	27	FALSE	Neotropical
Dorymyrmex	TACTTMPDorymyrmex_Neotropical28	Dorymyrmex_ensifer	TACTTMPDorymyrmex_Neotropical28_ensifer	28	FALSE	Neotropical
Dorymyrmex	TACTTMPDorymyrmex_Neotropical29	Dorymyrmex_flavescens	TACTTMPDorymyrmex_Neotropical29_flavescens	29	FALSE	Neotropical
Dorymyrmex	TACTTMPDorymyrmex_Neotropical30	Dorymyrmex_planidens	TACTTMPDorymyrmex_Neotropical30_planidens	30	FALSE	Neotropical
Dorymyrmex	TACTTMPDorymyrmex_Neotropical31	Dorymyrmex_ebeninus	TACTTMPDorymyrmex_Neotropical31_ebeninus	31	FALSE	Neotropical
Eburopone	TACTTMPEburopone_Unknown01	Eburopone_UG	TACTTMPEburopone_Unknown01_UG	1	FALSE	Unknown
Eburopone	TACTTMPEburopone_Unknown02	Eburopone_MG	TACTTMPEburopone_Unknown02_MG	2	FALSE	Unknown
Eburopone	TACTTMPEburopone_Unknown03	Eburopone_CM02	TACTTMPEburopone_Unknown03_CM02	3	FALSE	Unknown
Echinopla	TACTTMPEchinopla_Indomalayan01	Echinopla_striata	TACTTMPEchinopla_Indomalayan01_striata	1	FALSE	Indomalayan
Echinopla	TACTTMPEchinopla_Australasian02	Echinopla_australis	TACTTMPEchinopla_Australasian02_australis	2	FALSE	Australasian
Eciton	TACTTMPEciton_Neotropical01	Eciton_mexicanum	TACTTMPEciton_Neotropical01_mexicanum	1	FALSE	Neotropical
Eciton	TACTTMPEciton_Neotropical02	Eciton_dulcium	TACTTMPEciton_Neotropical02_dulcium	2	FALSE	Neotropical
Eciton	TACTTMPEciton_Neotropical03	Eciton_vagans	TACTTMPEciton_Neotropical03_vagans	3	FALSE	Neotropical
Eciton	TACTTMPEciton_Neotropical04	Eciton_quadriglume	TACTTMPEciton_Neotropical04_quadriglume	4	FALSE	Neotropical
Eciton	TACTTMPEciton_Neotropical05	Eciton_rapax	TACTTMPEciton_Neotropical05_rapax	5	FALSE	Neotropical
Eciton	TACTTMPEciton_Neotropical06	Eciton_hamatum	TACTTMPEciton_Neotropical06_hamatum	6	FALSE	Neotropical
Eciton	TACTTMPEciton_Neotropical07	Eciton_burchellii	TACTTMPEciton_Neotropical07_burchellii	7	FALSE	Neotropical
Eciton	TACTTMPEciton_Neotropical08	Eciton_lucanoides	TACTTMPEciton_Neotropical08_lucanoides	8	FALSE	Neotropical
Ecphorella	TACTTMPEcphorella_Unknown01	Ecphorella_sp	TACTTMPEcphorella_Unknown01_sp	1	FALSE	Unknown
Ectatomma	TACTTMPEctatomma_Neotropical01	Ectatomma_planidens	TACTTMPEctatomma_Neotropical01_planidens	1	FALSE	Neotropical
Ectatomma	TACTTMPEctatomma_Neotropical02	Ectatomma_brunneum	TACTTMPEctatomma_Neotropical02_brunneum	2	FALSE	Neotropical
Ectatomma	TACTTMPEctatomma_Neotropical03	Ectatomma_opaciventre	TACTTMPEctatomma_Neotropical03_opaciventre	3	FALSE	Neotropical
Ectatomma	TACTTMPEctatomma_Neotropical04	Ectatomma_permagnum	TACTTMPEctatomma_Neotropical04_permagnum	4	FALSE	Neotropical
Ectatomma	TACTTMPEctatomma_Neotropical05	Ectatomma_lugens	TACTTMPEctatomma_Neotropical05_lugens	5	FALSE	Neotropical
Ectatomma	TACTTMPEctatomma_Neotropical06	Ectatomma_ruidum	TACTTMPEctatomma_Neotropical06_ruidum	6	FALSE	Neotropical
Ectatomma	TACTTMPEctatomma_Neotropical07	Ectatomma_gibbum	TACTTMPEctatomma_Neotropical07_gibbum	7	FALSE	Neotropical
Ectatomma	TACTTMPEctatomma_Neotropical08	Ectatomma_goninion	TACTTMPEctatomma_Neotropical08_goninion	8	FALSE	Neotropical
Ectatomma	TACTTMPEctatomma_Neotropical09	Ectatomma_muticum	TACTTMPEctatomma_Neotropical09_muticum	9	FALSE	Neotropical
Ectatomma	TACTTMPEctatomma_Neotropical10	Ectatomma_edentatum	TACTTMPEctatomma_Neotropical10_edentatum	10	FALSE	Neotropical
Ectatomma	TACTTMPEctatomma_Neotropical11	Ectatomma_tuberculatum	TACTTMPEctatomma_Neotropical11_tuberculatum	11	FALSE	Neotropical
Ectatomma	TACTTMPEctatomma_Neotropical12	Ectatomma_parasiticum	TACTTMPEctatomma_Neotropical12_parasiticum	12	FALSE	Neotropical
Ectatomma	TACTTMPEctatomma_Neotropical13	Ectatomma_vizottoi	TACTTMPEctatomma_Neotropical13_vizottoi	13	FALSE	Neotropical
Ectomomyrmex	TACTTMPEctomomyrmex_Indomalayan01	Ectomomyrmex_modiglianii	TACTTMPEctomomyrmex_Indomalayan01_modiglianii	1	FALSE	Indomalayan
Ectomomyrmex	TACTTMPEctomomyrmex_Indomalayan02	Ectomomyrmex_leeuwenhoeki	TACTTMPEctomomyrmex_Indomalayan02_leeuwenhoeki	2	FALSE	Indomalayan
Ectomomyrmex	TACTTMPEctomomyrmex_Indomalayan03	Ectomomyrmex_pylixy	TACTTMPEctomomyrmex_Indomalayan03_pylixy	3	FALSE	Indomalayan
Ectomomyrmex	TACTTMPEctomomyrmex_Indomalayan04	Ectomomyrmex_striatulus	TACTTMPEctomomyrmex_Indomalayan04_striatulus	4	FALSE	Indomalayan
Ectomomyrmex	TACTTMPEctomomyrmex_Indomalayan05	Ectomomyrmex_simillimus	TACTTMPEctomomyrmex_Indomalayan05_simillimus	5	FALSE	Indomalayan
Ectomomyrmex	TACTTMPEctomomyrmex_Australasian06	Ectomomyrmex_scobinus	TACTTMPEctomomyrmex_Australasian06_scobinus	6	FALSE	Australasian
Ectomomyrmex	TACTTMPEctomomyrmex_Australasian07	Ectomomyrmex_aciculatus	TACTTMPEctomomyrmex_Australasian07_aciculatus	7	FALSE	Australasian
Ectomomyrmex	TACTTMPEctomomyrmex_Australasian08	Ectomomyrmex_ruficornis	TACTTMPEctomomyrmex_Australasian08_ruficornis	8	FALSE	Australasian
Ectomomyrmex	TACTTMPEctomomyrmex_Australasian09	Ectomomyrmex_acutus	TACTTMPEctomomyrmex_Australasian09_acutus	9	FALSE	Australasian
Ectomomyrmex	TACTTMPEctomomyrmex_Indomalayan10	Ectomomyrmex_overbecki	TACTTMPEctomomyrmex_Indomalayan10_overbecki	10	FALSE	Indomalayan
Ectomomyrmex	TACTTMPEctomomyrmex_Indomalayan11	Ectomomyrmex_annamitus	TACTTMPEctomomyrmex_Indomalayan11_annamitus	11	FALSE	Indomalayan
Ectomomyrmex	TACTTMPEctomomyrmex_Palearctic12	Ectomomyrmex_lobocarenus	TACTTMPEctomomyrmex_Palearctic12_lobocarenus	12	FALSE	Palearctic
Ectomomyrmex	TACTTMPEctomomyrmex_Indomalayan13	Ectomomyrmex_javanus	TACTTMPEctomomyrmex_Indomalayan13_javanus	13	FALSE	Indomalayan
Ectomomyrmex	TACTTMPEctomomyrmex_Palearctic14	Ectomomyrmex_zhengi	TACTTMPEctomomyrmex_Palearctic14_zhengi	14	FALSE	Palearctic
Ectomomyrmex	TACTTMPEctomomyrmex_Australasian15	Ectomomyrmex_astutus	TACTTMPEctomomyrmex_Australasian15_astutus	15	FALSE	Australasian
Emeryopone	TACTTMPEmeryopone_Palearctic01	Emeryopone_melaina	TACTTMPEmeryopone_Palearctic01_melaina	1	FALSE	Palearctic
Emeryopone	TACTTMPEmeryopone_Indomalayan02	Emeryopone_buttelreepeni	TACTTMPEmeryopone_Indomalayan02_buttelreepeni	2	FALSE	Indomalayan
Epopostruma	TACTTMPEpopostruma_Australasian01	Epopostruma_quadrispinosa	TACTTMPEpopostruma_Australasian01_quadrispinosa	1	FALSE	Australasian
Euprenolepis	TACTTMPEuprenolepis_Indomalayan01	Euprenolepis_wittei	TACTTMPEuprenolepis_Indomalayan01_wittei	1	FALSE	Indomalayan
Euprenolepis	TACTTMPEuprenolepis_Indomalayan02	Euprenolepis_procera	TACTTMPEuprenolepis_Indomalayan02_procera	2	FALSE	Indomalayan
Eurhopalothrix	TACTTMPEurhopalothrix_Australasian01	Eurhopalothrix_procera	TACTTMPEurhopalothrix_Australasian01_procera	1	FALSE	Australasian
Eurhopalothrix	TACTTMPEurhopalothrix_Neotropical02	Eurhopalothrix_gravis	TACTTMPEurhopalothrix_Neotropical02_gravis	2	FALSE	Neotropical
Eurhopalothrix	TACTTMPEurhopalothrix_Neotropical03	Eurhopalothrix_bolaui	TACTTMPEurhopalothrix_Neotropical03_bolaui	3	FALSE	Neotropical
Eurhopalothrix	TACTTMPEurhopalothrix_Australasian04	Eurhopalothrix_australis	TACTTMPEurhopalothrix_Australasian04_australis	4	FALSE	Australasian
Eusphinctus	TACTTMPEusphinctus_Unknown01	Eusphinctus_TH	TACTTMPEusphinctus_Unknown01_TH	1	FALSE	Unknown
Fisheropone	TACTTMPFisheropone_Afrotropical01	Fisheropone_hartwigi	TACTTMPFisheropone_Afrotropical01_hartwigi	1	FALSE	Afrotropical
Fisheropone	TACTTMPFisheropone_Afrotropical02	Fisheropone_ambigua	TACTTMPFisheropone_Afrotropical02_ambigua	2	FALSE	Afrotropical
Fisheropone	TACTTMPFisheropone_Indomalayan03	Fisheropone_sharpi	TACTTMPFisheropone_Indomalayan03_sharpi	3	FALSE	Indomalayan
Fisheropone	TACTTMPFisheropone_Afrotropical04	Fisheropone_brunoi	TACTTMPFisheropone_Afrotropical04_brunoi	4	FALSE	Afrotropical
Fisheropone	TACTTMPFisheropone_Afrotropical05	Fisheropone_wroughtonii	TACTTMPFisheropone_Afrotropical05_wroughtonii	5	FALSE	Afrotropical
Fisheropone	TACTTMPFisheropone_Unknown06	Fisheropone_fossigera	TACTTMPFisheropone_Unknown06_fossigera	6	FALSE	Unknown
Forelius	TACTTMPForelius_Neotropical01	Forelius_pruinosus	TACTTMPForelius_Neotropical01_pruinosus	1	FALSE	Neotropical
Forelius	TACTTMPForelius_Nearctic02	Forelius_mccooki	TACTTMPForelius_Nearctic02_mccooki	2	FALSE	Nearctic
Forelius	TACTTMPForelius_Neotropical03	Forelius_damiani	TACTTMPForelius_Neotropical03_damiani	3	FALSE	Neotropical
Forelius	TACTTMPForelius_Neotropical04	Forelius_nigriventris	TACTTMPForelius_Neotropical04_nigriventris	4	FALSE	Neotropical
Forelius	TACTTMPForelius_Neotropical05	Forelius_brasiliensis	TACTTMPForelius_Neotropical05_brasiliensis	5	FALSE	Neotropical
Forelius	TACTTMPForelius_Neotropical06	Forelius_macrops	TACTTMPForelius_Neotropical06_macrops	6	FALSE	Neotropical
Forelius	TACTTMPForelius_Neotropical07	Forelius_albiventris	TACTTMPForelius_Neotropical07_albiventris	7	FALSE	Neotropical
Forelius	TACTTMPForelius_Neotropical08	Forelius_chalybaeus	TACTTMPForelius_Neotropical08_chalybaeus	8	FALSE	Neotropical
Formica	TACTTMPFormica_Nearctic01	Formica_neogagates	TACTTMPFormica_Nearctic01_neogagates	1	FALSE	Nearctic
Formica	TACTTMPFormica_Nearctic02	Formica_manni	TACTTMPFormica_Nearctic02_manni	2	FALSE	Nearctic
Formica	TACTTMPFormica_Nearctic03	Formica_perpilosa	TACTTMPFormica_Nearctic03_perpilosa	3	FALSE	Nearctic
Formica	TACTTMPFormica_Nearctic04	Formica_lasioides	TACTTMPFormica_Nearctic04_lasioides	4	FALSE	Nearctic
Formica	TACTTMPFormica_Nearctic05	Formica_incerta	TACTTMPFormica_Nearctic05_incerta	5	FALSE	Nearctic
Formica	TACTTMPFormica_Nearctic06	Formica_dolosa	TACTTMPFormica_Nearctic06_dolosa	6	FALSE	Nearctic
Formica	TACTTMPFormica_Nearctic07	Formica_pallidefulva	TACTTMPFormica_Nearctic07_pallidefulva	7	FALSE	Nearctic
Formica	TACTTMPFormica_Nearctic08	Formica_archboldi	TACTTMPFormica_Nearctic08_archboldi	8	FALSE	Nearctic
Formica	TACTTMPFormica_Nearctic09	Formica_obtusopilosa	TACTTMPFormica_Nearctic09_obtusopilosa	9	FALSE	Nearctic
Formica	TACTTMPFormica_Palearctic10	Formica_gagates	TACTTMPFormica_Palearctic10_gagates	10	FALSE	Palearctic
Formica	TACTTMPFormica_Nearctic11	Formica_subnitens	TACTTMPFormica_Nearctic11_subnitens	11	FALSE	Nearctic
Formica	TACTTMPFormica_Nearctic12	Formica_obscuripes	TACTTMPFormica_Nearctic12_obscuripes	12	FALSE	Nearctic
Formica	TACTTMPFormica_Nearctic13	Formica_propinqua	TACTTMPFormica_Nearctic13_propinqua	13	FALSE	Nearctic
Formica	TACTTMPFormica_Nearctic14	Formica_integroides	TACTTMPFormica_Nearctic14_integroides	14	FALSE	Nearctic
Formica	TACTTMPFormica_Nearctic15	Formica_ravida	TACTTMPFormica_Nearctic15_ravida	15	FALSE	Nearctic
Formica	TACTTMPFormica_Nearctic16	Formica_coloradensis	TACTTMPFormica_Nearctic16_coloradensis	16	FALSE	Nearctic
Formica	TACTTMPFormica_Nearctic17	Formica_oreas	TACTTMPFormica_Nearctic17_oreas	17	FALSE	Nearctic
Formica	TACTTMPFormica_Nearctic18	Formica_ciliata	TACTTMPFormica_Nearctic18_ciliata	18	FALSE	Nearctic
Formica	TACTTMPFormica_Nearctic19	Formica_planipilis	TACTTMPFormica_Nearctic19_planipilis	19	FALSE	Nearctic
Formica	TACTTMPFormica_Nearctic20	Formica_obscuriventris	TACTTMPFormica_Nearctic20_obscuriventris	20	FALSE	Nearctic
Formica	TACTTMPFormica_Nearctic21	Formica_fossaceps	TACTTMPFormica_Nearctic21_fossaceps	21	FALSE	Nearctic
Formica	TACTTMPFormica_Nearctic22	Formica_querquetulana	TACTTMPFormica_Nearctic22_querquetulana	22	FALSE	Nearctic
Formica	TACTTMPFormica_Nearctic23	Formica_nepticula	TACTTMPFormica_Nearctic23_nepticula	23	FALSE	Nearctic
Formica	TACTTMPFormica_Nearctic24	Formica_knighti	TACTTMPFormica_Nearctic24_knighti	24	FALSE	Nearctic
Formica	TACTTMPFormica_Nearctic25	Formica_talbotae	TACTTMPFormica_Nearctic25_talbotae	25	FALSE	Nearctic
Formica	TACTTMPFormica_Nearctic26	Formica_densiventris	TACTTMPFormica_Nearctic26_densiventris	26	FALSE	Nearctic
Formica	TACTTMPFormica_Nearctic27	Formica_nevadensis	TACTTMPFormica_Nearctic27_nevadensis	27	FALSE	Nearctic
Formica	TACTTMPFormica_Nearctic28	Formica_adamsi	TACTTMPFormica_Nearctic28_adamsi	28	FALSE	Nearctic
Formica	TACTTMPFormica_Palearctic29	Formica_sinensis	TACTTMPFormica_Palearctic29_sinensis	29	FALSE	Palearctic
Formica	TACTTMPFormica_Palearctic30	Formica_aquilonia	TACTTMPFormica_Palearctic30_aquilonia	30	FALSE	Palearctic
Formica	TACTTMPFormica_Unknown31	Formica_rufa	TACTTMPFormica_Unknown31_rufa	31	FALSE	Unknown
Formica	TACTTMPFormica_Palearctic32	Formica_polyctena	TACTTMPFormica_Palearctic32_polyctena	32	FALSE	Palearctic
Formica	TACTTMPFormica_Palearctic33	Formica_lugubris	TACTTMPFormica_Palearctic33_lugubris	33	FALSE	Palearctic
Formica	TACTTMPFormica_Unknown34	Formica_pratensis	TACTTMPFormica_Unknown34_pratensis	34	FALSE	Unknown
Formica	TACTTMPFormica_Palearctic35	Formica_truncorum	TACTTMPFormica_Palearctic35_truncorum	35	FALSE	Palearctic
Formica	TACTTMPFormica_Palearctic36	Formica_frontalis	TACTTMPFormica_Palearctic36_frontalis	36	FALSE	Palearctic
Formica	TACTTMPFormica_Nearctic37	Formica_reflexa	TACTTMPFormica_Nearctic37_reflexa	37	FALSE	Nearctic
Formica	TACTTMPFormica_Nearctic38	Formica_dakotensis	TACTTMPFormica_Nearctic38_dakotensis	38	FALSE	Nearctic
Formica	TACTTMPFormica_Nearctic39	Formica_puberula	TACTTMPFormica_Nearctic39_puberula	39	FALSE	Nearctic
Formica	TACTTMPFormica_Nearctic40	Formica_pergandei	TACTTMPFormica_Nearctic40_pergandei	40	FALSE	Nearctic
Formica	TACTTMPFormica_Nearctic41	Formica_rubicunda	TACTTMPFormica_Nearctic41_rubicunda	41	FALSE	Nearctic
Formica	TACTTMPFormica_Nearctic42	Formica_wheeleri	TACTTMPFormica_Nearctic42_wheeleri	42	FALSE	Nearctic
Formica	TACTTMPFormica_Nearctic43	Formica_emeryi	TACTTMPFormica_Nearctic43_emeryi	43	FALSE	Nearctic
Formica	TACTTMPFormica_Nearctic44	Formica_subintegra	TACTTMPFormica_Nearctic44_subintegra	44	FALSE	Nearctic
Formica	TACTTMPFormica_Nearctic45	Formica_aserva	TACTTMPFormica_Nearctic45_aserva	45	FALSE	Nearctic
Formica	TACTTMPFormica_Palearctic46	Formica_sanguinea	TACTTMPFormica_Palearctic46_sanguinea	46	FALSE	Palearctic
Formica	TACTTMPFormica_Nearctic47	Formica_ulkei	TACTTMPFormica_Nearctic47_ulkei	47	FALSE	Nearctic
Formica	TACTTMPFormica_Nearctic48	Formica_exsectoides	TACTTMPFormica_Nearctic48_exsectoides	48	FALSE	Nearctic
Formica	TACTTMPFormica_Palearctic49	Formica_pressilabris	TACTTMPFormica_Palearctic49_pressilabris	49	FALSE	Palearctic
Formica	TACTTMPFormica_Palearctic50	Formica_mesasiatica	TACTTMPFormica_Palearctic50_mesasiatica	50	FALSE	Palearctic
Formica	TACTTMPFormica_Palearctic51	Formica_exsecta	TACTTMPFormica_Palearctic51_exsecta	51	FALSE	Palearctic
Formica	TACTTMPFormica_Palearctic52	Formica_manchu	TACTTMPFormica_Palearctic52_manchu	52	FALSE	Palearctic
Formica	TACTTMPFormica_Palearctic53	Formica_fukaii	TACTTMPFormica_Palearctic53_fukaii	53	FALSE	Palearctic
Formica	TACTTMPFormica_Palearctic54	Formica_uralensis	TACTTMPFormica_Palearctic54_uralensis	54	FALSE	Palearctic
Formica	TACTTMPFormica_Nearctic55	Formica_neorufibarbis	TACTTMPFormica_Nearctic55_neorufibarbis	55	FALSE	Nearctic
Formica	TACTTMPFormica_Nearctic56	Formica_hewitti	TACTTMPFormica_Nearctic56_hewitti	56	FALSE	Nearctic
Formica	TACTTMPFormica_Palearctic57	Formica_candida	TACTTMPFormica_Palearctic57_candida	57	FALSE	Palearctic
Formica	TACTTMPFormica_Palearctic58	Formica_japonica	TACTTMPFormica_Palearctic58_japonica	58	FALSE	Palearctic
Formica	TACTTMPFormica_Palearctic59	Formica_clara	TACTTMPFormica_Palearctic59_clara	59	FALSE	Palearctic
Formica	TACTTMPFormica_Palearctic60	Formica_rufibarbis	TACTTMPFormica_Palearctic60_rufibarbis	60	FALSE	Palearctic
Formica	TACTTMPFormica_Palearctic61	Formica_cunicularia	TACTTMPFormica_Palearctic61_cunicularia	61	FALSE	Palearctic
Formica	TACTTMPFormica_Palearctic62	Formica_orangea	TACTTMPFormica_Palearctic62_orangea	62	FALSE	Palearctic
Formica	TACTTMPFormica_Nearctic63	Formica_podzolica	TACTTMPFormica_Nearctic63_podzolica	63	FALSE	Nearctic
Formica	TACTTMPFormica_Nearctic64	Formica_glacialis	TACTTMPFormica_Nearctic64_glacialis	64	FALSE	Nearctic
Formica	TACTTMPFormica_Nearctic65	Formica_subsericea	TACTTMPFormica_Nearctic65_subsericea	65	FALSE	Nearctic
Formica	TACTTMPFormica_Palearctic66	Formica_gagatoides	TACTTMPFormica_Palearctic66_gagatoides	66	FALSE	Palearctic
Formica	TACTTMPFormica_Unknown67	Formica_fusca	TACTTMPFormica_Unknown67_fusca	67	FALSE	Unknown
Formica	TACTTMPFormica_Nearctic68	Formica_canadensis	TACTTMPFormica_Nearctic68_canadensis	68	FALSE	Nearctic
Formica	TACTTMPFormica_Nearctic69	Formica_altipetens	TACTTMPFormica_Nearctic69_altipetens	69	FALSE	Nearctic
Formica	TACTTMPFormica_Nearctic70	Formica_neoclara	TACTTMPFormica_Nearctic70_neoclara	70	FALSE	Nearctic
Formica	TACTTMPFormica_Neotropical71	Formica_propatula	TACTTMPFormica_Neotropical71_propatula	71	FALSE	Neotropical
Formica	TACTTMPFormica_Nearctic72	Formica_montana	TACTTMPFormica_Nearctic72_montana	72	FALSE	Nearctic
Formica	TACTTMPFormica_Nearctic73	Formica_occulta	TACTTMPFormica_Nearctic73_occulta	73	FALSE	Nearctic
Formica	TACTTMPFormica_Nearctic74	Formica_argentea	TACTTMPFormica_Nearctic74_argentea	74	FALSE	Nearctic
Formica	TACTTMPFormica_Nearctic75	Formica_aerata	TACTTMPFormica_Nearctic75_aerata	75	FALSE	Nearctic
Formica	TACTTMPFormica_Nearctic76	Formica_subaenescens	TACTTMPFormica_Nearctic76_subaenescens	76	FALSE	Nearctic
Formica	TACTTMPFormica_Nearctic77	Formica_accreta	TACTTMPFormica_Nearctic77_accreta	77	FALSE	Nearctic
Formica	TACTTMPFormica_Nearctic78	Formica_transmontanis	TACTTMPFormica_Nearctic78_transmontanis	78	FALSE	Nearctic
Formica	TACTTMPFormica_Nearctic79	Formica_pacifica	TACTTMPFormica_Nearctic79_pacifica	79	FALSE	Nearctic
Formica	TACTTMPFormica_Nearctic80	Formica_xerophila	TACTTMPFormica_Nearctic80_xerophila	80	FALSE	Nearctic
Formica	TACTTMPFormica_Palearctic81	Formica_fuscocinerea	TACTTMPFormica_Palearctic81_fuscocinerea	81	FALSE	Palearctic
Formica	TACTTMPFormica_Palearctic82	Formica_cinerea	TACTTMPFormica_Palearctic82_cinerea	82	FALSE	Palearctic
Formica	TACTTMPFormica_Palearctic83	Formica_lemani	TACTTMPFormica_Palearctic83_lemani	83	FALSE	Palearctic
Formica	TACTTMPFormica_Nearctic84	Formica_subpolita	TACTTMPFormica_Nearctic84_subpolita	84	FALSE	Nearctic
Formica	TACTTMPFormica_Nearctic85	Formica_sibylla	TACTTMPFormica_Nearctic85_sibylla	85	FALSE	Nearctic
Formica	TACTTMPFormica_Nearctic86	Formica_gnava	TACTTMPFormica_Nearctic86_gnava	86	FALSE	Nearctic
Formica	TACTTMPFormica_Nearctic87	Formica_foreliana	TACTTMPFormica_Nearctic87_foreliana	87	FALSE	Nearctic
Formica	TACTTMPFormica_Nearctic88	Formica_moki	TACTTMPFormica_Nearctic88_moki	88	FALSE	Nearctic
Formicoxenus	TACTTMPFormicoxenus_Nearctic01	Formicoxenus_diversipilosus	TACTTMPFormicoxenus_Nearctic01_diversipilosus	1	FALSE	Nearctic
Formosimyrma	TACTTMPFormosimyrma_Unknown01	Formosimyrma_sp	TACTTMPFormosimyrma_Unknown01_sp	1	FALSE	Unknown
Fulakora	TACTTMPFulakora_Neotropical01	Fulakora_mystriops	TACTTMPFulakora_Neotropical01_mystriops	1	FALSE	Neotropical
Fulakora	TACTTMPFulakora_Neotropical02	Fulakora_minima	TACTTMPFulakora_Neotropical02_minima	2	FALSE	Neotropical
Fulakora	TACTTMPFulakora_Neotropical03	Fulakora_cleae	TACTTMPFulakora_Neotropical03_cleae	3	FALSE	Neotropical
Fulakora	TACTTMPFulakora_Neotropical04	Fulakora_armigera	TACTTMPFulakora_Neotropical04_armigera	4	FALSE	Neotropical
Fulakora	TACTTMPFulakora_Neotropical05	Fulakora_elongata	TACTTMPFulakora_Neotropical05_elongata	5	FALSE	Neotropical
Fulakora	TACTTMPFulakora_Australasian06	Fulakora_saundersi	TACTTMPFulakora_Australasian06_saundersi	6	FALSE	Australasian
Gaoligongidris	TACTTMPGaoligongidris_Unknown01	Gaoligongidris_sp	TACTTMPGaoligongidris_Unknown01_sp	1	FALSE	Unknown
Gauromyrmex	TACTTMPGauromyrmex_Indomalayan01	Gauromyrmex_acanthinus	TACTTMPGauromyrmex_Indomalayan01_acanthinus	1	FALSE	Indomalayan
Gesomyrmex	TACTTMPGesomyrmex_Australasian01	Gesomyrmex_chaperi	TACTTMPGesomyrmex_Australasian01_chaperi	1	FALSE	Australasian
Gnamptogenys	TACTTMPGnamptogenys_Neotropical01	Gnamptogenys_sulcata	TACTTMPGnamptogenys_Neotropical01_sulcata	1	FALSE	Neotropical
Gnamptogenys	TACTTMPGnamptogenys_Neotropical02	Gnamptogenys_tortuolosa	TACTTMPGnamptogenys_Neotropical02_tortuolosa	2	FALSE	Neotropical
Gnamptogenys	TACTTMPGnamptogenys_Neotropical03	Gnamptogenys_acuminata	TACTTMPGnamptogenys_Neotropical03_acuminata	3	FALSE	Neotropical
Gnamptogenys	TACTTMPGnamptogenys_Neotropical04	Gnamptogenys_ericae	TACTTMPGnamptogenys_Neotropical04_ericae	4	FALSE	Neotropical
Gnamptogenys	TACTTMPGnamptogenys_Neotropical05	Gnamptogenys_regularis	TACTTMPGnamptogenys_Neotropical05_regularis	5	FALSE	Neotropical
Gnamptogenys	TACTTMPGnamptogenys_Neotropical06	Gnamptogenys_horni	TACTTMPGnamptogenys_Neotropical06_horni	6	FALSE	Neotropical
Gnamptogenys	TACTTMPGnamptogenys_Neotropical07	Gnamptogenys_kempfi	TACTTMPGnamptogenys_Neotropical07_kempfi	7	FALSE	Neotropical
Gnamptogenys	TACTTMPGnamptogenys_Neotropical08	Gnamptogenys_annulata	TACTTMPGnamptogenys_Neotropical08_annulata	8	FALSE	Neotropical
Gnamptogenys	TACTTMPGnamptogenys_Nearctic09	Gnamptogenys_hartmani	TACTTMPGnamptogenys_Nearctic09_hartmani	9	FALSE	Nearctic
Gnamptogenys	TACTTMPGnamptogenys_Neotropical10	Gnamptogenys_volcano	TACTTMPGnamptogenys_Neotropical10_volcano	10	FALSE	Neotropical
Gnamptogenys	TACTTMPGnamptogenys_Neotropical11	Gnamptogenys_haenschi	TACTTMPGnamptogenys_Neotropical11_haenschi	11	FALSE	Neotropical
Gnamptogenys	TACTTMPGnamptogenys_Neotropical12	Gnamptogenys_concinna	TACTTMPGnamptogenys_Neotropical12_concinna	12	FALSE	Neotropical
Gnamptogenys	TACTTMPGnamptogenys_Neotropical13	Gnamptogenys_continua	TACTTMPGnamptogenys_Neotropical13_continua	13	FALSE	Neotropical
Gnamptogenys	TACTTMPGnamptogenys_Unknown14	Gnamptogenys_interrupta	TACTTMPGnamptogenys_Unknown14_interrupta	14	FALSE	Unknown
Gnamptogenys	TACTTMPGnamptogenys_Neotropical15	Gnamptogenys_stellae	TACTTMPGnamptogenys_Neotropical15_stellae	15	FALSE	Neotropical
Gnamptogenys	TACTTMPGnamptogenys_Neotropical16	Gnamptogenys_boliviensis	TACTTMPGnamptogenys_Neotropical16_boliviensis	16	FALSE	Neotropical
Gnamptogenys	TACTTMPGnamptogenys_Neotropical17	Gnamptogenys_alfaroi	TACTTMPGnamptogenys_Neotropical17_alfaroi	17	FALSE	Neotropical
Goniomma	TACTTMPGoniomma_Palearctic01	Goniomma_hispanicum	TACTTMPGoniomma_Palearctic01_hispanicum	1	FALSE	Palearctic
Goniomma	TACTTMPGoniomma_Palearctic02	Goniomma_baeticum	TACTTMPGoniomma_Palearctic02_baeticum	2	FALSE	Palearctic
Goniomma	TACTTMPGoniomma_Palearctic03	Goniomma_blanci	TACTTMPGoniomma_Palearctic03_blanci	3	FALSE	Palearctic
Goniomma	TACTTMPGoniomma_Palearctic04	Goniomma_compressisquama	TACTTMPGoniomma_Palearctic04_compressisquama	4	FALSE	Palearctic
Goniomma	TACTTMPGoniomma_Palearctic05	Goniomma_collingwoodi	TACTTMPGoniomma_Palearctic05_collingwoodi	5	FALSE	Palearctic
Harpagoxenus	TACTTMPHarpagoxenus_Palearctic01	Harpagoxenus_sublaevis	TACTTMPHarpagoxenus_Palearctic01_sublaevis	1	FALSE	Palearctic
Harpegnathos	TACTTMPHarpegnathos_Indomalayan01	Harpegnathos_venator	TACTTMPHarpegnathos_Indomalayan01_venator	1	FALSE	Indomalayan
Harpegnathos	TACTTMPHarpegnathos_Indomalayan02	Harpegnathos_saltator	TACTTMPHarpegnathos_Indomalayan02_saltator	2	FALSE	Indomalayan
Heteroponera	TACTTMPHeteroponera_Neotropical01	Heteroponera_inermis	TACTTMPHeteroponera_Neotropical01_inermis	1	FALSE	Neotropical
Heteroponera	TACTTMPHeteroponera_Neotropical02	Heteroponera_flava	TACTTMPHeteroponera_Neotropical02_flava	2	FALSE	Neotropical
Heteroponera	TACTTMPHeteroponera_Neotropical03	Heteroponera_dentinodis	TACTTMPHeteroponera_Neotropical03_dentinodis	3	FALSE	Neotropical
Heteroponera	TACTTMPHeteroponera_Neotropical04	Heteroponera_panamensis	TACTTMPHeteroponera_Neotropical04_panamensis	4	FALSE	Neotropical
Heteroponera	TACTTMPHeteroponera_Neotropical05	Heteroponera_dolo	TACTTMPHeteroponera_Neotropical05_dolo	5	FALSE	Neotropical
Heteroponera	TACTTMPHeteroponera_Neotropical06	Heteroponera_robusta	TACTTMPHeteroponera_Neotropical06_robusta	6	FALSE	Neotropical
Heteroponera	TACTTMPHeteroponera_Neotropical07	Heteroponera_mayri	TACTTMPHeteroponera_Neotropical07_mayri	7	FALSE	Neotropical
Heteroponera	TACTTMPHeteroponera_Australasian08	Heteroponera_relicta	TACTTMPHeteroponera_Australasian08_relicta	8	FALSE	Australasian
Heteroponera	TACTTMPHeteroponera_Australasian09	Heteroponera_rhodopygea	TACTTMPHeteroponera_Australasian09_rhodopygea	9	FALSE	Australasian
Heteroponera	TACTTMPHeteroponera_Australasian10	Heteroponera_imbellis	TACTTMPHeteroponera_Australasian10_imbellis	10	FALSE	Australasian
Heteroponera	TACTTMPHeteroponera_Australasian11	Heteroponera_brounii	TACTTMPHeteroponera_Australasian11_brounii	11	FALSE	Australasian
Heteroponera	TACTTMPHeteroponera_Neotropical12	Heteroponera_carinifrons	TACTTMPHeteroponera_Neotropical12_carinifrons	12	FALSE	Neotropical
Heteroponera	TACTTMPHeteroponera_Neotropical13	Heteroponera_monticola	TACTTMPHeteroponera_Neotropical13_monticola	13	FALSE	Neotropical
Holcoponera	TACTTMPHolcoponera_Neotropical01	Holcoponera_pernambucana	TACTTMPHolcoponera_Neotropical01_pernambucana	1	FALSE	Neotropical
Holcoponera	TACTTMPHolcoponera_Neotropical02	Holcoponera_moelleri	TACTTMPHolcoponera_Neotropical02_moelleri	2	FALSE	Neotropical
Holcoponera	TACTTMPHolcoponera_Neotropical03	Holcoponera_striatula	TACTTMPHolcoponera_Neotropical03_striatula	3	FALSE	Neotropical
Holcoponera	TACTTMPHolcoponera_Neotropical04	Holcoponera_pleurodon	TACTTMPHolcoponera_Neotropical04_pleurodon	4	FALSE	Neotropical
Holcoponera	TACTTMPHolcoponera_Neotropical05	Holcoponera_latistriata	TACTTMPHolcoponera_Neotropical05_latistriata	5	FALSE	Neotropical
Holcoponera	TACTTMPHolcoponera_Neotropical06	Holcoponera_gracilis	TACTTMPHolcoponera_Neotropical06_gracilis	6	FALSE	Neotropical
Holcoponera	TACTTMPHolcoponera_Neotropical07	Holcoponera_avus	TACTTMPHolcoponera_Neotropical07_avus	7	FALSE	Neotropical
Holcoponera	TACTTMPHolcoponera_Neotropical08	Holcoponera_extra	TACTTMPHolcoponera_Neotropical08_extra	8	FALSE	Neotropical
Holcoponera	TACTTMPHolcoponera_Neotropical09	Holcoponera_porcata	TACTTMPHolcoponera_Neotropical09_porcata	9	FALSE	Neotropical
Holcoponera	TACTTMPHolcoponera_Neotropical10	Holcoponera_strigata	TACTTMPHolcoponera_Neotropical10_strigata	10	FALSE	Neotropical
Holcoponera	TACTTMPHolcoponera_Oceanian11	Holcoponera_crenaticeps	TACTTMPHolcoponera_Oceanian11_crenaticeps	11	FALSE	Oceanian
Holcoponera	TACTTMPHolcoponera_Oceanian12	Holcoponera_solomonensis	TACTTMPHolcoponera_Oceanian12_solomonensis	12	FALSE	Oceanian
Holcoponera	TACTTMPHolcoponera_Oceanian13	Holcoponera_albiclava	TACTTMPHolcoponera_Oceanian13_albiclava	13	FALSE	Oceanian
Holcoponera	TACTTMPHolcoponera_Indomalayan14	Holcoponera_atrata	TACTTMPHolcoponera_Indomalayan14_atrata	14	FALSE	Indomalayan
Holcoponera	TACTTMPHolcoponera_Australasian15	Holcoponera_cribrata	TACTTMPHolcoponera_Australasian15_cribrata	15	FALSE	Australasian
Holcoponera	TACTTMPHolcoponera_Neotropical16	Holcoponera_relicta	TACTTMPHolcoponera_Neotropical16_relicta	16	FALSE	Neotropical
Holcoponera	TACTTMPHolcoponera_Neotropical17	Holcoponera_mina	TACTTMPHolcoponera_Neotropical17_mina	17	FALSE	Neotropical
Holcoponera	TACTTMPHolcoponera_Neotropical18	Holcoponera_bisulca	TACTTMPHolcoponera_Neotropical18_bisulca	18	FALSE	Neotropical
Hylomyrma	TACTTMPHylomyrma_Neotropical01	Hylomyrma_reginae	TACTTMPHylomyrma_Neotropical01_reginae	1	FALSE	Neotropical
Hylomyrma	TACTTMPHylomyrma_Neotropical02	Hylomyrma_immanis	TACTTMPHylomyrma_Neotropical02_immanis	2	FALSE	Neotropical
Hylomyrma	TACTTMPHylomyrma_Neotropical03	Hylomyrma_versuta	TACTTMPHylomyrma_Neotropical03_versuta	3	FALSE	Neotropical
Hylomyrma	TACTTMPHylomyrma_Neotropical04	Hylomyrma_plumosa	TACTTMPHylomyrma_Neotropical04_plumosa	4	FALSE	Neotropical
Hylomyrma	TACTTMPHylomyrma_Neotropical05	Hylomyrma_dentiloba	TACTTMPHylomyrma_Neotropical05_dentiloba	5	FALSE	Neotropical
Hylomyrma	TACTTMPHylomyrma_Neotropical06	Hylomyrma_blandiens	TACTTMPHylomyrma_Neotropical06_blandiens	6	FALSE	Neotropical
Hylomyrma	TACTTMPHylomyrma_Neotropical07	Hylomyrma_montana	TACTTMPHylomyrma_Neotropical07_montana	7	FALSE	Neotropical
Hylomyrma	TACTTMPHylomyrma_Neotropical08	Hylomyrma_balzani	TACTTMPHylomyrma_Neotropical08_balzani	8	FALSE	Neotropical
Hypoponera	TACTTMPHypoponera_Australasian01	Hypoponera_pruinosa	TACTTMPHypoponera_Australasian01_pruinosa	1	FALSE	Australasian
Hypoponera	TACTTMPHypoponera_Oceanian02	Hypoponera_eutrepta	TACTTMPHypoponera_Oceanian02_eutrepta	2	FALSE	Oceanian
Hypoponera	TACTTMPHypoponera_Afrotropical03	Hypoponera_johannae	TACTTMPHypoponera_Afrotropical03_johannae	3	FALSE	Afrotropical
Hypoponera	TACTTMPHypoponera_Indomalayan04	Hypoponera_javana	TACTTMPHypoponera_Indomalayan04_javana	4	FALSE	Indomalayan
Hypoponera	TACTTMPHypoponera_Oceanian05	Hypoponera_monticola	TACTTMPHypoponera_Oceanian05_monticola	5	FALSE	Oceanian
Hypoponera	TACTTMPHypoponera_Afrotropical06	Hypoponera_ludovicae	TACTTMPHypoponera_Afrotropical06_ludovicae	6	FALSE	Afrotropical
Hypoponera	TACTTMPHypoponera_Afrotropical07	Hypoponera_dulcis	TACTTMPHypoponera_Afrotropical07_dulcis	7	FALSE	Afrotropical
Hypoponera	TACTTMPHypoponera_Palearctic08	Hypoponera_ragusai	TACTTMPHypoponera_Palearctic08_ragusai	8	FALSE	Palearctic
Hypoponera	TACTTMPHypoponera_Unknown09	Hypoponera_ergatandria	TACTTMPHypoponera_Unknown09_ergatandria	9	FALSE	Unknown
Hypoponera	TACTTMPHypoponera_Nearctic10	Hypoponera_punctatissima	TACTTMPHypoponera_Nearctic10_punctatissima	10	FALSE	Nearctic
Hypoponera	TACTTMPHypoponera_Neotropical11	Hypoponera_nitidula	TACTTMPHypoponera_Neotropical11_nitidula	11	FALSE	Neotropical
Hypoponera	TACTTMPHypoponera_Neotropical12	Hypoponera_leveillei	TACTTMPHypoponera_Neotropical12_leveillei	12	FALSE	Neotropical
Hypoponera	TACTTMPHypoponera_Neotropical13	Hypoponera_trigona	TACTTMPHypoponera_Neotropical13_trigona	13	FALSE	Neotropical
Hypoponera	TACTTMPHypoponera_Neotropical14	Hypoponera_opacior	TACTTMPHypoponera_Neotropical14_opacior	14	FALSE	Neotropical
Hypoponera	TACTTMPHypoponera_Neotropical15	Hypoponera_distinguenda	TACTTMPHypoponera_Neotropical15_distinguenda	15	FALSE	Neotropical
Hypoponera	TACTTMPHypoponera_Neotropical16	Hypoponera_foreli	TACTTMPHypoponera_Neotropical16_foreli	16	FALSE	Neotropical
Hypoponera	TACTTMPHypoponera_Nearctic17	Hypoponera_inexorata	TACTTMPHypoponera_Nearctic17_inexorata	17	FALSE	Nearctic
Hypoponera	TACTTMPHypoponera_Neotropical18	Hypoponera_opaciceps	TACTTMPHypoponera_Neotropical18_opaciceps	18	FALSE	Neotropical
Hypoponera	TACTTMPHypoponera_Palearctic19	Hypoponera_eduardi	TACTTMPHypoponera_Palearctic19_eduardi	19	FALSE	Palearctic
Hypoponera	TACTTMPHypoponera_Neotropical20	Hypoponera_aliena	TACTTMPHypoponera_Neotropical20_aliena	20	FALSE	Neotropical
Hypoponera	TACTTMPHypoponera_Neotropical21	Hypoponera_parva	TACTTMPHypoponera_Neotropical21_parva	21	FALSE	Neotropical
Hypoponera	TACTTMPHypoponera_Afrotropical22	Hypoponera_sakalava	TACTTMPHypoponera_Afrotropical22_sakalava	22	FALSE	Afrotropical
Hypoponera	TACTTMPHypoponera_Afrotropical23	Hypoponera_indigens	TACTTMPHypoponera_Afrotropical23_indigens	23	FALSE	Afrotropical
Hypoponera	TACTTMPHypoponera_Afrotropical24	Hypoponera_meridia	TACTTMPHypoponera_Afrotropical24_meridia	24	FALSE	Afrotropical
Hypoponera	TACTTMPHypoponera_Afrotropical25	Hypoponera_producta	TACTTMPHypoponera_Afrotropical25_producta	25	FALSE	Afrotropical
Hypoponera	TACTTMPHypoponera_Afrotropical26	Hypoponera_occidentalis	TACTTMPHypoponera_Afrotropical26_occidentalis	26	FALSE	Afrotropical
Hypoponera	TACTTMPHypoponera_Afrotropical27	Hypoponera_importuna	TACTTMPHypoponera_Afrotropical27_importuna	27	FALSE	Afrotropical
Hypoponera	TACTTMPHypoponera_Afrotropical28	Hypoponera_odiosa	TACTTMPHypoponera_Afrotropical28_odiosa	28	FALSE	Afrotropical
Hypoponera	TACTTMPHypoponera_Afrotropical29	Hypoponera_molesta	TACTTMPHypoponera_Afrotropical29_molesta	29	FALSE	Afrotropical
Hypoponera	TACTTMPHypoponera_Afrotropical30	Hypoponera_tristis	TACTTMPHypoponera_Afrotropical30_tristis	30	FALSE	Afrotropical
Hypoponera	TACTTMPHypoponera_Afrotropical31	Hypoponera_lepida	TACTTMPHypoponera_Afrotropical31_lepida	31	FALSE	Afrotropical
Hypoponera	TACTTMPHypoponera_Afrotropical32	Hypoponera_perparva	TACTTMPHypoponera_Afrotropical32_perparva	32	FALSE	Afrotropical
Hypoponera	TACTTMPHypoponera_Afrotropical33	Hypoponera_angustata	TACTTMPHypoponera_Afrotropical33_angustata	33	FALSE	Afrotropical
Hypoponera	TACTTMPHypoponera_Afrotropical34	Hypoponera_inaudax	TACTTMPHypoponera_Afrotropical34_inaudax	34	FALSE	Afrotropical
Hypoponera	TACTTMPHypoponera_Afrotropical35	Hypoponera_coeca	TACTTMPHypoponera_Afrotropical35_coeca	35	FALSE	Afrotropical
Hypoponera	TACTTMPHypoponera_Afrotropical36	Hypoponera_blanda	TACTTMPHypoponera_Afrotropical36_blanda	36	FALSE	Afrotropical
Hypoponera	TACTTMPHypoponera_Afrotropical37	Hypoponera_camerunensis	TACTTMPHypoponera_Afrotropical37_camerunensis	37	FALSE	Afrotropical
Hypoponera	TACTTMPHypoponera_Palearctic38	Hypoponera_abeillei	TACTTMPHypoponera_Palearctic38_abeillei	38	FALSE	Palearctic
Hypoponera	TACTTMPHypoponera_Afrotropical39	Hypoponera_defessa	TACTTMPHypoponera_Afrotropical39_defessa	39	FALSE	Afrotropical
Hypoponera	TACTTMPHypoponera_Afrotropical40	Hypoponera_hawkesi	TACTTMPHypoponera_Afrotropical40_hawkesi	40	FALSE	Afrotropical
Hypoponera	TACTTMPHypoponera_Afrotropical41	Hypoponera_dis	TACTTMPHypoponera_Afrotropical41_dis	41	FALSE	Afrotropical
Hypoponera	TACTTMPHypoponera_Afrotropical42	Hypoponera_comis	TACTTMPHypoponera_Afrotropical42_comis	42	FALSE	Afrotropical
Hypoponera	TACTTMPHypoponera_Afrotropical43	Hypoponera_aprora	TACTTMPHypoponera_Afrotropical43_aprora	43	FALSE	Afrotropical
Hypoponera	TACTTMPHypoponera_Afrotropical44	Hypoponera_fatiga	TACTTMPHypoponera_Afrotropical44_fatiga	44	FALSE	Afrotropical
Hypoponera	TACTTMPHypoponera_Afrotropical45	Hypoponera_jeanneli	TACTTMPHypoponera_Afrotropical45_jeanneli	45	FALSE	Afrotropical
Hypoponera	TACTTMPHypoponera_Afrotropical46	Hypoponera_exigua	TACTTMPHypoponera_Afrotropical46_exigua	46	FALSE	Afrotropical
Hypoponera	TACTTMPHypoponera_Afrotropical47	Hypoponera_transvaalensis	TACTTMPHypoponera_Afrotropical47_transvaalensis	47	FALSE	Afrotropical
Hypoponera	TACTTMPHypoponera_Afrotropical48	Hypoponera_sulcatinasis	TACTTMPHypoponera_Afrotropical48_sulcatinasis	48	FALSE	Afrotropical
Hypoponera	TACTTMPHypoponera_Afrotropical49	Hypoponera_natalensis	TACTTMPHypoponera_Afrotropical49_natalensis	49	FALSE	Afrotropical
Hypoponera	TACTTMPHypoponera_Afrotropical50	Hypoponera_spei	TACTTMPHypoponera_Afrotropical50_spei	50	FALSE	Afrotropical
Igaponera	TACTTMPIgaponera_Unknown01	Igaponera_sp	TACTTMPIgaponera_Unknown01_sp	1	FALSE	Unknown
Indomyrma	TACTTMPIndomyrma_Indomalayan01	Indomyrma_dasypyx	TACTTMPIndomyrma_Indomalayan01_dasypyx	1	FALSE	Indomalayan
Iridomyrmex	TACTTMPIridomyrmex_Australasian01	Iridomyrmex_spadius	TACTTMPIridomyrmex_Australasian01_spadius	1	FALSE	Australasian
Iridomyrmex	TACTTMPIridomyrmex_Australasian02	Iridomyrmex_purpureus	TACTTMPIridomyrmex_Australasian02_purpureus	2	FALSE	Australasian
Iridomyrmex	TACTTMPIridomyrmex_Australasian03	Iridomyrmex_sanguineus	TACTTMPIridomyrmex_Australasian03_sanguineus	3	FALSE	Australasian
Iridomyrmex	TACTTMPIridomyrmex_Indomalayan04	Iridomyrmex_pallidus	TACTTMPIridomyrmex_Indomalayan04_pallidus	4	FALSE	Indomalayan
Ishakidris	TACTTMPIshakidris_Unknown01	Ishakidris_sp	TACTTMPIshakidris_Unknown01_sp	1	FALSE	Unknown
Kartidris	TACTTMPKartidris_Palearctic01	Kartidris_sparsipila	TACTTMPKartidris_Palearctic01_sparsipila	1	FALSE	Palearctic
Labidus	TACTTMPLabidus_Neotropical01	Labidus_spininodis	TACTTMPLabidus_Neotropical01_spininodis	1	FALSE	Neotropical
Labidus	TACTTMPLabidus_Neotropical02	Labidus_praedator	TACTTMPLabidus_Neotropical02_praedator	2	FALSE	Neotropical
Labidus	TACTTMPLabidus_Unknown03	Labidus_coecus	TACTTMPLabidus_Unknown03_coecus	3	FALSE	Unknown
Lachnomyrmex	TACTTMPLachnomyrmex_Neotropical01	Lachnomyrmex_pilosus	TACTTMPLachnomyrmex_Neotropical01_pilosus	1	FALSE	Neotropical
Lasiomyrma	TACTTMPLasiomyrma_Unknown01	Lasiomyrma_IN01	TACTTMPLasiomyrma_Unknown01_IN01	1	FALSE	Unknown
Lasiophanes	TACTTMPLasiophanes_Neotropical01	Lasiophanes_atriventris	TACTTMPLasiophanes_Neotropical01_atriventris	1	FALSE	Neotropical
Lasius	TACTTMPLasius_Nearctic01	Lasius_subumbratus	TACTTMPLasius_Nearctic01_subumbratus	1	FALSE	Nearctic
Lasius	TACTTMPLasius_Palearctic02	Lasius_sabularum	TACTTMPLasius_Palearctic02_sabularum	2	FALSE	Palearctic
Lasius	TACTTMPLasius_Nearctic03	Lasius_claviger	TACTTMPLasius_Nearctic03_claviger	3	FALSE	Nearctic
Lasius	TACTTMPLasius_Nearctic04	Lasius_latipes	TACTTMPLasius_Nearctic04_latipes	4	FALSE	Nearctic
Lasius	TACTTMPLasius_Nearctic05	Lasius_californicus	TACTTMPLasius_Nearctic05_californicus	5	FALSE	Nearctic
Lasius	TACTTMPLasius_Palearctic06	Lasius_carniolicus	TACTTMPLasius_Palearctic06_carniolicus	6	FALSE	Palearctic
Lasius	TACTTMPLasius_Nearctic07	Lasius_pallitarsis	TACTTMPLasius_Nearctic07_pallitarsis	7	FALSE	Nearctic
Lasius	TACTTMPLasius_Nearctic08	Lasius_atopus	TACTTMPLasius_Nearctic08_atopus	8	FALSE	Nearctic
Lasius	TACTTMPLasius_Palearctic09	Lasius_myops	TACTTMPLasius_Palearctic09_myops	9	FALSE	Palearctic
Lasius	TACTTMPLasius_Unknown10	Lasius_flavus	TACTTMPLasius_Unknown10_flavus	10	FALSE	Unknown
Lasius	TACTTMPLasius_Nearctic11	Lasius_brevicornis	TACTTMPLasius_Nearctic11_brevicornis	11	FALSE	Nearctic
Lasius	TACTTMPLasius_Palearctic12	Lasius_sonobei	TACTTMPLasius_Palearctic12_sonobei	12	FALSE	Palearctic
Lasius	TACTTMPLasius_Nearctic13	Lasius_nearcticus	TACTTMPLasius_Nearctic13_nearcticus	13	FALSE	Nearctic
Lasius	TACTTMPLasius_Palearctic14	Lasius_lasioides	TACTTMPLasius_Palearctic14_lasioides	14	FALSE	Palearctic
Lasius	TACTTMPLasius_Palearctic15	Lasius_brunneus	TACTTMPLasius_Palearctic15_brunneus	15	FALSE	Palearctic
Lasius	TACTTMPLasius_Palearctic16	Lasius_turcicus	TACTTMPLasius_Palearctic16_turcicus	16	FALSE	Palearctic
Lasius	TACTTMPLasius_Unknown17	Lasius_niger	TACTTMPLasius_Unknown17_niger	17	FALSE	Unknown
Lasius	TACTTMPLasius_Nearctic18	Lasius_americanus	TACTTMPLasius_Nearctic18_americanus	18	FALSE	Nearctic
Lasius	TACTTMPLasius_Palearctic19	Lasius_psammophilus	TACTTMPLasius_Palearctic19_psammophilus	19	FALSE	Palearctic
Lasius	TACTTMPLasius_Palearctic20	Lasius_platythorax	TACTTMPLasius_Palearctic20_platythorax	20	FALSE	Palearctic
Lasius	TACTTMPLasius_Palearctic21	Lasius_emarginatus	TACTTMPLasius_Palearctic21_emarginatus	21	FALSE	Palearctic
Lasius	TACTTMPLasius_Palearctic22	Lasius_alienus	TACTTMPLasius_Palearctic22_alienus	22	FALSE	Palearctic
Lasius	TACTTMPLasius_Palearctic23	Lasius_grandis	TACTTMPLasius_Palearctic23_grandis	23	FALSE	Palearctic
Lasius	TACTTMPLasius_Palearctic24	Lasius_cinereus	TACTTMPLasius_Palearctic24_cinereus	24	FALSE	Palearctic
Lasius	TACTTMPLasius_Palearctic25	Lasius_spathepus	TACTTMPLasius_Palearctic25_spathepus	25	FALSE	Palearctic
Lasius	TACTTMPLasius_Palearctic26	Lasius_fuliginosus	TACTTMPLasius_Palearctic26_fuliginosus	26	FALSE	Palearctic
Lasius	TACTTMPLasius_Nearctic27	Lasius_neoniger	TACTTMPLasius_Nearctic27_neoniger	27	FALSE	Nearctic
Lenomyrmex	TACTTMPLenomyrmex_Neotropical01	Lenomyrmex_colwelli	TACTTMPLenomyrmex_Neotropical01_colwelli	1	FALSE	Neotropical
Lepisiota	TACTTMPLepisiota_Afrotropical01	Lepisiota_canescens	TACTTMPLepisiota_Afrotropical01_canescens	1	FALSE	Afrotropical
Leptanilla	TACTTMPLeptanilla_Palearctic01	Leptanilla_argamani	TACTTMPLeptanilla_Palearctic01_argamani	1	FALSE	Palearctic
Leptanilloides	TACTTMPLeptanilloides_Neotropical01	Leptanilloides_gracilis	TACTTMPLeptanilloides_Neotropical01_gracilis	1	FALSE	Neotropical
Leptanilloides	TACTTMPLeptanilloides_Neotropical02	Leptanilloides_erinys	TACTTMPLeptanilloides_Neotropical02_erinys	2	FALSE	Neotropical
Leptanilloides	TACTTMPLeptanilloides_Neotropical03	Leptanilloides_prometeus	TACTTMPLeptanilloides_Neotropical03_prometeus	3	FALSE	Neotropical
Leptanilloides	TACTTMPLeptanilloides_Neotropical04	Leptanilloides_femoralis	TACTTMPLeptanilloides_Neotropical04_femoralis	4	FALSE	Neotropical
Leptanilloides	TACTTMPLeptanilloides_Nearctic05	Leptanilloides_chihuahuaensis	TACTTMPLeptanilloides_Nearctic05_chihuahuaensis	5	FALSE	Nearctic
Leptanilloides	TACTTMPLeptanilloides_Neotropical06	Leptanilloides_copalinga	TACTTMPLeptanilloides_Neotropical06_copalinga	6	FALSE	Neotropical
Leptanilloides	TACTTMPLeptanilloides_Neotropical07	Leptanilloides_nomadus	TACTTMPLeptanilloides_Neotropical07_nomadus	7	FALSE	Neotropical
Leptanilloides	TACTTMPLeptanilloides_Neotropical08	Leptanilloides_mckennae	TACTTMPLeptanilloides_Neotropical08_mckennae	8	FALSE	Neotropical
Leptanilloides	TACTTMPLeptanilloides_Neotropical09	Leptanilloides_nubecula	TACTTMPLeptanilloides_Neotropical09_nubecula	9	FALSE	Neotropical
Leptogenys	TACTTMPLeptogenys_Indomalayan01	Leptogenys_myops	TACTTMPLeptogenys_Indomalayan01_myops	1	FALSE	Indomalayan
Leptogenys	TACTTMPLeptogenys_Australasian02	Leptogenys_borneensis	TACTTMPLeptogenys_Australasian02_borneensis	2	FALSE	Australasian
Leptogenys	TACTTMPLeptogenys_Australasian03	Leptogenys_fortior	TACTTMPLeptogenys_Australasian03_fortior	3	FALSE	Australasian
Leptogenys	TACTTMPLeptogenys_Australasian04	Leptogenys_fallax	TACTTMPLeptogenys_Australasian04_fallax	4	FALSE	Australasian
Leptogenys	TACTTMPLeptogenys_Australasian05	Leptogenys_breviceps	TACTTMPLeptogenys_Australasian05_breviceps	5	FALSE	Australasian
Leptogenys	TACTTMPLeptogenys_Indomalayan06	Leptogenys_mutabilis	TACTTMPLeptogenys_Indomalayan06_mutabilis	6	FALSE	Indomalayan
Leptogenys	TACTTMPLeptogenys_Indomalayan07	Leptogenys_processionalis	TACTTMPLeptogenys_Indomalayan07_processionalis	7	FALSE	Indomalayan
Leptogenys	TACTTMPLeptogenys_Indomalayan08	Leptogenys_birmana	TACTTMPLeptogenys_Indomalayan08_birmana	8	FALSE	Indomalayan
Leptogenys	TACTTMPLeptogenys_Indomalayan09	Leptogenys_yerburyi	TACTTMPLeptogenys_Indomalayan09_yerburyi	9	FALSE	Indomalayan
Leptogenys	TACTTMPLeptogenys_Indomalayan10	Leptogenys_parvula	TACTTMPLeptogenys_Indomalayan10_parvula	10	FALSE	Indomalayan
Leptogenys	TACTTMPLeptogenys_Australasian11	Leptogenys_conigera	TACTTMPLeptogenys_Australasian11_conigera	11	FALSE	Australasian
Leptogenys	TACTTMPLeptogenys_Australasian12	Leptogenys_angustinoda	TACTTMPLeptogenys_Australasian12_angustinoda	12	FALSE	Australasian
Leptogenys	TACTTMPLeptogenys_Australasian13	Leptogenys_adlerzi	TACTTMPLeptogenys_Australasian13_adlerzi	13	FALSE	Australasian
Leptogenys	TACTTMPLeptogenys_Australasian14	Leptogenys_neutralis	TACTTMPLeptogenys_Australasian14_neutralis	14	FALSE	Australasian
Leptogenys	TACTTMPLeptogenys_Australasian15	Leptogenys_darlingtoni	TACTTMPLeptogenys_Australasian15_darlingtoni	15	FALSE	Australasian
Leptogenys	TACTTMPLeptogenys_Australasian16	Leptogenys_exigua	TACTTMPLeptogenys_Australasian16_exigua	16	FALSE	Australasian
Leptogenys	TACTTMPLeptogenys_Australasian17	Leptogenys_keysseri	TACTTMPLeptogenys_Australasian17_keysseri	17	FALSE	Australasian
Leptogenys	TACTTMPLeptogenys_Australasian18	Leptogenys_excisa	TACTTMPLeptogenys_Australasian18_excisa	18	FALSE	Australasian
Leptogenys	TACTTMPLeptogenys_Australasian19	Leptogenys_turneri	TACTTMPLeptogenys_Australasian19_turneri	19	FALSE	Australasian
Leptogenys	TACTTMPLeptogenys_Australasian20	Leptogenys_sjostedti	TACTTMPLeptogenys_Australasian20_sjostedti	20	FALSE	Australasian
Leptogenys	TACTTMPLeptogenys_Australasian21	Leptogenys_rouxi	TACTTMPLeptogenys_Australasian21_rouxi	21	FALSE	Australasian
Leptogenys	TACTTMPLeptogenys_Australasian22	Leptogenys_acutangula	TACTTMPLeptogenys_Australasian22_acutangula	22	FALSE	Australasian
Leptogenys	TACTTMPLeptogenys_Australasian23	Leptogenys_mjobergi	TACTTMPLeptogenys_Australasian23_mjobergi	23	FALSE	Australasian
Leptogenys	TACTTMPLeptogenys_Australasian24	Leptogenys_anitae	TACTTMPLeptogenys_Australasian24_anitae	24	FALSE	Australasian
Leptogenys	TACTTMPLeptogenys_Palearctic25	Leptogenys_mengzii	TACTTMPLeptogenys_Palearctic25_mengzii	25	FALSE	Palearctic
Leptogenys	TACTTMPLeptogenys_Indomalayan26	Leptogenys_kraepelini	TACTTMPLeptogenys_Indomalayan26_kraepelini	26	FALSE	Indomalayan
Leptogenys	TACTTMPLeptogenys_Australasian27	Leptogenys_purpurea	TACTTMPLeptogenys_Australasian27_purpurea	27	FALSE	Australasian
Leptogenys	TACTTMPLeptogenys_Indomalayan28	Leptogenys_diminuta	TACTTMPLeptogenys_Indomalayan28_diminuta	28	FALSE	Indomalayan
Leptogenys	TACTTMPLeptogenys_Australasian29	Leptogenys_violacea	TACTTMPLeptogenys_Australasian29_violacea	29	FALSE	Australasian
Leptogenys	TACTTMPLeptogenys_Australasian30	Leptogenys_nitens	TACTTMPLeptogenys_Australasian30_nitens	30	FALSE	Australasian
Leptogenys	TACTTMPLeptogenys_Palearctic31	Leptogenys_kitteli	TACTTMPLeptogenys_Palearctic31_kitteli	31	FALSE	Palearctic
Leptogenys	TACTTMPLeptogenys_Palearctic32	Leptogenys_confucii	TACTTMPLeptogenys_Palearctic32_confucii	32	FALSE	Palearctic
Leptogenys	TACTTMPLeptogenys_Indomalayan33	Leptogenys_harmsi	TACTTMPLeptogenys_Indomalayan33_harmsi	33	FALSE	Indomalayan
Leptogenys	TACTTMPLeptogenys_Australasian34	Leptogenys_bituberculata	TACTTMPLeptogenys_Australasian34_bituberculata	34	FALSE	Australasian
Leptogenys	TACTTMPLeptogenys_Afrotropical35	Leptogenys_comajojo	TACTTMPLeptogenys_Afrotropical35_comajojo	35	FALSE	Afrotropical
Leptogenys	TACTTMPLeptogenys_Afrotropical36	Leptogenys_schwabi	TACTTMPLeptogenys_Afrotropical36_schwabi	36	FALSE	Afrotropical
Leptogenys	TACTTMPLeptogenys_Afrotropical37	Leptogenys_leiothorax	TACTTMPLeptogenys_Afrotropical37_leiothorax	37	FALSE	Afrotropical
Leptogenys	TACTTMPLeptogenys_Afrotropical38	Leptogenys_regis	TACTTMPLeptogenys_Afrotropical38_regis	38	FALSE	Afrotropical
Leptogenys	TACTTMPLeptogenys_Afrotropical39	Leptogenys_stuhlmanni	TACTTMPLeptogenys_Afrotropical39_stuhlmanni	39	FALSE	Afrotropical
Leptogenys	TACTTMPLeptogenys_Afrotropical40	Leptogenys_camerunensis	TACTTMPLeptogenys_Afrotropical40_camerunensis	40	FALSE	Afrotropical
Leptogenys	TACTTMPLeptogenys_Afrotropical41	Leptogenys_titan	TACTTMPLeptogenys_Afrotropical41_titan	41	FALSE	Afrotropical
Leptogenys	TACTTMPLeptogenys_Afrotropical42	Leptogenys_grandidieri	TACTTMPLeptogenys_Afrotropical42_grandidieri	42	FALSE	Afrotropical
Leptogenys	TACTTMPLeptogenys_Afrotropical43	Leptogenys_edsoni	TACTTMPLeptogenys_Afrotropical43_edsoni	43	FALSE	Afrotropical
Leptogenys	TACTTMPLeptogenys_Afrotropical44	Leptogenys_alamando	TACTTMPLeptogenys_Afrotropical44_alamando	44	FALSE	Afrotropical
Leptogenys	TACTTMPLeptogenys_Afrotropical45	Leptogenys_fiandry	TACTTMPLeptogenys_Afrotropical45_fiandry	45	FALSE	Afrotropical
Leptogenys	TACTTMPLeptogenys_Afrotropical46	Leptogenys_anjara	TACTTMPLeptogenys_Afrotropical46_anjara	46	FALSE	Afrotropical
Leptogenys	TACTTMPLeptogenys_Afrotropical47	Leptogenys_malama	TACTTMPLeptogenys_Afrotropical47_malama	47	FALSE	Afrotropical
Leptogenys	TACTTMPLeptogenys_Afrotropical48	Leptogenys_lucida	TACTTMPLeptogenys_Afrotropical48_lucida	48	FALSE	Afrotropical
Leptogenys	TACTTMPLeptogenys_Afrotropical49	Leptogenys_johary	TACTTMPLeptogenys_Afrotropical49_johary	49	FALSE	Afrotropical
Leptogenys	TACTTMPLeptogenys_Afrotropical50	Leptogenys_mangabe	TACTTMPLeptogenys_Afrotropical50_mangabe	50	FALSE	Afrotropical
Leptogenys	TACTTMPLeptogenys_Afrotropical51	Leptogenys_angusta	TACTTMPLeptogenys_Afrotropical51_angusta	51	FALSE	Afrotropical
Leptogenys	TACTTMPLeptogenys_Afrotropical52	Leptogenys_variabilis	TACTTMPLeptogenys_Afrotropical52_variabilis	52	FALSE	Afrotropical
Leptogenys	TACTTMPLeptogenys_Afrotropical53	Leptogenys_fasika	TACTTMPLeptogenys_Afrotropical53_fasika	53	FALSE	Afrotropical
Leptogenys	TACTTMPLeptogenys_Afrotropical54	Leptogenys_coerulescens	TACTTMPLeptogenys_Afrotropical54_coerulescens	54	FALSE	Afrotropical
Leptogenys	TACTTMPLeptogenys_Palearctic55	Leptogenys_chinensis	TACTTMPLeptogenys_Palearctic55_chinensis	55	FALSE	Palearctic
Leptogenys	TACTTMPLeptogenys_Afrotropical56	Leptogenys_toeraniva	TACTTMPLeptogenys_Afrotropical56_toeraniva	56	FALSE	Afrotropical
Leptogenys	TACTTMPLeptogenys_Afrotropical57	Leptogenys_bezanozano	TACTTMPLeptogenys_Afrotropical57_bezanozano	57	FALSE	Afrotropical
Leptogenys	TACTTMPLeptogenys_Afrotropical58	Leptogenys_avo	TACTTMPLeptogenys_Afrotropical58_avo	58	FALSE	Afrotropical
Leptogenys	TACTTMPLeptogenys_Afrotropical59	Leptogenys_avaratra	TACTTMPLeptogenys_Afrotropical59_avaratra	59	FALSE	Afrotropical
Leptogenys	TACTTMPLeptogenys_Afrotropical60	Leptogenys_rabesoni	TACTTMPLeptogenys_Afrotropical60_rabesoni	60	FALSE	Afrotropical
Leptogenys	TACTTMPLeptogenys_Afrotropical61	Leptogenys_rabebe	TACTTMPLeptogenys_Afrotropical61_rabebe	61	FALSE	Afrotropical
Leptogenys	TACTTMPLeptogenys_Afrotropical62	Leptogenys_tsingy	TACTTMPLeptogenys_Afrotropical62_tsingy	62	FALSE	Afrotropical
Leptogenys	TACTTMPLeptogenys_Afrotropical63	Leptogenys_namoroka	TACTTMPLeptogenys_Afrotropical63_namoroka	63	FALSE	Afrotropical
Leptogenys	TACTTMPLeptogenys_Afrotropical64	Leptogenys_fotsivava	TACTTMPLeptogenys_Afrotropical64_fotsivava	64	FALSE	Afrotropical
Leptogenys	TACTTMPLeptogenys_Afrotropical65	Leptogenys_arcirostris	TACTTMPLeptogenys_Afrotropical65_arcirostris	65	FALSE	Afrotropical
Leptogenys	TACTTMPLeptogenys_Afrotropical66	Leptogenys_alatapia	TACTTMPLeptogenys_Afrotropical66_alatapia	66	FALSE	Afrotropical
Leptogenys	TACTTMPLeptogenys_Afrotropical67	Leptogenys_ridens	TACTTMPLeptogenys_Afrotropical67_ridens	67	FALSE	Afrotropical
Leptogenys	TACTTMPLeptogenys_Afrotropical68	Leptogenys_borivava	TACTTMPLeptogenys_Afrotropical68_borivava	68	FALSE	Afrotropical
Leptogenys	TACTTMPLeptogenys_Afrotropical69	Leptogenys_vitsy	TACTTMPLeptogenys_Afrotropical69_vitsy	69	FALSE	Afrotropical
Leptogenys	TACTTMPLeptogenys_Afrotropical70	Leptogenys_sahamalaza	TACTTMPLeptogenys_Afrotropical70_sahamalaza	70	FALSE	Afrotropical
Leptogenys	TACTTMPLeptogenys_Afrotropical71	Leptogenys_voeltzkowi	TACTTMPLeptogenys_Afrotropical71_voeltzkowi	71	FALSE	Afrotropical
Leptogenys	TACTTMPLeptogenys_Afrotropical72	Leptogenys_chrislaini	TACTTMPLeptogenys_Afrotropical72_chrislaini	72	FALSE	Afrotropical
Leptogenys	TACTTMPLeptogenys_Afrotropical73	Leptogenys_barimaso	TACTTMPLeptogenys_Afrotropical73_barimaso	73	FALSE	Afrotropical
Leptogenys	TACTTMPLeptogenys_Afrotropical74	Leptogenys_lavavava	TACTTMPLeptogenys_Afrotropical74_lavavava	74	FALSE	Afrotropical
Leptogenys	TACTTMPLeptogenys_Afrotropical75	Leptogenys_tatsimo	TACTTMPLeptogenys_Afrotropical75_tatsimo	75	FALSE	Afrotropical
Leptogenys	TACTTMPLeptogenys_Afrotropical76	Leptogenys_manja	TACTTMPLeptogenys_Afrotropical76_manja	76	FALSE	Afrotropical
Leptogenys	TACTTMPLeptogenys_Afrotropical77	Leptogenys_imerinensis	TACTTMPLeptogenys_Afrotropical77_imerinensis	77	FALSE	Afrotropical
Leptogenys	TACTTMPLeptogenys_Afrotropical78	Leptogenys_namana	TACTTMPLeptogenys_Afrotropical78_namana	78	FALSE	Afrotropical
Leptogenys	TACTTMPLeptogenys_Afrotropical79	Leptogenys_oswaldi	TACTTMPLeptogenys_Afrotropical79_oswaldi	79	FALSE	Afrotropical
Leptogenys	TACTTMPLeptogenys_Afrotropical80	Leptogenys_antongilensis	TACTTMPLeptogenys_Afrotropical80_antongilensis	80	FALSE	Afrotropical
Leptogenys	TACTTMPLeptogenys_Afrotropical81	Leptogenys_suarensis	TACTTMPLeptogenys_Afrotropical81_suarensis	81	FALSE	Afrotropical
Leptogenys	TACTTMPLeptogenys_Afrotropical82	Leptogenys_gracilis	TACTTMPLeptogenys_Afrotropical82_gracilis	82	FALSE	Afrotropical
Leptogenys	TACTTMPLeptogenys_Afrotropical83	Leptogenys_truncatirostris	TACTTMPLeptogenys_Afrotropical83_truncatirostris	83	FALSE	Afrotropical
Leptogenys	TACTTMPLeptogenys_Afrotropical84	Leptogenys_diana	TACTTMPLeptogenys_Afrotropical84_diana	84	FALSE	Afrotropical
Leptogenys	TACTTMPLeptogenys_Afrotropical85	Leptogenys_pilaka	TACTTMPLeptogenys_Afrotropical85_pilaka	85	FALSE	Afrotropical
Leptogenys	TACTTMPLeptogenys_Afrotropical86	Leptogenys_alluaudi	TACTTMPLeptogenys_Afrotropical86_alluaudi	86	FALSE	Afrotropical
Leptogenys	TACTTMPLeptogenys_Afrotropical87	Leptogenys_incisa	TACTTMPLeptogenys_Afrotropical87_incisa	87	FALSE	Afrotropical
Leptogenys	TACTTMPLeptogenys_Afrotropical88	Leptogenys_mayotte	TACTTMPLeptogenys_Afrotropical88_mayotte	88	FALSE	Afrotropical
Leptogenys	TACTTMPLeptogenys_Afrotropical89	Leptogenys_maxillosa	TACTTMPLeptogenys_Afrotropical89_maxillosa	89	FALSE	Afrotropical
Leptogenys	TACTTMPLeptogenys_Indomalayan90	Leptogenys_falcigera	TACTTMPLeptogenys_Indomalayan90_falcigera	90	FALSE	Indomalayan
Leptogenys	TACTTMPLeptogenys_Afrotropical91	Leptogenys_pavesii	TACTTMPLeptogenys_Afrotropical91_pavesii	91	FALSE	Afrotropical
Leptogenys	TACTTMPLeptogenys_Afrotropical92	Leptogenys_peringueyi	TACTTMPLeptogenys_Afrotropical92_peringueyi	92	FALSE	Afrotropical
Leptogenys	TACTTMPLeptogenys_Afrotropical93	Leptogenys_havilandi	TACTTMPLeptogenys_Afrotropical93_havilandi	93	FALSE	Afrotropical
Leptogenys	TACTTMPLeptogenys_Afrotropical94	Leptogenys_arnoldi	TACTTMPLeptogenys_Afrotropical94_arnoldi	94	FALSE	Afrotropical
Leptogenys	TACTTMPLeptogenys_Oceanian95	Leptogenys_letilae	TACTTMPLeptogenys_Oceanian95_letilae	95	FALSE	Oceanian
Leptogenys	TACTTMPLeptogenys_Oceanian96	Leptogenys_hebrideana	TACTTMPLeptogenys_Oceanian96_hebrideana	96	FALSE	Oceanian
Leptogenys	TACTTMPLeptogenys_Afrotropical97	Leptogenys_khaura	TACTTMPLeptogenys_Afrotropical97_khaura	97	FALSE	Afrotropical
Leptogenys	TACTTMPLeptogenys_Afrotropical98	Leptogenys_cryptica	TACTTMPLeptogenys_Afrotropical98_cryptica	98	FALSE	Afrotropical
Leptogenys	TACTTMPLeptogenys_Afrotropical99	Leptogenys_honoria	TACTTMPLeptogenys_Afrotropical99_honoria	99	FALSE	Afrotropical
Leptogenys	TACTTMPLeptogenys_Neotropical100	Leptogenys_punctaticeps	TACTTMPLeptogenys_Neotropical100_punctaticeps	100	FALSE	Neotropical
Leptogenys	TACTTMPLeptogenys_Neotropical101	Leptogenys_pubiceps	TACTTMPLeptogenys_Neotropical101_pubiceps	101	FALSE	Neotropical
Leptogenys	TACTTMPLeptogenys_Neotropical102	Leptogenys_peruana	TACTTMPLeptogenys_Neotropical102_peruana	102	FALSE	Neotropical
Leptogenys	TACTTMPLeptogenys_Neotropical103	Leptogenys_arcuata	TACTTMPLeptogenys_Neotropical103_arcuata	103	FALSE	Neotropical
Leptogenys	TACTTMPLeptogenys_Neotropical104	Leptogenys_unistimulosa	TACTTMPLeptogenys_Neotropical104_unistimulosa	104	FALSE	Neotropical
Leptogenys	TACTTMPLeptogenys_Neotropical105	Leptogenys_montuosa	TACTTMPLeptogenys_Neotropical105_montuosa	105	FALSE	Neotropical
Leptogenys	TACTTMPLeptogenys_Neotropical106	Leptogenys_donisthorpei	TACTTMPLeptogenys_Neotropical106_donisthorpei	106	FALSE	Neotropical
Leptogenys	TACTTMPLeptogenys_Neotropical107	Leptogenys_gatu	TACTTMPLeptogenys_Neotropical107_gatu	107	FALSE	Neotropical
Leptogenys	TACTTMPLeptogenys_Afrotropical108	Leptogenys_excellens	TACTTMPLeptogenys_Afrotropical108_excellens	108	FALSE	Afrotropical
Leptogenys	TACTTMPLeptogenys_Afrotropical109	Leptogenys_crustosa	TACTTMPLeptogenys_Afrotropical109_crustosa	109	FALSE	Afrotropical
Leptogenys	TACTTMPLeptogenys_Afrotropical110	Leptogenys_conradti	TACTTMPLeptogenys_Afrotropical110_conradti	110	FALSE	Afrotropical
Leptogenys	TACTTMPLeptogenys_Afrotropical111	Leptogenys_occidentalis	TACTTMPLeptogenys_Afrotropical111_occidentalis	111	FALSE	Afrotropical
Leptogenys	TACTTMPLeptogenys_Afrotropical112	Leptogenys_bubastis	TACTTMPLeptogenys_Afrotropical112_bubastis	112	FALSE	Afrotropical
Leptogenys	TACTTMPLeptogenys_Afrotropical113	Leptogenys_amon	TACTTMPLeptogenys_Afrotropical113_amon	113	FALSE	Afrotropical
Leptogenys	TACTTMPLeptogenys_Afrotropical114	Leptogenys_ergatogyna	TACTTMPLeptogenys_Afrotropical114_ergatogyna	114	FALSE	Afrotropical
Leptogenys	TACTTMPLeptogenys_Afrotropical115	Leptogenys_manongarivo	TACTTMPLeptogenys_Afrotropical115_manongarivo	115	FALSE	Afrotropical
Leptogenys	TACTTMPLeptogenys_Afrotropical116	Leptogenys_attenuata	TACTTMPLeptogenys_Afrotropical116_attenuata	116	FALSE	Afrotropical
Leptogenys	TACTTMPLeptogenys_Afrotropical117	Leptogenys_mactans	TACTTMPLeptogenys_Afrotropical117_mactans	117	FALSE	Afrotropical
Leptogenys	TACTTMPLeptogenys_Afrotropical118	Leptogenys_ferrarii	TACTTMPLeptogenys_Afrotropical118_ferrarii	118	FALSE	Afrotropical
Leptogenys	TACTTMPLeptogenys_Afrotropical119	Leptogenys_intermedia	TACTTMPLeptogenys_Afrotropical119_intermedia	119	FALSE	Afrotropical
Leptogenys	TACTTMPLeptogenys_Afrotropical120	Leptogenys_castanea	TACTTMPLeptogenys_Afrotropical120_castanea	120	FALSE	Afrotropical
Leptogenys	TACTTMPLeptogenys_Neotropical121	Leptogenys_iheringi	TACTTMPLeptogenys_Neotropical121_iheringi	121	FALSE	Neotropical
Leptogenys	TACTTMPLeptogenys_Neotropical122	Leptogenys_crudelis	TACTTMPLeptogenys_Neotropical122_crudelis	122	FALSE	Neotropical
Leptogenys	TACTTMPLeptogenys_Neotropical123	Leptogenys_luederwaldti	TACTTMPLeptogenys_Neotropical123_luederwaldti	123	FALSE	Neotropical
Leptogenys	TACTTMPLeptogenys_Neotropical124	Leptogenys_amu	TACTTMPLeptogenys_Neotropical124_amu	124	FALSE	Neotropical
Leptogenys	TACTTMPLeptogenys_Neotropical125	Leptogenys_quirozi	TACTTMPLeptogenys_Neotropical125_quirozi	125	FALSE	Neotropical
Leptogenys	TACTTMPLeptogenys_Neotropical126	Leptogenys_ixta	TACTTMPLeptogenys_Neotropical126_ixta	126	FALSE	Neotropical
Leptogenys	TACTTMPLeptogenys_Neotropical127	Leptogenys_wheeleri	TACTTMPLeptogenys_Neotropical127_wheeleri	127	FALSE	Neotropical
Leptogenys	TACTTMPLeptogenys_Neotropical128	Leptogenys_maya	TACTTMPLeptogenys_Neotropical128_maya	128	FALSE	Neotropical
Leptogenys	TACTTMPLeptogenys_Neotropical129	Leptogenys_imperatrix	TACTTMPLeptogenys_Neotropical129_imperatrix	129	FALSE	Neotropical
Leptogenys	TACTTMPLeptogenys_Neotropical130	Leptogenys_peninsularis	TACTTMPLeptogenys_Neotropical130_peninsularis	130	FALSE	Neotropical
Leptogenys	TACTTMPLeptogenys_Nearctic131	Leptogenys_elongata	TACTTMPLeptogenys_Nearctic131_elongata	131	FALSE	Nearctic
Leptogenys	TACTTMPLeptogenys_Neotropical132	Leptogenys_oaxaca	TACTTMPLeptogenys_Neotropical132_oaxaca	132	FALSE	Neotropical
Leptogenys	TACTTMPLeptogenys_Neotropical133	Leptogenys_cordoba	TACTTMPLeptogenys_Neotropical133_cordoba	133	FALSE	Neotropical
Leptogenys	TACTTMPLeptogenys_Neotropical134	Leptogenys_consanguinea	TACTTMPLeptogenys_Neotropical134_consanguinea	134	FALSE	Neotropical
Leptogenys	TACTTMPLeptogenys_Neotropical135	Leptogenys_kiche	TACTTMPLeptogenys_Neotropical135_kiche	135	FALSE	Neotropical
Leptogenys	TACTTMPLeptogenys_Neotropical136	Leptogenys_yocota	TACTTMPLeptogenys_Neotropical136_yocota	136	FALSE	Neotropical
Leptogenys	TACTTMPLeptogenys_Neotropical137	Leptogenys_quiriguana	TACTTMPLeptogenys_Neotropical137_quiriguana	137	FALSE	Neotropical
Leptogenys	TACTTMPLeptogenys_Neotropical138	Leptogenys_gagates	TACTTMPLeptogenys_Neotropical138_gagates	138	FALSE	Neotropical
Leptogenys	TACTTMPLeptogenys_Neotropical139	Leptogenys_rufa	TACTTMPLeptogenys_Neotropical139_rufa	139	FALSE	Neotropical
Leptogenys	TACTTMPLeptogenys_Neotropical140	Leptogenys_pusilla	TACTTMPLeptogenys_Neotropical140_pusilla	140	FALSE	Neotropical
Leptogenys	TACTTMPLeptogenys_Neotropical141	Leptogenys_josephi	TACTTMPLeptogenys_Neotropical141_josephi	141	FALSE	Neotropical
Leptogenys	TACTTMPLeptogenys_Neotropical142	Leptogenys_quadrata	TACTTMPLeptogenys_Neotropical142_quadrata	142	FALSE	Neotropical
Leptogenys	TACTTMPLeptogenys_Neotropical143	Leptogenys_ritae	TACTTMPLeptogenys_Neotropical143_ritae	143	FALSE	Neotropical
Leptogenys	TACTTMPLeptogenys_Neotropical144	Leptogenys_pinna	TACTTMPLeptogenys_Neotropical144_pinna	144	FALSE	Neotropical
Leptogenys	TACTTMPLeptogenys_Neotropical145	Leptogenys_famelica	TACTTMPLeptogenys_Neotropical145_famelica	145	FALSE	Neotropical
Leptogenys	TACTTMPLeptogenys_Neotropical146	Leptogenys_tiobil	TACTTMPLeptogenys_Neotropical146_tiobil	146	FALSE	Neotropical
Leptogenys	TACTTMPLeptogenys_Neotropical147	Leptogenys_carbonaria	TACTTMPLeptogenys_Neotropical147_carbonaria	147	FALSE	Neotropical
Leptogenys	TACTTMPLeptogenys_Neotropical148	Leptogenys_erugata	TACTTMPLeptogenys_Neotropical148_erugata	148	FALSE	Neotropical
Leptogenys	TACTTMPLeptogenys_Neotropical149	Leptogenys_deborae	TACTTMPLeptogenys_Neotropical149_deborae	149	FALSE	Neotropical
Leptogenys	TACTTMPLeptogenys_Neotropical150	Leptogenys_volcanica	TACTTMPLeptogenys_Neotropical150_volcanica	150	FALSE	Neotropical
Leptogenys	TACTTMPLeptogenys_Neotropical151	Leptogenys_gaigei	TACTTMPLeptogenys_Neotropical151_gaigei	151	FALSE	Neotropical
Leptogenys	TACTTMPLeptogenys_Afrotropical152	Leptogenys_vatovavy	TACTTMPLeptogenys_Afrotropical152_vatovavy	152	FALSE	Afrotropical
Leptogenys	TACTTMPLeptogenys_Afrotropical153	Leptogenys_andritantely	TACTTMPLeptogenys_Afrotropical153_andritantely	153	FALSE	Afrotropical
Leptogenys	TACTTMPLeptogenys_Afrotropical154	Leptogenys_ralipra	TACTTMPLeptogenys_Afrotropical154_ralipra	154	FALSE	Afrotropical
Leptogenys	TACTTMPLeptogenys_Afrotropical155	Leptogenys_ambo	TACTTMPLeptogenys_Afrotropical155_ambo	155	FALSE	Afrotropical
Leptogenys	TACTTMPLeptogenys_Afrotropical156	Leptogenys_lohahela	TACTTMPLeptogenys_Afrotropical156_lohahela	156	FALSE	Afrotropical
Leptogenys	TACTTMPLeptogenys_Afrotropical157	Leptogenys_acutirostris	TACTTMPLeptogenys_Afrotropical157_acutirostris	157	FALSE	Afrotropical
Leptogenys	TACTTMPLeptogenys_Afrotropical158	Leptogenys_saussurei	TACTTMPLeptogenys_Afrotropical158_saussurei	158	FALSE	Afrotropical
Leptogenys	TACTTMPLeptogenys_Afrotropical159	Leptogenys_sulcinoda	TACTTMPLeptogenys_Afrotropical159_sulcinoda	159	FALSE	Afrotropical
Leptogenys	TACTTMPLeptogenys_Australasian160	Leptogenys_iridescens	TACTTMPLeptogenys_Australasian160_iridescens	160	FALSE	Australasian
Leptogenys	TACTTMPLeptogenys_Indomalayan161	Leptogenys_crassicornis	TACTTMPLeptogenys_Indomalayan161_crassicornis	161	FALSE	Indomalayan
Leptomyrmex	TACTTMPLeptomyrmex_Australasian01	Leptomyrmex_puberulus	TACTTMPLeptomyrmex_Australasian01_puberulus	1	FALSE	Australasian
Leptomyrmex	TACTTMPLeptomyrmex_Indomalayan02	Leptomyrmex_flavitarsus	TACTTMPLeptomyrmex_Indomalayan02_flavitarsus	2	FALSE	Indomalayan
Leptomyrmex	TACTTMPLeptomyrmex_Australasian03	Leptomyrmex_darlingtoni	TACTTMPLeptomyrmex_Australasian03_darlingtoni	3	FALSE	Australasian
Leptomyrmex	TACTTMPLeptomyrmex_Australasian04	Leptomyrmex_niger	TACTTMPLeptomyrmex_Australasian04_niger	4	FALSE	Australasian
Leptomyrmex	TACTTMPLeptomyrmex_Indomalayan05	Leptomyrmex_fragilis	TACTTMPLeptomyrmex_Indomalayan05_fragilis	5	FALSE	Indomalayan
Leptomyrmex	TACTTMPLeptomyrmex_Australasian06	Leptomyrmex_varians	TACTTMPLeptomyrmex_Australasian06_varians	6	FALSE	Australasian
Leptomyrmex	TACTTMPLeptomyrmex_Australasian07	Leptomyrmex_unicolor	TACTTMPLeptomyrmex_Australasian07_unicolor	7	FALSE	Australasian
Leptomyrmex	TACTTMPLeptomyrmex_Australasian08	Leptomyrmex_mjobergi	TACTTMPLeptomyrmex_Australasian08_mjobergi	8	FALSE	Australasian
Leptomyrmex	TACTTMPLeptomyrmex_Australasian09	Leptomyrmex_ruficeps	TACTTMPLeptomyrmex_Australasian09_ruficeps	9	FALSE	Australasian
Leptomyrmex	TACTTMPLeptomyrmex_Australasian10	Leptomyrmex_rothneyi	TACTTMPLeptomyrmex_Australasian10_rothneyi	10	FALSE	Australasian
Leptomyrmex	TACTTMPLeptomyrmex_Australasian11	Leptomyrmex_rufipes	TACTTMPLeptomyrmex_Australasian11_rufipes	11	FALSE	Australasian
Leptomyrmex	TACTTMPLeptomyrmex_Australasian12	Leptomyrmex_rufithorax	TACTTMPLeptomyrmex_Australasian12_rufithorax	12	FALSE	Australasian
Leptomyrmex	TACTTMPLeptomyrmex_Australasian13	Leptomyrmex_pallens	TACTTMPLeptomyrmex_Australasian13_pallens	13	FALSE	Australasian
Leptomyrmex	TACTTMPLeptomyrmex_Australasian14	Leptomyrmex_nigriceps	TACTTMPLeptomyrmex_Australasian14_nigriceps	14	FALSE	Australasian
Leptomyrmex	TACTTMPLeptomyrmex_Australasian15	Leptomyrmex_geniculatus	TACTTMPLeptomyrmex_Australasian15_geniculatus	15	FALSE	Australasian
Leptomyrmex	TACTTMPLeptomyrmex_Australasian16	Leptomyrmex_erythrocephalus	TACTTMPLeptomyrmex_Australasian16_erythrocephalus	16	FALSE	Australasian
Leptomyrmex	TACTTMPLeptomyrmex_Australasian17	Leptomyrmex_cnemidatus	TACTTMPLeptomyrmex_Australasian17_cnemidatus	17	FALSE	Australasian
Leptomyrmex	TACTTMPLeptomyrmex_Australasian18	Leptomyrmex_wiburdi	TACTTMPLeptomyrmex_Australasian18_wiburdi	18	FALSE	Australasian
Leptomyrmex	TACTTMPLeptomyrmex_Australasian19	Leptomyrmex_tibialis	TACTTMPLeptomyrmex_Australasian19_tibialis	19	FALSE	Australasian
Leptomyrmex	TACTTMPLeptomyrmex_Australasian20	Leptomyrmex_nigriventris	TACTTMPLeptomyrmex_Australasian20_nigriventris	20	FALSE	Australasian
Leptomyrmex	TACTTMPLeptomyrmex_Australasian21	Leptomyrmex_garretti	TACTTMPLeptomyrmex_Australasian21_garretti	21	FALSE	Australasian
Leptomyrmex	TACTTMPLeptomyrmex_Australasian22	Leptomyrmex_dolichoscapus	TACTTMPLeptomyrmex_Australasian22_dolichoscapus	22	FALSE	Australasian
Leptomyrmex	TACTTMPLeptomyrmex_Australasian23	Leptomyrmex_burwelli	TACTTMPLeptomyrmex_Australasian23_burwelli	23	FALSE	Australasian
Leptomyrmex	TACTTMPLeptomyrmex_Neotropical24	Leptomyrmex_relictus	TACTTMPLeptomyrmex_Neotropical24_relictus	24	FALSE	Neotropical
Leptothorax	TACTTMPLeptothorax_Palearctic01	Leptothorax_muscorum	TACTTMPLeptothorax_Palearctic01_muscorum	1	FALSE	Palearctic
Leptothorax	TACTTMPLeptothorax_Nearctic02	Leptothorax_athabasca	TACTTMPLeptothorax_Nearctic02_athabasca	2	FALSE	Nearctic
Leptothorax	TACTTMPLeptothorax_Palearctic03	Leptothorax_acervorum	TACTTMPLeptothorax_Palearctic03_acervorum	3	FALSE	Palearctic
Linepithema	TACTTMPLinepithema_Neotropical01	Linepithema_pulex	TACTTMPLinepithema_Neotropical01_pulex	1	FALSE	Neotropical
Linepithema	TACTTMPLinepithema_Neotropical02	Linepithema_aztecoides	TACTTMPLinepithema_Neotropical02_aztecoides	2	FALSE	Neotropical
Linepithema	TACTTMPLinepithema_Neotropical03	Linepithema_iniquum	TACTTMPLinepithema_Neotropical03_iniquum	3	FALSE	Neotropical
Linepithema	TACTTMPLinepithema_Neotropical04	Linepithema_dispertitum	TACTTMPLinepithema_Neotropical04_dispertitum	4	FALSE	Neotropical
Linepithema	TACTTMPLinepithema_Neotropical05	Linepithema_micans	TACTTMPLinepithema_Neotropical05_micans	5	FALSE	Neotropical
Linepithema	TACTTMPLinepithema_Neotropical06	Linepithema_anathema	TACTTMPLinepithema_Neotropical06_anathema	6	FALSE	Neotropical
Linepithema	TACTTMPLinepithema_Neotropical07	Linepithema_gallardoi	TACTTMPLinepithema_Neotropical07_gallardoi	7	FALSE	Neotropical
Linepithema	TACTTMPLinepithema_Neotropical08	Linepithema_oblongum	TACTTMPLinepithema_Neotropical08_oblongum	8	FALSE	Neotropical
Linepithema	TACTTMPLinepithema_Neotropical09	Linepithema_humile	TACTTMPLinepithema_Neotropical09_humile	9	FALSE	Neotropical
Linepithema	TACTTMPLinepithema_Neotropical10	Linepithema_neotropicum	TACTTMPLinepithema_Neotropical10_neotropicum	10	FALSE	Neotropical
Linepithema	TACTTMPLinepithema_Neotropical11	Linepithema_cerradense	TACTTMPLinepithema_Neotropical11_cerradense	11	FALSE	Neotropical
Linepithema	TACTTMPLinepithema_Neotropical12	Linepithema_keiteli	TACTTMPLinepithema_Neotropical12_keiteli	12	FALSE	Neotropical
Linepithema	TACTTMPLinepithema_Neotropical13	Linepithema_tsachila	TACTTMPLinepithema_Neotropical13_tsachila	13	FALSE	Neotropical
Linepithema	TACTTMPLinepithema_Neotropical14	Linepithema_piliferum	TACTTMPLinepithema_Neotropical14_piliferum	14	FALSE	Neotropical
Linepithema	TACTTMPLinepithema_Neotropical15	Linepithema_cryptobioticum	TACTTMPLinepithema_Neotropical15_cryptobioticum	15	FALSE	Neotropical
Linepithema	TACTTMPLinepithema_Neotropical16	Linepithema_angulatum	TACTTMPLinepithema_Neotropical16_angulatum	16	FALSE	Neotropical
Liometopum	TACTTMPLiometopum_Nearctic01	Liometopum_occidentale	TACTTMPLiometopum_Nearctic01_occidentale	1	FALSE	Nearctic
Liometopum	TACTTMPLiometopum_Neotropical02	Liometopum_apiculatum	TACTTMPLiometopum_Neotropical02_apiculatum	2	FALSE	Neotropical
Liometopum	TACTTMPLiometopum_Nearctic03	Liometopum_luctuosum	TACTTMPLiometopum_Nearctic03_luctuosum	3	FALSE	Nearctic
Lioponera	TACTTMPLioponera_Afrotropical01	Lioponera_mayri	TACTTMPLioponera_Afrotropical01_mayri	1	FALSE	Afrotropical
Lioponera	TACTTMPLioponera_Afrotropical02	Lioponera_kraepelinii	TACTTMPLioponera_Afrotropical02_kraepelinii	2	FALSE	Afrotropical
Lioponera	TACTTMPLioponera_Afrotropical03	Lioponera_vespula	TACTTMPLioponera_Afrotropical03_vespula	3	FALSE	Afrotropical
Lioponera	TACTTMPLioponera_Australasian04	Lioponera_ruficornis	TACTTMPLioponera_Australasian04_ruficornis	4	FALSE	Australasian
Lioponera	TACTTMPLioponera_Australasian05	Lioponera_marginata	TACTTMPLioponera_Australasian05_marginata	5	FALSE	Australasian
Lioponera	TACTTMPLioponera_Indomalayan06	Lioponera_suscitata	TACTTMPLioponera_Indomalayan06_suscitata	6	FALSE	Indomalayan
Lioponera	TACTTMPLioponera_Australasian07	Lioponera_larvata	TACTTMPLioponera_Australasian07_larvata	7	FALSE	Australasian
Lioponera	TACTTMPLioponera_Afrotropical08	Lioponera_nkomoensis	TACTTMPLioponera_Afrotropical08_nkomoensis	8	FALSE	Afrotropical
Lioponera	TACTTMPLioponera_Afrotropical09	Lioponera_foreli	TACTTMPLioponera_Afrotropical09_foreli	9	FALSE	Afrotropical
Lioponera	TACTTMPLioponera_Australasian10	Lioponera_brevis	TACTTMPLioponera_Australasian10_brevis	10	FALSE	Australasian
Lioponera	TACTTMPLioponera_Palearctic11	Lioponera_longitarsus	TACTTMPLioponera_Palearctic11_longitarsus	11	FALSE	Palearctic
Lividopone	TACTTMPLividopone_Unknown01	Lividopone_MG	TACTTMPLividopone_Unknown01_MG	1	FALSE	Unknown
Loboponera	TACTTMPLoboponera_Afrotropical01	Loboponera_politula	TACTTMPLoboponera_Afrotropical01_politula	1	FALSE	Afrotropical
Lophomyrmex	TACTTMPLophomyrmex_Indomalayan01	Lophomyrmex_striatulus	TACTTMPLophomyrmex_Indomalayan01_striatulus	1	FALSE	Indomalayan
Lophomyrmex	TACTTMPLophomyrmex_Indomalayan02	Lophomyrmex_ambiguus	TACTTMPLophomyrmex_Indomalayan02_ambiguus	2	FALSE	Indomalayan
Lophomyrmex	TACTTMPLophomyrmex_Indomalayan03	Lophomyrmex_bedoti	TACTTMPLophomyrmex_Indomalayan03_bedoti	3	FALSE	Indomalayan
Lordomyrma	TACTTMPLordomyrma_Australasian01	Lordomyrma_reticulata	TACTTMPLordomyrma_Australasian01_reticulata	1	FALSE	Australasian
Lordomyrma	TACTTMPLordomyrma_Palearctic02	Lordomyrma_azumai	TACTTMPLordomyrma_Palearctic02_azumai	2	FALSE	Palearctic
Lordomyrma	TACTTMPLordomyrma_Oceanian03	Lordomyrma_rugosa	TACTTMPLordomyrma_Oceanian03_rugosa	3	FALSE	Oceanian
Lordomyrma	TACTTMPLordomyrma_Oceanian04	Lordomyrma_curvata	TACTTMPLordomyrma_Oceanian04_curvata	4	FALSE	Oceanian
Lordomyrma	TACTTMPLordomyrma_Oceanian05	Lordomyrma_stoneri	TACTTMPLordomyrma_Oceanian05_stoneri	5	FALSE	Oceanian
Lordomyrma	TACTTMPLordomyrma_Oceanian06	Lordomyrma_desupra	TACTTMPLordomyrma_Oceanian06_desupra	6	FALSE	Oceanian
Lordomyrma	TACTTMPLordomyrma_Oceanian07	Lordomyrma_vuda	TACTTMPLordomyrma_Oceanian07_vuda	7	FALSE	Oceanian
Lordomyrma	TACTTMPLordomyrma_Oceanian08	Lordomyrma_striatella	TACTTMPLordomyrma_Oceanian08_striatella	8	FALSE	Oceanian
Lordomyrma	TACTTMPLordomyrma_Oceanian09	Lordomyrma_vanua	TACTTMPLordomyrma_Oceanian09_vanua	9	FALSE	Oceanian
Lordomyrma	TACTTMPLordomyrma_Indomalayan10	Lordomyrma_bhutanensis	TACTTMPLordomyrma_Indomalayan10_bhutanensis	10	FALSE	Indomalayan
Lordomyrma	TACTTMPLordomyrma_Oceanian11	Lordomyrma_epinotalis	TACTTMPLordomyrma_Oceanian11_epinotalis	11	FALSE	Oceanian
Makebapone	TACTTMPMakebapone_Afrotropical01	Makebapone_caffraria	TACTTMPMakebapone_Afrotropical01_caffraria	1	FALSE	Afrotropical
Manica	TACTTMPManica_Palearctic01	Manica_rubida	TACTTMPManica_Palearctic01_rubida	1	FALSE	Palearctic
Manica	TACTTMPManica_Nearctic02	Manica_hunteri	TACTTMPManica_Nearctic02_hunteri	2	FALSE	Nearctic
Manica	TACTTMPManica_Nearctic03	Manica_invidia	TACTTMPManica_Nearctic03_invidia	3	FALSE	Nearctic
Manica	TACTTMPManica_Nearctic04	Manica_bradleyi	TACTTMPManica_Nearctic04_bradleyi	4	FALSE	Nearctic
Manica	TACTTMPManica_Palearctic05	Manica_yessensis	TACTTMPManica_Palearctic05_yessensis	5	FALSE	Palearctic
Mayaponera	TACTTMPMayaponera_Neotropical01	Mayaponera_pergandei	TACTTMPMayaponera_Neotropical01_pergandei	1	FALSE	Neotropical
Mayaponera	TACTTMPMayaponera_Neotropical02	Mayaponera_conicula	TACTTMPMayaponera_Neotropical02_conicula	2	FALSE	Neotropical
Mayaponera	TACTTMPMayaponera_Neotropical03	Mayaponera_becculata	TACTTMPMayaponera_Neotropical03_becculata	3	FALSE	Neotropical
Mayaponera	TACTTMPMayaponera_Neotropical04	Mayaponera_arhuaca	TACTTMPMayaponera_Neotropical04_arhuaca	4	FALSE	Neotropical
Mayaponera	TACTTMPMayaponera_Neotropical05	Mayaponera_constricta	TACTTMPMayaponera_Neotropical05_constricta	5	FALSE	Neotropical
Mayriella	TACTTMPMayriella_Palearctic01	Mayriella_transfuga	TACTTMPMayriella_Palearctic01_transfuga	1	FALSE	Palearctic
Mayriella	TACTTMPMayriella_Australasian02	Mayriella_ebbei	TACTTMPMayriella_Australasian02_ebbei	2	FALSE	Australasian
Megalomyrmex	TACTTMPMegalomyrmex_Neotropical01	Megalomyrmex_silvestrii	TACTTMPMegalomyrmex_Neotropical01_silvestrii	1	FALSE	Neotropical
Megalomyrmex	TACTTMPMegalomyrmex_Neotropical02	Megalomyrmex_foreli	TACTTMPMegalomyrmex_Neotropical02_foreli	2	FALSE	Neotropical
Melophorus	TACTTMPMelophorus_Australasian01	Melophorus_griseus	TACTTMPMelophorus_Australasian01_griseus	1	FALSE	Australasian
Melophorus	TACTTMPMelophorus_Australasian02	Melophorus_canus	TACTTMPMelophorus_Australasian02_canus	2	FALSE	Australasian
Melophorus	TACTTMPMelophorus_Australasian03	Melophorus_rufoniger	TACTTMPMelophorus_Australasian03_rufoniger	3	FALSE	Australasian
Melophorus	TACTTMPMelophorus_Australasian04	Melophorus_praesens	TACTTMPMelophorus_Australasian04_praesens	4	FALSE	Australasian
Melophorus	TACTTMPMelophorus_Australasian05	Melophorus_gracilipes	TACTTMPMelophorus_Australasian05_gracilipes	5	FALSE	Australasian
Melophorus	TACTTMPMelophorus_Australasian06	Melophorus_bagoti	TACTTMPMelophorus_Australasian06_bagoti	6	FALSE	Australasian
Melophorus	TACTTMPMelophorus_Australasian07	Melophorus_nemophilus	TACTTMPMelophorus_Australasian07_nemophilus	7	FALSE	Australasian
Melophorus	TACTTMPMelophorus_Australasian08	Melophorus_potteri	TACTTMPMelophorus_Australasian08_potteri	8	FALSE	Australasian
Melophorus	TACTTMPMelophorus_Australasian09	Melophorus_gracilis	TACTTMPMelophorus_Australasian09_gracilis	9	FALSE	Australasian
Melophorus	TACTTMPMelophorus_Australasian10	Melophorus_graciliceps	TACTTMPMelophorus_Australasian10_graciliceps	10	FALSE	Australasian
Melophorus	TACTTMPMelophorus_Australasian11	Melophorus_postlei	TACTTMPMelophorus_Australasian11_postlei	11	FALSE	Australasian
Melophorus	TACTTMPMelophorus_Australasian12	Melophorus_mjobergi	TACTTMPMelophorus_Australasian12_mjobergi	12	FALSE	Australasian
Melophorus	TACTTMPMelophorus_Australasian13	Melophorus_pelorocephalus	TACTTMPMelophorus_Australasian13_pelorocephalus	13	FALSE	Australasian
Melophorus	TACTTMPMelophorus_Australasian14	Melophorus_laticeps	TACTTMPMelophorus_Australasian14_laticeps	14	FALSE	Australasian
Melophorus	TACTTMPMelophorus_Australasian15	Melophorus_xouthos	TACTTMPMelophorus_Australasian15_xouthos	15	FALSE	Australasian
Melophorus	TACTTMPMelophorus_Australasian16	Melophorus_chauliodon	TACTTMPMelophorus_Australasian16_chauliodon	16	FALSE	Australasian
Melophorus	TACTTMPMelophorus_Australasian17	Melophorus_wheeleri	TACTTMPMelophorus_Australasian17_wheeleri	17	FALSE	Australasian
Melophorus	TACTTMPMelophorus_Australasian18	Melophorus_eumorphus	TACTTMPMelophorus_Australasian18_eumorphus	18	FALSE	Australasian
Melophorus	TACTTMPMelophorus_Australasian19	Melophorus_turneri	TACTTMPMelophorus_Australasian19_turneri	19	FALSE	Australasian
Melophorus	TACTTMPMelophorus_Australasian20	Melophorus_ankylochaetes	TACTTMPMelophorus_Australasian20_ankylochaetes	20	FALSE	Australasian
Melophorus	TACTTMPMelophorus_Australasian21	Melophorus_marmar	TACTTMPMelophorus_Australasian21_marmar	21	FALSE	Australasian
Melophorus	TACTTMPMelophorus_Australasian22	Melophorus_caeruleoviolaceus	TACTTMPMelophorus_Australasian22_caeruleoviolaceus	22	FALSE	Australasian
Melophorus	TACTTMPMelophorus_Australasian23	Melophorus_translucens	TACTTMPMelophorus_Australasian23_translucens	23	FALSE	Australasian
Melophorus	TACTTMPMelophorus_Australasian24	Melophorus_pusillus	TACTTMPMelophorus_Australasian24_pusillus	24	FALSE	Australasian
Meranoplus	TACTTMPMeranoplus_Australasian01	Meranoplus_mcarthuri	TACTTMPMeranoplus_Australasian01_mcarthuri	1	FALSE	Australasian
Meranoplus	TACTTMPMeranoplus_Australasian02	Meranoplus_castaneus	TACTTMPMeranoplus_Australasian02_castaneus	2	FALSE	Australasian
Meranoplus	TACTTMPMeranoplus_Afrotropical03	Meranoplus_mayri	TACTTMPMeranoplus_Afrotropical03_mayri	3	FALSE	Afrotropical
Meranoplus	TACTTMPMeranoplus_Afrotropical04	Meranoplus_sylvarius	TACTTMPMeranoplus_Afrotropical04_sylvarius	4	FALSE	Afrotropical
Meranoplus	TACTTMPMeranoplus_Afrotropical05	Meranoplus_radamae	TACTTMPMeranoplus_Afrotropical05_radamae	5	FALSE	Afrotropical
Meranoplus	TACTTMPMeranoplus_Afrotropical06	Meranoplus_cryptomys	TACTTMPMeranoplus_Afrotropical06_cryptomys	6	FALSE	Afrotropical
Mesoponera	TACTTMPMesoponera_Australasian01	Mesoponera_papuana	TACTTMPMesoponera_Australasian01_papuana	1	FALSE	Australasian
Mesoponera	TACTTMPMesoponera_Australasian02	Mesoponera_australis	TACTTMPMesoponera_Australasian02_australis	2	FALSE	Australasian
Mesoponera	TACTTMPMesoponera_Indomalayan03	Mesoponera_rubra	TACTTMPMesoponera_Indomalayan03_rubra	3	FALSE	Indomalayan
Mesoponera	TACTTMPMesoponera_Indomalayan04	Mesoponera_melanaria	TACTTMPMesoponera_Indomalayan04_melanaria	4	FALSE	Indomalayan
Mesostruma	TACTTMPMesostruma_Australasian01	Mesostruma_browni	TACTTMPMesostruma_Australasian01_browni	1	FALSE	Australasian
Messor	TACTTMPMessor_Palearctic01	Messor_lusitanicus	TACTTMPMessor_Palearctic01_lusitanicus	1	FALSE	Palearctic
Messor	TACTTMPMessor_Palearctic02	Messor_hispanicus	TACTTMPMessor_Palearctic02_hispanicus	2	FALSE	Palearctic
Messor	TACTTMPMessor_Palearctic03	Messor_striativentris	TACTTMPMessor_Palearctic03_striativentris	3	FALSE	Palearctic
Messor	TACTTMPMessor_Palearctic04	Messor_mediosanguineus	TACTTMPMessor_Palearctic04_mediosanguineus	4	FALSE	Palearctic
Messor	TACTTMPMessor_Afrotropical05	Messor_galla	TACTTMPMessor_Afrotropical05_galla	5	FALSE	Afrotropical
Messor	TACTTMPMessor_Indomalayan06	Messor_instabilis	TACTTMPMessor_Indomalayan06_instabilis	6	FALSE	Indomalayan
Messor	TACTTMPMessor_Palearctic07	Messor_incorruptus	TACTTMPMessor_Palearctic07_incorruptus	7	FALSE	Palearctic
Messor	TACTTMPMessor_Palearctic08	Messor_dentatus	TACTTMPMessor_Palearctic08_dentatus	8	FALSE	Palearctic
Messor	TACTTMPMessor_Palearctic09	Messor_wasmanni	TACTTMPMessor_Palearctic09_wasmanni	9	FALSE	Palearctic
Messor	TACTTMPMessor_Palearctic10	Messor_meridionalis	TACTTMPMessor_Palearctic10_meridionalis	10	FALSE	Palearctic
Messor	TACTTMPMessor_Palearctic11	Messor_semirufus	TACTTMPMessor_Palearctic11_semirufus	11	FALSE	Palearctic
Messor	TACTTMPMessor_Afrotropical12	Messor_angularis	TACTTMPMessor_Afrotropical12_angularis	12	FALSE	Afrotropical
Messor	TACTTMPMessor_Palearctic13	Messor_striatulus	TACTTMPMessor_Palearctic13_striatulus	13	FALSE	Palearctic
Messor	TACTTMPMessor_Palearctic14	Messor_ebeninus	TACTTMPMessor_Palearctic14_ebeninus	14	FALSE	Palearctic
Messor	TACTTMPMessor_Palearctic15	Messor_picturatus	TACTTMPMessor_Palearctic15_picturatus	15	FALSE	Palearctic
Messor	TACTTMPMessor_Palearctic16	Messor_minor	TACTTMPMessor_Palearctic16_minor	16	FALSE	Palearctic
Messor	TACTTMPMessor_Palearctic17	Messor_punctaticeps	TACTTMPMessor_Palearctic17_punctaticeps	17	FALSE	Palearctic
Messor	TACTTMPMessor_Palearctic18	Messor_medioruber	TACTTMPMessor_Palearctic18_medioruber	18	FALSE	Palearctic
Messor	TACTTMPMessor_Palearctic19	Messor_marocanus	TACTTMPMessor_Palearctic19_marocanus	19	FALSE	Palearctic
Messor	TACTTMPMessor_Palearctic20	Messor_foreli	TACTTMPMessor_Palearctic20_foreli	20	FALSE	Palearctic
Messor	TACTTMPMessor_Afrotropical21	Messor_collingwoodi	TACTTMPMessor_Afrotropical21_collingwoodi	21	FALSE	Afrotropical
Messor	TACTTMPMessor_Palearctic22	Messor_aegyptiacus	TACTTMPMessor_Palearctic22_aegyptiacus	22	FALSE	Palearctic
Messor	TACTTMPMessor_Palearctic23	Messor_sanctus	TACTTMPMessor_Palearctic23_sanctus	23	FALSE	Palearctic
Messor	TACTTMPMessor_Palearctic24	Messor_bouvieri	TACTTMPMessor_Palearctic24_bouvieri	24	FALSE	Palearctic
Messor	TACTTMPMessor_Palearctic25	Messor_hodnii	TACTTMPMessor_Palearctic25_hodnii	25	FALSE	Palearctic
Messor	TACTTMPMessor_Palearctic26	Messor_arenarius	TACTTMPMessor_Palearctic26_arenarius	26	FALSE	Palearctic
Messor	TACTTMPMessor_Afrotropical27	Messor_regalis	TACTTMPMessor_Afrotropical27_regalis	27	FALSE	Afrotropical
Messor	TACTTMPMessor_Palearctic28	Messor_capitatus	TACTTMPMessor_Palearctic28_capitatus	28	FALSE	Palearctic
Messor	TACTTMPMessor_Palearctic29	Messor_barbarus	TACTTMPMessor_Palearctic29_barbarus	29	FALSE	Palearctic
Messor	TACTTMPMessor_Afrotropical30	Messor_decipiens	TACTTMPMessor_Afrotropical30_decipiens	30	FALSE	Afrotropical
Messor	TACTTMPMessor_Afrotropical31	Messor_capensis	TACTTMPMessor_Afrotropical31_capensis	31	FALSE	Afrotropical
Messor	TACTTMPMessor_Afrotropical32	Messor_tropicorum	TACTTMPMessor_Afrotropical32_tropicorum	32	FALSE	Afrotropical
Messor	TACTTMPMessor_Afrotropical33	Messor_denticornis	TACTTMPMessor_Afrotropical33_denticornis	33	FALSE	Afrotropical
Messor	TACTTMPMessor_Afrotropical34	Messor_piceus	TACTTMPMessor_Afrotropical34_piceus	34	FALSE	Afrotropical
Messor	TACTTMPMessor_Palearctic35	Messor_structor	TACTTMPMessor_Palearctic35_structor	35	FALSE	Palearctic
Messor	TACTTMPMessor_Palearctic36	Messor_muticus	TACTTMPMessor_Palearctic36_muticus	36	FALSE	Palearctic
Messor	TACTTMPMessor_Palearctic37	Messor_ponticus	TACTTMPMessor_Palearctic37_ponticus	37	FALSE	Palearctic
Messor	TACTTMPMessor_Palearctic38	Messor_ibericus	TACTTMPMessor_Palearctic38_ibericus	38	FALSE	Palearctic
Messor	TACTTMPMessor_Palearctic39	Messor_mcarthuri	TACTTMPMessor_Palearctic39_mcarthuri	39	FALSE	Palearctic
Messor	TACTTMPMessor_Palearctic40	Messor_orientalis	TACTTMPMessor_Palearctic40_orientalis	40	FALSE	Palearctic
Messor	TACTTMPMessor_Palearctic41	Messor_reticuliventris	TACTTMPMessor_Palearctic41_reticuliventris	41	FALSE	Palearctic
Messor	TACTTMPMessor_Indomalayan42	Messor_himalayanus	TACTTMPMessor_Indomalayan42_himalayanus	42	FALSE	Indomalayan
Messor	TACTTMPMessor_Palearctic43	Messor_oertzeni	TACTTMPMessor_Palearctic43_oertzeni	43	FALSE	Palearctic
Messor	TACTTMPMessor_Palearctic44	Messor_variabilis	TACTTMPMessor_Palearctic44_variabilis	44	FALSE	Palearctic
Messor	TACTTMPMessor_Palearctic45	Messor_excursionis	TACTTMPMessor_Palearctic45_excursionis	45	FALSE	Palearctic
Messor	TACTTMPMessor_Palearctic46	Messor_aciculatus	TACTTMPMessor_Palearctic46_aciculatus	46	FALSE	Palearctic
Messor	TACTTMPMessor_Palearctic47	Messor_rufotestaceus	TACTTMPMessor_Palearctic47_rufotestaceus	47	FALSE	Palearctic
Messor	TACTTMPMessor_Palearctic48	Messor_asmaae	TACTTMPMessor_Palearctic48_asmaae	48	FALSE	Palearctic
Messor	TACTTMPMessor_Palearctic49	Messor_lobicornis	TACTTMPMessor_Palearctic49_lobicornis	49	FALSE	Palearctic
Metapone	TACTTMPMetapone_Afrotropical01	Metapone_madagascarica	TACTTMPMetapone_Afrotropical01_madagascarica	1	FALSE	Afrotropical
Metapone	TACTTMPMetapone_Afrotropical02	Metapone_emersoni	TACTTMPMetapone_Afrotropical02_emersoni	2	FALSE	Afrotropical
Microdaceton	TACTTMPMicrodaceton_Afrotropical01	Microdaceton_tibialis	TACTTMPMicrodaceton_Afrotropical01_tibialis	1	FALSE	Afrotropical
Monomorium	TACTTMPMonomorium_Afrotropical01	Monomorium_nigricans	TACTTMPMonomorium_Afrotropical01_nigricans	1	FALSE	Afrotropical
Monomorium	TACTTMPMonomorium_Afrotropical02	Monomorium_chnodes	TACTTMPMonomorium_Afrotropical02_chnodes	2	FALSE	Afrotropical
Monomorium	TACTTMPMonomorium_Afrotropical03	Monomorium_madecassum	TACTTMPMonomorium_Afrotropical03_madecassum	3	FALSE	Afrotropical
Monomorium	TACTTMPMonomorium_Afrotropical04	Monomorium_flavimembra	TACTTMPMonomorium_Afrotropical04_flavimembra	4	FALSE	Afrotropical
Monomorium	TACTTMPMonomorium_Afrotropical05	Monomorium_versicolor	TACTTMPMonomorium_Afrotropical05_versicolor	5	FALSE	Afrotropical
Monomorium	TACTTMPMonomorium_Afrotropical06	Monomorium_platynode	TACTTMPMonomorium_Afrotropical06_platynode	6	FALSE	Afrotropical
Monomorium	TACTTMPMonomorium_Afrotropical07	Monomorium_lepidum	TACTTMPMonomorium_Afrotropical07_lepidum	7	FALSE	Afrotropical
Monomorium	TACTTMPMonomorium_Afrotropical08	Monomorium_xuthosoma	TACTTMPMonomorium_Afrotropical08_xuthosoma	8	FALSE	Afrotropical
Monomorium	TACTTMPMonomorium_Afrotropical09	Monomorium_bifidoclypeatum	TACTTMPMonomorium_Afrotropical09_bifidoclypeatum	9	FALSE	Afrotropical
Monomorium	TACTTMPMonomorium_Palearctic10	Monomorium_exiguum	TACTTMPMonomorium_Palearctic10_exiguum	10	FALSE	Palearctic
Monomorium	TACTTMPMonomorium_Afrotropical11	Monomorium_denticulum	TACTTMPMonomorium_Afrotropical11_denticulum	11	FALSE	Afrotropical
Monomorium	TACTTMPMonomorium_Afrotropical12	Monomorium_termitobium	TACTTMPMonomorium_Afrotropical12_termitobium	12	FALSE	Afrotropical
Monomorium	TACTTMPMonomorium_Afrotropical13	Monomorium_sakalavum	TACTTMPMonomorium_Afrotropical13_sakalavum	13	FALSE	Afrotropical
Monomorium	TACTTMPMonomorium_Australasian14	Monomorium_stictonotum	TACTTMPMonomorium_Australasian14_stictonotum	14	FALSE	Australasian
Monomorium	TACTTMPMonomorium_Australasian15	Monomorium_aithoderum	TACTTMPMonomorium_Australasian15_aithoderum	15	FALSE	Australasian
Monomorium	TACTTMPMonomorium_Australasian16	Monomorium_antipodum	TACTTMPMonomorium_Australasian16_antipodum	16	FALSE	Australasian
Monomorium	TACTTMPMonomorium_Australasian17	Monomorium_sordidum	TACTTMPMonomorium_Australasian17_sordidum	17	FALSE	Australasian
Monomorium	TACTTMPMonomorium_Australasian18	Monomorium_rothsteini	TACTTMPMonomorium_Australasian18_rothsteini	18	FALSE	Australasian
Monomorium	TACTTMPMonomorium_Australasian19	Monomorium_sydneyense	TACTTMPMonomorium_Australasian19_sydneyense	19	FALSE	Australasian
Monomorium	TACTTMPMonomorium_Australasian20	Monomorium_laeve	TACTTMPMonomorium_Australasian20_laeve	20	FALSE	Australasian
Monomorium	TACTTMPMonomorium_Australasian21	Monomorium_fieldi	TACTTMPMonomorium_Australasian21_fieldi	21	FALSE	Australasian
Monomorium	TACTTMPMonomorium_Neotropical22	Monomorium_ergatogyna	TACTTMPMonomorium_Neotropical22_ergatogyna	22	FALSE	Neotropical
Monomorium	TACTTMPMonomorium_Palearctic23	Monomorium_pharaonis	TACTTMPMonomorium_Palearctic23_pharaonis	23	FALSE	Palearctic
Monomorium	TACTTMPMonomorium_Afrotropical24	Monomorium_fastidium	TACTTMPMonomorium_Afrotropical24_fastidium	24	FALSE	Afrotropical
Monomorium	TACTTMPMonomorium_Palearctic25	Monomorium_subopacum	TACTTMPMonomorium_Palearctic25_subopacum	25	FALSE	Palearctic
Monomorium	TACTTMPMonomorium_Afrotropical26	Monomorium_junodi	TACTTMPMonomorium_Afrotropical26_junodi	26	FALSE	Afrotropical
Monomorium	TACTTMPMonomorium_Indomalayan27	Monomorium_floricola	TACTTMPMonomorium_Indomalayan27_floricola	27	FALSE	Indomalayan
Monomorium	TACTTMPMonomorium_Nearctic28	Monomorium_emarginatum	TACTTMPMonomorium_Nearctic28_emarginatum	28	FALSE	Nearctic
Monomorium	TACTTMPMonomorium_Afrotropical29	Monomorium_micrommaton	TACTTMPMonomorium_Afrotropical29_micrommaton	29	FALSE	Afrotropical
Monomorium	TACTTMPMonomorium_Afrotropical30	Monomorium_hanneli	TACTTMPMonomorium_Afrotropical30_hanneli	30	FALSE	Afrotropical
Mycetagroicus	TACTTMPMycetagroicus_Neotropical01	Mycetagroicus_triangularis	TACTTMPMycetagroicus_Neotropical01_triangularis	1	FALSE	Neotropical
Mycetagroicus	TACTTMPMycetagroicus_Neotropical02	Mycetagroicus_cerradensis	TACTTMPMycetagroicus_Neotropical02_cerradensis	2	FALSE	Neotropical
Mycetagroicus	TACTTMPMycetagroicus_Neotropical03	Mycetagroicus_inflatus	TACTTMPMycetagroicus_Neotropical03_inflatus	3	FALSE	Neotropical
Mycetarotes	TACTTMPMycetarotes_Neotropical01	Mycetarotes_parallelus	TACTTMPMycetarotes_Neotropical01_parallelus	1	FALSE	Neotropical
Mycetarotes	TACTTMPMycetarotes_Neotropical02	Mycetarotes_acutus	TACTTMPMycetarotes_Neotropical02_acutus	2	FALSE	Neotropical
Mycetomoellerius	TACTTMPMycetomoellerius_Neotropical01	Mycetomoellerius_urichii	TACTTMPMycetomoellerius_Neotropical01_urichii	1	FALSE	Neotropical
Mycetomoellerius	TACTTMPMycetomoellerius_Neotropical02	Mycetomoellerius_papulatus	TACTTMPMycetomoellerius_Neotropical02_papulatus	2	FALSE	Neotropical
Mycetomoellerius	TACTTMPMycetomoellerius_Neotropical03	Mycetomoellerius_jamaicensis	TACTTMPMycetomoellerius_Neotropical03_jamaicensis	3	FALSE	Neotropical
Mycetomoellerius	TACTTMPMycetomoellerius_Neotropical04	Mycetomoellerius_zeteki	TACTTMPMycetomoellerius_Neotropical04_zeteki	4	FALSE	Neotropical
Mycetomoellerius	TACTTMPMycetomoellerius_Neotropical05	Mycetomoellerius_relictus	TACTTMPMycetomoellerius_Neotropical05_relictus	5	FALSE	Neotropical
Mycetomoellerius	TACTTMPMycetomoellerius_Neotropical06	Mycetomoellerius_opulentus	TACTTMPMycetomoellerius_Neotropical06_opulentus	6	FALSE	Neotropical
Mycetomoellerius	TACTTMPMycetomoellerius_Neotropical07	Mycetomoellerius_ruthae	TACTTMPMycetomoellerius_Neotropical07_ruthae	7	FALSE	Neotropical
Mycetophylax	TACTTMPMycetophylax_Neotropical01	Mycetophylax_faunulus	TACTTMPMycetophylax_Neotropical01_faunulus	1	FALSE	Neotropical
Mycetophylax	TACTTMPMycetophylax_Neotropical02	Mycetophylax_auritus	TACTTMPMycetophylax_Neotropical02_auritus	2	FALSE	Neotropical
Mycetophylax	TACTTMPMycetophylax_Neotropical03	Mycetophylax_strigatus	TACTTMPMycetophylax_Neotropical03_strigatus	3	FALSE	Neotropical
Mycetophylax	TACTTMPMycetophylax_Neotropical04	Mycetophylax_simplex	TACTTMPMycetophylax_Neotropical04_simplex	4	FALSE	Neotropical
Mycetophylax	TACTTMPMycetophylax_Neotropical05	Mycetophylax_conformis	TACTTMPMycetophylax_Neotropical05_conformis	5	FALSE	Neotropical
Mycetophylax	TACTTMPMycetophylax_Neotropical06	Mycetophylax_morschi	TACTTMPMycetophylax_Neotropical06_morschi	6	FALSE	Neotropical
Mycetophylax	TACTTMPMycetophylax_Neotropical07	Mycetophylax_asper	TACTTMPMycetophylax_Neotropical07_asper	7	FALSE	Neotropical
Mycetophylax	TACTTMPMycetophylax_Neotropical08	Mycetophylax_clorindae	TACTTMPMycetophylax_Neotropical08_clorindae	8	FALSE	Neotropical
Mycetosoritis	TACTTMPMycetosoritis_Nearctic01	Mycetosoritis_hartmanni	TACTTMPMycetosoritis_Nearctic01_hartmanni	1	FALSE	Nearctic
Mycocepurus	TACTTMPMycocepurus_Neotropical01	Mycocepurus_smithii	TACTTMPMycocepurus_Neotropical01_smithii	1	FALSE	Neotropical
Mycocepurus	TACTTMPMycocepurus_Neotropical02	Mycocepurus_goeldii	TACTTMPMycocepurus_Neotropical02_goeldii	2	FALSE	Neotropical
Mycocepurus	TACTTMPMycocepurus_Neotropical03	Mycocepurus_tardus	TACTTMPMycocepurus_Neotropical03_tardus	3	FALSE	Neotropical
Myopias	TACTTMPMyopias_Indomalayan01	Myopias_darioi	TACTTMPMyopias_Indomalayan01_darioi	1	FALSE	Indomalayan
Myopias	TACTTMPMyopias_Australasian02	Myopias_breviloba	TACTTMPMyopias_Australasian02_breviloba	2	FALSE	Australasian
Myopias	TACTTMPMyopias_Australasian03	Myopias_tenuis	TACTTMPMyopias_Australasian03_tenuis	3	FALSE	Australasian
Myopias	TACTTMPMyopias_Australasian04	Myopias_papua	TACTTMPMyopias_Australasian04_papua	4	FALSE	Australasian
Myopias	TACTTMPMyopias_Indomalayan05	Myopias_lobosa	TACTTMPMyopias_Indomalayan05_lobosa	5	FALSE	Indomalayan
Myopias	TACTTMPMyopias_Australasian06	Myopias_delta	TACTTMPMyopias_Australasian06_delta	6	FALSE	Australasian
Myopias	TACTTMPMyopias_Indomalayan07	Myopias_maligna	TACTTMPMyopias_Indomalayan07_maligna	7	FALSE	Indomalayan
Myopias	TACTTMPMyopias_Australasian08	Myopias_concava	TACTTMPMyopias_Australasian08_concava	8	FALSE	Australasian
Myopias	TACTTMPMyopias_Palearctic09	Myopias_hania	TACTTMPMyopias_Palearctic09_hania	9	FALSE	Palearctic
Myrmecia	TACTTMPMyrmecia_Australasian01	Myrmecia_occidentalis	TACTTMPMyrmecia_Australasian01_occidentalis	1	FALSE	Australasian
Myrmecia	TACTTMPMyrmecia_Australasian02	Myrmecia_dispar	TACTTMPMyrmecia_Australasian02_dispar	2	FALSE	Australasian
Myrmecia	TACTTMPMyrmecia_Australasian03	Myrmecia_clarki	TACTTMPMyrmecia_Australasian03_clarki	3	FALSE	Australasian
Myrmecia	TACTTMPMyrmecia_Australasian04	Myrmecia_chasei	TACTTMPMyrmecia_Australasian04_chasei	4	FALSE	Australasian
Myrmecia	TACTTMPMyrmecia_Australasian05	Myrmecia_callima	TACTTMPMyrmecia_Australasian05_callima	5	FALSE	Australasian
Myrmecia	TACTTMPMyrmecia_Australasian06	Myrmecia_acuta	TACTTMPMyrmecia_Australasian06_acuta	6	FALSE	Australasian
Myrmecia	TACTTMPMyrmecia_Australasian07	Myrmecia_harderi	TACTTMPMyrmecia_Australasian07_harderi	7	FALSE	Australasian
Myrmecia	TACTTMPMyrmecia_Australasian08	Myrmecia_pilosula	TACTTMPMyrmecia_Australasian08_pilosula	8	FALSE	Australasian
Myrmecia	TACTTMPMyrmecia_Australasian09	Myrmecia_croslandi	TACTTMPMyrmecia_Australasian09_croslandi	9	FALSE	Australasian
Myrmecia	TACTTMPMyrmecia_Australasian10	Myrmecia_banksi	TACTTMPMyrmecia_Australasian10_banksi	10	FALSE	Australasian
Myrmecia	TACTTMPMyrmecia_Australasian11	Myrmecia_impaternata	TACTTMPMyrmecia_Australasian11_impaternata	11	FALSE	Australasian
Myrmecia	TACTTMPMyrmecia_Australasian12	Myrmecia_haskinsorum	TACTTMPMyrmecia_Australasian12_haskinsorum	12	FALSE	Australasian
Myrmecia	TACTTMPMyrmecia_Australasian13	Myrmecia_swalei	TACTTMPMyrmecia_Australasian13_swalei	13	FALSE	Australasian
Myrmecia	TACTTMPMyrmecia_Australasian14	Myrmecia_varians	TACTTMPMyrmecia_Australasian14_varians	14	FALSE	Australasian
Myrmecia	TACTTMPMyrmecia_Australasian15	Myrmecia_elegans	TACTTMPMyrmecia_Australasian15_elegans	15	FALSE	Australasian
Myrmecia	TACTTMPMyrmecia_Australasian16	Myrmecia_tepperi	TACTTMPMyrmecia_Australasian16_tepperi	16	FALSE	Australasian
Myrmecia	TACTTMPMyrmecia_Australasian17	Myrmecia_testaceipes	TACTTMPMyrmecia_Australasian17_testaceipes	17	FALSE	Australasian
Myrmecia	TACTTMPMyrmecia_Australasian18	Myrmecia_queenslandica	TACTTMPMyrmecia_Australasian18_queenslandica	18	FALSE	Australasian
Myrmecia	TACTTMPMyrmecia_Australasian19	Myrmecia_chrysogaster	TACTTMPMyrmecia_Australasian19_chrysogaster	19	FALSE	Australasian
Myrmecia	TACTTMPMyrmecia_Australasian20	Myrmecia_michaelseni	TACTTMPMyrmecia_Australasian20_michaelseni	20	FALSE	Australasian
Myrmecia	TACTTMPMyrmecia_Australasian21	Myrmecia_froggatti	TACTTMPMyrmecia_Australasian21_froggatti	21	FALSE	Australasian
Myrmecia	TACTTMPMyrmecia_Australasian22	Myrmecia_formosa	TACTTMPMyrmecia_Australasian22_formosa	22	FALSE	Australasian
Myrmecia	TACTTMPMyrmecia_Australasian23	Myrmecia_nobilis	TACTTMPMyrmecia_Australasian23_nobilis	23	FALSE	Australasian
Myrmecia	TACTTMPMyrmecia_Australasian24	Myrmecia_nigriscapa	TACTTMPMyrmecia_Australasian24_nigriscapa	24	FALSE	Australasian
Myrmecia	TACTTMPMyrmecia_Australasian25	Myrmecia_fulviculis	TACTTMPMyrmecia_Australasian25_fulviculis	25	FALSE	Australasian
Myrmecia	TACTTMPMyrmecia_Australasian26	Myrmecia_gilberti	TACTTMPMyrmecia_Australasian26_gilberti	26	FALSE	Australasian
Myrmecia	TACTTMPMyrmecia_Australasian27	Myrmecia_piliventris	TACTTMPMyrmecia_Australasian27_piliventris	27	FALSE	Australasian
Myrmecia	TACTTMPMyrmecia_Australasian28	Myrmecia_fulvipes	TACTTMPMyrmecia_Australasian28_fulvipes	28	FALSE	Australasian
Myrmecia	TACTTMPMyrmecia_Australasian29	Myrmecia_mandibularis	TACTTMPMyrmecia_Australasian29_mandibularis	29	FALSE	Australasian
Myrmecia	TACTTMPMyrmecia_Australasian30	Myrmecia_apicalis	TACTTMPMyrmecia_Australasian30_apicalis	30	FALSE	Australasian
Myrmecia	TACTTMPMyrmecia_Australasian31	Myrmecia_urens	TACTTMPMyrmecia_Australasian31_urens	31	FALSE	Australasian
Myrmecia	TACTTMPMyrmecia_Australasian32	Myrmecia_infima	TACTTMPMyrmecia_Australasian32_infima	32	FALSE	Australasian
Myrmecia	TACTTMPMyrmecia_Australasian33	Myrmecia_loweryi	TACTTMPMyrmecia_Australasian33_loweryi	33	FALSE	Australasian
Myrmecia	TACTTMPMyrmecia_Australasian34	Myrmecia_picta	TACTTMPMyrmecia_Australasian34_picta	34	FALSE	Australasian
Myrmecia	TACTTMPMyrmecia_Australasian35	Myrmecia_fucosa	TACTTMPMyrmecia_Australasian35_fucosa	35	FALSE	Australasian
Myrmecia	TACTTMPMyrmecia_Australasian36	Myrmecia_petiolata	TACTTMPMyrmecia_Australasian36_petiolata	36	FALSE	Australasian
Myrmecia	TACTTMPMyrmecia_Australasian37	Myrmecia_nigrocincta	TACTTMPMyrmecia_Australasian37_nigrocincta	37	FALSE	Australasian
Myrmecia	TACTTMPMyrmecia_Australasian38	Myrmecia_flammicollis	TACTTMPMyrmecia_Australasian38_flammicollis	38	FALSE	Australasian
Myrmecia	TACTTMPMyrmecia_Australasian39	Myrmecia_forficata	TACTTMPMyrmecia_Australasian39_forficata	39	FALSE	Australasian
Myrmecia	TACTTMPMyrmecia_Australasian40	Myrmecia_brevinoda	TACTTMPMyrmecia_Australasian40_brevinoda	40	FALSE	Australasian
Myrmecia	TACTTMPMyrmecia_Australasian41	Myrmecia_pyriformis	TACTTMPMyrmecia_Australasian41_pyriformis	41	FALSE	Australasian
Myrmecia	TACTTMPMyrmecia_Australasian42	Myrmecia_erecta	TACTTMPMyrmecia_Australasian42_erecta	42	FALSE	Australasian
Myrmecia	TACTTMPMyrmecia_Australasian43	Myrmecia_browningi	TACTTMPMyrmecia_Australasian43_browningi	43	FALSE	Australasian
Myrmecia	TACTTMPMyrmecia_Australasian44	Myrmecia_regularis	TACTTMPMyrmecia_Australasian44_regularis	44	FALSE	Australasian
Myrmecia	TACTTMPMyrmecia_Australasian45	Myrmecia_mjobergi	TACTTMPMyrmecia_Australasian45_mjobergi	45	FALSE	Australasian
Myrmecia	TACTTMPMyrmecia_Australasian46	Myrmecia_pulchra	TACTTMPMyrmecia_Australasian46_pulchra	46	FALSE	Australasian
Myrmecia	TACTTMPMyrmecia_Australasian47	Myrmecia_midas	TACTTMPMyrmecia_Australasian47_midas	47	FALSE	Australasian
Myrmecia	TACTTMPMyrmecia_Australasian48	Myrmecia_rufinodis	TACTTMPMyrmecia_Australasian48_rufinodis	48	FALSE	Australasian
Myrmecia	TACTTMPMyrmecia_Australasian49	Myrmecia_nigriceps	TACTTMPMyrmecia_Australasian49_nigriceps	49	FALSE	Australasian
Myrmecia	TACTTMPMyrmecia_Australasian50	Myrmecia_desertorum	TACTTMPMyrmecia_Australasian50_desertorum	50	FALSE	Australasian
Myrmecia	TACTTMPMyrmecia_Australasian51	Myrmecia_inquilina	TACTTMPMyrmecia_Australasian51_inquilina	51	FALSE	Australasian
Myrmecia	TACTTMPMyrmecia_Australasian52	Myrmecia_fuscipes	TACTTMPMyrmecia_Australasian52_fuscipes	52	FALSE	Australasian
Myrmecia	TACTTMPMyrmecia_Australasian53	Myrmecia_vindex	TACTTMPMyrmecia_Australasian53_vindex	53	FALSE	Australasian
Myrmecia	TACTTMPMyrmecia_Australasian54	Myrmecia_gratiosa	TACTTMPMyrmecia_Australasian54_gratiosa	54	FALSE	Australasian
Myrmecia	TACTTMPMyrmecia_Australasian55	Myrmecia_pavida	TACTTMPMyrmecia_Australasian55_pavida	55	FALSE	Australasian
Myrmecia	TACTTMPMyrmecia_Australasian56	Myrmecia_fulgida	TACTTMPMyrmecia_Australasian56_fulgida	56	FALSE	Australasian
Myrmecia	TACTTMPMyrmecia_Australasian57	Myrmecia_arnoldi	TACTTMPMyrmecia_Australasian57_arnoldi	57	FALSE	Australasian
Myrmecia	TACTTMPMyrmecia_Australasian58	Myrmecia_simillima	TACTTMPMyrmecia_Australasian58_simillima	58	FALSE	Australasian
Myrmecia	TACTTMPMyrmecia_Australasian59	Myrmecia_forceps	TACTTMPMyrmecia_Australasian59_forceps	59	FALSE	Australasian
Myrmecia	TACTTMPMyrmecia_Australasian60	Myrmecia_gulosa	TACTTMPMyrmecia_Australasian60_gulosa	60	FALSE	Australasian
Myrmecia	TACTTMPMyrmecia_Australasian61	Myrmecia_esuriens	TACTTMPMyrmecia_Australasian61_esuriens	61	FALSE	Australasian
Myrmecia	TACTTMPMyrmecia_Australasian62	Myrmecia_borealis	TACTTMPMyrmecia_Australasian62_borealis	62	FALSE	Australasian
Myrmecia	TACTTMPMyrmecia_Australasian63	Myrmecia_auriventris	TACTTMPMyrmecia_Australasian63_auriventris	63	FALSE	Australasian
Myrmecia	TACTTMPMyrmecia_Australasian64	Myrmecia_athertonensis	TACTTMPMyrmecia_Australasian64_athertonensis	64	FALSE	Australasian
Myrmecia	TACTTMPMyrmecia_Australasian65	Myrmecia_fabricii	TACTTMPMyrmecia_Australasian65_fabricii	65	FALSE	Australasian
Myrmecia	TACTTMPMyrmecia_Australasian66	Myrmecia_tridentata	TACTTMPMyrmecia_Australasian66_tridentata	66	FALSE	Australasian
Myrmecia	TACTTMPMyrmecia_Australasian67	Myrmecia_tarsata	TACTTMPMyrmecia_Australasian67_tarsata	67	FALSE	Australasian
Myrmecia	TACTTMPMyrmecia_Australasian68	Myrmecia_flavicoma	TACTTMPMyrmecia_Australasian68_flavicoma	68	FALSE	Australasian
Myrmecia	TACTTMPMyrmecia_Australasian69	Myrmecia_rowlandi	TACTTMPMyrmecia_Australasian69_rowlandi	69	FALSE	Australasian
Myrmecia	TACTTMPMyrmecia_Australasian70	Myrmecia_eungellensis	TACTTMPMyrmecia_Australasian70_eungellensis	70	FALSE	Australasian
Myrmecia	TACTTMPMyrmecia_Australasian71	Myrmecia_comata	TACTTMPMyrmecia_Australasian71_comata	71	FALSE	Australasian
Myrmecia	TACTTMPMyrmecia_Australasian72	Myrmecia_minuscula	TACTTMPMyrmecia_Australasian72_minuscula	72	FALSE	Australasian
Myrmecia	TACTTMPMyrmecia_Australasian73	Myrmecia_analis	TACTTMPMyrmecia_Australasian73_analis	73	FALSE	Australasian
Myrmecina	TACTTMPMyrmecina_Palearctic01	Myrmecina_graminicola	TACTTMPMyrmecina_Palearctic01_graminicola	1	FALSE	Palearctic
Myrmecina	TACTTMPMyrmecina_Nearctic02	Myrmecina_americana	TACTTMPMyrmecina_Nearctic02_americana	2	FALSE	Nearctic
Myrmecina	TACTTMPMyrmecina_Indomalayan03	Myrmecina_striata	TACTTMPMyrmecina_Indomalayan03_striata	3	FALSE	Indomalayan
Myrmecocystus	TACTTMPMyrmecocystus_Nearctic01	Myrmecocystus_pyramicus	TACTTMPMyrmecocystus_Nearctic01_pyramicus	1	FALSE	Nearctic
Myrmecocystus	TACTTMPMyrmecocystus_Nearctic02	Myrmecocystus_christineae	TACTTMPMyrmecocystus_Nearctic02_christineae	2	FALSE	Nearctic
Myrmecocystus	TACTTMPMyrmecocystus_Nearctic03	Myrmecocystus_navajo	TACTTMPMyrmecocystus_Nearctic03_navajo	3	FALSE	Nearctic
Myrmecocystus	TACTTMPMyrmecocystus_Neotropical04	Myrmecocystus_mexicanus	TACTTMPMyrmecocystus_Neotropical04_mexicanus	4	FALSE	Neotropical
Myrmecocystus	TACTTMPMyrmecocystus_Nearctic05	Myrmecocystus_romainei	TACTTMPMyrmecocystus_Nearctic05_romainei	5	FALSE	Nearctic
Myrmecocystus	TACTTMPMyrmecocystus_Nearctic06	Myrmecocystus_kennedyi	TACTTMPMyrmecocystus_Nearctic06_kennedyi	6	FALSE	Nearctic
Myrmecocystus	TACTTMPMyrmecocystus_Neotropical07	Myrmecocystus_depilis	TACTTMPMyrmecocystus_Neotropical07_depilis	7	FALSE	Neotropical
Myrmecocystus	TACTTMPMyrmecocystus_Nearctic08	Myrmecocystus_flaviceps	TACTTMPMyrmecocystus_Nearctic08_flaviceps	8	FALSE	Nearctic
Myrmecocystus	TACTTMPMyrmecocystus_Nearctic09	Myrmecocystus_yuma	TACTTMPMyrmecocystus_Nearctic09_yuma	9	FALSE	Nearctic
Myrmecocystus	TACTTMPMyrmecocystus_Nearctic10	Myrmecocystus_koso	TACTTMPMyrmecocystus_Nearctic10_koso	10	FALSE	Nearctic
Myrmecocystus	TACTTMPMyrmecocystus_Nearctic11	Myrmecocystus_semirufus	TACTTMPMyrmecocystus_Nearctic11_semirufus	11	FALSE	Nearctic
Myrmecocystus	TACTTMPMyrmecocystus_Neotropical12	Myrmecocystus_placodops	TACTTMPMyrmecocystus_Neotropical12_placodops	12	FALSE	Neotropical
Myrmecocystus	TACTTMPMyrmecocystus_Neotropical13	Myrmecocystus_melliger	TACTTMPMyrmecocystus_Neotropical13_melliger	13	FALSE	Neotropical
Myrmecocystus	TACTTMPMyrmecocystus_Neotropical14	Myrmecocystus_nequazcatl	TACTTMPMyrmecocystus_Neotropical14_nequazcatl	14	FALSE	Neotropical
Myrmecocystus	TACTTMPMyrmecocystus_Nearctic15	Myrmecocystus_wheeleri	TACTTMPMyrmecocystus_Nearctic15_wheeleri	15	FALSE	Nearctic
Myrmecocystus	TACTTMPMyrmecocystus_Nearctic16	Myrmecocystus_kathjuli	TACTTMPMyrmecocystus_Nearctic16_kathjuli	16	FALSE	Nearctic
Myrmecocystus	TACTTMPMyrmecocystus_Nearctic17	Myrmecocystus_mendax	TACTTMPMyrmecocystus_Nearctic17_mendax	17	FALSE	Nearctic
Myrmecocystus	TACTTMPMyrmecocystus_Nearctic18	Myrmecocystus_testaceus	TACTTMPMyrmecocystus_Nearctic18_testaceus	18	FALSE	Nearctic
Myrmecocystus	TACTTMPMyrmecocystus_Nearctic19	Myrmecocystus_tenuinodis	TACTTMPMyrmecocystus_Nearctic19_tenuinodis	19	FALSE	Nearctic
Myrmecocystus	TACTTMPMyrmecocystus_Nearctic20	Myrmecocystus_colei	TACTTMPMyrmecocystus_Nearctic20_colei	20	FALSE	Nearctic
Myrmecocystus	TACTTMPMyrmecocystus_Nearctic21	Myrmecocystus_arenarius	TACTTMPMyrmecocystus_Nearctic21_arenarius	21	FALSE	Nearctic
Myrmecocystus	TACTTMPMyrmecocystus_Nearctic22	Myrmecocystus_creightoni	TACTTMPMyrmecocystus_Nearctic22_creightoni	22	FALSE	Nearctic
Myrmecocystus	TACTTMPMyrmecocystus_Neotropical23	Myrmecocystus_perimeces	TACTTMPMyrmecocystus_Neotropical23_perimeces	23	FALSE	Neotropical
Myrmecocystus	TACTTMPMyrmecocystus_Nearctic24	Myrmecocystus_lugubris	TACTTMPMyrmecocystus_Nearctic24_lugubris	24	FALSE	Nearctic
Myrmecorhynchus	TACTTMPMyrmecorhynchus_Australasian01	Myrmecorhynchus_emeryi	TACTTMPMyrmecorhynchus_Australasian01_emeryi	1	FALSE	Australasian
Myrmelachista	TACTTMPMyrmelachista_Neotropical01	Myrmelachista_lauroatlantica	TACTTMPMyrmelachista_Neotropical01_lauroatlantica	1	FALSE	Neotropical
Myrmelachista	TACTTMPMyrmelachista_Neotropical02	Myrmelachista_nigrocotea	TACTTMPMyrmelachista_Neotropical02_nigrocotea	2	FALSE	Neotropical
Myrmelachista	TACTTMPMyrmelachista_Neotropical03	Myrmelachista_flavoguarea	TACTTMPMyrmelachista_Neotropical03_flavoguarea	3	FALSE	Neotropical
Myrmelachista	TACTTMPMyrmelachista_Neotropical04	Myrmelachista_flavocotea	TACTTMPMyrmelachista_Neotropical04_flavocotea	4	FALSE	Neotropical
Myrmelachista	TACTTMPMyrmelachista_Neotropical05	Myrmelachista_skwarrae	TACTTMPMyrmelachista_Neotropical05_skwarrae	5	FALSE	Neotropical
Myrmelachista	TACTTMPMyrmelachista_Neotropical06	Myrmelachista_haberi	TACTTMPMyrmelachista_Neotropical06_haberi	6	FALSE	Neotropical
Myrmelachista	TACTTMPMyrmelachista_Neotropical07	Myrmelachista_lauropacifica	TACTTMPMyrmelachista_Neotropical07_lauropacifica	7	FALSE	Neotropical
Myrmelachista	TACTTMPMyrmelachista_Neotropical08	Myrmelachista_osa	TACTTMPMyrmelachista_Neotropical08_osa	8	FALSE	Neotropical
Myrmelachista	TACTTMPMyrmelachista_Neotropical09	Myrmelachista_meganaranja	TACTTMPMyrmelachista_Neotropical09_meganaranja	9	FALSE	Neotropical
Myrmelachista	TACTTMPMyrmelachista_Neotropical10	Myrmelachista_longiceps	TACTTMPMyrmelachista_Neotropical10_longiceps	10	FALSE	Neotropical
Myrmelachista	TACTTMPMyrmelachista_Neotropical11	Myrmelachista_plebecula	TACTTMPMyrmelachista_Neotropical11_plebecula	11	FALSE	Neotropical
Myrmelachista	TACTTMPMyrmelachista_Neotropical12	Myrmelachista_brevicornis	TACTTMPMyrmelachista_Neotropical12_brevicornis	12	FALSE	Neotropical
Myrmelachista	TACTTMPMyrmelachista_Neotropical13	Myrmelachista_gagates	TACTTMPMyrmelachista_Neotropical13_gagates	13	FALSE	Neotropical
Myrmelachista	TACTTMPMyrmelachista_Neotropical14	Myrmelachista_cooperi	TACTTMPMyrmelachista_Neotropical14_cooperi	14	FALSE	Neotropical
Myrmelachista	TACTTMPMyrmelachista_Neotropical15	Myrmelachista_schumanni	TACTTMPMyrmelachista_Neotropical15_schumanni	15	FALSE	Neotropical
Myrmelachista	TACTTMPMyrmelachista_Neotropical16	Myrmelachista_catharinae	TACTTMPMyrmelachista_Neotropical16_catharinae	16	FALSE	Neotropical
Myrmelachista	TACTTMPMyrmelachista_Neotropical17	Myrmelachista_zeledoni	TACTTMPMyrmelachista_Neotropical17_zeledoni	17	FALSE	Neotropical
Myrmelachista	TACTTMPMyrmelachista_Neotropical18	Myrmelachista_reclusi	TACTTMPMyrmelachista_Neotropical18_reclusi	18	FALSE	Neotropical
Myrmelachista	TACTTMPMyrmelachista_Neotropical19	Myrmelachista_bruchi	TACTTMPMyrmelachista_Neotropical19_bruchi	19	FALSE	Neotropical
Myrmelachista	TACTTMPMyrmelachista_Neotropical20	Myrmelachista_nodigera	TACTTMPMyrmelachista_Neotropical20_nodigera	20	FALSE	Neotropical
Myrmelachista	TACTTMPMyrmelachista_Neotropical21	Myrmelachista_mexicana	TACTTMPMyrmelachista_Neotropical21_mexicana	21	FALSE	Neotropical
Myrmelachista	TACTTMPMyrmelachista_Neotropical22	Myrmelachista_bambusarum	TACTTMPMyrmelachista_Neotropical22_bambusarum	22	FALSE	Neotropical
Myrmelachista	TACTTMPMyrmelachista_Neotropical23	Myrmelachista_hoffmanni	TACTTMPMyrmelachista_Neotropical23_hoffmanni	23	FALSE	Neotropical
Myrmelachista	TACTTMPMyrmelachista_Neotropical24	Myrmelachista_mayri	TACTTMPMyrmelachista_Neotropical24_mayri	24	FALSE	Neotropical
Myrmica	TACTTMPMyrmica_Nearctic01	Myrmica_rugiventris	TACTTMPMyrmica_Nearctic01_rugiventris	1	FALSE	Nearctic
Myrmica	TACTTMPMyrmica_Nearctic02	Myrmica_punctinops	TACTTMPMyrmica_Nearctic02_punctinops	2	FALSE	Nearctic
Myrmica	TACTTMPMyrmica_Palearctic03	Myrmica_saposhnikovi	TACTTMPMyrmica_Palearctic03_saposhnikovi	3	FALSE	Palearctic
Myrmica	TACTTMPMyrmica_Palearctic04	Myrmica_kirghisorum	TACTTMPMyrmica_Palearctic04_kirghisorum	4	FALSE	Palearctic
Myrmica	TACTTMPMyrmica_Palearctic05	Myrmica_anatolica	TACTTMPMyrmica_Palearctic05_anatolica	5	FALSE	Palearctic
Myrmica	TACTTMPMyrmica_Palearctic06	Myrmica_jessensis	TACTTMPMyrmica_Palearctic06_jessensis	6	FALSE	Palearctic
Myrmica	TACTTMPMyrmica_Palearctic07	Myrmica_eidmanni	TACTTMPMyrmica_Palearctic07_eidmanni	7	FALSE	Palearctic
Myrmica	TACTTMPMyrmica_Palearctic08	Myrmica_angulinodis	TACTTMPMyrmica_Palearctic08_angulinodis	8	FALSE	Palearctic
Myrmica	TACTTMPMyrmica_Palearctic09	Myrmica_forcipata	TACTTMPMyrmica_Palearctic09_forcipata	9	FALSE	Palearctic
Myrmica	TACTTMPMyrmica_Palearctic10	Myrmica_wesmaeli	TACTTMPMyrmica_Palearctic10_wesmaeli	10	FALSE	Palearctic
Myrmica	TACTTMPMyrmica_Palearctic11	Myrmica_lobulicornis	TACTTMPMyrmica_Palearctic11_lobulicornis	11	FALSE	Palearctic
Myrmica	TACTTMPMyrmica_Palearctic12	Myrmica_lobicornis	TACTTMPMyrmica_Palearctic12_lobicornis	12	FALSE	Palearctic
Myrmica	TACTTMPMyrmica_Palearctic13	Myrmica_transsibirica	TACTTMPMyrmica_Palearctic13_transsibirica	13	FALSE	Palearctic
Myrmica	TACTTMPMyrmica_Palearctic14	Myrmica_excelsa	TACTTMPMyrmica_Palearctic14_excelsa	14	FALSE	Palearctic
Myrmica	TACTTMPMyrmica_Palearctic15	Myrmica_divergens	TACTTMPMyrmica_Palearctic15_divergens	15	FALSE	Palearctic
Myrmica	TACTTMPMyrmica_Palearctic16	Myrmica_xavieri	TACTTMPMyrmica_Palearctic16_xavieri	16	FALSE	Palearctic
Myrmica	TACTTMPMyrmica_Palearctic17	Myrmica_sulcinodis	TACTTMPMyrmica_Palearctic17_sulcinodis	17	FALSE	Palearctic
Myrmica	TACTTMPMyrmica_Palearctic18	Myrmica_pisarskii	TACTTMPMyrmica_Palearctic18_pisarskii	18	FALSE	Palearctic
Myrmica	TACTTMPMyrmica_Palearctic19	Myrmica_kasczenkoi	TACTTMPMyrmica_Palearctic19_kasczenkoi	19	FALSE	Palearctic
Myrmica	TACTTMPMyrmica_Palearctic20	Myrmica_siciliana	TACTTMPMyrmica_Palearctic20_siciliana	20	FALSE	Palearctic
Myrmica	TACTTMPMyrmica_Unknown21	Myrmica_schencki	TACTTMPMyrmica_Unknown21_schencki	21	FALSE	Unknown
Myrmica	TACTTMPMyrmica_Palearctic22	Myrmica_stangeana	TACTTMPMyrmica_Palearctic22_stangeana	22	FALSE	Palearctic
Myrmica	TACTTMPMyrmica_Nearctic23	Myrmica_tahoensis	TACTTMPMyrmica_Nearctic23_tahoensis	23	FALSE	Nearctic
Myrmica	TACTTMPMyrmica_Nearctic24	Myrmica_discontinua	TACTTMPMyrmica_Nearctic24_discontinua	24	FALSE	Nearctic
Myrmica	TACTTMPMyrmica_Nearctic25	Myrmica_monticola	TACTTMPMyrmica_Nearctic25_monticola	25	FALSE	Nearctic
Myrmica	TACTTMPMyrmica_Nearctic26	Myrmica_latifrons	TACTTMPMyrmica_Nearctic26_latifrons	26	FALSE	Nearctic
Myrmica	TACTTMPMyrmica_Nearctic27	Myrmica_crassirugis	TACTTMPMyrmica_Nearctic27_crassirugis	27	FALSE	Nearctic
Myrmica	TACTTMPMyrmica_Nearctic28	Myrmica_striolagaster	TACTTMPMyrmica_Nearctic28_striolagaster	28	FALSE	Nearctic
Myrmica	TACTTMPMyrmica_Nearctic29	Myrmica_hamulata	TACTTMPMyrmica_Nearctic29_hamulata	29	FALSE	Nearctic
Myrmica	TACTTMPMyrmica_Nearctic30	Myrmica_brevispinosa	TACTTMPMyrmica_Nearctic30_brevispinosa	30	FALSE	Nearctic
Myrmica	TACTTMPMyrmica_Nearctic31	Myrmica_americana	TACTTMPMyrmica_Nearctic31_americana	31	FALSE	Nearctic
Myrmica	TACTTMPMyrmica_Nearctic32	Myrmica_nearctica	TACTTMPMyrmica_Nearctic32_nearctica	32	FALSE	Nearctic
Myrmica	TACTTMPMyrmica_Neotropical33	Myrmica_mexicana	TACTTMPMyrmica_Neotropical33_mexicana	33	FALSE	Neotropical
Myrmica	TACTTMPMyrmica_Nearctic34	Myrmica_lobifrons	TACTTMPMyrmica_Nearctic34_lobifrons	34	FALSE	Nearctic
Myrmica	TACTTMPMyrmica_Nearctic35	Myrmica_fracticornis	TACTTMPMyrmica_Nearctic35_fracticornis	35	FALSE	Nearctic
Myrmica	TACTTMPMyrmica_Nearctic36	Myrmica_glacialis	TACTTMPMyrmica_Nearctic36_glacialis	36	FALSE	Nearctic
Myrmica	TACTTMPMyrmica_Palearctic37	Myrmica_salina	TACTTMPMyrmica_Palearctic37_salina	37	FALSE	Palearctic
Myrmica	TACTTMPMyrmica_Palearctic38	Myrmica_bergi	TACTTMPMyrmica_Palearctic38_bergi	38	FALSE	Palearctic
Myrmica	TACTTMPMyrmica_Palearctic39	Myrmica_karavajevi	TACTTMPMyrmica_Palearctic39_karavajevi	39	FALSE	Palearctic
Myrmica	TACTTMPMyrmica_Palearctic40	Myrmica_tulinae	TACTTMPMyrmica_Palearctic40_tulinae	40	FALSE	Palearctic
Myrmica	TACTTMPMyrmica_Palearctic41	Myrmica_laurae	TACTTMPMyrmica_Palearctic41_laurae	41	FALSE	Palearctic
Myrmica	TACTTMPMyrmica_Palearctic42	Myrmica_specioides	TACTTMPMyrmica_Palearctic42_specioides	42	FALSE	Palearctic
Myrmica	TACTTMPMyrmica_Palearctic43	Myrmica_sabuleti	TACTTMPMyrmica_Palearctic43_sabuleti	43	FALSE	Palearctic
Myrmica	TACTTMPMyrmica_Palearctic44	Myrmica_hirsuta	TACTTMPMyrmica_Palearctic44_hirsuta	44	FALSE	Palearctic
Myrmica	TACTTMPMyrmica_Palearctic45	Myrmica_spinosior	TACTTMPMyrmica_Palearctic45_spinosior	45	FALSE	Palearctic
Myrmica	TACTTMPMyrmica_Palearctic46	Myrmica_aloba	TACTTMPMyrmica_Palearctic46_aloba	46	FALSE	Palearctic
Myrmica	TACTTMPMyrmica_Palearctic47	Myrmica_vandeli	TACTTMPMyrmica_Palearctic47_vandeli	47	FALSE	Palearctic
Myrmica	TACTTMPMyrmica_Palearctic48	Myrmica_scabrinodis	TACTTMPMyrmica_Palearctic48_scabrinodis	48	FALSE	Palearctic
Myrmica	TACTTMPMyrmica_Palearctic49	Myrmica_hellenica	TACTTMPMyrmica_Palearctic49_hellenica	49	FALSE	Palearctic
Myrmica	TACTTMPMyrmica_Palearctic50	Myrmica_rugulosa	TACTTMPMyrmica_Palearctic50_rugulosa	50	FALSE	Palearctic
Myrmica	TACTTMPMyrmica_Nearctic51	Myrmica_incompleta	TACTTMPMyrmica_Nearctic51_incompleta	51	FALSE	Nearctic
Myrmica	TACTTMPMyrmica_Palearctic52	Myrmica_arnoldii	TACTTMPMyrmica_Palearctic52_arnoldii	52	FALSE	Palearctic
Myrmica	TACTTMPMyrmica_Nearctic53	Myrmica_quebecensis	TACTTMPMyrmica_Nearctic53_quebecensis	53	FALSE	Nearctic
Myrmica	TACTTMPMyrmica_Nearctic54	Myrmica_alaskensis	TACTTMPMyrmica_Nearctic54_alaskensis	54	FALSE	Nearctic
Myrmica	TACTTMPMyrmica_Nearctic55	Myrmica_semiparasitica	TACTTMPMyrmica_Nearctic55_semiparasitica	55	FALSE	Nearctic
Myrmica	TACTTMPMyrmica_Nearctic56	Myrmica_punctiventris	TACTTMPMyrmica_Nearctic56_punctiventris	56	FALSE	Nearctic
Myrmica	TACTTMPMyrmica_Unknown57	Myrmica_rugosa	TACTTMPMyrmica_Unknown57_rugosa	57	FALSE	Unknown
Myrmica	TACTTMPMyrmica_Palearctic58	Myrmica_aimonissabaudiae	TACTTMPMyrmica_Palearctic58_aimonissabaudiae	58	FALSE	Palearctic
Myrmica	TACTTMPMyrmica_Palearctic59	Myrmica_wittmeri	TACTTMPMyrmica_Palearctic59_wittmeri	59	FALSE	Palearctic
Myrmica	TACTTMPMyrmica_Indomalayan60	Myrmica_rupestris	TACTTMPMyrmica_Indomalayan60_rupestris	60	FALSE	Indomalayan
Myrmica	TACTTMPMyrmica_Palearctic61	Myrmica_dshungarica	TACTTMPMyrmica_Palearctic61_dshungarica	61	FALSE	Palearctic
Myrmica	TACTTMPMyrmica_Palearctic62	Myrmica_serica	TACTTMPMyrmica_Palearctic62_serica	62	FALSE	Palearctic
Myrmica	TACTTMPMyrmica_Palearctic63	Myrmica_pulchella	TACTTMPMyrmica_Palearctic63_pulchella	63	FALSE	Palearctic
Myrmica	TACTTMPMyrmica_Indomalayan64	Myrmica_schoedli	TACTTMPMyrmica_Indomalayan64_schoedli	64	FALSE	Indomalayan
Myrmica	TACTTMPMyrmica_Palearctic65	Myrmica_angulata	TACTTMPMyrmica_Palearctic65_angulata	65	FALSE	Palearctic
Myrmica	TACTTMPMyrmica_Indomalayan66	Myrmica_yamanei	TACTTMPMyrmica_Indomalayan66_yamanei	66	FALSE	Indomalayan
Myrmica	TACTTMPMyrmica_Indomalayan67	Myrmica_indica	TACTTMPMyrmica_Indomalayan67_indica	67	FALSE	Indomalayan
Myrmica	TACTTMPMyrmica_Palearctic68	Myrmica_luteola	TACTTMPMyrmica_Palearctic68_luteola	68	FALSE	Palearctic
Myrmica	TACTTMPMyrmica_Palearctic69	Myrmica_ruginodis	TACTTMPMyrmica_Palearctic69_ruginodis	69	FALSE	Palearctic
Myrmica	TACTTMPMyrmica_Unknown70	Myrmica_rubra	TACTTMPMyrmica_Unknown70_rubra	70	FALSE	Unknown
Myrmica	TACTTMPMyrmica_Palearctic71	Myrmica_kotokui	TACTTMPMyrmica_Palearctic71_kotokui	71	FALSE	Palearctic
Myrmica	TACTTMPMyrmica_Palearctic72	Myrmica_arisana	TACTTMPMyrmica_Palearctic72_arisana	72	FALSE	Palearctic
Myrmica	TACTTMPMyrmica_Nearctic73	Myrmica_wheeleri	TACTTMPMyrmica_Nearctic73_wheeleri	73	FALSE	Nearctic
Myrmicaria	TACTTMPMyrmicaria_Australasian01	Myrmicaria_carinata	TACTTMPMyrmicaria_Australasian01_carinata	1	FALSE	Australasian
Myrmicaria	TACTTMPMyrmicaria_Indomalayan02	Myrmicaria_brunnea	TACTTMPMyrmicaria_Indomalayan02_brunnea	2	FALSE	Indomalayan
Myrmicaria	TACTTMPMyrmicaria_Afrotropical03	Myrmicaria_exigua	TACTTMPMyrmicaria_Afrotropical03_exigua	3	FALSE	Afrotropical
Myrmicocrypta	TACTTMPMyrmicocrypta_Neotropical01	Myrmicocrypta_erectapilosa	TACTTMPMyrmicocrypta_Neotropical01_erectapilosa	1	FALSE	Neotropical
Myrmicocrypta	TACTTMPMyrmicocrypta_Neotropical02	Myrmicocrypta_camargoi	TACTTMPMyrmicocrypta_Neotropical02_camargoi	2	FALSE	Neotropical
Myrmicocrypta	TACTTMPMyrmicocrypta_Neotropical03	Myrmicocrypta_urichi	TACTTMPMyrmicocrypta_Neotropical03_urichi	3	FALSE	Neotropical
Myrmicocrypta	TACTTMPMyrmicocrypta_Neotropical04	Myrmicocrypta_buenzlii	TACTTMPMyrmicocrypta_Neotropical04_buenzlii	4	FALSE	Neotropical
Myrmicocrypta	TACTTMPMyrmicocrypta_Neotropical05	Myrmicocrypta_occipitalis	TACTTMPMyrmicocrypta_Neotropical05_occipitalis	5	FALSE	Neotropical
Myrmicocrypta	TACTTMPMyrmicocrypta_Neotropical06	Myrmicocrypta_bucki	TACTTMPMyrmicocrypta_Neotropical06_bucki	6	FALSE	Neotropical
Myrmicocrypta	TACTTMPMyrmicocrypta_Neotropical07	Myrmicocrypta_spinosa	TACTTMPMyrmicocrypta_Neotropical07_spinosa	7	FALSE	Neotropical
Myrmicocrypta	TACTTMPMyrmicocrypta_Neotropical08	Myrmicocrypta_ednaella	TACTTMPMyrmicocrypta_Neotropical08_ednaella	8	FALSE	Neotropical
Myrmicocrypta	TACTTMPMyrmicocrypta_Neotropical09	Myrmicocrypta_unidentata	TACTTMPMyrmicocrypta_Neotropical09_unidentata	9	FALSE	Neotropical
Myrmicocrypta	TACTTMPMyrmicocrypta_Neotropical10	Myrmicocrypta_longinoda	TACTTMPMyrmicocrypta_Neotropical10_longinoda	10	FALSE	Neotropical
Myrmicocrypta	TACTTMPMyrmicocrypta_Neotropical11	Myrmicocrypta_boliviana	TACTTMPMyrmicocrypta_Neotropical11_boliviana	11	FALSE	Neotropical
Myrmicocrypta	TACTTMPMyrmicocrypta_Neotropical12	Myrmicocrypta_tuberculata	TACTTMPMyrmicocrypta_Neotropical12_tuberculata	12	FALSE	Neotropical
Myrmicocrypta	TACTTMPMyrmicocrypta_Neotropical13	Myrmicocrypta_infuscata	TACTTMPMyrmicocrypta_Neotropical13_infuscata	13	FALSE	Neotropical
Myrmoteras	TACTTMPMyrmoteras_Indomalayan01	Myrmoteras_williamsi	TACTTMPMyrmoteras_Indomalayan01_williamsi	1	FALSE	Indomalayan
Myrmoteras	TACTTMPMyrmoteras_Australasian02	Myrmoteras_iriodum	TACTTMPMyrmoteras_Australasian02_iriodum	2	FALSE	Australasian
Mystrium	TACTTMPMystrium_Afrotropical01	Mystrium_rogeri	TACTTMPMystrium_Afrotropical01_rogeri	1	FALSE	Afrotropical
Mystrium	TACTTMPMystrium_Afrotropical02	Mystrium_mysticum	TACTTMPMystrium_Afrotropical02_mysticum	2	FALSE	Afrotropical
Mystrium	TACTTMPMystrium_Afrotropical03	Mystrium_oberthueri	TACTTMPMystrium_Afrotropical03_oberthueri	3	FALSE	Afrotropical
Mystrium	TACTTMPMystrium_Afrotropical04	Mystrium_eques	TACTTMPMystrium_Afrotropical04_eques	4	FALSE	Afrotropical
Mystrium	TACTTMPMystrium_Afrotropical05	Mystrium_shadow	TACTTMPMystrium_Afrotropical05_shadow	5	FALSE	Afrotropical
Mystrium	TACTTMPMystrium_Afrotropical06	Mystrium_barrybressleri	TACTTMPMystrium_Afrotropical06_barrybressleri	6	FALSE	Afrotropical
Mystrium	TACTTMPMystrium_Afrotropical07	Mystrium_labyrinth	TACTTMPMystrium_Afrotropical07_labyrinth	7	FALSE	Afrotropical
Mystrium	TACTTMPMystrium_Afrotropical08	Mystrium_voeltzkowi	TACTTMPMystrium_Afrotropical08_voeltzkowi	8	FALSE	Afrotropical
Mystrium	TACTTMPMystrium_Afrotropical09	Mystrium_mirror	TACTTMPMystrium_Afrotropical09_mirror	9	FALSE	Afrotropical
Mystrium	TACTTMPMystrium_Afrotropical10	Mystrium_janovitzi	TACTTMPMystrium_Afrotropical10_janovitzi	10	FALSE	Afrotropical
Mystrium	TACTTMPMystrium_Indomalayan11	Mystrium_camillae	TACTTMPMystrium_Indomalayan11_camillae	11	FALSE	Indomalayan
Neivamyrmex	TACTTMPNeivamyrmex_Neotropical01	Neivamyrmex_melanocephalus	TACTTMPNeivamyrmex_Neotropical01_melanocephalus	1	FALSE	Neotropical
Neivamyrmex	TACTTMPNeivamyrmex_Neotropical02	Neivamyrmex_impudens	TACTTMPNeivamyrmex_Neotropical02_impudens	2	FALSE	Neotropical
Neivamyrmex	TACTTMPNeivamyrmex_Neotropical03	Neivamyrmex_alfaroi	TACTTMPNeivamyrmex_Neotropical03_alfaroi	3	FALSE	Neotropical
Neivamyrmex	TACTTMPNeivamyrmex_Neotropical04	Neivamyrmex_sumichrasti	TACTTMPNeivamyrmex_Neotropical04_sumichrasti	4	FALSE	Neotropical
Neivamyrmex	TACTTMPNeivamyrmex_Neotropical05	Neivamyrmex_asper	TACTTMPNeivamyrmex_Neotropical05_asper	5	FALSE	Neotropical
Neivamyrmex	TACTTMPNeivamyrmex_Nearctic06	Neivamyrmex_texanus	TACTTMPNeivamyrmex_Nearctic06_texanus	6	FALSE	Nearctic
Neivamyrmex	TACTTMPNeivamyrmex_Nearctic07	Neivamyrmex_californicus	TACTTMPNeivamyrmex_Nearctic07_californicus	7	FALSE	Nearctic
Neivamyrmex	TACTTMPNeivamyrmex_Nearctic08	Neivamyrmex_kiowapache	TACTTMPNeivamyrmex_Nearctic08_kiowapache	8	FALSE	Nearctic
Neivamyrmex	TACTTMPNeivamyrmex_Nearctic09	Neivamyrmex_opacithorax	TACTTMPNeivamyrmex_Nearctic09_opacithorax	9	FALSE	Nearctic
Neivamyrmex	TACTTMPNeivamyrmex_Nearctic10	Neivamyrmex_nigrescens	TACTTMPNeivamyrmex_Nearctic10_nigrescens	10	FALSE	Nearctic
Neivamyrmex	TACTTMPNeivamyrmex_Neotropical11	Neivamyrmex_pilosus	TACTTMPNeivamyrmex_Neotropical11_pilosus	11	FALSE	Neotropical
Neivamyrmex	TACTTMPNeivamyrmex_Neotropical12	Neivamyrmex_compressinodis	TACTTMPNeivamyrmex_Neotropical12_compressinodis	12	FALSE	Neotropical
Neivamyrmex	TACTTMPNeivamyrmex_Neotropical13	Neivamyrmex_pseudops	TACTTMPNeivamyrmex_Neotropical13_pseudops	13	FALSE	Neotropical
Neivamyrmex	TACTTMPNeivamyrmex_Neotropical14	Neivamyrmex_gibbatus	TACTTMPNeivamyrmex_Neotropical14_gibbatus	14	FALSE	Neotropical
Neivamyrmex	TACTTMPNeivamyrmex_Neotropical15	Neivamyrmex_angustinodis	TACTTMPNeivamyrmex_Neotropical15_angustinodis	15	FALSE	Neotropical
Neivamyrmex	TACTTMPNeivamyrmex_Neotropical16	Neivamyrmex_postcarinatus	TACTTMPNeivamyrmex_Neotropical16_postcarinatus	16	FALSE	Neotropical
Neivamyrmex	TACTTMPNeivamyrmex_Neotropical17	Neivamyrmex_romandii	TACTTMPNeivamyrmex_Neotropical17_romandii	17	FALSE	Neotropical
Neivamyrmex	TACTTMPNeivamyrmex_Neotropical18	Neivamyrmex_halidaii	TACTTMPNeivamyrmex_Neotropical18_halidaii	18	FALSE	Neotropical
Neivamyrmex	TACTTMPNeivamyrmex_Neotropical19	Neivamyrmex_swainsonii	TACTTMPNeivamyrmex_Neotropical19_swainsonii	19	FALSE	Neotropical
Neivamyrmex	TACTTMPNeivamyrmex_Nearctic20	Neivamyrmex_nyensis	TACTTMPNeivamyrmex_Nearctic20_nyensis	20	FALSE	Nearctic
Neivamyrmex	TACTTMPNeivamyrmex_Neotropical21	Neivamyrmex_adnepos	TACTTMPNeivamyrmex_Neotropical21_adnepos	21	FALSE	Neotropical
Neoponera	TACTTMPNeoponera_Neotropical01	Neoponera_fiebrigi	TACTTMPNeoponera_Neotropical01_fiebrigi	1	FALSE	Neotropical
Neoponera	TACTTMPNeoponera_Neotropical02	Neoponera_crenata	TACTTMPNeoponera_Neotropical02_crenata	2	FALSE	Neotropical
Neoponera	TACTTMPNeoponera_Neotropical03	Neoponera_latinoda	TACTTMPNeoponera_Neotropical03_latinoda	3	FALSE	Neotropical
Neoponera	TACTTMPNeoponera_Neotropical04	Neoponera_globularia	TACTTMPNeoponera_Neotropical04_globularia	4	FALSE	Neotropical
Neoponera	TACTTMPNeoponera_Neotropical05	Neoponera_recava	TACTTMPNeoponera_Neotropical05_recava	5	FALSE	Neotropical
Neoponera	TACTTMPNeoponera_Neotropical06	Neoponera_donosoi	TACTTMPNeoponera_Neotropical06_donosoi	6	FALSE	Neotropical
Neoponera	TACTTMPNeoponera_Neotropical07	Neoponera_goeldii	TACTTMPNeoponera_Neotropical07_goeldii	7	FALSE	Neotropical
Neoponera	TACTTMPNeoponera_Neotropical08	Neoponera_rugosula	TACTTMPNeoponera_Neotropical08_rugosula	8	FALSE	Neotropical
Neoponera	TACTTMPNeoponera_Neotropical09	Neoponera_antecurvata	TACTTMPNeoponera_Neotropical09_antecurvata	9	FALSE	Neotropical
Neoponera	TACTTMPNeoponera_Neotropical10	Neoponera_unidentata	TACTTMPNeoponera_Neotropical10_unidentata	10	FALSE	Neotropical
Neoponera	TACTTMPNeoponera_Neotropical11	Neoponera_striatinodis	TACTTMPNeoponera_Neotropical11_striatinodis	11	FALSE	Neotropical
Neoponera	TACTTMPNeoponera_Neotropical12	Neoponera_luteola	TACTTMPNeoponera_Neotropical12_luteola	12	FALSE	Neotropical
Neoponera	TACTTMPNeoponera_Neotropical13	Neoponera_oberthueri	TACTTMPNeoponera_Neotropical13_oberthueri	13	FALSE	Neotropical
Neoponera	TACTTMPNeoponera_Neotropical14	Neoponera_cavinodis	TACTTMPNeoponera_Neotropical14_cavinodis	14	FALSE	Neotropical
Neoponera	TACTTMPNeoponera_Neotropical15	Neoponera_carinulata	TACTTMPNeoponera_Neotropical15_carinulata	15	FALSE	Neotropical
Neoponera	TACTTMPNeoponera_Neotropical16	Neoponera_moesta	TACTTMPNeoponera_Neotropical16_moesta	16	FALSE	Neotropical
Neoponera	TACTTMPNeoponera_Neotropical17	Neoponera_zuparkoi	TACTTMPNeoponera_Neotropical17_zuparkoi	17	FALSE	Neotropical
Neoponera	TACTTMPNeoponera_Unknown18	Neoponera_inversa	TACTTMPNeoponera_Unknown18_inversa	18	FALSE	Unknown
Neoponera	TACTTMPNeoponera_Neotropical19	Neoponera_curvinodis	TACTTMPNeoponera_Neotropical19_curvinodis	19	FALSE	Neotropical
Neoponera	TACTTMPNeoponera_Neotropical20	Neoponera_bactronica	TACTTMPNeoponera_Neotropical20_bactronica	20	FALSE	Neotropical
Neoponera	TACTTMPNeoponera_Unknown21	Neoponera_foetida	TACTTMPNeoponera_Unknown21_foetida	21	FALSE	Unknown
Neoponera	TACTTMPNeoponera_Neotropical22	Neoponera_theresiae	TACTTMPNeoponera_Neotropical22_theresiae	22	FALSE	Neotropical
Neoponera	TACTTMPNeoponera_Neotropical23	Neoponera_lineaticeps	TACTTMPNeoponera_Neotropical23_lineaticeps	23	FALSE	Neotropical
Neoponera	TACTTMPNeoponera_Unknown24	Neoponera_villosa	TACTTMPNeoponera_Unknown24_villosa	24	FALSE	Unknown
Neoponera	TACTTMPNeoponera_Neotropical25	Neoponera_insignis	TACTTMPNeoponera_Neotropical25_insignis	25	FALSE	Neotropical
Neoponera	TACTTMPNeoponera_Neotropical26	Neoponera_bugabensis	TACTTMPNeoponera_Neotropical26_bugabensis	26	FALSE	Neotropical
Neoponera	TACTTMPNeoponera_Neotropical27	Neoponera_solisi	TACTTMPNeoponera_Neotropical27_solisi	27	FALSE	Neotropical
Neoponera	TACTTMPNeoponera_Neotropical28	Neoponera_dismarginata	TACTTMPNeoponera_Neotropical28_dismarginata	28	FALSE	Neotropical
Neoponera	TACTTMPNeoponera_Neotropical29	Neoponera_fisheri	TACTTMPNeoponera_Neotropical29_fisheri	29	FALSE	Neotropical
Neoponera	TACTTMPNeoponera_Neotropical30	Neoponera_rostrata	TACTTMPNeoponera_Neotropical30_rostrata	30	FALSE	Neotropical
Neoponera	TACTTMPNeoponera_Neotropical31	Neoponera_verenae	TACTTMPNeoponera_Neotropical31_verenae	31	FALSE	Neotropical
Neoponera	TACTTMPNeoponera_Unknown32	Neoponera_apicalis	TACTTMPNeoponera_Unknown32_apicalis	32	FALSE	Unknown
Neoponera	TACTTMPNeoponera_Neotropical33	Neoponera_obscuricornis	TACTTMPNeoponera_Neotropical33_obscuricornis	33	FALSE	Neotropical
Neoponera	TACTTMPNeoponera_Neotropical34	Neoponera_cooki	TACTTMPNeoponera_Neotropical34_cooki	34	FALSE	Neotropical
Neoponera	TACTTMPNeoponera_Neotropical35	Neoponera_metanotalis	TACTTMPNeoponera_Neotropical35_metanotalis	35	FALSE	Neotropical
Neoponera	TACTTMPNeoponera_Neotropical36	Neoponera_emiliae	TACTTMPNeoponera_Neotropical36_emiliae	36	FALSE	Neotropical
Neoponera	TACTTMPNeoponera_Neotropical37	Neoponera_magnifica	TACTTMPNeoponera_Neotropical37_magnifica	37	FALSE	Neotropical
Neoponera	TACTTMPNeoponera_Neotropical38	Neoponera_mashpi	TACTTMPNeoponera_Neotropical38_mashpi	38	FALSE	Neotropical
Neoponera	TACTTMPNeoponera_Neotropical39	Neoponera_laevigata	TACTTMPNeoponera_Neotropical39_laevigata	39	FALSE	Neotropical
Neoponera	TACTTMPNeoponera_Neotropical40	Neoponera_gojira	TACTTMPNeoponera_Neotropical40_gojira	40	FALSE	Neotropical
Neoponera	TACTTMPNeoponera_Neotropical41	Neoponera_marginata	TACTTMPNeoponera_Neotropical41_marginata	41	FALSE	Neotropical
Neoponera	TACTTMPNeoponera_Unknown42	Neoponera_commutata	TACTTMPNeoponera_Unknown42_commutata	42	FALSE	Unknown
Neoponera	TACTTMPNeoponera_Neotropical43	Neoponera_holcotyle	TACTTMPNeoponera_Neotropical43_holcotyle	43	FALSE	Neotropical
Neoponera	TACTTMPNeoponera_Neotropical44	Neoponera_hispida	TACTTMPNeoponera_Neotropical44_hispida	44	FALSE	Neotropical
Neoponera	TACTTMPNeoponera_Neotropical45	Neoponera_chyzeri	TACTTMPNeoponera_Neotropical45_chyzeri	45	FALSE	Neotropical
Neoponera	TACTTMPNeoponera_Neotropical46	Neoponera_fusca	TACTTMPNeoponera_Neotropical46_fusca	46	FALSE	Neotropical
Neoponera	TACTTMPNeoponera_Neotropical47	Neoponera_fauveli	TACTTMPNeoponera_Neotropical47_fauveli	47	FALSE	Neotropical
Neoponera	TACTTMPNeoponera_Neotropical48	Neoponera_schoedli	TACTTMPNeoponera_Neotropical48_schoedli	48	FALSE	Neotropical
Neoponera	TACTTMPNeoponera_Neotropical49	Neoponera_carbonaria	TACTTMPNeoponera_Neotropical49_carbonaria	49	FALSE	Neotropical
Neoponera	TACTTMPNeoponera_Neotropical50	Neoponera_aenescens	TACTTMPNeoponera_Neotropical50_aenescens	50	FALSE	Neotropical
Neoponera	TACTTMPNeoponera_Neotropical51	Neoponera_eleonorae	TACTTMPNeoponera_Neotropical51_eleonorae	51	FALSE	Neotropical
Neoponera	TACTTMPNeoponera_Neotropical52	Neoponera_venusta	TACTTMPNeoponera_Neotropical52_venusta	52	FALSE	Neotropical
Neoponera	TACTTMPNeoponera_Neotropical53	Neoponera_schultzi	TACTTMPNeoponera_Neotropical53_schultzi	53	FALSE	Neotropical
Neoponera	TACTTMPNeoponera_Neotropical54	Neoponera_concava	TACTTMPNeoponera_Neotropical54_concava	54	FALSE	Neotropical
Nesomyrmex	TACTTMPNesomyrmex_Afrotropical01	Nesomyrmex_fragilis	TACTTMPNesomyrmex_Afrotropical01_fragilis	1	FALSE	Afrotropical
Nesomyrmex	TACTTMPNesomyrmex_Afrotropical02	Nesomyrmex_bidentatus	TACTTMPNesomyrmex_Afrotropical02_bidentatus	2	FALSE	Afrotropical
Nesomyrmex	TACTTMPNesomyrmex_Afrotropical03	Nesomyrmex_exiguus	TACTTMPNesomyrmex_Afrotropical03_exiguus	3	FALSE	Afrotropical
Nesomyrmex	TACTTMPNesomyrmex_Afrotropical04	Nesomyrmex_gracilis	TACTTMPNesomyrmex_Afrotropical04_gracilis	4	FALSE	Afrotropical
Nesomyrmex	TACTTMPNesomyrmex_Afrotropical05	Nesomyrmex_hirtellus	TACTTMPNesomyrmex_Afrotropical05_hirtellus	5	FALSE	Afrotropical
Nesomyrmex	TACTTMPNesomyrmex_Afrotropical06	Nesomyrmex_devius	TACTTMPNesomyrmex_Afrotropical06_devius	6	FALSE	Afrotropical
Nesomyrmex	TACTTMPNesomyrmex_Afrotropical07	Nesomyrmex_madecassus	TACTTMPNesomyrmex_Afrotropical07_madecassus	7	FALSE	Afrotropical
Nesomyrmex	TACTTMPNesomyrmex_Afrotropical08	Nesomyrmex_flavus	TACTTMPNesomyrmex_Afrotropical08_flavus	8	FALSE	Afrotropical
Nesomyrmex	TACTTMPNesomyrmex_Afrotropical09	Nesomyrmex_nitidus	TACTTMPNesomyrmex_Afrotropical09_nitidus	9	FALSE	Afrotropical
Nesomyrmex	TACTTMPNesomyrmex_Afrotropical10	Nesomyrmex_spinosus	TACTTMPNesomyrmex_Afrotropical10_spinosus	10	FALSE	Afrotropical
Nesomyrmex	TACTTMPNesomyrmex_Afrotropical11	Nesomyrmex_medusa	TACTTMPNesomyrmex_Afrotropical11_medusa	11	FALSE	Afrotropical
Nesomyrmex	TACTTMPNesomyrmex_Afrotropical12	Nesomyrmex_hafahafa	TACTTMPNesomyrmex_Afrotropical12_hafahafa	12	FALSE	Afrotropical
Nesomyrmex	TACTTMPNesomyrmex_Afrotropical13	Nesomyrmex_capricornis	TACTTMPNesomyrmex_Afrotropical13_capricornis	13	FALSE	Afrotropical
Nesomyrmex	TACTTMPNesomyrmex_Afrotropical14	Nesomyrmex_sikorai	TACTTMPNesomyrmex_Afrotropical14_sikorai	14	FALSE	Afrotropical
Nesomyrmex	TACTTMPNesomyrmex_Afrotropical15	Nesomyrmex_rugosus	TACTTMPNesomyrmex_Afrotropical15_rugosus	15	FALSE	Afrotropical
Nesomyrmex	TACTTMPNesomyrmex_Afrotropical16	Nesomyrmex_striatus	TACTTMPNesomyrmex_Afrotropical16_striatus	16	FALSE	Afrotropical
Nesomyrmex	TACTTMPNesomyrmex_Afrotropical17	Nesomyrmex_modestus	TACTTMPNesomyrmex_Afrotropical17_modestus	17	FALSE	Afrotropical
Nesomyrmex	TACTTMPNesomyrmex_Afrotropical18	Nesomyrmex_excelsior	TACTTMPNesomyrmex_Afrotropical18_excelsior	18	FALSE	Afrotropical
Nesomyrmex	TACTTMPNesomyrmex_Afrotropical19	Nesomyrmex_retusispinosus	TACTTMPNesomyrmex_Afrotropical19_retusispinosus	19	FALSE	Afrotropical
Nesomyrmex	TACTTMPNesomyrmex_Afrotropical20	Nesomyrmex_tamatavensis	TACTTMPNesomyrmex_Afrotropical20_tamatavensis	20	FALSE	Afrotropical
Nesomyrmex	TACTTMPNesomyrmex_Afrotropical21	Nesomyrmex_clypeatus	TACTTMPNesomyrmex_Afrotropical21_clypeatus	21	FALSE	Afrotropical
Nesomyrmex	TACTTMPNesomyrmex_Afrotropical22	Nesomyrmex_reticulatus	TACTTMPNesomyrmex_Afrotropical22_reticulatus	22	FALSE	Afrotropical
Nesomyrmex	TACTTMPNesomyrmex_Afrotropical23	Nesomyrmex_punctaticeps	TACTTMPNesomyrmex_Afrotropical23_punctaticeps	23	FALSE	Afrotropical
Nesomyrmex	TACTTMPNesomyrmex_Afrotropical24	Nesomyrmex_cingulatus	TACTTMPNesomyrmex_Afrotropical24_cingulatus	24	FALSE	Afrotropical
Nesomyrmex	TACTTMPNesomyrmex_Afrotropical25	Nesomyrmex_sellaris	TACTTMPNesomyrmex_Afrotropical25_sellaris	25	FALSE	Afrotropical
Nesomyrmex	TACTTMPNesomyrmex_Afrotropical26	Nesomyrmex_longiceps	TACTTMPNesomyrmex_Afrotropical26_longiceps	26	FALSE	Afrotropical
Nesomyrmex	TACTTMPNesomyrmex_Afrotropical27	Nesomyrmex_brevicornis	TACTTMPNesomyrmex_Afrotropical27_brevicornis	27	FALSE	Afrotropical
Nesomyrmex	TACTTMPNesomyrmex_Afrotropical28	Nesomyrmex_minutus	TACTTMPNesomyrmex_Afrotropical28_minutus	28	FALSE	Afrotropical
Nesomyrmex	TACTTMPNesomyrmex_Afrotropical29	Nesomyrmex_edentatus	TACTTMPNesomyrmex_Afrotropical29_edentatus	29	FALSE	Afrotropical
Nesomyrmex	TACTTMPNesomyrmex_Afrotropical30	Nesomyrmex_flavigaster	TACTTMPNesomyrmex_Afrotropical30_flavigaster	30	FALSE	Afrotropical
Nesomyrmex	TACTTMPNesomyrmex_Afrotropical31	Nesomyrmex_brunneus	TACTTMPNesomyrmex_Afrotropical31_brunneus	31	FALSE	Afrotropical
Nesomyrmex	TACTTMPNesomyrmex_Neotropical32	Nesomyrmex_pleuriticus	TACTTMPNesomyrmex_Neotropical32_pleuriticus	32	FALSE	Neotropical
Nesomyrmex	TACTTMPNesomyrmex_Neotropical33	Nesomyrmex_echinatinodis	TACTTMPNesomyrmex_Neotropical33_echinatinodis	33	FALSE	Neotropical
Nesomyrmex	TACTTMPNesomyrmex_Nearctic34	Nesomyrmex_wilda	TACTTMPNesomyrmex_Nearctic34_wilda	34	FALSE	Nearctic
Nesomyrmex	TACTTMPNesomyrmex_Palearctic35	Nesomyrmex_angulatus	TACTTMPNesomyrmex_Palearctic35_angulatus	35	FALSE	Palearctic
Notoncus	TACTTMPNotoncus_Australasian01	Notoncus_capitatus	TACTTMPNotoncus_Australasian01_capitatus	1	FALSE	Australasian
Notostigma	TACTTMPNotostigma_Australasian01	Notostigma_carazzii	TACTTMPNotostigma_Australasian01_carazzii	1	FALSE	Australasian
Nylanderia	TACTTMPNylanderia_Australasian01	Nylanderia_nuggeti	TACTTMPNylanderia_Australasian01_nuggeti	1	FALSE	Australasian
Nylanderia	TACTTMPNylanderia_Australasian02	Nylanderia_helleri	TACTTMPNylanderia_Australasian02_helleri	2	FALSE	Australasian
Nylanderia	TACTTMPNylanderia_Nearctic03	Nylanderia_phantasma	TACTTMPNylanderia_Nearctic03_phantasma	3	FALSE	Nearctic
Nylanderia	TACTTMPNylanderia_Nearctic04	Nylanderia_arenivaga	TACTTMPNylanderia_Nearctic04_arenivaga	4	FALSE	Nearctic
Nylanderia	TACTTMPNylanderia_Nearctic05	Nylanderia_parvula	TACTTMPNylanderia_Nearctic05_parvula	5	FALSE	Nearctic
Nylanderia	TACTTMPNylanderia_Nearctic06	Nylanderia_faisonensis	TACTTMPNylanderia_Nearctic06_faisonensis	6	FALSE	Nearctic
Nylanderia	TACTTMPNylanderia_Nearctic07	Nylanderia_concinna	TACTTMPNylanderia_Nearctic07_concinna	7	FALSE	Nearctic
Nylanderia	TACTTMPNylanderia_Nearctic08	Nylanderia_wojciki	TACTTMPNylanderia_Nearctic08_wojciki	8	FALSE	Nearctic
Nylanderia	TACTTMPNylanderia_Palearctic09	Nylanderia_vividula	TACTTMPNylanderia_Palearctic09_vividula	9	FALSE	Palearctic
Nylanderia	TACTTMPNylanderia_Nearctic10	Nylanderia_terricola	TACTTMPNylanderia_Nearctic10_terricola	10	FALSE	Nearctic
Nylanderia	TACTTMPNylanderia_Nearctic11	Nylanderia_hystrix	TACTTMPNylanderia_Nearctic11_hystrix	11	FALSE	Nearctic
Nylanderia	TACTTMPNylanderia_Palearctic12	Nylanderia_flavipes	TACTTMPNylanderia_Palearctic12_flavipes	12	FALSE	Palearctic
Nylanderia	TACTTMPNylanderia_Palearctic13	Nylanderia_emmae	TACTTMPNylanderia_Palearctic13_emmae	13	FALSE	Palearctic
Nylanderia	TACTTMPNylanderia_Indomalayan14	Nylanderia_picta	TACTTMPNylanderia_Indomalayan14_picta	14	FALSE	Indomalayan
Nylanderia	TACTTMPNylanderia_Neotropical15	Nylanderia_steinheili	TACTTMPNylanderia_Neotropical15_steinheili	15	FALSE	Neotropical
Nylanderia	TACTTMPNylanderia_Neotropical16	Nylanderia_coveri	TACTTMPNylanderia_Neotropical16_coveri	16	FALSE	Neotropical
Nylanderia	TACTTMPNylanderia_Neotropical17	Nylanderia_myops	TACTTMPNylanderia_Neotropical17_myops	17	FALSE	Neotropical
Nylanderia	TACTTMPNylanderia_Neotropical18	Nylanderia_pubens	TACTTMPNylanderia_Neotropical18_pubens	18	FALSE	Neotropical
Nylanderia	TACTTMPNylanderia_Neotropical19	Nylanderia_lucayana	TACTTMPNylanderia_Neotropical19_lucayana	19	FALSE	Neotropical
Nylanderia	TACTTMPNylanderia_Neotropical20	Nylanderia_fulva	TACTTMPNylanderia_Neotropical20_fulva	20	FALSE	Neotropical
Nylanderia	TACTTMPNylanderia_Neotropical21	Nylanderia_pini	TACTTMPNylanderia_Neotropical21_pini	21	FALSE	Neotropical
Nylanderia	TACTTMPNylanderia_Neotropical22	Nylanderia_esperanza	TACTTMPNylanderia_Neotropical22_esperanza	22	FALSE	Neotropical
Nylanderia	TACTTMPNylanderia_Neotropical23	Nylanderia_metacista	TACTTMPNylanderia_Neotropical23_metacista	23	FALSE	Neotropical
Nylanderia	TACTTMPNylanderia_Neotropical24	Nylanderia_bibadia	TACTTMPNylanderia_Neotropical24_bibadia	24	FALSE	Neotropical
Nylanderia	TACTTMPNylanderia_Neotropical25	Nylanderia_guatemalensis	TACTTMPNylanderia_Neotropical25_guatemalensis	25	FALSE	Neotropical
Nylanderia	TACTTMPNylanderia_Neotropical26	Nylanderia_semitincta	TACTTMPNylanderia_Neotropical26_semitincta	26	FALSE	Neotropical
Nylanderia	TACTTMPNylanderia_Neotropical27	Nylanderia_microps	TACTTMPNylanderia_Neotropical27_microps	27	FALSE	Neotropical
Nylanderia	TACTTMPNylanderia_Neotropical28	Nylanderia_fuscaspecula	TACTTMPNylanderia_Neotropical28_fuscaspecula	28	FALSE	Neotropical
Nylanderia	TACTTMPNylanderia_Neotropical29	Nylanderia_caerula	TACTTMPNylanderia_Neotropical29_caerula	29	FALSE	Neotropical
Nylanderia	TACTTMPNylanderia_Neotropical30	Nylanderia_disatra	TACTTMPNylanderia_Neotropical30_disatra	30	FALSE	Neotropical
Nylanderia	TACTTMPNylanderia_Afrotropical31	Nylanderia_natalensis	TACTTMPNylanderia_Afrotropical31_natalensis	31	FALSE	Afrotropical
Nylanderia	TACTTMPNylanderia_Afrotropical32	Nylanderia_boltoni	TACTTMPNylanderia_Afrotropical32_boltoni	32	FALSE	Afrotropical
Nylanderia	TACTTMPNylanderia_Afrotropical33	Nylanderia_usambarica	TACTTMPNylanderia_Afrotropical33_usambarica	33	FALSE	Afrotropical
Nylanderia	TACTTMPNylanderia_Palearctic34	Nylanderia_jaegerskioeldi	TACTTMPNylanderia_Palearctic34_jaegerskioeldi	34	FALSE	Palearctic
Nylanderia	TACTTMPNylanderia_Afrotropical35	Nylanderia_dodo	TACTTMPNylanderia_Afrotropical35_dodo	35	FALSE	Afrotropical
Nylanderia	TACTTMPNylanderia_Australasian36	Nylanderia_vaga	TACTTMPNylanderia_Australasian36_vaga	36	FALSE	Australasian
Nylanderia	TACTTMPNylanderia_Australasian37	Nylanderia_obscura	TACTTMPNylanderia_Australasian37_obscura	37	FALSE	Australasian
Nylanderia	TACTTMPNylanderia_Afrotropical38	Nylanderia_amblyops	TACTTMPNylanderia_Afrotropical38_amblyops	38	FALSE	Afrotropical
Nylanderia	TACTTMPNylanderia_Australasian39	Nylanderia_glabrior	TACTTMPNylanderia_Australasian39_glabrior	39	FALSE	Australasian
Nylanderia	TACTTMPNylanderia_Afrotropical40	Nylanderia_bourbonica	TACTTMPNylanderia_Afrotropical40_bourbonica	40	FALSE	Afrotropical
Nylanderia	TACTTMPNylanderia_Oceanian41	Nylanderia_vitiensis	TACTTMPNylanderia_Oceanian41_vitiensis	41	FALSE	Oceanian
Nylanderia	TACTTMPNylanderia_Afrotropical42	Nylanderia_madagascarensis	TACTTMPNylanderia_Afrotropical42_madagascarensis	42	FALSE	Afrotropical
Nylanderia	TACTTMPNylanderia_Afrotropical43	Nylanderia_humbloti	TACTTMPNylanderia_Afrotropical43_humbloti	43	FALSE	Afrotropical
Ochetellus	TACTTMPOchetellus_Australasian01	Ochetellus_glaber	TACTTMPOchetellus_Australasian01_glaber	1	FALSE	Australasian
Octostruma	TACTTMPOctostruma_Neotropical01	Octostruma_rugifera	TACTTMPOctostruma_Neotropical01_rugifera	1	FALSE	Neotropical
Octostruma	TACTTMPOctostruma_Neotropical02	Octostruma_iheringi	TACTTMPOctostruma_Neotropical02_iheringi	2	FALSE	Neotropical
Octostruma	TACTTMPOctostruma_Neotropical03	Octostruma_wheeleri	TACTTMPOctostruma_Neotropical03_wheeleri	3	FALSE	Neotropical
Ocymyrmex	TACTTMPOcymyrmex_Afrotropical01	Ocymyrmex_turneri	TACTTMPOcymyrmex_Afrotropical01_turneri	1	FALSE	Afrotropical
Ocymyrmex	TACTTMPOcymyrmex_Afrotropical02	Ocymyrmex_engytachys	TACTTMPOcymyrmex_Afrotropical02_engytachys	2	FALSE	Afrotropical
Ocymyrmex	TACTTMPOcymyrmex_Afrotropical03	Ocymyrmex_zekhem	TACTTMPOcymyrmex_Afrotropical03_zekhem	3	FALSE	Afrotropical
Ocymyrmex	TACTTMPOcymyrmex_Afrotropical04	Ocymyrmex_velox	TACTTMPOcymyrmex_Afrotropical04_velox	4	FALSE	Afrotropical
Ocymyrmex	TACTTMPOcymyrmex_Afrotropical05	Ocymyrmex_kahas	TACTTMPOcymyrmex_Afrotropical05_kahas	5	FALSE	Afrotropical
Ocymyrmex	TACTTMPOcymyrmex_Afrotropical06	Ocymyrmex_afradu	TACTTMPOcymyrmex_Afrotropical06_afradu	6	FALSE	Afrotropical
Ocymyrmex	TACTTMPOcymyrmex_Afrotropical07	Ocymyrmex_fortior	TACTTMPOcymyrmex_Afrotropical07_fortior	7	FALSE	Afrotropical
Ocymyrmex	TACTTMPOcymyrmex_Afrotropical08	Ocymyrmex_flaviventris	TACTTMPOcymyrmex_Afrotropical08_flaviventris	8	FALSE	Afrotropical
Ocymyrmex	TACTTMPOcymyrmex_Afrotropical09	Ocymyrmex_resekhes	TACTTMPOcymyrmex_Afrotropical09_resekhes	9	FALSE	Afrotropical
Ocymyrmex	TACTTMPOcymyrmex_Afrotropical10	Ocymyrmex_alacer	TACTTMPOcymyrmex_Afrotropical10_alacer	10	FALSE	Afrotropical
Ocymyrmex	TACTTMPOcymyrmex_Afrotropical11	Ocymyrmex_sobek	TACTTMPOcymyrmex_Afrotropical11_sobek	11	FALSE	Afrotropical
Ocymyrmex	TACTTMPOcymyrmex_Afrotropical12	Ocymyrmex_nitidulus	TACTTMPOcymyrmex_Afrotropical12_nitidulus	12	FALSE	Afrotropical
Ocymyrmex	TACTTMPOcymyrmex_Afrotropical13	Ocymyrmex_celer	TACTTMPOcymyrmex_Afrotropical13_celer	13	FALSE	Afrotropical
Ocymyrmex	TACTTMPOcymyrmex_Afrotropical14	Ocymyrmex_phraxus	TACTTMPOcymyrmex_Afrotropical14_phraxus	14	FALSE	Afrotropical
Ocymyrmex	TACTTMPOcymyrmex_Afrotropical15	Ocymyrmex_picardi	TACTTMPOcymyrmex_Afrotropical15_picardi	15	FALSE	Afrotropical
Ocymyrmex	TACTTMPOcymyrmex_Afrotropical16	Ocymyrmex_monardi	TACTTMPOcymyrmex_Afrotropical16_monardi	16	FALSE	Afrotropical
Ocymyrmex	TACTTMPOcymyrmex_Afrotropical17	Ocymyrmex_okys	TACTTMPOcymyrmex_Afrotropical17_okys	17	FALSE	Afrotropical
Ocymyrmex	TACTTMPOcymyrmex_Afrotropical18	Ocymyrmex_robustior	TACTTMPOcymyrmex_Afrotropical18_robustior	18	FALSE	Afrotropical
Ocymyrmex	TACTTMPOcymyrmex_Afrotropical19	Ocymyrmex_barbiger	TACTTMPOcymyrmex_Afrotropical19_barbiger	19	FALSE	Afrotropical
Ocymyrmex	TACTTMPOcymyrmex_Afrotropical20	Ocymyrmex_dekerus	TACTTMPOcymyrmex_Afrotropical20_dekerus	20	FALSE	Afrotropical
Ocymyrmex	TACTTMPOcymyrmex_Afrotropical21	Ocymyrmex_cavatodorsatus	TACTTMPOcymyrmex_Afrotropical21_cavatodorsatus	21	FALSE	Afrotropical
Odontomachus	TACTTMPOdontomachus_Indomalayan01	Odontomachus_rixosus	TACTTMPOdontomachus_Indomalayan01_rixosus	1	FALSE	Indomalayan
Odontomachus	TACTTMPOdontomachus_Indomalayan02	Odontomachus_minangkabau	TACTTMPOdontomachus_Indomalayan02_minangkabau	2	FALSE	Indomalayan
Odontomachus	TACTTMPOdontomachus_Palearctic03	Odontomachus_xizangensis	TACTTMPOdontomachus_Palearctic03_xizangensis	3	FALSE	Palearctic
Odontomachus	TACTTMPOdontomachus_Palearctic04	Odontomachus_fulgidus	TACTTMPOdontomachus_Palearctic04_fulgidus	4	FALSE	Palearctic
Odontomachus	TACTTMPOdontomachus_Palearctic05	Odontomachus_circulus	TACTTMPOdontomachus_Palearctic05_circulus	5	FALSE	Palearctic
Odontomachus	TACTTMPOdontomachus_Indomalayan06	Odontomachus_procerus	TACTTMPOdontomachus_Indomalayan06_procerus	6	FALSE	Indomalayan
Odontomachus	TACTTMPOdontomachus_Indomalayan07	Odontomachus_latidens	TACTTMPOdontomachus_Indomalayan07_latidens	7	FALSE	Indomalayan
Odontomachus	TACTTMPOdontomachus_Indomalayan08	Odontomachus_pararixosus	TACTTMPOdontomachus_Indomalayan08_pararixosus	8	FALSE	Indomalayan
Odontomachus	TACTTMPOdontomachus_Afrotropical09	Odontomachus_coquereli	TACTTMPOdontomachus_Afrotropical09_coquereli	9	FALSE	Afrotropical
Odontomachus	TACTTMPOdontomachus_Afrotropical10	Odontomachus_assiniensis	TACTTMPOdontomachus_Afrotropical10_assiniensis	10	FALSE	Afrotropical
Odontomachus	TACTTMPOdontomachus_Nearctic11	Odontomachus_relictus	TACTTMPOdontomachus_Nearctic11_relictus	11	FALSE	Nearctic
Odontomachus	TACTTMPOdontomachus_Nearctic12	Odontomachus_brunneus	TACTTMPOdontomachus_Nearctic12_brunneus	12	FALSE	Nearctic
Odontomachus	TACTTMPOdontomachus_Nearctic13	Odontomachus_clarus	TACTTMPOdontomachus_Nearctic13_clarus	13	FALSE	Nearctic
Odontomachus	TACTTMPOdontomachus_Neotropical14	Odontomachus_ruginodis	TACTTMPOdontomachus_Neotropical14_ruginodis	14	FALSE	Neotropical
Odontomachus	TACTTMPOdontomachus_Neotropical15	Odontomachus_laticeps	TACTTMPOdontomachus_Neotropical15_laticeps	15	FALSE	Neotropical
Odontomachus	TACTTMPOdontomachus_Neotropical16	Odontomachus_chicomendesi	TACTTMPOdontomachus_Neotropical16_chicomendesi	16	FALSE	Neotropical
Odontomachus	TACTTMPOdontomachus_Neotropical17	Odontomachus_yucatecus	TACTTMPOdontomachus_Neotropical17_yucatecus	17	FALSE	Neotropical
Odontomachus	TACTTMPOdontomachus_Indomalayan18	Odontomachus_simillimus	TACTTMPOdontomachus_Indomalayan18_simillimus	18	FALSE	Indomalayan
Odontomachus	TACTTMPOdontomachus_Neotropical19	Odontomachus_bauri	TACTTMPOdontomachus_Neotropical19_bauri	19	FALSE	Neotropical
Odontomachus	TACTTMPOdontomachus_Neotropical20	Odontomachus_erythrocephalus	TACTTMPOdontomachus_Neotropical20_erythrocephalus	20	FALSE	Neotropical
Odontomachus	TACTTMPOdontomachus_Afrotropical21	Odontomachus_troglodytes	TACTTMPOdontomachus_Afrotropical21_troglodytes	21	FALSE	Afrotropical
Odontomachus	TACTTMPOdontomachus_Unknown22	Odontomachus_haematodus	TACTTMPOdontomachus_Unknown22_haematodus	22	FALSE	Unknown
Odontomachus	TACTTMPOdontomachus_Neotropical23	Odontomachus_panamensis	TACTTMPOdontomachus_Neotropical23_panamensis	23	FALSE	Neotropical
Odontomachus	TACTTMPOdontomachus_Neotropical24	Odontomachus_insularis	TACTTMPOdontomachus_Neotropical24_insularis	24	FALSE	Neotropical
Odontomachus	TACTTMPOdontomachus_Neotropical25	Odontomachus_scalptus	TACTTMPOdontomachus_Neotropical25_scalptus	25	FALSE	Neotropical
Odontomachus	TACTTMPOdontomachus_Neotropical26	Odontomachus_opaciventris	TACTTMPOdontomachus_Neotropical26_opaciventris	26	FALSE	Neotropical
Odontomachus	TACTTMPOdontomachus_Neotropical27	Odontomachus_biumbonatus	TACTTMPOdontomachus_Neotropical27_biumbonatus	27	FALSE	Neotropical
Odontomachus	TACTTMPOdontomachus_Neotropical28	Odontomachus_spissus	TACTTMPOdontomachus_Neotropical28_spissus	28	FALSE	Neotropical
Odontomachus	TACTTMPOdontomachus_Neotropical29	Odontomachus_meinerti	TACTTMPOdontomachus_Neotropical29_meinerti	29	FALSE	Neotropical
Odontomachus	TACTTMPOdontomachus_Unknown30	Odontomachus_chelifer	TACTTMPOdontomachus_Unknown30_chelifer	30	FALSE	Unknown
Odontomachus	TACTTMPOdontomachus_Unknown31	Odontomachus_hastatus	TACTTMPOdontomachus_Unknown31_hastatus	31	FALSE	Unknown
Odontomachus	TACTTMPOdontomachus_Indomalayan32	Odontomachus_tyrannicus	TACTTMPOdontomachus_Indomalayan32_tyrannicus	32	FALSE	Indomalayan
Odontomachus	TACTTMPOdontomachus_Australasian33	Odontomachus_testaceus	TACTTMPOdontomachus_Australasian33_testaceus	33	FALSE	Australasian
Odontomachus	TACTTMPOdontomachus_Australasian34	Odontomachus_ruficeps	TACTTMPOdontomachus_Australasian34_ruficeps	34	FALSE	Australasian
Odontomachus	TACTTMPOdontomachus_Australasian35	Odontomachus_cephalotes	TACTTMPOdontomachus_Australasian35_cephalotes	35	FALSE	Australasian
Odontomachus	TACTTMPOdontomachus_Australasian36	Odontomachus_turneri	TACTTMPOdontomachus_Australasian36_turneri	36	FALSE	Australasian
Odontomachus	TACTTMPOdontomachus_Australasian37	Odontomachus_papuanus	TACTTMPOdontomachus_Australasian37_papuanus	37	FALSE	Australasian
Odontomachus	TACTTMPOdontomachus_Australasian38	Odontomachus_animosus	TACTTMPOdontomachus_Australasian38_animosus	38	FALSE	Australasian
Odontomachus	TACTTMPOdontomachus_Australasian39	Odontomachus_malignus	TACTTMPOdontomachus_Australasian39_malignus	39	FALSE	Australasian
Odontomachus	TACTTMPOdontomachus_Indomalayan40	Odontomachus_floresensis	TACTTMPOdontomachus_Indomalayan40_floresensis	40	FALSE	Indomalayan
Odontomachus	TACTTMPOdontomachus_Oceanian41	Odontomachus_angulatus	TACTTMPOdontomachus_Oceanian41_angulatus	41	FALSE	Oceanian
Odontomachus	TACTTMPOdontomachus_Indomalayan42	Odontomachus_saevissimus	TACTTMPOdontomachus_Indomalayan42_saevissimus	42	FALSE	Indomalayan
Odontomachus	TACTTMPOdontomachus_Australasian43	Odontomachus_rufithorax	TACTTMPOdontomachus_Australasian43_rufithorax	43	FALSE	Australasian
Odontomachus	TACTTMPOdontomachus_Australasian44	Odontomachus_opaculus	TACTTMPOdontomachus_Australasian44_opaculus	44	FALSE	Australasian
Odontomachus	TACTTMPOdontomachus_Australasian45	Odontomachus_imperator	TACTTMPOdontomachus_Australasian45_imperator	45	FALSE	Australasian
Oecophylla	TACTTMPOecophylla_Australasian01	Oecophylla_smaragdina	TACTTMPOecophylla_Australasian01_smaragdina	1	FALSE	Australasian
Oecophylla	TACTTMPOecophylla_Afrotropical02	Oecophylla_longinoda	TACTTMPOecophylla_Afrotropical02_longinoda	2	FALSE	Afrotropical
Onychomyrmex	TACTTMPOnychomyrmex_Australasian01	Onychomyrmex_hedleyi	TACTTMPOnychomyrmex_Australasian01_hedleyi	1	FALSE	Australasian
Ooceraea	TACTTMPOoceraea_Indomalayan01	Ooceraea_biroi	TACTTMPOoceraea_Indomalayan01_biroi	1	FALSE	Indomalayan
Ooceraea	TACTTMPOoceraea_Australasian02	Ooceraea_australis	TACTTMPOoceraea_Australasian02_australis	2	FALSE	Australasian
Ooceraea	TACTTMPOoceraea_Indomalayan03	Ooceraea_fragosa	TACTTMPOoceraea_Indomalayan03_fragosa	3	FALSE	Indomalayan
Ophthalmopone	TACTTMPOphthalmopone_Afrotropical01	Ophthalmopone_hottentota	TACTTMPOphthalmopone_Afrotropical01_hottentota	1	FALSE	Afrotropical
Ophthalmopone	TACTTMPOphthalmopone_Afrotropical02	Ophthalmopone_berthoudi	TACTTMPOphthalmopone_Afrotropical02_berthoudi	2	FALSE	Afrotropical
Opisthopsis	TACTTMPOpisthopsis_Australasian01	Opisthopsis_picta	TACTTMPOpisthopsis_Australasian01_picta	1	FALSE	Australasian
Opisthopsis	TACTTMPOpisthopsis_Australasian02	Opisthopsis_major	TACTTMPOpisthopsis_Australasian02_major	2	FALSE	Australasian
Opisthopsis	TACTTMPOpisthopsis_Australasian03	Opisthopsis_respiciens	TACTTMPOpisthopsis_Australasian03_respiciens	3	FALSE	Australasian
Opisthopsis	TACTTMPOpisthopsis_Australasian04	Opisthopsis_haddoni	TACTTMPOpisthopsis_Australasian04_haddoni	4	FALSE	Australasian
Orectognathus	TACTTMPOrectognathus_Australasian01	Orectognathus_versicolor	TACTTMPOrectognathus_Australasian01_versicolor	1	FALSE	Australasian
Overbeckia	TACTTMPOverbeckia_Indomalayan01	Overbeckia_subclavata	TACTTMPOverbeckia_Indomalayan01_subclavata	1	FALSE	Indomalayan
Overbeckia	TACTTMPOverbeckia_Australasian02	Overbeckia_papuana	TACTTMPOverbeckia_Australasian02_papuana	2	FALSE	Australasian
Oxyepoecus	TACTTMPOxyepoecus_Neotropical01	Oxyepoecus_vezenyii	TACTTMPOxyepoecus_Neotropical01_vezenyii	1	FALSE	Neotropical
Oxyopomyrmex	TACTTMPOxyopomyrmex_Palearctic01	Oxyopomyrmex_saulcyi	TACTTMPOxyopomyrmex_Palearctic01_saulcyi	1	FALSE	Palearctic
Oxyopomyrmex	TACTTMPOxyopomyrmex_Palearctic02	Oxyopomyrmex_insularis	TACTTMPOxyopomyrmex_Palearctic02_insularis	2	FALSE	Palearctic
Oxyopomyrmex	TACTTMPOxyopomyrmex_Palearctic03	Oxyopomyrmex_magnus	TACTTMPOxyopomyrmex_Palearctic03_magnus	3	FALSE	Palearctic
Pachycondyla	TACTTMPPachycondyla_Neotropical01	Pachycondyla_lenis	TACTTMPPachycondyla_Neotropical01_lenis	1	FALSE	Neotropical
Pachycondyla	TACTTMPPachycondyla_Unknown02	Pachycondyla_harpax	TACTTMPPachycondyla_Unknown02_harpax	2	FALSE	Unknown
Pachycondyla	TACTTMPPachycondyla_Neotropical03	Pachycondyla_striata	TACTTMPPachycondyla_Neotropical03_striata	3	FALSE	Neotropical
Pachycondyla	TACTTMPPachycondyla_Neotropical04	Pachycondyla_purpurascens	TACTTMPPachycondyla_Neotropical04_purpurascens	4	FALSE	Neotropical
Pachycondyla	TACTTMPPachycondyla_Neotropical05	Pachycondyla_lattkei	TACTTMPPachycondyla_Neotropical05_lattkei	5	FALSE	Neotropical
Pachycondyla	TACTTMPPachycondyla_Neotropical06	Pachycondyla_impressa	TACTTMPPachycondyla_Neotropical06_impressa	6	FALSE	Neotropical
Pachycondyla	TACTTMPPachycondyla_Neotropical07	Pachycondyla_crassinoda	TACTTMPPachycondyla_Neotropical07_crassinoda	7	FALSE	Neotropical
Pachycondyla	TACTTMPPachycondyla_Neotropical08	Pachycondyla_procidua	TACTTMPPachycondyla_Neotropical08_procidua	8	FALSE	Neotropical
Papyrius	TACTTMPPapyrius_Australasian01	Papyrius_nitidus	TACTTMPPapyrius_Australasian01_nitidus	1	FALSE	Australasian
Paraparatrechina	TACTTMPParaparatrechina_Indomalayan01	Paraparatrechina_opaca	TACTTMPParaparatrechina_Indomalayan01_opaca	1	FALSE	Indomalayan
Paraparatrechina	TACTTMPParaparatrechina_Afrotropical02	Paraparatrechina_concinnata	TACTTMPParaparatrechina_Afrotropical02_concinnata	2	FALSE	Afrotropical
Paraparatrechina	TACTTMPParaparatrechina_Afrotropical03	Paraparatrechina_weissi	TACTTMPParaparatrechina_Afrotropical03_weissi	3	FALSE	Afrotropical
Paraparatrechina	TACTTMPParaparatrechina_Afrotropical04	Paraparatrechina_glabra	TACTTMPParaparatrechina_Afrotropical04_glabra	4	FALSE	Afrotropical
Paraparatrechina	TACTTMPParaparatrechina_Afrotropical05	Paraparatrechina_myops	TACTTMPParaparatrechina_Afrotropical05_myops	5	FALSE	Afrotropical
Paraparatrechina	TACTTMPParaparatrechina_Oceanian06	Paraparatrechina_oceanica	TACTTMPParaparatrechina_Oceanian06_oceanica	6	FALSE	Oceanian
Paraparatrechina	TACTTMPParaparatrechina_Australasian07	Paraparatrechina_minutula	TACTTMPParaparatrechina_Australasian07_minutula	7	FALSE	Australasian
Paraparatrechina	TACTTMPParaparatrechina_Australasian08	Paraparatrechina_pallida	TACTTMPParaparatrechina_Australasian08_pallida	8	FALSE	Australasian
Paraparatrechina	TACTTMPParaparatrechina_Australasian09	Paraparatrechina_lecamopteridis	TACTTMPParaparatrechina_Australasian09_lecamopteridis	9	FALSE	Australasian
Parasyscia	TACTTMPParasyscia_Australasian01	Parasyscia_dohertyi	TACTTMPParasyscia_Australasian01_dohertyi	1	FALSE	Australasian
Parasyscia	TACTTMPParasyscia_Australasian02	Parasyscia_desposyne	TACTTMPParasyscia_Australasian02_desposyne	2	FALSE	Australasian
Parasyscia	TACTTMPParasyscia_Afrotropical03	Parasyscia_sylvicola	TACTTMPParasyscia_Afrotropical03_sylvicola	3	FALSE	Afrotropical
Parasyscia	TACTTMPParasyscia_Palearctic04	Parasyscia_wittmeri	TACTTMPParasyscia_Palearctic04_wittmeri	4	FALSE	Palearctic
Paratopula	TACTTMPParatopula_Unknown01	Paratopula_TH01	TACTTMPParatopula_Unknown01_TH01	1	FALSE	Unknown
Paratrachymyrmex	TACTTMPParatrachymyrmex_Neotropical01	Paratrachymyrmex_irmgardae	TACTTMPParatrachymyrmex_Neotropical01_irmgardae	1	FALSE	Neotropical
Paratrachymyrmex	TACTTMPParatrachymyrmex_Neotropical02	Paratrachymyrmex_bugnioni	TACTTMPParatrachymyrmex_Neotropical02_bugnioni	2	FALSE	Neotropical
Paratrachymyrmex	TACTTMPParatrachymyrmex_Neotropical03	Paratrachymyrmex_cornetzi	TACTTMPParatrachymyrmex_Neotropical03_cornetzi	3	FALSE	Neotropical
Paratrachymyrmex	TACTTMPParatrachymyrmex_Neotropical04	Paratrachymyrmex_diversus	TACTTMPParatrachymyrmex_Neotropical04_diversus	4	FALSE	Neotropical
Paratrachymyrmex	TACTTMPParatrachymyrmex_Neotropical05	Paratrachymyrmex_intermedius	TACTTMPParatrachymyrmex_Neotropical05_intermedius	5	FALSE	Neotropical
Paratrechina	TACTTMPParatrechina_Afrotropical01	Paratrechina_zanjensis	TACTTMPParatrechina_Afrotropical01_zanjensis	1	FALSE	Afrotropical
Paratrechina	TACTTMPParatrechina_Afrotropical02	Paratrechina_antsingy	TACTTMPParatrechina_Afrotropical02_antsingy	2	FALSE	Afrotropical
Paratrechina	TACTTMPParatrechina_Afrotropical03	Paratrechina_longicornis	TACTTMPParatrechina_Afrotropical03_longicornis	3	FALSE	Afrotropical
Parvaponera	TACTTMPParvaponera_Afrotropical01	Parvaponera_darwinii	TACTTMPParvaponera_Afrotropical01_darwinii	1	FALSE	Afrotropical
Patagonomyrmex	TACTTMPPatagonomyrmex_Neotropical01	Patagonomyrmex_odoratus	TACTTMPPatagonomyrmex_Neotropical01_odoratus	1	FALSE	Neotropical
Patagonomyrmex	TACTTMPPatagonomyrmex_Neotropical02	Patagonomyrmex_angustus	TACTTMPPatagonomyrmex_Neotropical02_angustus	2	FALSE	Neotropical
Perissomyrmex	TACTTMPPerissomyrmex_Neotropical01	Perissomyrmex_snyderi	TACTTMPPerissomyrmex_Neotropical01_snyderi	1	FALSE	Neotropical
Peronomyrmex	TACTTMPPeronomyrmex_Unknown01	Peronomyrmex_sp	TACTTMPPeronomyrmex_Unknown01_sp	1	FALSE	Unknown
Pheidole	TACTTMPPheidole_Neotropical01	Pheidole_sagittaria	TACTTMPPheidole_Neotropical01_sagittaria	1	FALSE	Neotropical
Pheidole	TACTTMPPheidole_Neotropical02	Pheidole_laselva	TACTTMPPheidole_Neotropical02_laselva	2	FALSE	Neotropical
Pheidole	TACTTMPPheidole_Nearctic03	Pheidole_rhea	TACTTMPPheidole_Nearctic03_rhea	3	FALSE	Nearctic
Pheidole	TACTTMPPheidole_Australasian04	Pheidole_dispar	TACTTMPPheidole_Australasian04_dispar	4	FALSE	Australasian
Pheidole	TACTTMPPheidole_Australasian05	Pheidole_antipodum	TACTTMPPheidole_Australasian05_antipodum	5	FALSE	Australasian
Pheidole	TACTTMPPheidole_Australasian06	Pheidole_viserion	TACTTMPPheidole_Australasian06_viserion	6	FALSE	Australasian
Pheidole	TACTTMPPheidole_Australasian07	Pheidole_cervicornis	TACTTMPPheidole_Australasian07_cervicornis	7	FALSE	Australasian
Pheidole	TACTTMPPheidole_Australasian08	Pheidole_amber	TACTTMPPheidole_Australasian08_amber	8	FALSE	Australasian
Pheidole	TACTTMPPheidole_Australasian09	Pheidole_laminata	TACTTMPPheidole_Australasian09_laminata	9	FALSE	Australasian
Pheidole	TACTTMPPheidole_Oceanian10	Pheidole_umbonata	TACTTMPPheidole_Oceanian10_umbonata	10	FALSE	Oceanian
Pheidole	TACTTMPPheidole_Australasian11	Pheidole_fuscula	TACTTMPPheidole_Australasian11_fuscula	11	FALSE	Australasian
Pheidole	TACTTMPPheidole_Australasian12	Pheidole_sericella	TACTTMPPheidole_Australasian12_sericella	12	FALSE	Australasian
Pheidole	TACTTMPPheidole_Australasian13	Pheidole_gambogia	TACTTMPPheidole_Australasian13_gambogia	13	FALSE	Australasian
Pheidole	TACTTMPPheidole_Australasian14	Pheidole_xanthocnemis	TACTTMPPheidole_Australasian14_xanthocnemis	14	FALSE	Australasian
Pheidole	TACTTMPPheidole_Australasian15	Pheidole_tricolor	TACTTMPPheidole_Australasian15_tricolor	15	FALSE	Australasian
Pheidole	TACTTMPPheidole_Australasian16	Pheidole_sexdentata	TACTTMPPheidole_Australasian16_sexdentata	16	FALSE	Australasian
Pheidole	TACTTMPPheidole_Oceanian17	Pheidole_sexspinosa	TACTTMPPheidole_Oceanian17_sexspinosa	17	FALSE	Oceanian
Pheidole	TACTTMPPheidole_Oceanian18	Pheidole_isis	TACTTMPPheidole_Oceanian18_isis	18	FALSE	Oceanian
Pheidole	TACTTMPPheidole_Australasian19	Pheidole_medioflava	TACTTMPPheidole_Australasian19_medioflava	19	FALSE	Australasian
Pheidole	TACTTMPPheidole_Australasian20	Pheidole_hercules	TACTTMPPheidole_Australasian20_hercules	20	FALSE	Australasian
Pheidole	TACTTMPPheidole_Oceanian21	Pheidole_onifera	TACTTMPPheidole_Oceanian21_onifera	21	FALSE	Oceanian
Pheidole	TACTTMPPheidole_Australasian22	Pheidole_conficta	TACTTMPPheidole_Australasian22_conficta	22	FALSE	Australasian
Pheidole	TACTTMPPheidole_Australasian23	Pheidole_distincta	TACTTMPPheidole_Australasian23_distincta	23	FALSE	Australasian
Pheidole	TACTTMPPheidole_Australasian24	Pheidole_athertonensis	TACTTMPPheidole_Australasian24_athertonensis	24	FALSE	Australasian
Pheidole	TACTTMPPheidole_Australasian25	Pheidole_melanogaster	TACTTMPPheidole_Australasian25_melanogaster	25	FALSE	Australasian
Pheidole	TACTTMPPheidole_Afrotropical26	Pheidole_parvula	TACTTMPPheidole_Afrotropical26_parvula	26	FALSE	Afrotropical
Pheidole	TACTTMPPheidole_Afrotropical27	Pheidole_midongy	TACTTMPPheidole_Afrotropical27_midongy	27	FALSE	Afrotropical
Pheidole	TACTTMPPheidole_Afrotropical28	Pheidole_kely	TACTTMPPheidole_Afrotropical28_kely	28	FALSE	Afrotropical
Pheidole	TACTTMPPheidole_Afrotropical29	Pheidole_flavominuta	TACTTMPPheidole_Afrotropical29_flavominuta	29	FALSE	Afrotropical
Pheidole	TACTTMPPheidole_Afrotropical30	Pheidole_sava	TACTTMPPheidole_Afrotropical30_sava	30	FALSE	Afrotropical
Pheidole	TACTTMPPheidole_Afrotropical31	Pheidole_antranohofa	TACTTMPPheidole_Afrotropical31_antranohofa	31	FALSE	Afrotropical
Pheidole	TACTTMPPheidole_Afrotropical32	Pheidole_sikorae	TACTTMPPheidole_Afrotropical32_sikorae	32	FALSE	Afrotropical
Pheidole	TACTTMPPheidole_Afrotropical33	Pheidole_mamiratra	TACTTMPPheidole_Afrotropical33_mamiratra	33	FALSE	Afrotropical
Pheidole	TACTTMPPheidole_Afrotropical34	Pheidole_vony	TACTTMPPheidole_Afrotropical34_vony	34	FALSE	Afrotropical
Pheidole	TACTTMPPheidole_Afrotropical35	Pheidole_sparsa	TACTTMPPheidole_Afrotropical35_sparsa	35	FALSE	Afrotropical
Pheidole	TACTTMPPheidole_Afrotropical36	Pheidole_itremo	TACTTMPPheidole_Afrotropical36_itremo	36	FALSE	Afrotropical
Pheidole	TACTTMPPheidole_Afrotropical37	Pheidole_havoana	TACTTMPPheidole_Afrotropical37_havoana	37	FALSE	Afrotropical
Pheidole	TACTTMPPheidole_Afrotropical38	Pheidole_vadum	TACTTMPPheidole_Afrotropical38_vadum	38	FALSE	Afrotropical
Pheidole	TACTTMPPheidole_Afrotropical39	Pheidole_hazo	TACTTMPPheidole_Afrotropical39_hazo	39	FALSE	Afrotropical
Pheidole	TACTTMPPheidole_Afrotropical40	Pheidole_befotaka	TACTTMPPheidole_Afrotropical40_befotaka	40	FALSE	Afrotropical
Pheidole	TACTTMPPheidole_Afrotropical41	Pheidole_mavohavoana	TACTTMPPheidole_Afrotropical41_mavohavoana	41	FALSE	Afrotropical
Pheidole	TACTTMPPheidole_Afrotropical42	Pheidole_haboka	TACTTMPPheidole_Afrotropical42_haboka	42	FALSE	Afrotropical
Pheidole	TACTTMPPheidole_Afrotropical43	Pheidole_volontany	TACTTMPPheidole_Afrotropical43_volontany	43	FALSE	Afrotropical
Pheidole	TACTTMPPheidole_Afrotropical44	Pheidole_andohahela	TACTTMPPheidole_Afrotropical44_andohahela	44	FALSE	Afrotropical
Pheidole	TACTTMPPheidole_Afrotropical45	Pheidole_tsaravoniana	TACTTMPPheidole_Afrotropical45_tsaravoniana	45	FALSE	Afrotropical
Pheidole	TACTTMPPheidole_Afrotropical46	Pheidole_renirano	TACTTMPPheidole_Afrotropical46_renirano	46	FALSE	Afrotropical
Pheidole	TACTTMPPheidole_Afrotropical47	Pheidole_mivory	TACTTMPPheidole_Afrotropical47_mivory	47	FALSE	Afrotropical
Pheidole	TACTTMPPheidole_Afrotropical48	Pheidole_dasos	TACTTMPPheidole_Afrotropical48_dasos	48	FALSE	Afrotropical
Pheidole	TACTTMPPheidole_Afrotropical49	Pheidole_analavelona	TACTTMPPheidole_Afrotropical49_analavelona	49	FALSE	Afrotropical
Pheidole	TACTTMPPheidole_Afrotropical50	Pheidole_ambohimanga	TACTTMPPheidole_Afrotropical50_ambohimanga	50	FALSE	Afrotropical
Pheidole	TACTTMPPheidole_Afrotropical51	Pheidole_typhlos	TACTTMPPheidole_Afrotropical51_typhlos	51	FALSE	Afrotropical
Pheidole	TACTTMPPheidole_Afrotropical52	Pheidole_parviocula	TACTTMPPheidole_Afrotropical52_parviocula	52	FALSE	Afrotropical
Pheidole	TACTTMPPheidole_Afrotropical53	Pheidole_ranohirensis	TACTTMPPheidole_Afrotropical53_ranohirensis	53	FALSE	Afrotropical
Pheidole	TACTTMPPheidole_Afrotropical54	Pheidole_beanka	TACTTMPPheidole_Afrotropical54_beanka	54	FALSE	Afrotropical
Pheidole	TACTTMPPheidole_Afrotropical55	Pheidole_mikros	TACTTMPPheidole_Afrotropical55_mikros	55	FALSE	Afrotropical
Pheidole	TACTTMPPheidole_Afrotropical56	Pheidole_lutea	TACTTMPPheidole_Afrotropical56_lutea	56	FALSE	Afrotropical
Pheidole	TACTTMPPheidole_Afrotropical57	Pheidole_sofia	TACTTMPPheidole_Afrotropical57_sofia	57	FALSE	Afrotropical
Pheidole	TACTTMPPheidole_Afrotropical58	Pheidole_lucida	TACTTMPPheidole_Afrotropical58_lucida	58	FALSE	Afrotropical
Pheidole	TACTTMPPheidole_Afrotropical59	Pheidole_joffreville	TACTTMPPheidole_Afrotropical59_joffreville	59	FALSE	Afrotropical
Pheidole	TACTTMPPheidole_Afrotropical60	Pheidole_manantenina	TACTTMPPheidole_Afrotropical60_manantenina	60	FALSE	Afrotropical
Pheidole	TACTTMPPheidole_Afrotropical61	Pheidole_mahamavo	TACTTMPPheidole_Afrotropical61_mahamavo	61	FALSE	Afrotropical
Pheidole	TACTTMPPheidole_Afrotropical62	Pheidole_alina	TACTTMPPheidole_Afrotropical62_alina	62	FALSE	Afrotropical
Pheidole	TACTTMPPheidole_Afrotropical63	Pheidole_trichotos	TACTTMPPheidole_Afrotropical63_trichotos	63	FALSE	Afrotropical
Pheidole	TACTTMPPheidole_Afrotropical64	Pheidole_gracilis	TACTTMPPheidole_Afrotropical64_gracilis	64	FALSE	Afrotropical
Pheidole	TACTTMPPheidole_Afrotropical65	Pheidole_veteratrix	TACTTMPPheidole_Afrotropical65_veteratrix	65	FALSE	Afrotropical
Pheidole	TACTTMPPheidole_Afrotropical66	Pheidole_oculata	TACTTMPPheidole_Afrotropical66_oculata	66	FALSE	Afrotropical
Pheidole	TACTTMPPheidole_Afrotropical67	Pheidole_moramanaensis	TACTTMPPheidole_Afrotropical67_moramanaensis	67	FALSE	Afrotropical
Pheidole	TACTTMPPheidole_Afrotropical68	Pheidole_curvistriata	TACTTMPPheidole_Afrotropical68_curvistriata	68	FALSE	Afrotropical
Pheidole	TACTTMPPheidole_Afrotropical69	Pheidole_makirovana	TACTTMPPheidole_Afrotropical69_makirovana	69	FALSE	Afrotropical
Pheidole	TACTTMPPheidole_Afrotropical70	Pheidole_madinika	TACTTMPPheidole_Afrotropical70_madinika	70	FALSE	Afrotropical
Pheidole	TACTTMPPheidole_Afrotropical71	Pheidole_andapa	TACTTMPPheidole_Afrotropical71_andapa	71	FALSE	Afrotropical
Pheidole	TACTTMPPheidole_Afrotropical72	Pheidole_ala	TACTTMPPheidole_Afrotropical72_ala	72	FALSE	Afrotropical
Pheidole	TACTTMPPheidole_Afrotropical73	Pheidole_nemoralis	TACTTMPPheidole_Afrotropical73_nemoralis	73	FALSE	Afrotropical
Pheidole	TACTTMPPheidole_Afrotropical74	Pheidole_fisaka	TACTTMPPheidole_Afrotropical74_fisaka	74	FALSE	Afrotropical
Pheidole	TACTTMPPheidole_Afrotropical75	Pheidole_vatovavensis	TACTTMPPheidole_Afrotropical75_vatovavensis	75	FALSE	Afrotropical
Pheidole	TACTTMPPheidole_Afrotropical76	Pheidole_ankerana	TACTTMPPheidole_Afrotropical76_ankerana	76	FALSE	Afrotropical
Pheidole	TACTTMPPheidole_Afrotropical77	Pheidole_petax	TACTTMPPheidole_Afrotropical77_petax	77	FALSE	Afrotropical
Pheidole	TACTTMPPheidole_Afrotropical78	Pheidole_brevipilosa	TACTTMPPheidole_Afrotropical78_brevipilosa	78	FALSE	Afrotropical
Pheidole	TACTTMPPheidole_Afrotropical79	Pheidole_masoala	TACTTMPPheidole_Afrotropical79_masoala	79	FALSE	Afrotropical
Pheidole	TACTTMPPheidole_Afrotropical80	Pheidole_boribora	TACTTMPPheidole_Afrotropical80_boribora	80	FALSE	Afrotropical
Pheidole	TACTTMPPheidole_Afrotropical81	Pheidole_zavamanira	TACTTMPPheidole_Afrotropical81_zavamanira	81	FALSE	Afrotropical
Pheidole	TACTTMPPheidole_Afrotropical82	Pheidole_goavana	TACTTMPPheidole_Afrotropical82_goavana	82	FALSE	Afrotropical
Pheidole	TACTTMPPheidole_Afrotropical83	Pheidole_lamperos	TACTTMPPheidole_Afrotropical83_lamperos	83	FALSE	Afrotropical
Pheidole	TACTTMPPheidole_Afrotropical84	Pheidole_ferruginea	TACTTMPPheidole_Afrotropical84_ferruginea	84	FALSE	Afrotropical
Pheidole	TACTTMPPheidole_Afrotropical85	Pheidole_bemarivoensis	TACTTMPPheidole_Afrotropical85_bemarivoensis	85	FALSE	Afrotropical
Pheidole	TACTTMPPheidole_Afrotropical86	Pheidole_bemarahaensis	TACTTMPPheidole_Afrotropical86_bemarahaensis	86	FALSE	Afrotropical
Pheidole	TACTTMPPheidole_Afrotropical87	Pheidole_jonas	TACTTMPPheidole_Afrotropical87_jonas	87	FALSE	Afrotropical
Pheidole	TACTTMPPheidole_Afrotropical88	Pheidole_ehazoara	TACTTMPPheidole_Afrotropical88_ehazoara	88	FALSE	Afrotropical
Pheidole	TACTTMPPheidole_Afrotropical89	Pheidole_avaratra	TACTTMPPheidole_Afrotropical89_avaratra	89	FALSE	Afrotropical
Pheidole	TACTTMPPheidole_Afrotropical90	Pheidole_rugofitarata	TACTTMPPheidole_Afrotropical90_rugofitarata	90	FALSE	Afrotropical
Pheidole	TACTTMPPheidole_Afrotropical91	Pheidole_fitarata	TACTTMPPheidole_Afrotropical91_fitarata	91	FALSE	Afrotropical
Pheidole	TACTTMPPheidole_Afrotropical92	Pheidole_rugocephala	TACTTMPPheidole_Afrotropical92_rugocephala	92	FALSE	Afrotropical
Pheidole	TACTTMPPheidole_Afrotropical93	Pheidole_longipilosa	TACTTMPPheidole_Afrotropical93_longipilosa	93	FALSE	Afrotropical
Pheidole	TACTTMPPheidole_Afrotropical94	Pheidole_marieannae	TACTTMPPheidole_Afrotropical94_marieannae	94	FALSE	Afrotropical
Pheidole	TACTTMPPheidole_Afrotropical95	Pheidole_annemariae	TACTTMPPheidole_Afrotropical95_annemariae	95	FALSE	Afrotropical
Pheidole	TACTTMPPheidole_Afrotropical96	Pheidole_manantenensis	TACTTMPPheidole_Afrotropical96_manantenensis	96	FALSE	Afrotropical
Pheidole	TACTTMPPheidole_Afrotropical97	Pheidole_scabrata	TACTTMPPheidole_Afrotropical97_scabrata	97	FALSE	Afrotropical
Pheidole	TACTTMPPheidole_Afrotropical98	Pheidole_comosa	TACTTMPPheidole_Afrotropical98_comosa	98	FALSE	Afrotropical
Pheidole	TACTTMPPheidole_Afrotropical99	Pheidole_arivo	TACTTMPPheidole_Afrotropical99_arivo	99	FALSE	Afrotropical
Pheidole	TACTTMPPheidole_Afrotropical100	Pheidole_maro	TACTTMPPheidole_Afrotropical100_maro	100	FALSE	Afrotropical
Pheidole	TACTTMPPheidole_Afrotropical101	Pheidole_madecassa	TACTTMPPheidole_Afrotropical101_madecassa	101	FALSE	Afrotropical
Pheidole	TACTTMPPheidole_Afrotropical102	Pheidole_mantadioflava	TACTTMPPheidole_Afrotropical102_mantadioflava	102	FALSE	Afrotropical
Pheidole	TACTTMPPheidole_Afrotropical103	Pheidole_clara	TACTTMPPheidole_Afrotropical103_clara	103	FALSE	Afrotropical
Pheidole	TACTTMPPheidole_Afrotropical104	Pheidole_oswaldi	TACTTMPPheidole_Afrotropical104_oswaldi	104	FALSE	Afrotropical
Pheidole	TACTTMPPheidole_Afrotropical105	Pheidole_decollata	TACTTMPPheidole_Afrotropical105_decollata	105	FALSE	Afrotropical
Pheidole	TACTTMPPheidole_Afrotropical106	Pheidole_voreios	TACTTMPPheidole_Afrotropical106_voreios	106	FALSE	Afrotropical
Pheidole	TACTTMPPheidole_Afrotropical107	Pheidole_antsahabe	TACTTMPPheidole_Afrotropical107_antsahabe	107	FALSE	Afrotropical
Pheidole	TACTTMPPheidole_Afrotropical108	Pheidole_similis	TACTTMPPheidole_Afrotropical108_similis	108	FALSE	Afrotropical
Pheidole	TACTTMPPheidole_Afrotropical109	Pheidole_bessonii	TACTTMPPheidole_Afrotropical109_bessonii	109	FALSE	Afrotropical
Pheidole	TACTTMPPheidole_Afrotropical110	Pheidole_atsirakambiaty	TACTTMPPheidole_Afrotropical110_atsirakambiaty	110	FALSE	Afrotropical
Pheidole	TACTTMPPheidole_Afrotropical111	Pheidole_zirafy	TACTTMPPheidole_Afrotropical111_zirafy	111	FALSE	Afrotropical
Pheidole	TACTTMPPheidole_Afrotropical112	Pheidole_flavodepressa	TACTTMPPheidole_Afrotropical112_flavodepressa	112	FALSE	Afrotropical
Pheidole	TACTTMPPheidole_Afrotropical113	Pheidole_grallatrix	TACTTMPPheidole_Afrotropical113_grallatrix	113	FALSE	Afrotropical
Pheidole	TACTTMPPheidole_Afrotropical114	Pheidole_tenebrovulgaris	TACTTMPPheidole_Afrotropical114_tenebrovulgaris	114	FALSE	Afrotropical
Pheidole	TACTTMPPheidole_Afrotropical115	Pheidole_uranus	TACTTMPPheidole_Afrotropical115_uranus	115	FALSE	Afrotropical
Pheidole	TACTTMPPheidole_Afrotropical116	Pheidole_ovalinoda	TACTTMPPheidole_Afrotropical116_ovalinoda	116	FALSE	Afrotropical
Pheidole	TACTTMPPheidole_Afrotropical117	Pheidole_mamirapiratra	TACTTMPPheidole_Afrotropical117_mamirapiratra	117	FALSE	Afrotropical
Pheidole	TACTTMPPheidole_Afrotropical118	Pheidole_mena	TACTTMPPheidole_Afrotropical118_mena	118	FALSE	Afrotropical
Pheidole	TACTTMPPheidole_Afrotropical119	Pheidole_flammea	TACTTMPPheidole_Afrotropical119_flammea	119	FALSE	Afrotropical
Pheidole	TACTTMPPheidole_Afrotropical120	Pheidole_vohemarensis	TACTTMPPheidole_Afrotropical120_vohemarensis	120	FALSE	Afrotropical
Pheidole	TACTTMPPheidole_Afrotropical121	Pheidole_nitidobruna	TACTTMPPheidole_Afrotropical121_nitidobruna	121	FALSE	Afrotropical
Pheidole	TACTTMPPheidole_Afrotropical122	Pheidole_praegrandis	TACTTMPPheidole_Afrotropical122_praegrandis	122	FALSE	Afrotropical
Pheidole	TACTTMPPheidole_Afrotropical123	Pheidole_longispinosa	TACTTMPPheidole_Afrotropical123_longispinosa	123	FALSE	Afrotropical
Pheidole	TACTTMPPheidole_Afrotropical124	Pheidole_mahaboensis	TACTTMPPheidole_Afrotropical124_mahaboensis	124	FALSE	Afrotropical
Pheidole	TACTTMPPheidole_Afrotropical125	Pheidole_maizina	TACTTMPPheidole_Afrotropical125_maizina	125	FALSE	Afrotropical
Pheidole	TACTTMPPheidole_Afrotropical126	Pheidole_podargea	TACTTMPPheidole_Afrotropical126_podargea	126	FALSE	Afrotropical
Pheidole	TACTTMPPheidole_Afrotropical127	Pheidole_ocypodea	TACTTMPPheidole_Afrotropical127_ocypodea	127	FALSE	Afrotropical
Pheidole	TACTTMPPheidole_Afrotropical128	Pheidole_aelloea	TACTTMPPheidole_Afrotropical128_aelloea	128	FALSE	Afrotropical
Pheidole	TACTTMPPheidole_Afrotropical129	Pheidole_ensifera	TACTTMPPheidole_Afrotropical129_ensifera	129	FALSE	Afrotropical
Pheidole	TACTTMPPheidole_Afrotropical130	Pheidole_diakritos	TACTTMPPheidole_Afrotropical130_diakritos	130	FALSE	Afrotropical
Pheidole	TACTTMPPheidole_Neotropical131	Pheidole_veletis	TACTTMPPheidole_Neotropical131_veletis	131	FALSE	Neotropical
Pheidole	TACTTMPPheidole_Australasian132	Pheidole_spinicornis	TACTTMPPheidole_Australasian132_spinicornis	132	FALSE	Australasian
Pheidole	TACTTMPPheidole_Indomalayan133	Pheidole_sperata	TACTTMPPheidole_Indomalayan133_sperata	133	FALSE	Indomalayan
Pheidole	TACTTMPPheidole_Indomalayan134	Pheidole_quadricuspis	TACTTMPPheidole_Indomalayan134_quadricuspis	134	FALSE	Indomalayan
Pheidole	TACTTMPPheidole_Indomalayan135	Pheidole_quadrensis	TACTTMPPheidole_Indomalayan135_quadrensis	135	FALSE	Indomalayan
Pheidole	TACTTMPPheidole_Indomalayan136	Pheidole_tumida	TACTTMPPheidole_Indomalayan136_tumida	136	FALSE	Indomalayan
Pheidole	TACTTMPPheidole_Palearctic137	Pheidole_nodus	TACTTMPPheidole_Palearctic137_nodus	137	FALSE	Palearctic
Pheidole	TACTTMPPheidole_Palearctic138	Pheidole_nodifera	TACTTMPPheidole_Palearctic138_nodifera	138	FALSE	Palearctic
Pheidole	TACTTMPPheidole_Indomalayan139	Pheidole_lokitae	TACTTMPPheidole_Indomalayan139_lokitae	139	FALSE	Indomalayan
Pheidole	TACTTMPPheidole_Australasian140	Pheidole_acantha	TACTTMPPheidole_Australasian140_acantha	140	FALSE	Australasian
Pheidole	TACTTMPPheidole_Australasian141	Pheidole_sabahna	TACTTMPPheidole_Australasian141_sabahna	141	FALSE	Australasian
Pheidole	TACTTMPPheidole_Indomalayan142	Pheidole_bluntschlii	TACTTMPPheidole_Indomalayan142_bluntschlii	142	FALSE	Indomalayan
Pheidole	TACTTMPPheidole_Indomalayan143	Pheidole_rugithorax	TACTTMPPheidole_Indomalayan143_rugithorax	143	FALSE	Indomalayan
Pheidole	TACTTMPPheidole_Indomalayan144	Pheidole_gatesi	TACTTMPPheidole_Indomalayan144_gatesi	144	FALSE	Indomalayan
Pheidole	TACTTMPPheidole_Indomalayan145	Pheidole_dugasi	TACTTMPPheidole_Indomalayan145_dugasi	145	FALSE	Indomalayan
Pheidole	TACTTMPPheidole_Indomalayan146	Pheidole_smythiesii	TACTTMPPheidole_Indomalayan146_smythiesii	146	FALSE	Indomalayan
Pheidole	TACTTMPPheidole_Indomalayan147	Pheidole_singaporensis	TACTTMPPheidole_Indomalayan147_singaporensis	147	FALSE	Indomalayan
Pheidole	TACTTMPPheidole_Australasian148	Pheidole_comata	TACTTMPPheidole_Australasian148_comata	148	FALSE	Australasian
Pheidole	TACTTMPPheidole_Australasian149	Pheidole_montana	TACTTMPPheidole_Australasian149_montana	149	FALSE	Australasian
Pheidole	TACTTMPPheidole_Neotropical150	Pheidole_indagatrix	TACTTMPPheidole_Neotropical150_indagatrix	150	FALSE	Neotropical
Pheidole	TACTTMPPheidole_Australasian151	Pheidole_havilandi	TACTTMPPheidole_Australasian151_havilandi	151	FALSE	Australasian
Pheidole	TACTTMPPheidole_Australasian152	Pheidole_angulicollis	TACTTMPPheidole_Australasian152_angulicollis	152	FALSE	Australasian
Pheidole	TACTTMPPheidole_Indomalayan153	Pheidole_sauberi	TACTTMPPheidole_Indomalayan153_sauberi	153	FALSE	Indomalayan
Pheidole	TACTTMPPheidole_Indomalayan154	Pheidole_elisae	TACTTMPPheidole_Indomalayan154_elisae	154	FALSE	Indomalayan
Pheidole	TACTTMPPheidole_Indomalayan155	Pheidole_tandjongensis	TACTTMPPheidole_Indomalayan155_tandjongensis	155	FALSE	Indomalayan
Pheidole	TACTTMPPheidole_Australasian156	Pheidole_sarawakana	TACTTMPPheidole_Australasian156_sarawakana	156	FALSE	Australasian
Pheidole	TACTTMPPheidole_Indomalayan157	Pheidole_vulgaris	TACTTMPPheidole_Indomalayan157_vulgaris	157	FALSE	Indomalayan
Pheidole	TACTTMPPheidole_Indomalayan158	Pheidole_vieti	TACTTMPPheidole_Indomalayan158_vieti	158	FALSE	Indomalayan
Pheidole	TACTTMPPheidole_Palearctic159	Pheidole_fervida	TACTTMPPheidole_Palearctic159_fervida	159	FALSE	Palearctic
Pheidole	TACTTMPPheidole_Oceanian160	Pheidole_vatu	TACTTMPPheidole_Oceanian160_vatu	160	FALSE	Oceanian
Pheidole	TACTTMPPheidole_Oceanian161	Pheidole_kava	TACTTMPPheidole_Oceanian161_kava	161	FALSE	Oceanian
Pheidole	TACTTMPPheidole_Oceanian162	Pheidole_wilsoni	TACTTMPPheidole_Oceanian162_wilsoni	162	FALSE	Oceanian
Pheidole	TACTTMPPheidole_Oceanian163	Pheidole_knowlesi	TACTTMPPheidole_Oceanian163_knowlesi	163	FALSE	Oceanian
Pheidole	TACTTMPPheidole_Oceanian164	Pheidole_ululevu	TACTTMPPheidole_Oceanian164_ululevu	164	FALSE	Oceanian
Pheidole	TACTTMPPheidole_Oceanian165	Pheidole_uncagena	TACTTMPPheidole_Oceanian165_uncagena	165	FALSE	Oceanian
Pheidole	TACTTMPPheidole_Oceanian166	Pheidole_pegasus	TACTTMPPheidole_Oceanian166_pegasus	166	FALSE	Oceanian
Pheidole	TACTTMPPheidole_Oceanian167	Pheidole_roosevelti	TACTTMPPheidole_Oceanian167_roosevelti	167	FALSE	Oceanian
Pheidole	TACTTMPPheidole_Oceanian168	Pheidole_furcata	TACTTMPPheidole_Oceanian168_furcata	168	FALSE	Oceanian
Pheidole	TACTTMPPheidole_Oceanian169	Pheidole_colaensis	TACTTMPPheidole_Oceanian169_colaensis	169	FALSE	Oceanian
Pheidole	TACTTMPPheidole_Oceanian170	Pheidole_bula	TACTTMPPheidole_Oceanian170_bula	170	FALSE	Oceanian
Pheidole	TACTTMPPheidole_Oceanian171	Pheidole_simplispinosa	TACTTMPPheidole_Oceanian171_simplispinosa	171	FALSE	Oceanian
Pheidole	TACTTMPPheidole_Oceanian172	Pheidole_mendanai	TACTTMPPheidole_Oceanian172_mendanai	172	FALSE	Oceanian
Pheidole	TACTTMPPheidole_Australasian173	Pheidole_cryptocera	TACTTMPPheidole_Australasian173_cryptocera	173	FALSE	Australasian
Pheidole	TACTTMPPheidole_Afrotropical174	Pheidole_braueri	TACTTMPPheidole_Afrotropical174_braueri	174	FALSE	Afrotropical
Pheidole	TACTTMPPheidole_Indomalayan175	Pheidole_tjibodana	TACTTMPPheidole_Indomalayan175_tjibodana	175	FALSE	Indomalayan
Pheidole	TACTTMPPheidole_Australasian176	Pheidole_aristotelis	TACTTMPPheidole_Australasian176_aristotelis	176	FALSE	Australasian
Pheidole	TACTTMPPheidole_Palearctic177	Pheidole_hongkongensis	TACTTMPPheidole_Palearctic177_hongkongensis	177	FALSE	Palearctic
Pheidole	TACTTMPPheidole_Palearctic178	Pheidole_jordanica	TACTTMPPheidole_Palearctic178_jordanica	178	FALSE	Palearctic
Pheidole	TACTTMPPheidole_Palearctic179	Pheidole_indica	TACTTMPPheidole_Palearctic179_indica	179	FALSE	Palearctic
Pheidole	TACTTMPPheidole_Indomalayan180	Pheidole_planifrons	TACTTMPPheidole_Indomalayan180_planifrons	180	FALSE	Indomalayan
Pheidole	TACTTMPPheidole_Indomalayan181	Pheidole_roberti	TACTTMPPheidole_Indomalayan181_roberti	181	FALSE	Indomalayan
Pheidole	TACTTMPPheidole_Oceanian182	Pheidole_oceanica	TACTTMPPheidole_Oceanian182_oceanica	182	FALSE	Oceanian
Pheidole	TACTTMPPheidole_Palearctic183	Pheidole_fervens	TACTTMPPheidole_Palearctic183_fervens	183	FALSE	Palearctic
Pheidole	TACTTMPPheidole_Australasian184	Pheidole_hospes	TACTTMPPheidole_Australasian184_hospes	184	FALSE	Australasian
Pheidole	TACTTMPPheidole_Indomalayan185	Pheidole_aglae	TACTTMPPheidole_Indomalayan185_aglae	185	FALSE	Indomalayan
Pheidole	TACTTMPPheidole_Indomalayan186	Pheidole_binghamii	TACTTMPPheidole_Indomalayan186_binghamii	186	FALSE	Indomalayan
Pheidole	TACTTMPPheidole_Australasian187	Pheidole_cariniceps	TACTTMPPheidole_Australasian187_cariniceps	187	FALSE	Australasian
Pheidole	TACTTMPPheidole_Indomalayan188	Pheidole_plagiaria	TACTTMPPheidole_Indomalayan188_plagiaria	188	FALSE	Indomalayan
Pheidole	TACTTMPPheidole_Palearctic189	Pheidole_zoceana	TACTTMPPheidole_Palearctic189_zoceana	189	FALSE	Palearctic
Pheidole	TACTTMPPheidole_Palearctic190	Pheidole_ryukyuensis	TACTTMPPheidole_Palearctic190_ryukyuensis	190	FALSE	Palearctic
Pheidole	TACTTMPPheidole_Indomalayan191	Pheidole_sagei	TACTTMPPheidole_Indomalayan191_sagei	191	FALSE	Indomalayan
Pheidole	TACTTMPPheidole_Indomalayan192	Pheidole_parva	TACTTMPPheidole_Indomalayan192_parva	192	FALSE	Indomalayan
Pheidole	TACTTMPPheidole_Oceanian193	Pheidole_nindi	TACTTMPPheidole_Oceanian193_nindi	193	FALSE	Oceanian
Pheidole	TACTTMPPheidole_Afrotropical194	Pheidole_navoatrensis	TACTTMPPheidole_Afrotropical194_navoatrensis	194	FALSE	Afrotropical
Pheidole	TACTTMPPheidole_Australasian195	Pheidole_lucioccipitalis	TACTTMPPheidole_Australasian195_lucioccipitalis	195	FALSE	Australasian
Pheidole	TACTTMPPheidole_Indomalayan196	Pheidole_jacobsoni	TACTTMPPheidole_Indomalayan196_jacobsoni	196	FALSE	Indomalayan
Pheidole	TACTTMPPheidole_Afrotropical197	Pheidole_speculifera	TACTTMPPheidole_Afrotropical197_speculifera	197	FALSE	Afrotropical
Pheidole	TACTTMPPheidole_Afrotropical198	Pheidole_nigeriensis	TACTTMPPheidole_Afrotropical198_nigeriensis	198	FALSE	Afrotropical
Pheidole	TACTTMPPheidole_Afrotropical199	Pheidole_dea	TACTTMPPheidole_Afrotropical199_dea	199	FALSE	Afrotropical
Pheidole	TACTTMPPheidole_Afrotropical200	Pheidole_liengmei	TACTTMPPheidole_Afrotropical200_liengmei	200	FALSE	Afrotropical
Pheidole	TACTTMPPheidole_Afrotropical201	Pheidole_kohli	TACTTMPPheidole_Afrotropical201_kohli	201	FALSE	Afrotropical
Pheidole	TACTTMPPheidole_Afrotropical202	Pheidole_komori	TACTTMPPheidole_Afrotropical202_komori	202	FALSE	Afrotropical
Pheidole	TACTTMPPheidole_Palearctic203	Pheidole_pallidula	TACTTMPPheidole_Palearctic203_pallidula	203	FALSE	Palearctic
Pheidole	TACTTMPPheidole_Palearctic204	Pheidole_sinaitica	TACTTMPPheidole_Palearctic204_sinaitica	204	FALSE	Palearctic
Pheidole	TACTTMPPheidole_Afrotropical205	Pheidole_concinna	TACTTMPPheidole_Afrotropical205_concinna	205	FALSE	Afrotropical
Pheidole	TACTTMPPheidole_Afrotropical206	Pheidole_minuscula	TACTTMPPheidole_Afrotropical206_minuscula	206	FALSE	Afrotropical
Pheidole	TACTTMPPheidole_Afrotropical207	Pheidole_megatron	TACTTMPPheidole_Afrotropical207_megatron	207	FALSE	Afrotropical
Pheidole	TACTTMPPheidole_Afrotropical208	Pheidole_megacephala	TACTTMPPheidole_Afrotropical208_megacephala	208	FALSE	Afrotropical
Pheidole	TACTTMPPheidole_Afrotropical209	Pheidole_punctulata	TACTTMPPheidole_Afrotropical209_punctulata	209	FALSE	Afrotropical
Pheidole	TACTTMPPheidole_Afrotropical210	Pheidole_spinosa	TACTTMPPheidole_Afrotropical210_spinosa	210	FALSE	Afrotropical
Pheidole	TACTTMPPheidole_Neotropical211	Pheidole_zeteki	TACTTMPPheidole_Neotropical211_zeteki	211	FALSE	Neotropical
Pheidole	TACTTMPPheidole_Neotropical212	Pheidole_ursus	TACTTMPPheidole_Neotropical212_ursus	212	FALSE	Neotropical
Pheidole	TACTTMPPheidole_Neotropical213	Pheidole_striaticeps	TACTTMPPheidole_Neotropical213_striaticeps	213	FALSE	Neotropical
Pheidole	TACTTMPPheidole_Neotropical214	Pheidole_navigans	TACTTMPPheidole_Neotropical214_navigans	214	FALSE	Neotropical
Pheidole	TACTTMPPheidole_Neotropical215	Pheidole_glomericeps	TACTTMPPheidole_Neotropical215_glomericeps	215	FALSE	Neotropical
Pheidole	TACTTMPPheidole_Neotropical216	Pheidole_flavens	TACTTMPPheidole_Neotropical216_flavens	216	FALSE	Neotropical
Pheidole	TACTTMPPheidole_Afrotropical217	Pheidole_pulchella	TACTTMPPheidole_Afrotropical217_pulchella	217	FALSE	Afrotropical
Pheidole	TACTTMPPheidole_Nearctic218	Pheidole_senex	TACTTMPPheidole_Nearctic218_senex	218	FALSE	Nearctic
Pheidole	TACTTMPPheidole_Nearctic219	Pheidole_cavigenis	TACTTMPPheidole_Nearctic219_cavigenis	219	FALSE	Nearctic
Pheidole	TACTTMPPheidole_Nearctic220	Pheidole_pilifera	TACTTMPPheidole_Nearctic220_pilifera	220	FALSE	Nearctic
Pheidole	TACTTMPPheidole_Nearctic221	Pheidole_inquilina	TACTTMPPheidole_Nearctic221_inquilina	221	FALSE	Nearctic
Pheidole	TACTTMPPheidole_Nearctic222	Pheidole_carrolli	TACTTMPPheidole_Nearctic222_carrolli	222	FALSE	Nearctic
Pheidole	TACTTMPPheidole_Nearctic223	Pheidole_cerebrosior	TACTTMPPheidole_Nearctic223_cerebrosior	223	FALSE	Nearctic
Pheidole	TACTTMPPheidole_Nearctic224	Pheidole_spadonia	TACTTMPPheidole_Nearctic224_spadonia	224	FALSE	Nearctic
Pheidole	TACTTMPPheidole_Neotropical225	Pheidole_deceptrix	TACTTMPPheidole_Neotropical225_deceptrix	225	FALSE	Neotropical
Pheidole	TACTTMPPheidole_Neotropical226	Pheidole_punctatissima	TACTTMPPheidole_Neotropical226_punctatissima	226	FALSE	Neotropical
Pheidole	TACTTMPPheidole_Nearctic227	Pheidole_floridana	TACTTMPPheidole_Nearctic227_floridana	227	FALSE	Nearctic
Pheidole	TACTTMPPheidole_Neotropical228	Pheidole_anastasii	TACTTMPPheidole_Neotropical228_anastasii	228	FALSE	Neotropical
Pheidole	TACTTMPPheidole_Neotropical229	Pheidole_nebulosa	TACTTMPPheidole_Neotropical229_nebulosa	229	FALSE	Neotropical
Pheidole	TACTTMPPheidole_Nearctic230	Pheidole_clydei	TACTTMPPheidole_Nearctic230_clydei	230	FALSE	Nearctic
Pheidole	TACTTMPPheidole_Nearctic231	Pheidole_pelor	TACTTMPPheidole_Nearctic231_pelor	231	FALSE	Nearctic
Pheidole	TACTTMPPheidole_Neotropical232	Pheidole_fossimandibula	TACTTMPPheidole_Neotropical232_fossimandibula	232	FALSE	Neotropical
Pheidole	TACTTMPPheidole_Nearctic233	Pheidole_tysoni	TACTTMPPheidole_Nearctic233_tysoni	233	FALSE	Nearctic
Pheidole	TACTTMPPheidole_Nearctic234	Pheidole_juniperae	TACTTMPPheidole_Nearctic234_juniperae	234	FALSE	Nearctic
Pheidole	TACTTMPPheidole_Nearctic235	Pheidole_xerophila	TACTTMPPheidole_Nearctic235_xerophila	235	FALSE	Nearctic
Pheidole	TACTTMPPheidole_Neotropical236	Pheidole_rectitrudis	TACTTMPPheidole_Neotropical236_rectitrudis	236	FALSE	Neotropical
Pheidole	TACTTMPPheidole_Neotropical237	Pheidole_carinote	TACTTMPPheidole_Neotropical237_carinote	237	FALSE	Neotropical
Pheidole	TACTTMPPheidole_Neotropical238	Pheidole_beloceps	TACTTMPPheidole_Neotropical238_beloceps	238	FALSE	Neotropical
Pheidole	TACTTMPPheidole_Neotropical239	Pheidole_specularis	TACTTMPPheidole_Neotropical239_specularis	239	FALSE	Neotropical
Pheidole	TACTTMPPheidole_Neotropical240	Pheidole_harrisonfordi	TACTTMPPheidole_Neotropical240_harrisonfordi	240	FALSE	Neotropical
Pheidole	TACTTMPPheidole_Neotropical241	Pheidole_arachnion	TACTTMPPheidole_Neotropical241_arachnion	241	FALSE	Neotropical
Pheidole	TACTTMPPheidole_Neotropical242	Pheidole_williamsi	TACTTMPPheidole_Neotropical242_williamsi	242	FALSE	Neotropical
Pheidole	TACTTMPPheidole_Neotropical243	Pheidole_colobopsis	TACTTMPPheidole_Neotropical243_colobopsis	243	FALSE	Neotropical
Pheidole	TACTTMPPheidole_Neotropical244	Pheidole_antillana	TACTTMPPheidole_Neotropical244_antillana	244	FALSE	Neotropical
Pheidole	TACTTMPPheidole_Neotropical245	Pheidole_allarmata	TACTTMPPheidole_Neotropical245_allarmata	245	FALSE	Neotropical
Pheidole	TACTTMPPheidole_Neotropical246	Pheidole_protensa	TACTTMPPheidole_Neotropical246_protensa	246	FALSE	Neotropical
Pheidole	TACTTMPPheidole_Neotropical247	Pheidole_synarmata	TACTTMPPheidole_Neotropical247_synarmata	247	FALSE	Neotropical
Pheidole	TACTTMPPheidole_Neotropical248	Pheidole_hasticeps	TACTTMPPheidole_Neotropical248_hasticeps	248	FALSE	Neotropical
Pheidole	TACTTMPPheidole_Neotropical249	Pheidole_roushae	TACTTMPPheidole_Neotropical249_roushae	249	FALSE	Neotropical
Pheidole	TACTTMPPheidole_Neotropical250	Pheidole_fiorii	TACTTMPPheidole_Neotropical250_fiorii	250	FALSE	Neotropical
Pheidole	TACTTMPPheidole_Neotropical251	Pheidole_purpurea	TACTTMPPheidole_Neotropical251_purpurea	251	FALSE	Neotropical
Pheidole	TACTTMPPheidole_Neotropical252	Pheidole_gulo	TACTTMPPheidole_Neotropical252_gulo	252	FALSE	Neotropical
Pheidole	TACTTMPPheidole_Neotropical253	Pheidole_gouldi	TACTTMPPheidole_Neotropical253_gouldi	253	FALSE	Neotropical
Pheidole	TACTTMPPheidole_Neotropical254	Pheidole_violacea	TACTTMPPheidole_Neotropical254_violacea	254	FALSE	Neotropical
Pheidole	TACTTMPPheidole_Neotropical255	Pheidole_sebofila	TACTTMPPheidole_Neotropical255_sebofila	255	FALSE	Neotropical
Pheidole	TACTTMPPheidole_Neotropical256	Pheidole_insipida	TACTTMPPheidole_Neotropical256_insipida	256	FALSE	Neotropical
Pheidole	TACTTMPPheidole_Nearctic257	Pheidole_dentata	TACTTMPPheidole_Nearctic257_dentata	257	FALSE	Nearctic
Pheidole	TACTTMPPheidole_Neotropical258	Pheidole_psilogaster	TACTTMPPheidole_Neotropical258_psilogaster	258	FALSE	Neotropical
Pheidole	TACTTMPPheidole_Neotropical259	Pheidole_acamata	TACTTMPPheidole_Neotropical259_acamata	259	FALSE	Neotropical
Pheidole	TACTTMPPheidole_Nearctic260	Pheidole_morrisii	TACTTMPPheidole_Nearctic260_morrisii	260	FALSE	Nearctic
Pheidole	TACTTMPPheidole_Nearctic261	Pheidole_hyatti	TACTTMPPheidole_Nearctic261_hyatti	261	FALSE	Nearctic
Pheidole	TACTTMPPheidole_Nearctic262	Pheidole_vallicola	TACTTMPPheidole_Nearctic262_vallicola	262	FALSE	Nearctic
Pheidole	TACTTMPPheidole_Nearctic263	Pheidole_diversipilosa	TACTTMPPheidole_Nearctic263_diversipilosa	263	FALSE	Nearctic
Pheidole	TACTTMPPheidole_Nearctic264	Pheidole_sciara	TACTTMPPheidole_Nearctic264_sciara	264	FALSE	Nearctic
Pheidole	TACTTMPPheidole_Nearctic265	Pheidole_cockerelli	TACTTMPPheidole_Nearctic265_cockerelli	265	FALSE	Nearctic
Pheidole	TACTTMPPheidole_Nearctic266	Pheidole_perpilosa	TACTTMPPheidole_Nearctic266_perpilosa	266	FALSE	Nearctic
Pheidole	TACTTMPPheidole_Nearctic267	Pheidole_sciophila	TACTTMPPheidole_Nearctic267_sciophila	267	FALSE	Nearctic
Pheidole	TACTTMPPheidole_Neotropical268	Pheidole_angusticeps	TACTTMPPheidole_Neotropical268_angusticeps	268	FALSE	Neotropical
Pheidole	TACTTMPPheidole_Neotropical269	Pheidole_spathipilosa	TACTTMPPheidole_Neotropical269_spathipilosa	269	FALSE	Neotropical
Pheidole	TACTTMPPheidole_Neotropical270	Pheidole_mackayi	TACTTMPPheidole_Neotropical270_mackayi	270	FALSE	Neotropical
Pheidole	TACTTMPPheidole_Nearctic271	Pheidole_vistana	TACTTMPPheidole_Nearctic271_vistana	271	FALSE	Nearctic
Pheidole	TACTTMPPheidole_Nearctic272	Pheidole_portalensis	TACTTMPPheidole_Nearctic272_portalensis	272	FALSE	Nearctic
Pheidole	TACTTMPPheidole_Nearctic273	Pheidole_titanis	TACTTMPPheidole_Nearctic273_titanis	273	FALSE	Nearctic
Pheidole	TACTTMPPheidole_Nearctic274	Pheidole_sitiens	TACTTMPPheidole_Nearctic274_sitiens	274	FALSE	Nearctic
Pheidole	TACTTMPPheidole_Nearctic275	Pheidole_desertorum	TACTTMPPheidole_Nearctic275_desertorum	275	FALSE	Nearctic
Pheidole	TACTTMPPheidole_Neotropical276	Pheidole_obtusospinosa	TACTTMPPheidole_Neotropical276_obtusospinosa	276	FALSE	Neotropical
Pheidole	TACTTMPPheidole_Neotropical277	Pheidole_sicaria	TACTTMPPheidole_Neotropical277_sicaria	277	FALSE	Neotropical
Pheidole	TACTTMPPheidole_Neotropical278	Pheidole_sensitiva	TACTTMPPheidole_Neotropical278_sensitiva	278	FALSE	Neotropical
Pheidole	TACTTMPPheidole_Neotropical279	Pheidole_pubiventris	TACTTMPPheidole_Neotropical279_pubiventris	279	FALSE	Neotropical
Pheidole	TACTTMPPheidole_Neotropical280	Pheidole_lucretii	TACTTMPPheidole_Neotropical280_lucretii	280	FALSE	Neotropical
Pheidole	TACTTMPPheidole_Neotropical281	Pheidole_fallax	TACTTMPPheidole_Neotropical281_fallax	281	FALSE	Neotropical
Pheidole	TACTTMPPheidole_Neotropical282	Pheidole_pugnax	TACTTMPPheidole_Neotropical282_pugnax	282	FALSE	Neotropical
Pheidole	TACTTMPPheidole_Neotropical283	Pheidole_xanthogaster	TACTTMPPheidole_Neotropical283_xanthogaster	283	FALSE	Neotropical
Pheidole	TACTTMPPheidole_Neotropical284	Pheidole_biconstricta	TACTTMPPheidole_Neotropical284_biconstricta	284	FALSE	Neotropical
Pheidole	TACTTMPPheidole_Neotropical285	Pheidole_dossena	TACTTMPPheidole_Neotropical285_dossena	285	FALSE	Neotropical
Pheidole	TACTTMPPheidole_Neotropical286	Pheidole_plebecula	TACTTMPPheidole_Neotropical286_plebecula	286	FALSE	Neotropical
Pheidole	TACTTMPPheidole_Neotropical287	Pheidole_branstetteri	TACTTMPPheidole_Neotropical287_branstetteri	287	FALSE	Neotropical
Pheidole	TACTTMPPheidole_Neotropical288	Pheidole_brandaoi	TACTTMPPheidole_Neotropical288_brandaoi	288	FALSE	Neotropical
Pheidole	TACTTMPPheidole_Neotropical289	Pheidole_obscurithorax	TACTTMPPheidole_Neotropical289_obscurithorax	289	FALSE	Neotropical
Pheidole	TACTTMPPheidole_Neotropical290	Pheidole_jelskii	TACTTMPPheidole_Neotropical290_jelskii	290	FALSE	Neotropical
Pheidole	TACTTMPPheidole_Neotropical291	Pheidole_longiscapa	TACTTMPPheidole_Neotropical291_longiscapa	291	FALSE	Neotropical
Pheidole	TACTTMPPheidole_Neotropical292	Pheidole_astur	TACTTMPPheidole_Neotropical292_astur	292	FALSE	Neotropical
Pheidole	TACTTMPPheidole_Neotropical293	Pheidole_ulothrix	TACTTMPPheidole_Neotropical293_ulothrix	293	FALSE	Neotropical
Pheidole	TACTTMPPheidole_Neotropical294	Pheidole_idiota	TACTTMPPheidole_Neotropical294_idiota	294	FALSE	Neotropical
Pheidole	TACTTMPPheidole_Neotropical295	Pheidole_olsoni	TACTTMPPheidole_Neotropical295_olsoni	295	FALSE	Neotropical
Pheidole	TACTTMPPheidole_Neotropical296	Pheidole_hirsuta	TACTTMPPheidole_Neotropical296_hirsuta	296	FALSE	Neotropical
Pheidole	TACTTMPPheidole_Neotropical297	Pheidole_chocoensis	TACTTMPPheidole_Neotropical297_chocoensis	297	FALSE	Neotropical
Pheidole	TACTTMPPheidole_Neotropical298	Pheidole_mantilla	TACTTMPPheidole_Neotropical298_mantilla	298	FALSE	Neotropical
Pheidole	TACTTMPPheidole_Neotropical299	Pheidole_kukrana	TACTTMPPheidole_Neotropical299_kukrana	299	FALSE	Neotropical
Pheidole	TACTTMPPheidole_Neotropical300	Pheidole_fissiceps	TACTTMPPheidole_Neotropical300_fissiceps	300	FALSE	Neotropical
Pheidole	TACTTMPPheidole_Neotropical301	Pheidole_tanyscapa	TACTTMPPheidole_Neotropical301_tanyscapa	301	FALSE	Neotropical
Pheidole	TACTTMPPheidole_Neotropical302	Pheidole_susannae	TACTTMPPheidole_Neotropical302_susannae	302	FALSE	Neotropical
Pheidole	TACTTMPPheidole_Neotropical303	Pheidole_mendicula	TACTTMPPheidole_Neotropical303_mendicula	303	FALSE	Neotropical
Pheidole	TACTTMPPheidole_Neotropical304	Pheidole_moerens	TACTTMPPheidole_Neotropical304_moerens	304	FALSE	Neotropical
Pheidole	TACTTMPPheidole_Neotropical305	Pheidole_tuxtlasana	TACTTMPPheidole_Neotropical305_tuxtlasana	305	FALSE	Neotropical
Pheidole	TACTTMPPheidole_Neotropical306	Pheidole_ceibana	TACTTMPPheidole_Neotropical306_ceibana	306	FALSE	Neotropical
Pheidole	TACTTMPPheidole_Nearctic307	Pheidole_micula	TACTTMPPheidole_Nearctic307_micula	307	FALSE	Nearctic
Pheidole	TACTTMPPheidole_Neotropical308	Pheidole_macrops	TACTTMPPheidole_Neotropical308_macrops	308	FALSE	Neotropical
Pheidole	TACTTMPPheidole_Nearctic309	Pheidole_californica	TACTTMPPheidole_Nearctic309_californica	309	FALSE	Nearctic
Pheidole	TACTTMPPheidole_Nearctic310	Pheidole_yaqui	TACTTMPPheidole_Nearctic310_yaqui	310	FALSE	Nearctic
Pheidole	TACTTMPPheidole_Nearctic311	Pheidole_rugulosa	TACTTMPPheidole_Nearctic311_rugulosa	311	FALSE	Nearctic
Pheidole	TACTTMPPheidole_Nearctic312	Pheidole_ceres	TACTTMPPheidole_Nearctic312_ceres	312	FALSE	Nearctic
Pheidole	TACTTMPPheidole_Nearctic313	Pheidole_clementensis	TACTTMPPheidole_Nearctic313_clementensis	313	FALSE	Nearctic
Pheidole	TACTTMPPheidole_Nearctic314	Pheidole_soritis	TACTTMPPheidole_Nearctic314_soritis	314	FALSE	Nearctic
Pheidole	TACTTMPPheidole_Neotropical315	Pheidole_tepicana	TACTTMPPheidole_Neotropical315_tepicana	315	FALSE	Neotropical
Pheidole	TACTTMPPheidole_Nearctic316	Pheidole_hoplitica	TACTTMPPheidole_Nearctic316_hoplitica	316	FALSE	Nearctic
Pheidole	TACTTMPPheidole_Nearctic317	Pheidole_davisi	TACTTMPPheidole_Nearctic317_davisi	317	FALSE	Nearctic
Pheidole	TACTTMPPheidole_Nearctic318	Pheidole_adrianoi	TACTTMPPheidole_Nearctic318_adrianoi	318	FALSE	Nearctic
Pheidole	TACTTMPPheidole_Nearctic319	Pheidole_littoralis	TACTTMPPheidole_Nearctic319_littoralis	319	FALSE	Nearctic
Pheidole	TACTTMPPheidole_Nearctic320	Pheidole_bicarinata	TACTTMPPheidole_Nearctic320_bicarinata	320	FALSE	Nearctic
Pheidole	TACTTMPPheidole_Nearctic321	Pheidole_metallescens	TACTTMPPheidole_Nearctic321_metallescens	321	FALSE	Nearctic
Pheidole	TACTTMPPheidole_Nearctic322	Pheidole_constipata	TACTTMPPheidole_Nearctic322_constipata	322	FALSE	Nearctic
Pheidole	TACTTMPPheidole_Neotropical323	Pheidole_lustrata	TACTTMPPheidole_Neotropical323_lustrata	323	FALSE	Neotropical
Pheidole	TACTTMPPheidole_Neotropical324	Pheidole_hizemops	TACTTMPPheidole_Neotropical324_hizemops	324	FALSE	Neotropical
Pheidole	TACTTMPPheidole_Neotropical325	Pheidole_picobarva	TACTTMPPheidole_Neotropical325_picobarva	325	FALSE	Neotropical
Pheidole	TACTTMPPheidole_Neotropical326	Pheidole_boltoni	TACTTMPPheidole_Neotropical326_boltoni	326	FALSE	Neotropical
Pheidole	TACTTMPPheidole_Neotropical327	Pheidole_multispina	TACTTMPPheidole_Neotropical327_multispina	327	FALSE	Neotropical
Pheidole	TACTTMPPheidole_Neotropical328	Pheidole_browni	TACTTMPPheidole_Neotropical328_browni	328	FALSE	Neotropical
Pheidole	TACTTMPPheidole_Neotropical329	Pheidole_wardi	TACTTMPPheidole_Neotropical329_wardi	329	FALSE	Neotropical
Pheidole	TACTTMPPheidole_Neotropical330	Pheidole_scrobifera	TACTTMPPheidole_Neotropical330_scrobifera	330	FALSE	Neotropical
Pheidole	TACTTMPPheidole_Neotropical331	Pheidole_renae	TACTTMPPheidole_Neotropical331_renae	331	FALSE	Neotropical
Pheidole	TACTTMPPheidole_Neotropical332	Pheidole_monteverdensis	TACTTMPPheidole_Neotropical332_monteverdensis	332	FALSE	Neotropical
Pheidole	TACTTMPPheidole_Neotropical333	Pheidole_oaxacana	TACTTMPPheidole_Neotropical333_oaxacana	333	FALSE	Neotropical
Pheidole	TACTTMPPheidole_Neotropical334	Pheidole_karolmorae	TACTTMPPheidole_Neotropical334_karolmorae	334	FALSE	Neotropical
Pheidole	TACTTMPPheidole_Neotropical335	Pheidole_simonsi	TACTTMPPheidole_Neotropical335_simonsi	335	FALSE	Neotropical
Pheidole	TACTTMPPheidole_Neotropical336	Pheidole_harlequina	TACTTMPPheidole_Neotropical336_harlequina	336	FALSE	Neotropical
Pheidole	TACTTMPPheidole_Neotropical337	Pheidole_sospes	TACTTMPPheidole_Neotropical337_sospes	337	FALSE	Neotropical
Pheidole	TACTTMPPheidole_Neotropical338	Pheidole_otisi	TACTTMPPheidole_Neotropical338_otisi	338	FALSE	Neotropical
Pheidole	TACTTMPPheidole_Neotropical339	Pheidole_rugiceps	TACTTMPPheidole_Neotropical339_rugiceps	339	FALSE	Neotropical
Pheidole	TACTTMPPheidole_Neotropical340	Pheidole_prostrata	TACTTMPPheidole_Neotropical340_prostrata	340	FALSE	Neotropical
Pheidole	TACTTMPPheidole_Neotropical341	Pheidole_dasypyx	TACTTMPPheidole_Neotropical341_dasypyx	341	FALSE	Neotropical
Pheidole	TACTTMPPheidole_Neotropical342	Pheidole_boruca	TACTTMPPheidole_Neotropical342_boruca	342	FALSE	Neotropical
Pheidole	TACTTMPPheidole_Neotropical343	Pheidole_perpusilla	TACTTMPPheidole_Neotropical343_perpusilla	343	FALSE	Neotropical
Pheidole	TACTTMPPheidole_Neotropical344	Pheidole_citrina	TACTTMPPheidole_Neotropical344_citrina	344	FALSE	Neotropical
Pheidole	TACTTMPPheidole_Neotropical345	Pheidole_nitidicollis	TACTTMPPheidole_Neotropical345_nitidicollis	345	FALSE	Neotropical
Pheidole	TACTTMPPheidole_Neotropical346	Pheidole_amazonica	TACTTMPPheidole_Neotropical346_amazonica	346	FALSE	Neotropical
Pheidole	TACTTMPPheidole_Neotropical347	Pheidole_cramptoni	TACTTMPPheidole_Neotropical347_cramptoni	347	FALSE	Neotropical
Pheidole	TACTTMPPheidole_Neotropical348	Pheidole_bicornis	TACTTMPPheidole_Neotropical348_bicornis	348	FALSE	Neotropical
Pheidole	TACTTMPPheidole_Neotropical349	Pheidole_erratilis	TACTTMPPheidole_Neotropical349_erratilis	349	FALSE	Neotropical
Pheidole	TACTTMPPheidole_Neotropical350	Pheidole_amabilis	TACTTMPPheidole_Neotropical350_amabilis	350	FALSE	Neotropical
Pheidole	TACTTMPPheidole_Neotropical351	Pheidole_minutula	TACTTMPPheidole_Neotropical351_minutula	351	FALSE	Neotropical
Pheidole	TACTTMPPheidole_Neotropical352	Pheidole_laudatana	TACTTMPPheidole_Neotropical352_laudatana	352	FALSE	Neotropical
Pheidole	TACTTMPPheidole_Neotropical353	Pheidole_exarata	TACTTMPPheidole_Neotropical353_exarata	353	FALSE	Neotropical
Pheidole	TACTTMPPheidole_Neotropical354	Pheidole_eowilsoni	TACTTMPPheidole_Neotropical354_eowilsoni	354	FALSE	Neotropical
Pheidole	TACTTMPPheidole_Unknown355	Pheidole_vorax	TACTTMPPheidole_Unknown355_vorax	355	FALSE	Unknown
Pheidole	TACTTMPPheidole_Neotropical356	Pheidole_absurda	TACTTMPPheidole_Neotropical356_absurda	356	FALSE	Neotropical
Pheidole	TACTTMPPheidole_Neotropical357	Pheidole_rogeri	TACTTMPPheidole_Neotropical357_rogeri	357	FALSE	Neotropical
Pheidole	TACTTMPPheidole_Neotropical358	Pheidole_walkeri	TACTTMPPheidole_Neotropical358_walkeri	358	FALSE	Neotropical
Pheidole	TACTTMPPheidole_Neotropical359	Pheidole_rhinomontana	TACTTMPPheidole_Neotropical359_rhinomontana	359	FALSE	Neotropical
Pheidole	TACTTMPPheidole_Neotropical360	Pheidole_rhinoceros	TACTTMPPheidole_Neotropical360_rhinoceros	360	FALSE	Neotropical
Pheidole	TACTTMPPheidole_Neotropical361	Pheidole_carapuna	TACTTMPPheidole_Neotropical361_carapuna	361	FALSE	Neotropical
Pheidole	TACTTMPPheidole_Nearctic362	Pheidole_psammophila	TACTTMPPheidole_Nearctic362_psammophila	362	FALSE	Nearctic
Pheidole	TACTTMPPheidole_Nearctic363	Pheidole_militicida	TACTTMPPheidole_Nearctic363_militicida	363	FALSE	Nearctic
Pheidole	TACTTMPPheidole_Neotropical364	Pheidole_nitella	TACTTMPPheidole_Neotropical364_nitella	364	FALSE	Neotropical
Pheidole	TACTTMPPheidole_Neotropical365	Pheidole_subarmata	TACTTMPPheidole_Neotropical365_subarmata	365	FALSE	Neotropical
Pheidole	TACTTMPPheidole_Neotropical366	Pheidole_innupta	TACTTMPPheidole_Neotropical366_innupta	366	FALSE	Neotropical
Pheidole	TACTTMPPheidole_Neotropical367	Pheidole_diana	TACTTMPPheidole_Neotropical367_diana	367	FALSE	Neotropical
Pheidole	TACTTMPPheidole_Neotropical368	Pheidole_ectatommoides	TACTTMPPheidole_Neotropical368_ectatommoides	368	FALSE	Neotropical
Pheidole	TACTTMPPheidole_Neotropical369	Pheidole_bilimeki	TACTTMPPheidole_Neotropical369_bilimeki	369	FALSE	Neotropical
Pheidole	TACTTMPPheidole_Unknown370	Pheidole_fimbriata	TACTTMPPheidole_Unknown370_fimbriata	370	FALSE	Unknown
Philidris	TACTTMPPhilidris_Indomalayan01	Philidris_cordata	TACTTMPPhilidris_Indomalayan01_cordata	1	FALSE	Indomalayan
Plagiolepis	TACTTMPPlagiolepis_Afrotropical01	Plagiolepis_madecassa	TACTTMPPlagiolepis_Afrotropical01_madecassa	1	FALSE	Afrotropical
Plagiolepis	TACTTMPPlagiolepis_Afrotropical02	Plagiolepis_alluaudi	TACTTMPPlagiolepis_Afrotropical02_alluaudi	2	FALSE	Afrotropical
Platythyrea	TACTTMPPlatythyrea_Afrotropical01	Platythyrea_schultzei	TACTTMPPlatythyrea_Afrotropical01_schultzei	1	FALSE	Afrotropical
Platythyrea	TACTTMPPlatythyrea_Afrotropical02	Platythyrea_cribrinodis	TACTTMPPlatythyrea_Afrotropical02_cribrinodis	2	FALSE	Afrotropical
Platythyrea	TACTTMPPlatythyrea_Afrotropical03	Platythyrea_frontalis	TACTTMPPlatythyrea_Afrotropical03_frontalis	3	FALSE	Afrotropical
Platythyrea	TACTTMPPlatythyrea_Afrotropical04	Platythyrea_tenuis	TACTTMPPlatythyrea_Afrotropical04_tenuis	4	FALSE	Afrotropical
Platythyrea	TACTTMPPlatythyrea_Afrotropical05	Platythyrea_modesta	TACTTMPPlatythyrea_Afrotropical05_modesta	5	FALSE	Afrotropical
Platythyrea	TACTTMPPlatythyrea_Afrotropical06	Platythyrea_mocquerysi	TACTTMPPlatythyrea_Afrotropical06_mocquerysi	6	FALSE	Afrotropical
Platythyrea	TACTTMPPlatythyrea_Indomalayan07	Platythyrea_tricuspidata	TACTTMPPlatythyrea_Indomalayan07_tricuspidata	7	FALSE	Indomalayan
Platythyrea	TACTTMPPlatythyrea_Indomalayan08	Platythyrea_parallela	TACTTMPPlatythyrea_Indomalayan08_parallela	8	FALSE	Indomalayan
Platythyrea	TACTTMPPlatythyrea_Australasian09	Platythyrea_turneri	TACTTMPPlatythyrea_Australasian09_turneri	9	FALSE	Australasian
Platythyrea	TACTTMPPlatythyrea_Afrotropical10	Platythyrea_lamellosa	TACTTMPPlatythyrea_Afrotropical10_lamellosa	10	FALSE	Afrotropical
Platythyrea	TACTTMPPlatythyrea_Afrotropical11	Platythyrea_conradti	TACTTMPPlatythyrea_Afrotropical11_conradti	11	FALSE	Afrotropical
Platythyrea	TACTTMPPlatythyrea_Neotropical12	Platythyrea_sinuata	TACTTMPPlatythyrea_Neotropical12_sinuata	12	FALSE	Neotropical
Platythyrea	TACTTMPPlatythyrea_Neotropical13	Platythyrea_angusta	TACTTMPPlatythyrea_Neotropical13_angusta	13	FALSE	Neotropical
Platythyrea	TACTTMPPlatythyrea_Neotropical14	Platythyrea_pilosula	TACTTMPPlatythyrea_Neotropical14_pilosula	14	FALSE	Neotropical
Platythyrea	TACTTMPPlatythyrea_Neotropical15	Platythyrea_strenua	TACTTMPPlatythyrea_Neotropical15_strenua	15	FALSE	Neotropical
Platythyrea	TACTTMPPlatythyrea_Unknown16	Platythyrea_punctata	TACTTMPPlatythyrea_Unknown16_punctata	16	FALSE	Unknown
Platythyrea	TACTTMPPlatythyrea_Afrotropical17	Platythyrea_arthuri	TACTTMPPlatythyrea_Afrotropical17_arthuri	17	FALSE	Afrotropical
Platythyrea	TACTTMPPlatythyrea_Australasian18	Platythyrea_quadridenta	TACTTMPPlatythyrea_Australasian18_quadridenta	18	FALSE	Australasian
Platythyrea	TACTTMPPlatythyrea_Afrotropical19	Platythyrea_gracillima	TACTTMPPlatythyrea_Afrotropical19_gracillima	19	FALSE	Afrotropical
Platythyrea	TACTTMPPlatythyrea_Unknown20	Platythyrea_clypeata	TACTTMPPlatythyrea_Unknown20_clypeata	20	FALSE	Unknown
Platythyrea	TACTTMPPlatythyrea_Neotropical21	Platythyrea_prizo	TACTTMPPlatythyrea_Neotropical21_prizo	21	FALSE	Neotropical
Platythyrea	TACTTMPPlatythyrea_Afrotropical22	Platythyrea_occidentalis	TACTTMPPlatythyrea_Afrotropical22_occidentalis	22	FALSE	Afrotropical
Platythyrea	TACTTMPPlatythyrea_Afrotropical23	Platythyrea_bicuspis	TACTTMPPlatythyrea_Afrotropical23_bicuspis	23	FALSE	Afrotropical
Platythyrea	TACTTMPPlatythyrea_Afrotropical24	Platythyrea_arnoldi	TACTTMPPlatythyrea_Afrotropical24_arnoldi	24	FALSE	Afrotropical
Plectroctena	TACTTMPPlectroctena_Afrotropical01	Plectroctena_strigosa	TACTTMPPlectroctena_Afrotropical01_strigosa	1	FALSE	Afrotropical
Plectroctena	TACTTMPPlectroctena_Afrotropical02	Plectroctena_laevior	TACTTMPPlectroctena_Afrotropical02_laevior	2	FALSE	Afrotropical
Plectroctena	TACTTMPPlectroctena_Afrotropical03	Plectroctena_mandibularis	TACTTMPPlectroctena_Afrotropical03_mandibularis	3	FALSE	Afrotropical
Plectroctena	TACTTMPPlectroctena_Afrotropical04	Plectroctena_minor	TACTTMPPlectroctena_Afrotropical04_minor	4	FALSE	Afrotropical
Plectroctena	TACTTMPPlectroctena_Afrotropical05	Plectroctena_cristata	TACTTMPPlectroctena_Afrotropical05_cristata	5	FALSE	Afrotropical
Plectroctena	TACTTMPPlectroctena_Afrotropical06	Plectroctena_ugandensis	TACTTMPPlectroctena_Afrotropical06_ugandensis	6	FALSE	Afrotropical
Podomyrma	TACTTMPPodomyrma_Australasian01	Podomyrma_silvicola	TACTTMPPodomyrma_Australasian01_silvicola	1	FALSE	Australasian
Podomyrma	TACTTMPPodomyrma_Australasian02	Podomyrma_laevifrons	TACTTMPPodomyrma_Australasian02_laevifrons	2	FALSE	Australasian
Podomyrma	TACTTMPPodomyrma_Indomalayan03	Podomyrma_ruficeps	TACTTMPPodomyrma_Indomalayan03_ruficeps	3	FALSE	Indomalayan
Podomyrma	TACTTMPPodomyrma_Australasian04	Podomyrma_adelaidae	TACTTMPPodomyrma_Australasian04_adelaidae	4	FALSE	Australasian
Poecilomyrma	TACTTMPPoecilomyrma_Oceanian01	Poecilomyrma_myrmecodiae	TACTTMPPoecilomyrma_Oceanian01_myrmecodiae	1	FALSE	Oceanian
Pogonomyrmex	TACTTMPPogonomyrmex_Nearctic01	Pogonomyrmex_montanus	TACTTMPPogonomyrmex_Nearctic01_montanus	1	FALSE	Nearctic
Pogonomyrmex	TACTTMPPogonomyrmex_Nearctic02	Pogonomyrmex_brevispinosus	TACTTMPPogonomyrmex_Nearctic02_brevispinosus	2	FALSE	Nearctic
Pogonomyrmex	TACTTMPPogonomyrmex_Nearctic03	Pogonomyrmex_salinus	TACTTMPPogonomyrmex_Nearctic03_salinus	3	FALSE	Nearctic
Pogonomyrmex	TACTTMPPogonomyrmex_Nearctic04	Pogonomyrmex_subnitidus	TACTTMPPogonomyrmex_Nearctic04_subnitidus	4	FALSE	Nearctic
Pogonomyrmex	TACTTMPPogonomyrmex_Nearctic05	Pogonomyrmex_subdentatus	TACTTMPPogonomyrmex_Nearctic05_subdentatus	5	FALSE	Nearctic
Pogonomyrmex	TACTTMPPogonomyrmex_Nearctic06	Pogonomyrmex_occidentalis	TACTTMPPogonomyrmex_Nearctic06_occidentalis	6	FALSE	Nearctic
Pogonomyrmex	TACTTMPPogonomyrmex_Neotropical07	Pogonomyrmex_snellingi	TACTTMPPogonomyrmex_Neotropical07_snellingi	7	FALSE	Neotropical
Pogonomyrmex	TACTTMPPogonomyrmex_Nearctic08	Pogonomyrmex_magnacanthus	TACTTMPPogonomyrmex_Nearctic08_magnacanthus	8	FALSE	Nearctic
Pogonomyrmex	TACTTMPPogonomyrmex_Nearctic09	Pogonomyrmex_maricopa	TACTTMPPogonomyrmex_Nearctic09_maricopa	9	FALSE	Nearctic
Pogonomyrmex	TACTTMPPogonomyrmex_Nearctic10	Pogonomyrmex_apache	TACTTMPPogonomyrmex_Nearctic10_apache	10	FALSE	Nearctic
Pogonomyrmex	TACTTMPPogonomyrmex_Nearctic11	Pogonomyrmex_californicus	TACTTMPPogonomyrmex_Nearctic11_californicus	11	FALSE	Nearctic
Pogonomyrmex	TACTTMPPogonomyrmex_Nearctic12	Pogonomyrmex_comanche	TACTTMPPogonomyrmex_Nearctic12_comanche	12	FALSE	Nearctic
Pogonomyrmex	TACTTMPPogonomyrmex_Nearctic13	Pogonomyrmex_badius	TACTTMPPogonomyrmex_Nearctic13_badius	13	FALSE	Nearctic
Pogonomyrmex	TACTTMPPogonomyrmex_Nearctic14	Pogonomyrmex_anzensis	TACTTMPPogonomyrmex_Nearctic14_anzensis	14	FALSE	Nearctic
Pogonomyrmex	TACTTMPPogonomyrmex_Nearctic15	Pogonomyrmex_mohavensis	TACTTMPPogonomyrmex_Nearctic15_mohavensis	15	FALSE	Nearctic
Pogonomyrmex	TACTTMPPogonomyrmex_Nearctic16	Pogonomyrmex_hoelldobleri	TACTTMPPogonomyrmex_Nearctic16_hoelldobleri	16	FALSE	Nearctic
Pogonomyrmex	TACTTMPPogonomyrmex_Nearctic17	Pogonomyrmex_texanus	TACTTMPPogonomyrmex_Nearctic17_texanus	17	FALSE	Nearctic
Pogonomyrmex	TACTTMPPogonomyrmex_Nearctic18	Pogonomyrmex_tenuispinus	TACTTMPPogonomyrmex_Nearctic18_tenuispinus	18	FALSE	Nearctic
Pogonomyrmex	TACTTMPPogonomyrmex_Nearctic19	Pogonomyrmex_bicolor	TACTTMPPogonomyrmex_Nearctic19_bicolor	19	FALSE	Nearctic
Pogonomyrmex	TACTTMPPogonomyrmex_Nearctic20	Pogonomyrmex_desertorum	TACTTMPPogonomyrmex_Nearctic20_desertorum	20	FALSE	Nearctic
Pogonomyrmex	TACTTMPPogonomyrmex_Neotropical21	Pogonomyrmex_barbatus	TACTTMPPogonomyrmex_Neotropical21_barbatus	21	FALSE	Neotropical
Pogonomyrmex	TACTTMPPogonomyrmex_Nearctic22	Pogonomyrmex_rugosus	TACTTMPPogonomyrmex_Nearctic22_rugosus	22	FALSE	Nearctic
Pogonomyrmex	TACTTMPPogonomyrmex_Neotropical23	Pogonomyrmex_wheeleri	TACTTMPPogonomyrmex_Neotropical23_wheeleri	23	FALSE	Neotropical
Pogonomyrmex	TACTTMPPogonomyrmex_Nearctic24	Pogonomyrmex_bigbendensis	TACTTMPPogonomyrmex_Nearctic24_bigbendensis	24	FALSE	Nearctic
Pogonomyrmex	TACTTMPPogonomyrmex_Nearctic25	Pogonomyrmex_huachucanus	TACTTMPPogonomyrmex_Nearctic25_huachucanus	25	FALSE	Nearctic
Pogonomyrmex	TACTTMPPogonomyrmex_Neotropical26	Pogonomyrmex_weiseri	TACTTMPPogonomyrmex_Neotropical26_weiseri	26	FALSE	Neotropical
Pogonomyrmex	TACTTMPPogonomyrmex_Neotropical27	Pogonomyrmex_propinquus	TACTTMPPogonomyrmex_Neotropical27_propinquus	27	FALSE	Neotropical
Pogonomyrmex	TACTTMPPogonomyrmex_Neotropical28	Pogonomyrmex_mapuche	TACTTMPPogonomyrmex_Neotropical28_mapuche	28	FALSE	Neotropical
Pogonomyrmex	TACTTMPPogonomyrmex_Neotropical29	Pogonomyrmex_pulchellus	TACTTMPPogonomyrmex_Neotropical29_pulchellus	29	FALSE	Neotropical
Pogonomyrmex	TACTTMPPogonomyrmex_Neotropical30	Pogonomyrmex_forelii	TACTTMPPogonomyrmex_Neotropical30_forelii	30	FALSE	Neotropical
Pogonomyrmex	TACTTMPPogonomyrmex_Neotropical31	Pogonomyrmex_longibarbis	TACTTMPPogonomyrmex_Neotropical31_longibarbis	31	FALSE	Neotropical
Pogonomyrmex	TACTTMPPogonomyrmex_Neotropical32	Pogonomyrmex_loaensis	TACTTMPPogonomyrmex_Neotropical32_loaensis	32	FALSE	Neotropical
Pogonomyrmex	TACTTMPPogonomyrmex_Neotropical33	Pogonomyrmex_colca	TACTTMPPogonomyrmex_Neotropical33_colca	33	FALSE	Neotropical
Pogonomyrmex	TACTTMPPogonomyrmex_Neotropical34	Pogonomyrmex_granulatus	TACTTMPPogonomyrmex_Neotropical34_granulatus	34	FALSE	Neotropical
Pogonomyrmex	TACTTMPPogonomyrmex_Neotropical35	Pogonomyrmex_andinus	TACTTMPPogonomyrmex_Neotropical35_andinus	35	FALSE	Neotropical
Pogonomyrmex	TACTTMPPogonomyrmex_Neotropical36	Pogonomyrmex_lagunabravensis	TACTTMPPogonomyrmex_Neotropical36_lagunabravensis	36	FALSE	Neotropical
Pogonomyrmex	TACTTMPPogonomyrmex_Neotropical37	Pogonomyrmex_apterogenos	TACTTMPPogonomyrmex_Neotropical37_apterogenos	37	FALSE	Neotropical
Pogonomyrmex	TACTTMPPogonomyrmex_Neotropical38	Pogonomyrmex_tafi	TACTTMPPogonomyrmex_Neotropical38_tafi	38	FALSE	Neotropical
Pogonomyrmex	TACTTMPPogonomyrmex_Neotropical39	Pogonomyrmex_rastratus	TACTTMPPogonomyrmex_Neotropical39_rastratus	39	FALSE	Neotropical
Pogonomyrmex	TACTTMPPogonomyrmex_Neotropical40	Pogonomyrmex_pronotalis	TACTTMPPogonomyrmex_Neotropical40_pronotalis	40	FALSE	Neotropical
Pogonomyrmex	TACTTMPPogonomyrmex_Neotropical41	Pogonomyrmex_catanlilensis	TACTTMPPogonomyrmex_Neotropical41_catanlilensis	41	FALSE	Neotropical
Pogonomyrmex	TACTTMPPogonomyrmex_Neotropical42	Pogonomyrmex_strioligaster	TACTTMPPogonomyrmex_Neotropical42_strioligaster	42	FALSE	Neotropical
Pogonomyrmex	TACTTMPPogonomyrmex_Neotropical43	Pogonomyrmex_sanmartini	TACTTMPPogonomyrmex_Neotropical43_sanmartini	43	FALSE	Neotropical
Pogonomyrmex	TACTTMPPogonomyrmex_Neotropical44	Pogonomyrmex_pichachen	TACTTMPPogonomyrmex_Neotropical44_pichachen	44	FALSE	Neotropical
Pogonomyrmex	TACTTMPPogonomyrmex_Neotropical45	Pogonomyrmex_araucania	TACTTMPPogonomyrmex_Neotropical45_araucania	45	FALSE	Neotropical
Pogonomyrmex	TACTTMPPogonomyrmex_Neotropical46	Pogonomyrmex_carbonarius	TACTTMPPogonomyrmex_Neotropical46_carbonarius	46	FALSE	Neotropical
Pogonomyrmex	TACTTMPPogonomyrmex_Neotropical47	Pogonomyrmex_varicolor	TACTTMPPogonomyrmex_Neotropical47_varicolor	47	FALSE	Neotropical
Pogonomyrmex	TACTTMPPogonomyrmex_Neotropical48	Pogonomyrmex_vermiculatus	TACTTMPPogonomyrmex_Neotropical48_vermiculatus	48	FALSE	Neotropical
Pogonomyrmex	TACTTMPPogonomyrmex_Neotropical49	Pogonomyrmex_meridionalis	TACTTMPPogonomyrmex_Neotropical49_meridionalis	49	FALSE	Neotropical
Pogonomyrmex	TACTTMPPogonomyrmex_Neotropical50	Pogonomyrmex_uruguayensis	TACTTMPPogonomyrmex_Neotropical50_uruguayensis	50	FALSE	Neotropical
Pogonomyrmex	TACTTMPPogonomyrmex_Neotropical51	Pogonomyrmex_inermis	TACTTMPPogonomyrmex_Neotropical51_inermis	51	FALSE	Neotropical
Pogonomyrmex	TACTTMPPogonomyrmex_Neotropical52	Pogonomyrmex_tinogasta	TACTTMPPogonomyrmex_Neotropical52_tinogasta	52	FALSE	Neotropical
Pogonomyrmex	TACTTMPPogonomyrmex_Neotropical53	Pogonomyrmex_laticeps	TACTTMPPogonomyrmex_Neotropical53_laticeps	53	FALSE	Neotropical
Pogonomyrmex	TACTTMPPogonomyrmex_Neotropical54	Pogonomyrmex_mendozanus	TACTTMPPogonomyrmex_Neotropical54_mendozanus	54	FALSE	Neotropical
Pogonomyrmex	TACTTMPPogonomyrmex_Neotropical55	Pogonomyrmex_micans	TACTTMPPogonomyrmex_Neotropical55_micans	55	FALSE	Neotropical
Pogonomyrmex	TACTTMPPogonomyrmex_Neotropical56	Pogonomyrmex_lobatus	TACTTMPPogonomyrmex_Neotropical56_lobatus	56	FALSE	Neotropical
Pogonomyrmex	TACTTMPPogonomyrmex_Neotropical57	Pogonomyrmex_marcusi	TACTTMPPogonomyrmex_Neotropical57_marcusi	57	FALSE	Neotropical
Pogonomyrmex	TACTTMPPogonomyrmex_Neotropical58	Pogonomyrmex_coarctatus	TACTTMPPogonomyrmex_Neotropical58_coarctatus	58	FALSE	Neotropical
Pogonomyrmex	TACTTMPPogonomyrmex_Neotropical59	Pogonomyrmex_bispinosus	TACTTMPPogonomyrmex_Neotropical59_bispinosus	59	FALSE	Neotropical
Pogonomyrmex	TACTTMPPogonomyrmex_Neotropical60	Pogonomyrmex_schmitti	TACTTMPPogonomyrmex_Neotropical60_schmitti	60	FALSE	Neotropical
Pogonomyrmex	TACTTMPPogonomyrmex_Neotropical61	Pogonomyrmex_aterrimus	TACTTMPPogonomyrmex_Neotropical61_aterrimus	61	FALSE	Neotropical
Pogonomyrmex	TACTTMPPogonomyrmex_Neotropical62	Pogonomyrmex_saucius	TACTTMPPogonomyrmex_Neotropical62_saucius	62	FALSE	Neotropical
Pogonomyrmex	TACTTMPPogonomyrmex_Neotropical63	Pogonomyrmex_laevinodis	TACTTMPPogonomyrmex_Neotropical63_laevinodis	63	FALSE	Neotropical
Pogonomyrmex	TACTTMPPogonomyrmex_Nearctic64	Pogonomyrmex_imberbiculus	TACTTMPPogonomyrmex_Nearctic64_imberbiculus	64	FALSE	Nearctic
Pogonomyrmex	TACTTMPPogonomyrmex_Nearctic65	Pogonomyrmex_pima	TACTTMPPogonomyrmex_Nearctic65_pima	65	FALSE	Nearctic
Pogonomyrmex	TACTTMPPogonomyrmex_Neotropical66	Pogonomyrmex_humerotumidus	TACTTMPPogonomyrmex_Neotropical66_humerotumidus	66	FALSE	Neotropical
Pogonomyrmex	TACTTMPPogonomyrmex_Neotropical67	Pogonomyrmex_guatemaltecus	TACTTMPPogonomyrmex_Neotropical67_guatemaltecus	67	FALSE	Neotropical
Pogonomyrmex	TACTTMPPogonomyrmex_Neotropical68	Pogonomyrmex_serpens	TACTTMPPogonomyrmex_Neotropical68_serpens	68	FALSE	Neotropical
Pogonomyrmex	TACTTMPPogonomyrmex_Neotropical69	Pogonomyrmex_pencosensis	TACTTMPPogonomyrmex_Neotropical69_pencosensis	69	FALSE	Neotropical
Pogonomyrmex	TACTTMPPogonomyrmex_Neotropical70	Pogonomyrmex_cunicularius	TACTTMPPogonomyrmex_Neotropical70_cunicularius	70	FALSE	Neotropical
Pogonomyrmex	TACTTMPPogonomyrmex_Neotropical71	Pogonomyrmex_brevibarbis	TACTTMPPogonomyrmex_Neotropical71_brevibarbis	71	FALSE	Neotropical
Pogonomyrmex	TACTTMPPogonomyrmex_Neotropical72	Pogonomyrmex_naegelii	TACTTMPPogonomyrmex_Neotropical72_naegelii	72	FALSE	Neotropical
Pogonomyrmex	TACTTMPPogonomyrmex_Neotropical73	Pogonomyrmex_abdominalis	TACTTMPPogonomyrmex_Neotropical73_abdominalis	73	FALSE	Neotropical
Pogonomyrmex	TACTTMPPogonomyrmex_Neotropical74	Pogonomyrmex_mayri	TACTTMPPogonomyrmex_Neotropical74_mayri	74	FALSE	Neotropical
Pogonomyrmex	TACTTMPPogonomyrmex_Neotropical75	Pogonomyrmex_striatinodus	TACTTMPPogonomyrmex_Neotropical75_striatinodus	75	FALSE	Neotropical
Polyergus	TACTTMPPolyergus_Nearctic01	Polyergus_vinosus	TACTTMPPolyergus_Nearctic01_vinosus	1	FALSE	Nearctic
Polyergus	TACTTMPPolyergus_Nearctic02	Polyergus_mexicanus	TACTTMPPolyergus_Nearctic02_mexicanus	2	FALSE	Nearctic
Polyergus	TACTTMPPolyergus_Nearctic03	Polyergus_longicornis	TACTTMPPolyergus_Nearctic03_longicornis	3	FALSE	Nearctic
Polyergus	TACTTMPPolyergus_Palearctic04	Polyergus_rufescens	TACTTMPPolyergus_Palearctic04_rufescens	4	FALSE	Palearctic
Polyrhachis	TACTTMPPolyrhachis_Australasian01	Polyrhachis_shattucki	TACTTMPPolyrhachis_Australasian01_shattucki	1	FALSE	Australasian
Polyrhachis	TACTTMPPolyrhachis_Australasian02	Polyrhachis_schwiedlandi	TACTTMPPolyrhachis_Australasian02_schwiedlandi	2	FALSE	Australasian
Polyrhachis	TACTTMPPolyrhachis_Australasian03	Polyrhachis_unicornis	TACTTMPPolyrhachis_Australasian03_unicornis	3	FALSE	Australasian
Polyrhachis	TACTTMPPolyrhachis_Australasian04	Polyrhachis_bispinosa	TACTTMPPolyrhachis_Australasian04_bispinosa	4	FALSE	Australasian
Polyrhachis	TACTTMPPolyrhachis_Australasian05	Polyrhachis_pyrrhus	TACTTMPPolyrhachis_Australasian05_pyrrhus	5	FALSE	Australasian
Polyrhachis	TACTTMPPolyrhachis_Australasian06	Polyrhachis_hirsuta	TACTTMPPolyrhachis_Australasian06_hirsuta	6	FALSE	Australasian
Polyrhachis	TACTTMPPolyrhachis_Australasian07	Polyrhachis_fuscipes	TACTTMPPolyrhachis_Australasian07_fuscipes	7	FALSE	Australasian
Polyrhachis	TACTTMPPolyrhachis_Australasian08	Polyrhachis_phryne	TACTTMPPolyrhachis_Australasian08_phryne	8	FALSE	Australasian
Polyrhachis	TACTTMPPolyrhachis_Australasian09	Polyrhachis_hexacantha	TACTTMPPolyrhachis_Australasian09_hexacantha	9	FALSE	Australasian
Polyrhachis	TACTTMPPolyrhachis_Australasian10	Polyrhachis_semipolita	TACTTMPPolyrhachis_Australasian10_semipolita	10	FALSE	Australasian
Polyrhachis	TACTTMPPolyrhachis_Australasian11	Polyrhachis_patiens	TACTTMPPolyrhachis_Australasian11_patiens	11	FALSE	Australasian
Polyrhachis	TACTTMPPolyrhachis_Australasian12	Polyrhachis_pseudothrinax	TACTTMPPolyrhachis_Australasian12_pseudothrinax	12	FALSE	Australasian
Polyrhachis	TACTTMPPolyrhachis_Australasian13	Polyrhachis_prometheus	TACTTMPPolyrhachis_Australasian13_prometheus	13	FALSE	Australasian
Polyrhachis	TACTTMPPolyrhachis_Australasian14	Polyrhachis_zimmerae	TACTTMPPolyrhachis_Australasian14_zimmerae	14	FALSE	Australasian
Polyrhachis	TACTTMPPolyrhachis_Australasian15	Polyrhachis_macropus	TACTTMPPolyrhachis_Australasian15_macropus	15	FALSE	Australasian
Polyrhachis	TACTTMPPolyrhachis_Australasian16	Polyrhachis_sidnica	TACTTMPPolyrhachis_Australasian16_sidnica	16	FALSE	Australasian
Polyrhachis	TACTTMPPolyrhachis_Australasian17	Polyrhachis_io	TACTTMPPolyrhachis_Australasian17_io	17	FALSE	Australasian
Polyrhachis	TACTTMPPolyrhachis_Australasian18	Polyrhachis_inconspicua	TACTTMPPolyrhachis_Australasian18_inconspicua	18	FALSE	Australasian
Polyrhachis	TACTTMPPolyrhachis_Australasian19	Polyrhachis_insularis	TACTTMPPolyrhachis_Australasian19_insularis	19	FALSE	Australasian
Polyrhachis	TACTTMPPolyrhachis_Australasian20	Polyrhachis_creusa	TACTTMPPolyrhachis_Australasian20_creusa	20	FALSE	Australasian
Polyrhachis	TACTTMPPolyrhachis_Australasian21	Polyrhachis_flavibasis	TACTTMPPolyrhachis_Australasian21_flavibasis	21	FALSE	Australasian
Polyrhachis	TACTTMPPolyrhachis_Australasian22	Polyrhachis_decora	TACTTMPPolyrhachis_Australasian22_decora	22	FALSE	Australasian
Polyrhachis	TACTTMPPolyrhachis_Australasian23	Polyrhachis_femorata	TACTTMPPolyrhachis_Australasian23_femorata	23	FALSE	Australasian
Polyrhachis	TACTTMPPolyrhachis_Australasian24	Polyrhachis_mamba	TACTTMPPolyrhachis_Australasian24_mamba	24	FALSE	Australasian
Polyrhachis	TACTTMPPolyrhachis_Australasian25	Polyrhachis_impressa	TACTTMPPolyrhachis_Australasian25_impressa	25	FALSE	Australasian
Polyrhachis	TACTTMPPolyrhachis_Australasian26	Polyrhachis_guerini	TACTTMPPolyrhachis_Australasian26_guerini	26	FALSE	Australasian
Polyrhachis	TACTTMPPolyrhachis_Australasian27	Polyrhachis_appendiculata	TACTTMPPolyrhachis_Australasian27_appendiculata	27	FALSE	Australasian
Polyrhachis	TACTTMPPolyrhachis_Australasian28	Polyrhachis_constricta	TACTTMPPolyrhachis_Australasian28_constricta	28	FALSE	Australasian
Polyrhachis	TACTTMPPolyrhachis_Australasian29	Polyrhachis_vermiculosa	TACTTMPPolyrhachis_Australasian29_vermiculosa	29	FALSE	Australasian
Polyrhachis	TACTTMPPolyrhachis_Australasian30	Polyrhachis_lata	TACTTMPPolyrhachis_Australasian30_lata	30	FALSE	Australasian
Polyrhachis	TACTTMPPolyrhachis_Australasian31	Polyrhachis_cyrus	TACTTMPPolyrhachis_Australasian31_cyrus	31	FALSE	Australasian
Polyrhachis	TACTTMPPolyrhachis_Australasian32	Polyrhachis_obtusa	TACTTMPPolyrhachis_Australasian32_obtusa	32	FALSE	Australasian
Polyrhachis	TACTTMPPolyrhachis_Australasian33	Polyrhachis_aurea	TACTTMPPolyrhachis_Australasian33_aurea	33	FALSE	Australasian
Polyrhachis	TACTTMPPolyrhachis_Australasian34	Polyrhachis_schoopae	TACTTMPPolyrhachis_Australasian34_schoopae	34	FALSE	Australasian
Polyrhachis	TACTTMPPolyrhachis_Australasian35	Polyrhachis_sokolova	TACTTMPPolyrhachis_Australasian35_sokolova	35	FALSE	Australasian
Polyrhachis	TACTTMPPolyrhachis_Australasian36	Polyrhachis_turneri	TACTTMPPolyrhachis_Australasian36_turneri	36	FALSE	Australasian
Polyrhachis	TACTTMPPolyrhachis_Australasian37	Polyrhachis_senilis	TACTTMPPolyrhachis_Australasian37_senilis	37	FALSE	Australasian
Polyrhachis	TACTTMPPolyrhachis_Australasian38	Polyrhachis_limbata	TACTTMPPolyrhachis_Australasian38_limbata	38	FALSE	Australasian
Polyrhachis	TACTTMPPolyrhachis_Oceanian39	Polyrhachis_kaipi	TACTTMPPolyrhachis_Oceanian39_kaipi	39	FALSE	Oceanian
Polyrhachis	TACTTMPPolyrhachis_Australasian40	Polyrhachis_elegantula	TACTTMPPolyrhachis_Australasian40_elegantula	40	FALSE	Australasian
Polyrhachis	TACTTMPPolyrhachis_Australasian41	Polyrhachis_conciliata	TACTTMPPolyrhachis_Australasian41_conciliata	41	FALSE	Australasian
Polyrhachis	TACTTMPPolyrhachis_Australasian42	Polyrhachis_crawleyi	TACTTMPPolyrhachis_Australasian42_crawleyi	42	FALSE	Australasian
Polyrhachis	TACTTMPPolyrhachis_Australasian43	Polyrhachis_weiri	TACTTMPPolyrhachis_Australasian43_weiri	43	FALSE	Australasian
Polyrhachis	TACTTMPPolyrhachis_Australasian44	Polyrhachis_schenckii	TACTTMPPolyrhachis_Australasian44_schenckii	44	FALSE	Australasian
Polyrhachis	TACTTMPPolyrhachis_Australasian45	Polyrhachis_penelope	TACTTMPPolyrhachis_Australasian45_penelope	45	FALSE	Australasian
Polyrhachis	TACTTMPPolyrhachis_Australasian46	Polyrhachis_gab	TACTTMPPolyrhachis_Australasian46_gab	46	FALSE	Australasian
Polyrhachis	TACTTMPPolyrhachis_Australasian47	Polyrhachis_lydiae	TACTTMPPolyrhachis_Australasian47_lydiae	47	FALSE	Australasian
Polyrhachis	TACTTMPPolyrhachis_Australasian48	Polyrhachis_nourlangie	TACTTMPPolyrhachis_Australasian48_nourlangie	48	FALSE	Australasian
Polyrhachis	TACTTMPPolyrhachis_Australasian49	Polyrhachis_melanura	TACTTMPPolyrhachis_Australasian49_melanura	49	FALSE	Australasian
Polyrhachis	TACTTMPPolyrhachis_Australasian50	Polyrhachis_anderseni	TACTTMPPolyrhachis_Australasian50_anderseni	50	FALSE	Australasian
Polyrhachis	TACTTMPPolyrhachis_Australasian51	Polyrhachis_tubifera	TACTTMPPolyrhachis_Australasian51_tubifera	51	FALSE	Australasian
Polyrhachis	TACTTMPPolyrhachis_Australasian52	Polyrhachis_thusnelda	TACTTMPPolyrhachis_Australasian52_thusnelda	52	FALSE	Australasian
Polyrhachis	TACTTMPPolyrhachis_Australasian53	Polyrhachis_trapezoidea	TACTTMPPolyrhachis_Australasian53_trapezoidea	53	FALSE	Australasian
Polyrhachis	TACTTMPPolyrhachis_Australasian54	Polyrhachis_loweryi	TACTTMPPolyrhachis_Australasian54_loweryi	54	FALSE	Australasian
Polyrhachis	TACTTMPPolyrhachis_Australasian55	Polyrhachis_consimilis	TACTTMPPolyrhachis_Australasian55_consimilis	55	FALSE	Australasian
Polyrhachis	TACTTMPPolyrhachis_Australasian56	Polyrhachis_callima	TACTTMPPolyrhachis_Australasian56_callima	56	FALSE	Australasian
Polyrhachis	TACTTMPPolyrhachis_Australasian57	Polyrhachis_angusta	TACTTMPPolyrhachis_Australasian57_angusta	57	FALSE	Australasian
Polyrhachis	TACTTMPPolyrhachis_Australasian58	Polyrhachis_semiaurata	TACTTMPPolyrhachis_Australasian58_semiaurata	58	FALSE	Australasian
Polyrhachis	TACTTMPPolyrhachis_Australasian59	Polyrhachis_darlingtoni	TACTTMPPolyrhachis_Australasian59_darlingtoni	59	FALSE	Australasian
Polyrhachis	TACTTMPPolyrhachis_Australasian60	Polyrhachis_ammon	TACTTMPPolyrhachis_Australasian60_ammon	60	FALSE	Australasian
Polyrhachis	TACTTMPPolyrhachis_Australasian61	Polyrhachis_ammonoeides	TACTTMPPolyrhachis_Australasian61_ammonoeides	61	FALSE	Australasian
Polyrhachis	TACTTMPPolyrhachis_Australasian62	Polyrhachis_hoffmanni	TACTTMPPolyrhachis_Australasian62_hoffmanni	62	FALSE	Australasian
Polyrhachis	TACTTMPPolyrhachis_Australasian63	Polyrhachis_archeri	TACTTMPPolyrhachis_Australasian63_archeri	63	FALSE	Australasian
Polyrhachis	TACTTMPPolyrhachis_Australasian64	Polyrhachis_yarrabahensis	TACTTMPPolyrhachis_Australasian64_yarrabahensis	64	FALSE	Australasian
Polyrhachis	TACTTMPPolyrhachis_Australasian65	Polyrhachis_viehmeyeri	TACTTMPPolyrhachis_Australasian65_viehmeyeri	65	FALSE	Australasian
Polyrhachis	TACTTMPPolyrhachis_Palearctic66	Polyrhachis_lama	TACTTMPPolyrhachis_Palearctic66_lama	66	FALSE	Palearctic
Polyrhachis	TACTTMPPolyrhachis_Australasian67	Polyrhachis_rufifemur	TACTTMPPolyrhachis_Australasian67_rufifemur	67	FALSE	Australasian
Polyrhachis	TACTTMPPolyrhachis_Australasian68	Polyrhachis_argentosa	TACTTMPPolyrhachis_Australasian68_argentosa	68	FALSE	Australasian
Polyrhachis	TACTTMPPolyrhachis_Australasian69	Polyrhachis_fervens	TACTTMPPolyrhachis_Australasian69_fervens	69	FALSE	Australasian
Polyrhachis	TACTTMPPolyrhachis_Australasian70	Polyrhachis_cupreata	TACTTMPPolyrhachis_Australasian70_cupreata	70	FALSE	Australasian
Polyrhachis	TACTTMPPolyrhachis_Australasian71	Polyrhachis_terpsichore	TACTTMPPolyrhachis_Australasian71_terpsichore	71	FALSE	Australasian
Polyrhachis	TACTTMPPolyrhachis_Australasian72	Polyrhachis_hookeri	TACTTMPPolyrhachis_Australasian72_hookeri	72	FALSE	Australasian
Polyrhachis	TACTTMPPolyrhachis_Australasian73	Polyrhachis_daemeli	TACTTMPPolyrhachis_Australasian73_daemeli	73	FALSE	Australasian
Polyrhachis	TACTTMPPolyrhachis_Australasian74	Polyrhachis_thais	TACTTMPPolyrhachis_Australasian74_thais	74	FALSE	Australasian
Polyrhachis	TACTTMPPolyrhachis_Oceanian75	Polyrhachis_campbelli	TACTTMPPolyrhachis_Oceanian75_campbelli	75	FALSE	Oceanian
Polyrhachis	TACTTMPPolyrhachis_Australasian76	Polyrhachis_clio	TACTTMPPolyrhachis_Australasian76_clio	76	FALSE	Australasian
Polyrhachis	TACTTMPPolyrhachis_Australasian77	Polyrhachis_cleopatra	TACTTMPPolyrhachis_Australasian77_cleopatra	77	FALSE	Australasian
Polyrhachis	TACTTMPPolyrhachis_Australasian78	Polyrhachis_ornata	TACTTMPPolyrhachis_Australasian78_ornata	78	FALSE	Australasian
Polyrhachis	TACTTMPPolyrhachis_Australasian79	Polyrhachis_clotho	TACTTMPPolyrhachis_Australasian79_clotho	79	FALSE	Australasian
Polyrhachis	TACTTMPPolyrhachis_Australasian80	Polyrhachis_mjobergi	TACTTMPPolyrhachis_Australasian80_mjobergi	80	FALSE	Australasian
Polyrhachis	TACTTMPPolyrhachis_Australasian81	Polyrhachis_erato	TACTTMPPolyrhachis_Australasian81_erato	81	FALSE	Australasian
Polyrhachis	TACTTMPPolyrhachis_Indomalayan82	Polyrhachis_calypso	TACTTMPPolyrhachis_Indomalayan82_calypso	82	FALSE	Indomalayan
Polyrhachis	TACTTMPPolyrhachis_Australasian83	Polyrhachis_bubastes	TACTTMPPolyrhachis_Australasian83_bubastes	83	FALSE	Australasian
Polyrhachis	TACTTMPPolyrhachis_Indomalayan84	Polyrhachis_scabra	TACTTMPPolyrhachis_Indomalayan84_scabra	84	FALSE	Indomalayan
Polyrhachis	TACTTMPPolyrhachis_Australasian85	Polyrhachis_sexspinosa	TACTTMPPolyrhachis_Australasian85_sexspinosa	85	FALSE	Australasian
Polyrhachis	TACTTMPPolyrhachis_Australasian86	Polyrhachis_rufipes	TACTTMPPolyrhachis_Australasian86_rufipes	86	FALSE	Australasian
Polyrhachis	TACTTMPPolyrhachis_Indomalayan87	Polyrhachis_furcata	TACTTMPPolyrhachis_Indomalayan87_furcata	87	FALSE	Indomalayan
Polyrhachis	TACTTMPPolyrhachis_Indomalayan88	Polyrhachis_mucronata	TACTTMPPolyrhachis_Indomalayan88_mucronata	88	FALSE	Indomalayan
Polyrhachis	TACTTMPPolyrhachis_Indomalayan89	Polyrhachis_hortensis	TACTTMPPolyrhachis_Indomalayan89_hortensis	89	FALSE	Indomalayan
Polyrhachis	TACTTMPPolyrhachis_Indomalayan90	Polyrhachis_laevigata	TACTTMPPolyrhachis_Indomalayan90_laevigata	90	FALSE	Indomalayan
Polyrhachis	TACTTMPPolyrhachis_Indomalayan91	Polyrhachis_hippomanes	TACTTMPPolyrhachis_Indomalayan91_hippomanes	91	FALSE	Indomalayan
Polyrhachis	TACTTMPPolyrhachis_Indomalayan92	Polyrhachis_follicula	TACTTMPPolyrhachis_Indomalayan92_follicula	92	FALSE	Indomalayan
Polyrhachis	TACTTMPPolyrhachis_Australasian93	Polyrhachis_bismarckensis	TACTTMPPolyrhachis_Australasian93_bismarckensis	93	FALSE	Australasian
Polyrhachis	TACTTMPPolyrhachis_Indomalayan94	Polyrhachis_retrorsa	TACTTMPPolyrhachis_Indomalayan94_retrorsa	94	FALSE	Indomalayan
Polyrhachis	TACTTMPPolyrhachis_Australasian95	Polyrhachis_banghaasi	TACTTMPPolyrhachis_Australasian95_banghaasi	95	FALSE	Australasian
Polyrhachis	TACTTMPPolyrhachis_Indomalayan96	Polyrhachis_emmae	TACTTMPPolyrhachis_Indomalayan96_emmae	96	FALSE	Indomalayan
Polyrhachis	TACTTMPPolyrhachis_Indomalayan97	Polyrhachis_cryptoceroides	TACTTMPPolyrhachis_Indomalayan97_cryptoceroides	97	FALSE	Indomalayan
Polyrhachis	TACTTMPPolyrhachis_Indomalayan98	Polyrhachis_cephalotes	TACTTMPPolyrhachis_Indomalayan98_cephalotes	98	FALSE	Indomalayan
Polyrhachis	TACTTMPPolyrhachis_Oceanian99	Polyrhachis_wheeleri	TACTTMPPolyrhachis_Oceanian99_wheeleri	99	FALSE	Oceanian
Polyrhachis	TACTTMPPolyrhachis_Australasian100	Polyrhachis_personata	TACTTMPPolyrhachis_Australasian100_personata	100	FALSE	Australasian
Polyrhachis	TACTTMPPolyrhachis_Indomalayan101	Polyrhachis_saevissima	TACTTMPPolyrhachis_Indomalayan101_saevissima	101	FALSE	Indomalayan
Polyrhachis	TACTTMPPolyrhachis_Indomalayan102	Polyrhachis_tibialis	TACTTMPPolyrhachis_Indomalayan102_tibialis	102	FALSE	Indomalayan
Polyrhachis	TACTTMPPolyrhachis_Indomalayan103	Polyrhachis_aberrans	TACTTMPPolyrhachis_Indomalayan103_aberrans	103	FALSE	Indomalayan
Polyrhachis	TACTTMPPolyrhachis_Australasian104	Polyrhachis_nigripes	TACTTMPPolyrhachis_Australasian104_nigripes	104	FALSE	Australasian
Polyrhachis	TACTTMPPolyrhachis_Indomalayan105	Polyrhachis_longipes	TACTTMPPolyrhachis_Indomalayan105_longipes	105	FALSE	Indomalayan
Polyrhachis	TACTTMPPolyrhachis_Indomalayan106	Polyrhachis_bicolor	TACTTMPPolyrhachis_Indomalayan106_bicolor	106	FALSE	Indomalayan
Polyrhachis	TACTTMPPolyrhachis_Indomalayan107	Polyrhachis_semiinermis	TACTTMPPolyrhachis_Indomalayan107_semiinermis	107	FALSE	Indomalayan
Polyrhachis	TACTTMPPolyrhachis_Australasian108	Polyrhachis_danum	TACTTMPPolyrhachis_Australasian108_danum	108	FALSE	Australasian
Polyrhachis	TACTTMPPolyrhachis_Australasian109	Polyrhachis_grandis	TACTTMPPolyrhachis_Australasian109_grandis	109	FALSE	Australasian
Polyrhachis	TACTTMPPolyrhachis_Australasian110	Polyrhachis_brevinoda	TACTTMPPolyrhachis_Australasian110_brevinoda	110	FALSE	Australasian
Polyrhachis	TACTTMPPolyrhachis_Australasian111	Polyrhachis_mackayi	TACTTMPPolyrhachis_Australasian111_mackayi	111	FALSE	Australasian
Polyrhachis	TACTTMPPolyrhachis_Australasian112	Polyrhachis_delecta	TACTTMPPolyrhachis_Australasian112_delecta	112	FALSE	Australasian
Polyrhachis	TACTTMPPolyrhachis_Australasian113	Polyrhachis_debilis	TACTTMPPolyrhachis_Australasian113_debilis	113	FALSE	Australasian
Polyrhachis	TACTTMPPolyrhachis_Australasian114	Polyrhachis_abbreviata	TACTTMPPolyrhachis_Australasian114_abbreviata	114	FALSE	Australasian
Polyrhachis	TACTTMPPolyrhachis_Australasian115	Polyrhachis_pilosa	TACTTMPPolyrhachis_Australasian115_pilosa	115	FALSE	Australasian
Polyrhachis	TACTTMPPolyrhachis_Australasian116	Polyrhachis_monteithi	TACTTMPPolyrhachis_Australasian116_monteithi	116	FALSE	Australasian
Polyrhachis	TACTTMPPolyrhachis_Australasian117	Polyrhachis_yorkana	TACTTMPPolyrhachis_Australasian117_yorkana	117	FALSE	Australasian
Polyrhachis	TACTTMPPolyrhachis_Australasian118	Polyrhachis_australis	TACTTMPPolyrhachis_Australasian118_australis	118	FALSE	Australasian
Polyrhachis	TACTTMPPolyrhachis_Australasian119	Polyrhachis_robsoni	TACTTMPPolyrhachis_Australasian119_robsoni	119	FALSE	Australasian
Polyrhachis	TACTTMPPolyrhachis_Australasian120	Polyrhachis_lepida	TACTTMPPolyrhachis_Australasian120_lepida	120	FALSE	Australasian
Polyrhachis	TACTTMPPolyrhachis_Palearctic121	Polyrhachis_rotoccipita	TACTTMPPolyrhachis_Palearctic121_rotoccipita	121	FALSE	Palearctic
Polyrhachis	TACTTMPPolyrhachis_Indomalayan122	Polyrhachis_rastellata	TACTTMPPolyrhachis_Indomalayan122_rastellata	122	FALSE	Indomalayan
Polyrhachis	TACTTMPPolyrhachis_Palearctic123	Polyrhachis_cyphonota	TACTTMPPolyrhachis_Palearctic123_cyphonota	123	FALSE	Palearctic
Polyrhachis	TACTTMPPolyrhachis_Indomalayan124	Polyrhachis_laevissima	TACTTMPPolyrhachis_Indomalayan124_laevissima	124	FALSE	Indomalayan
Polyrhachis	TACTTMPPolyrhachis_Australasian125	Polyrhachis_dorowi	TACTTMPPolyrhachis_Australasian125_dorowi	125	FALSE	Australasian
Polyrhachis	TACTTMPPolyrhachis_Australasian126	Polyrhachis_decumbens	TACTTMPPolyrhachis_Australasian126_decumbens	126	FALSE	Australasian
Polyrhachis	TACTTMPPolyrhachis_Australasian127	Polyrhachis_tuberosa	TACTTMPPolyrhachis_Australasian127_tuberosa	127	FALSE	Australasian
Polyrhachis	TACTTMPPolyrhachis_Australasian128	Polyrhachis_expressa	TACTTMPPolyrhachis_Australasian128_expressa	128	FALSE	Australasian
Polyrhachis	TACTTMPPolyrhachis_Australasian129	Polyrhachis_sulang	TACTTMPPolyrhachis_Australasian129_sulang	129	FALSE	Australasian
Polyrhachis	TACTTMPPolyrhachis_Australasian130	Polyrhachis_achterbergi	TACTTMPPolyrhachis_Australasian130_achterbergi	130	FALSE	Australasian
Polyrhachis	TACTTMPPolyrhachis_Indomalayan131	Polyrhachis_lacteipennis	TACTTMPPolyrhachis_Indomalayan131_lacteipennis	131	FALSE	Indomalayan
Polyrhachis	TACTTMPPolyrhachis_Australasian132	Polyrhachis_dives	TACTTMPPolyrhachis_Australasian132_dives	132	FALSE	Australasian
Polyrhachis	TACTTMPPolyrhachis_Indomalayan133	Polyrhachis_hodgsoni	TACTTMPPolyrhachis_Indomalayan133_hodgsoni	133	FALSE	Indomalayan
Polyrhachis	TACTTMPPolyrhachis_Indomalayan134	Polyrhachis_menelas	TACTTMPPolyrhachis_Indomalayan134_menelas	134	FALSE	Indomalayan
Polyrhachis	TACTTMPPolyrhachis_Indomalayan135	Polyrhachis_maryatiae	TACTTMPPolyrhachis_Indomalayan135_maryatiae	135	FALSE	Indomalayan
Polyrhachis	TACTTMPPolyrhachis_Indomalayan136	Polyrhachis_armata	TACTTMPPolyrhachis_Indomalayan136_armata	136	FALSE	Indomalayan
Polyrhachis	TACTTMPPolyrhachis_Indomalayan137	Polyrhachis_tubifex	TACTTMPPolyrhachis_Indomalayan137_tubifex	137	FALSE	Indomalayan
Polyrhachis	TACTTMPPolyrhachis_Indomalayan138	Polyrhachis_abdominalis	TACTTMPPolyrhachis_Indomalayan138_abdominalis	138	FALSE	Indomalayan
Polyrhachis	TACTTMPPolyrhachis_Indomalayan139	Polyrhachis_muelleri	TACTTMPPolyrhachis_Indomalayan139_muelleri	139	FALSE	Indomalayan
Polyrhachis	TACTTMPPolyrhachis_Indomalayan140	Polyrhachis_hector	TACTTMPPolyrhachis_Indomalayan140_hector	140	FALSE	Indomalayan
Polyrhachis	TACTTMPPolyrhachis_Indomalayan141	Polyrhachis_thrinax	TACTTMPPolyrhachis_Indomalayan141_thrinax	141	FALSE	Indomalayan
Polyrhachis	TACTTMPPolyrhachis_Indomalayan142	Polyrhachis_deceptor	TACTTMPPolyrhachis_Indomalayan142_deceptor	142	FALSE	Indomalayan
Polyrhachis	TACTTMPPolyrhachis_Australasian143	Polyrhachis_delicata	TACTTMPPolyrhachis_Australasian143_delicata	143	FALSE	Australasian
Polyrhachis	TACTTMPPolyrhachis_Australasian144	Polyrhachis_dahlii	TACTTMPPolyrhachis_Australasian144_dahlii	144	FALSE	Australasian
Polyrhachis	TACTTMPPolyrhachis_Indomalayan145	Polyrhachis_fruhstorferi	TACTTMPPolyrhachis_Indomalayan145_fruhstorferi	145	FALSE	Indomalayan
Polyrhachis	TACTTMPPolyrhachis_Australasian146	Polyrhachis_chartifex	TACTTMPPolyrhachis_Australasian146_chartifex	146	FALSE	Australasian
Polyrhachis	TACTTMPPolyrhachis_Indomalayan147	Polyrhachis_lilianae	TACTTMPPolyrhachis_Indomalayan147_lilianae	147	FALSE	Indomalayan
Polyrhachis	TACTTMPPolyrhachis_Indomalayan148	Polyrhachis_solmsi	TACTTMPPolyrhachis_Indomalayan148_solmsi	148	FALSE	Indomalayan
Polyrhachis	TACTTMPPolyrhachis_Indomalayan149	Polyrhachis_mellita	TACTTMPPolyrhachis_Indomalayan149_mellita	149	FALSE	Indomalayan
Polyrhachis	TACTTMPPolyrhachis_Indomalayan150	Polyrhachis_leviuscula	TACTTMPPolyrhachis_Indomalayan150_leviuscula	150	FALSE	Indomalayan
Polyrhachis	TACTTMPPolyrhachis_Australasian151	Polyrhachis_edwardi	TACTTMPPolyrhachis_Australasian151_edwardi	151	FALSE	Australasian
Polyrhachis	TACTTMPPolyrhachis_Indomalayan152	Polyrhachis_flavicornis	TACTTMPPolyrhachis_Indomalayan152_flavicornis	152	FALSE	Indomalayan
Polyrhachis	TACTTMPPolyrhachis_Australasian153	Polyrhachis_alphea	TACTTMPPolyrhachis_Australasian153_alphea	153	FALSE	Australasian
Polyrhachis	TACTTMPPolyrhachis_Australasian154	Polyrhachis_rossi	TACTTMPPolyrhachis_Australasian154_rossi	154	FALSE	Australasian
Polyrhachis	TACTTMPPolyrhachis_Indomalayan155	Polyrhachis_menozzii	TACTTMPPolyrhachis_Indomalayan155_menozzii	155	FALSE	Indomalayan
Polyrhachis	TACTTMPPolyrhachis_Indomalayan156	Polyrhachis_imitator	TACTTMPPolyrhachis_Indomalayan156_imitator	156	FALSE	Indomalayan
Polyrhachis	TACTTMPPolyrhachis_Oceanian157	Polyrhachis_ulysses	TACTTMPPolyrhachis_Oceanian157_ulysses	157	FALSE	Oceanian
Polyrhachis	TACTTMPPolyrhachis_Indomalayan158	Polyrhachis_hilaris	TACTTMPPolyrhachis_Indomalayan158_hilaris	158	FALSE	Indomalayan
Polyrhachis	TACTTMPPolyrhachis_Indomalayan159	Polyrhachis_vanachterbergi	TACTTMPPolyrhachis_Indomalayan159_vanachterbergi	159	FALSE	Indomalayan
Polyrhachis	TACTTMPPolyrhachis_Indomalayan160	Polyrhachis_brendelli	TACTTMPPolyrhachis_Indomalayan160_brendelli	160	FALSE	Indomalayan
Polyrhachis	TACTTMPPolyrhachis_Indomalayan161	Polyrhachis_illaudata	TACTTMPPolyrhachis_Indomalayan161_illaudata	161	FALSE	Indomalayan
Polyrhachis	TACTTMPPolyrhachis_Australasian162	Polyrhachis_beccarii	TACTTMPPolyrhachis_Australasian162_beccarii	162	FALSE	Australasian
Polyrhachis	TACTTMPPolyrhachis_Indomalayan163	Polyrhachis_striata	TACTTMPPolyrhachis_Indomalayan163_striata	163	FALSE	Indomalayan
Polyrhachis	TACTTMPPolyrhachis_Australasian164	Polyrhachis_foreli	TACTTMPPolyrhachis_Australasian164_foreli	164	FALSE	Australasian
Polyrhachis	TACTTMPPolyrhachis_Indomalayan165	Polyrhachis_andromache	TACTTMPPolyrhachis_Indomalayan165_andromache	165	FALSE	Indomalayan
Polyrhachis	TACTTMPPolyrhachis_Unknown166	Polyrhachis_sericata	TACTTMPPolyrhachis_Unknown166_sericata	166	FALSE	Unknown
Polyrhachis	TACTTMPPolyrhachis_Oceanian167	Polyrhachis_obliqua	TACTTMPPolyrhachis_Oceanian167_obliqua	167	FALSE	Oceanian
Polyrhachis	TACTTMPPolyrhachis_Indomalayan168	Polyrhachis_cyaniventris	TACTTMPPolyrhachis_Indomalayan168_cyaniventris	168	FALSE	Indomalayan
Polyrhachis	TACTTMPPolyrhachis_Indomalayan169	Polyrhachis_proxima	TACTTMPPolyrhachis_Indomalayan169_proxima	169	FALSE	Indomalayan
Polyrhachis	TACTTMPPolyrhachis_Indomalayan170	Polyrhachis_obesior	TACTTMPPolyrhachis_Indomalayan170_obesior	170	FALSE	Indomalayan
Polyrhachis	TACTTMPPolyrhachis_Palearctic171	Polyrhachis_vigilans	TACTTMPPolyrhachis_Palearctic171_vigilans	171	FALSE	Palearctic
Polyrhachis	TACTTMPPolyrhachis_Indomalayan172	Polyrhachis_noesaensis	TACTTMPPolyrhachis_Indomalayan172_noesaensis	172	FALSE	Indomalayan
Polyrhachis	TACTTMPPolyrhachis_Australasian173	Polyrhachis_villipes	TACTTMPPolyrhachis_Australasian173_villipes	173	FALSE	Australasian
Polyrhachis	TACTTMPPolyrhachis_Australasian174	Polyrhachis_nigropilosa	TACTTMPPolyrhachis_Australasian174_nigropilosa	174	FALSE	Australasian
Polyrhachis	TACTTMPPolyrhachis_Palearctic175	Polyrhachis_wolfi	TACTTMPPolyrhachis_Palearctic175_wolfi	175	FALSE	Palearctic
Polyrhachis	TACTTMPPolyrhachis_Indomalayan176	Polyrhachis_murina	TACTTMPPolyrhachis_Indomalayan176_murina	176	FALSE	Indomalayan
Polyrhachis	TACTTMPPolyrhachis_Indomalayan177	Polyrhachis_inermis	TACTTMPPolyrhachis_Indomalayan177_inermis	177	FALSE	Indomalayan
Polyrhachis	TACTTMPPolyrhachis_Australasian178	Polyrhachis_vindex	TACTTMPPolyrhachis_Australasian178_vindex	178	FALSE	Australasian
Polyrhachis	TACTTMPPolyrhachis_Indomalayan179	Polyrhachis_carbonaria	TACTTMPPolyrhachis_Indomalayan179_carbonaria	179	FALSE	Indomalayan
Polyrhachis	TACTTMPPolyrhachis_Indomalayan180	Polyrhachis_ypsilon	TACTTMPPolyrhachis_Indomalayan180_ypsilon	180	FALSE	Indomalayan
Polyrhachis	TACTTMPPolyrhachis_Indomalayan181	Polyrhachis_mindanaensis	TACTTMPPolyrhachis_Indomalayan181_mindanaensis	181	FALSE	Indomalayan
Polyrhachis	TACTTMPPolyrhachis_Indomalayan182	Polyrhachis_olybria	TACTTMPPolyrhachis_Indomalayan182_olybria	182	FALSE	Indomalayan
Polyrhachis	TACTTMPPolyrhachis_Afrotropical183	Polyrhachis_bihamata	TACTTMPPolyrhachis_Afrotropical183_bihamata	183	FALSE	Afrotropical
Polyrhachis	TACTTMPPolyrhachis_Australasian184	Polyrhachis_taylori	TACTTMPPolyrhachis_Australasian184_taylori	184	FALSE	Australasian
Polyrhachis	TACTTMPPolyrhachis_Indomalayan185	Polyrhachis_bellicosa	TACTTMPPolyrhachis_Indomalayan185_bellicosa	185	FALSE	Indomalayan
Polyrhachis	TACTTMPPolyrhachis_Palearctic186	Polyrhachis_lamellidens	TACTTMPPolyrhachis_Palearctic186_lamellidens	186	FALSE	Palearctic
Polyrhachis	TACTTMPPolyrhachis_Afrotropical187	Polyrhachis_revoili	TACTTMPPolyrhachis_Afrotropical187_revoili	187	FALSE	Afrotropical
Polyrhachis	TACTTMPPolyrhachis_Afrotropical188	Polyrhachis_longiseta	TACTTMPPolyrhachis_Afrotropical188_longiseta	188	FALSE	Afrotropical
Polyrhachis	TACTTMPPolyrhachis_Unknown189	Polyrhachis_phidias	TACTTMPPolyrhachis_Unknown189_phidias	189	FALSE	Unknown
Polyrhachis	TACTTMPPolyrhachis_Afrotropical190	Polyrhachis_rufipalpis	TACTTMPPolyrhachis_Afrotropical190_rufipalpis	190	FALSE	Afrotropical
Polyrhachis	TACTTMPPolyrhachis_Afrotropical191	Polyrhachis_esarata	TACTTMPPolyrhachis_Afrotropical191_esarata	191	FALSE	Afrotropical
Polyrhachis	TACTTMPPolyrhachis_Afrotropical192	Polyrhachis_limitis	TACTTMPPolyrhachis_Afrotropical192_limitis	192	FALSE	Afrotropical
Polyrhachis	TACTTMPPolyrhachis_Afrotropical193	Polyrhachis_latharis	TACTTMPPolyrhachis_Afrotropical193_latharis	193	FALSE	Afrotropical
Polyrhachis	TACTTMPPolyrhachis_Afrotropical194	Polyrhachis_dubia	TACTTMPPolyrhachis_Afrotropical194_dubia	194	FALSE	Afrotropical
Polyrhachis	TACTTMPPolyrhachis_Afrotropical195	Polyrhachis_gibbula	TACTTMPPolyrhachis_Afrotropical195_gibbula	195	FALSE	Afrotropical
Polyrhachis	TACTTMPPolyrhachis_Afrotropical196	Polyrhachis_gerstaeckeri	TACTTMPPolyrhachis_Afrotropical196_gerstaeckeri	196	FALSE	Afrotropical
Polyrhachis	TACTTMPPolyrhachis_Afrotropical197	Polyrhachis_curta	TACTTMPPolyrhachis_Afrotropical197_curta	197	FALSE	Afrotropical
Polyrhachis	TACTTMPPolyrhachis_Afrotropical198	Polyrhachis_latispina	TACTTMPPolyrhachis_Afrotropical198_latispina	198	FALSE	Afrotropical
Polyrhachis	TACTTMPPolyrhachis_Afrotropical199	Polyrhachis_decemdentata	TACTTMPPolyrhachis_Afrotropical199_decemdentata	199	FALSE	Afrotropical
Polyrhachis	TACTTMPPolyrhachis_Unknown200	Polyrhachis_militaris	TACTTMPPolyrhachis_Unknown200_militaris	200	FALSE	Unknown
Polyrhachis	TACTTMPPolyrhachis_Afrotropical201	Polyrhachis_laboriosa	TACTTMPPolyrhachis_Afrotropical201_laboriosa	201	FALSE	Afrotropical
Polyrhachis	TACTTMPPolyrhachis_Unknown202	Polyrhachis_schlueteri	TACTTMPPolyrhachis_Unknown202_schlueteri	202	FALSE	Unknown
Polyrhachis	TACTTMPPolyrhachis_Afrotropical203	Polyrhachis_epinotalis	TACTTMPPolyrhachis_Afrotropical203_epinotalis	203	FALSE	Afrotropical
Polyrhachis	TACTTMPPolyrhachis_Afrotropical204	Polyrhachis_viscosa	TACTTMPPolyrhachis_Afrotropical204_viscosa	204	FALSE	Afrotropical
Polyrhachis	TACTTMPPolyrhachis_Afrotropical205	Polyrhachis_medusa	TACTTMPPolyrhachis_Afrotropical205_medusa	205	FALSE	Afrotropical
Polyrhachis	TACTTMPPolyrhachis_Afrotropical206	Polyrhachis_schistacea	TACTTMPPolyrhachis_Afrotropical206_schistacea	206	FALSE	Afrotropical
Polyrhachis	TACTTMPPolyrhachis_Afrotropical207	Polyrhachis_gagates	TACTTMPPolyrhachis_Afrotropical207_gagates	207	FALSE	Afrotropical
Polyrhachis	TACTTMPPolyrhachis_Afrotropical208	Polyrhachis_alexisi	TACTTMPPolyrhachis_Afrotropical208_alexisi	208	FALSE	Afrotropical
Polyrhachis	TACTTMPPolyrhachis_Palearctic209	Polyrhachis_tyrannica	TACTTMPPolyrhachis_Palearctic209_tyrannica	209	FALSE	Palearctic
Polyrhachis	TACTTMPPolyrhachis_Palearctic210	Polyrhachis_latona	TACTTMPPolyrhachis_Palearctic210_latona	210	FALSE	Palearctic
Polyrhachis	TACTTMPPolyrhachis_Indomalayan211	Polyrhachis_boltoni	TACTTMPPolyrhachis_Indomalayan211_boltoni	211	FALSE	Indomalayan
Polyrhachis	TACTTMPPolyrhachis_Palearctic212	Polyrhachis_shixingensis	TACTTMPPolyrhachis_Palearctic212_shixingensis	212	FALSE	Palearctic
Polyrhachis	TACTTMPPolyrhachis_Indomalayan213	Polyrhachis_halidayi	TACTTMPPolyrhachis_Indomalayan213_halidayi	213	FALSE	Indomalayan
Polyrhachis	TACTTMPPolyrhachis_Indomalayan214	Polyrhachis_exercita	TACTTMPPolyrhachis_Indomalayan214_exercita	214	FALSE	Indomalayan
Polyrhachis	TACTTMPPolyrhachis_Australasian215	Polyrhachis_equina	TACTTMPPolyrhachis_Australasian215_equina	215	FALSE	Australasian
Ponera	TACTTMPPonera_Palearctic01	Ponera_testacea	TACTTMPPonera_Palearctic01_testacea	1	FALSE	Palearctic
Ponera	TACTTMPPonera_Palearctic02	Ponera_coarctata	TACTTMPPonera_Palearctic02_coarctata	2	FALSE	Palearctic
Ponera	TACTTMPPonera_Nearctic03	Ponera_pennsylvanica	TACTTMPPonera_Nearctic03_pennsylvanica	3	FALSE	Nearctic
Ponera	TACTTMPPonera_Australasian04	Ponera_leae	TACTTMPPonera_Australasian04_leae	4	FALSE	Australasian
Ponera	TACTTMPPonera_Nearctic05	Ponera_swezeyi	TACTTMPPonera_Nearctic05_swezeyi	5	FALSE	Nearctic
Ponera	TACTTMPPonera_Oceanian06	Ponera_petila	TACTTMPPonera_Oceanian06_petila	6	FALSE	Oceanian
Ponera	TACTTMPPonera_Oceanian07	Ponera_colaensis	TACTTMPPonera_Oceanian07_colaensis	7	FALSE	Oceanian
Ponera	TACTTMPPonera_Australasian08	Ponera_clavicornis	TACTTMPPonera_Australasian08_clavicornis	8	FALSE	Australasian
Ponera	TACTTMPPonera_Afrotropical09	Ponera_adumbrans	TACTTMPPonera_Afrotropical09_adumbrans	9	FALSE	Afrotropical
Ponera	TACTTMPPonera_Australasian10	Ponera_selenophora	TACTTMPPonera_Australasian10_selenophora	10	FALSE	Australasian
Ponera	TACTTMPPonera_Palearctic11	Ponera_guangxiensis	TACTTMPPonera_Palearctic11_guangxiensis	11	FALSE	Palearctic
Ponera	TACTTMPPonera_Indomalayan12	Ponera_incerta	TACTTMPPonera_Indomalayan12_incerta	12	FALSE	Indomalayan
Ponera	TACTTMPPonera_Palearctic13	Ponera_japonica	TACTTMPPonera_Palearctic13_japonica	13	FALSE	Palearctic
Ponera	TACTTMPPonera_Palearctic14	Ponera_bawana	TACTTMPPonera_Palearctic14_bawana	14	FALSE	Palearctic
Ponera	TACTTMPPonera_Nearctic15	Ponera_exotica	TACTTMPPonera_Nearctic15_exotica	15	FALSE	Nearctic
Poneracantha	TACTTMPPoneracantha_Neotropical01	Poneracantha_triangularis	TACTTMPPoneracantha_Neotropical01_triangularis	1	FALSE	Neotropical
Poneracantha	TACTTMPPoneracantha_Neotropical02	Poneracantha_banksi	TACTTMPPoneracantha_Neotropical02_banksi	2	FALSE	Neotropical
Poneracantha	TACTTMPPoneracantha_Neotropical03	Poneracantha_rastrata	TACTTMPPoneracantha_Neotropical03_rastrata	3	FALSE	Neotropical
Poneracantha	TACTTMPPoneracantha_Neotropical04	Poneracantha_mediatrix	TACTTMPPoneracantha_Neotropical04_mediatrix	4	FALSE	Neotropical
Poneracantha	TACTTMPPoneracantha_Unknown05	Poneracantha_wilsoni	TACTTMPPoneracantha_Unknown05_wilsoni	5	FALSE	Unknown
Poneracantha	TACTTMPPoneracantha_Neotropical06	Poneracantha_mecotyle	TACTTMPPoneracantha_Neotropical06_mecotyle	6	FALSE	Neotropical
Poneracantha	TACTTMPPoneracantha_Neotropical07	Poneracantha_enodis	TACTTMPPoneracantha_Neotropical07_enodis	7	FALSE	Neotropical
Poneracantha	TACTTMPPoneracantha_Neotropical08	Poneracantha_bispinosa	TACTTMPPoneracantha_Neotropical08_bispinosa	8	FALSE	Neotropical
Prenolepis	TACTTMPPrenolepis_Palearctic01	Prenolepis_nitens	TACTTMPPrenolepis_Palearctic01_nitens	1	FALSE	Palearctic
Prenolepis	TACTTMPPrenolepis_Neotropical02	Prenolepis_imparis	TACTTMPPrenolepis_Neotropical02_imparis	2	FALSE	Neotropical
Prenolepis	TACTTMPPrenolepis_Palearctic03	Prenolepis_melanogaster	TACTTMPPrenolepis_Palearctic03_melanogaster	3	FALSE	Palearctic
Prionopelta	TACTTMPPrionopelta_Afrotropical01	Prionopelta_concenta	TACTTMPPrionopelta_Afrotropical01_concenta	1	FALSE	Afrotropical
Prionopelta	TACTTMPPrionopelta_Neotropical02	Prionopelta_amabilis	TACTTMPPrionopelta_Neotropical02_amabilis	2	FALSE	Neotropical
Prionopelta	TACTTMPPrionopelta_Afrotropical03	Prionopelta_subtilis	TACTTMPPrionopelta_Afrotropical03_subtilis	3	FALSE	Afrotropical
Prionopelta	TACTTMPPrionopelta_Afrotropical04	Prionopelta_descarpentriesi	TACTTMPPrionopelta_Afrotropical04_descarpentriesi	4	FALSE	Afrotropical
Pristomyrmex	TACTTMPPristomyrmex_Afrotropical01	Pristomyrmex_orbiceps	TACTTMPPristomyrmex_Afrotropical01_orbiceps	1	FALSE	Afrotropical
Pristomyrmex	TACTTMPPristomyrmex_Indomalayan02	Pristomyrmex_bicolor	TACTTMPPristomyrmex_Indomalayan02_bicolor	2	FALSE	Indomalayan
Pristomyrmex	TACTTMPPristomyrmex_Indomalayan03	Pristomyrmex_rigidus	TACTTMPPristomyrmex_Indomalayan03_rigidus	3	FALSE	Indomalayan
Pristomyrmex	TACTTMPPristomyrmex_Indomalayan04	Pristomyrmex_punctatus	TACTTMPPristomyrmex_Indomalayan04_punctatus	4	FALSE	Indomalayan
Probolomyrmex	TACTTMPProbolomyrmex_Afrotropical01	Probolomyrmex_zahamena	TACTTMPProbolomyrmex_Afrotropical01_zahamena	1	FALSE	Afrotropical
Probolomyrmex	TACTTMPProbolomyrmex_Afrotropical02	Probolomyrmex_curculiformis	TACTTMPProbolomyrmex_Afrotropical02_curculiformis	2	FALSE	Afrotropical
Proceratium	TACTTMPProceratium_Australasian01	Proceratium_stictum	TACTTMPProceratium_Australasian01_stictum	1	FALSE	Australasian
Procryptocerus	TACTTMPProcryptocerus_Neotropical01	Procryptocerus_carbonarius	TACTTMPProcryptocerus_Neotropical01_carbonarius	1	FALSE	Neotropical
Procryptocerus	TACTTMPProcryptocerus_Neotropical02	Procryptocerus_batesi	TACTTMPProcryptocerus_Neotropical02_batesi	2	FALSE	Neotropical
Procryptocerus	TACTTMPProcryptocerus_Neotropical03	Procryptocerus_scabriusculus	TACTTMPProcryptocerus_Neotropical03_scabriusculus	3	FALSE	Neotropical
Procryptocerus	TACTTMPProcryptocerus_Neotropical04	Procryptocerus_hylaeus	TACTTMPProcryptocerus_Neotropical04_hylaeus	4	FALSE	Neotropical
Proformica	TACTTMPProformica_Palearctic01	Proformica_nasuta	TACTTMPProformica_Palearctic01_nasuta	1	FALSE	Palearctic
Proformica	TACTTMPProformica_Palearctic02	Proformica_mongolica	TACTTMPProformica_Palearctic02_mongolica	2	FALSE	Palearctic
Prolasius	TACTTMPProlasius_Australasian01	Prolasius_convexus	TACTTMPProlasius_Australasian01_convexus	1	FALSE	Australasian
Protalaridris	TACTTMPProtalaridris_Neotropical01	Protalaridris_armata	TACTTMPProtalaridris_Neotropical01_armata	1	FALSE	Neotropical
Protanilla	TACTTMPProtanilla_Indomalayan01	Protanilla_boltoni	TACTTMPProtanilla_Indomalayan01_boltoni	1	FALSE	Indomalayan
Psalidomyrmex	TACTTMPPsalidomyrmex_Afrotropical01	Psalidomyrmex_procerus	TACTTMPPsalidomyrmex_Afrotropical01_procerus	1	FALSE	Afrotropical
Psalidomyrmex	TACTTMPPsalidomyrmex_Afrotropical02	Psalidomyrmex_foveolatus	TACTTMPPsalidomyrmex_Afrotropical02_foveolatus	2	FALSE	Afrotropical
Psalidomyrmex	TACTTMPPsalidomyrmex_Afrotropical03	Psalidomyrmex_reichenspergeri	TACTTMPPsalidomyrmex_Afrotropical03_reichenspergeri	3	FALSE	Afrotropical
Psalidomyrmex	TACTTMPPsalidomyrmex_Afrotropical04	Psalidomyrmex_sallyae	TACTTMPPsalidomyrmex_Afrotropical04_sallyae	4	FALSE	Afrotropical
Pseudoatta	TACTTMPPseudoatta_Unknown01	Pseudoatta_sp	TACTTMPPseudoatta_Unknown01_sp	1	FALSE	Unknown
Pseudolasius	TACTTMPPseudolasius_Indomalayan01	Pseudolasius_typhlops	TACTTMPPseudolasius_Indomalayan01_typhlops	1	FALSE	Indomalayan
Pseudolasius	TACTTMPPseudolasius_Australasian02	Pseudolasius_australis	TACTTMPPseudolasius_Australasian02_australis	2	FALSE	Australasian
Pseudomyrmex	TACTTMPPseudomyrmex_Neotropical01	Pseudomyrmex_niger	TACTTMPPseudomyrmex_Neotropical01_niger	1	FALSE	Neotropical
Pseudomyrmex	TACTTMPPseudomyrmex_Neotropical02	Pseudomyrmex_cladoicus	TACTTMPPseudomyrmex_Neotropical02_cladoicus	2	FALSE	Neotropical
Pseudomyrmex	TACTTMPPseudomyrmex_Neotropical03	Pseudomyrmex_godmani	TACTTMPPseudomyrmex_Neotropical03_godmani	3	FALSE	Neotropical
Pseudomyrmex	TACTTMPPseudomyrmex_Neotropical04	Pseudomyrmex_pupa	TACTTMPPseudomyrmex_Neotropical04_pupa	4	FALSE	Neotropical
Pseudomyrmex	TACTTMPPseudomyrmex_Neotropical05	Pseudomyrmex_atripes	TACTTMPPseudomyrmex_Neotropical05_atripes	5	FALSE	Neotropical
Pseudomyrmex	TACTTMPPseudomyrmex_Neotropical06	Pseudomyrmex_osurus	TACTTMPPseudomyrmex_Neotropical06_osurus	6	FALSE	Neotropical
Pseudomyrmex	TACTTMPPseudomyrmex_Neotropical07	Pseudomyrmex_laevigatus	TACTTMPPseudomyrmex_Neotropical07_laevigatus	7	FALSE	Neotropical
Pseudomyrmex	TACTTMPPseudomyrmex_Neotropical08	Pseudomyrmex_faber	TACTTMPPseudomyrmex_Neotropical08_faber	8	FALSE	Neotropical
Pseudomyrmex	TACTTMPPseudomyrmex_Neotropical09	Pseudomyrmex_unicolor	TACTTMPPseudomyrmex_Neotropical09_unicolor	9	FALSE	Neotropical
Pseudomyrmex	TACTTMPPseudomyrmex_Neotropical10	Pseudomyrmex_hospitalis	TACTTMPPseudomyrmex_Neotropical10_hospitalis	10	FALSE	Neotropical
Pseudomyrmex	TACTTMPPseudomyrmex_Unknown11	Pseudomyrmex_gracilis	TACTTMPPseudomyrmex_Unknown11_gracilis	11	FALSE	Unknown
Pseudomyrmex	TACTTMPPseudomyrmex_Neotropical12	Pseudomyrmex_santschii	TACTTMPPseudomyrmex_Neotropical12_santschii	12	FALSE	Neotropical
Pseudomyrmex	TACTTMPPseudomyrmex_Neotropical13	Pseudomyrmex_opaciceps	TACTTMPPseudomyrmex_Neotropical13_opaciceps	13	FALSE	Neotropical
Pseudomyrmex	TACTTMPPseudomyrmex_Neotropical14	Pseudomyrmex_venustus	TACTTMPPseudomyrmex_Neotropical14_venustus	14	FALSE	Neotropical
Pseudomyrmex	TACTTMPPseudomyrmex_Neotropical15	Pseudomyrmex_maculatus	TACTTMPPseudomyrmex_Neotropical15_maculatus	15	FALSE	Neotropical
Pseudomyrmex	TACTTMPPseudomyrmex_Neotropical16	Pseudomyrmex_nigropilosus	TACTTMPPseudomyrmex_Neotropical16_nigropilosus	16	FALSE	Neotropical
Pseudomyrmex	TACTTMPPseudomyrmex_Neotropical17	Pseudomyrmex_major	TACTTMPPseudomyrmex_Neotropical17_major	17	FALSE	Neotropical
Pseudomyrmex	TACTTMPPseudomyrmex_Neotropical18	Pseudomyrmex_sericeus	TACTTMPPseudomyrmex_Neotropical18_sericeus	18	FALSE	Neotropical
Pseudomyrmex	TACTTMPPseudomyrmex_Neotropical19	Pseudomyrmex_beccarii	TACTTMPPseudomyrmex_Neotropical19_beccarii	19	FALSE	Neotropical
Pseudomyrmex	TACTTMPPseudomyrmex_Neotropical20	Pseudomyrmex_lisus	TACTTMPPseudomyrmex_Neotropical20_lisus	20	FALSE	Neotropical
Pseudomyrmex	TACTTMPPseudomyrmex_Neotropical21	Pseudomyrmex_ita	TACTTMPPseudomyrmex_Neotropical21_ita	21	FALSE	Neotropical
Pseudomyrmex	TACTTMPPseudomyrmex_Neotropical22	Pseudomyrmex_longior	TACTTMPPseudomyrmex_Neotropical22_longior	22	FALSE	Neotropical
Pseudomyrmex	TACTTMPPseudomyrmex_Neotropical23	Pseudomyrmex_cordiae	TACTTMPPseudomyrmex_Neotropical23_cordiae	23	FALSE	Neotropical
Pseudomyrmex	TACTTMPPseudomyrmex_Neotropical24	Pseudomyrmex_fortis	TACTTMPPseudomyrmex_Neotropical24_fortis	24	FALSE	Neotropical
Pseudomyrmex	TACTTMPPseudomyrmex_Neotropical25	Pseudomyrmex_rubiginosus	TACTTMPPseudomyrmex_Neotropical25_rubiginosus	25	FALSE	Neotropical
Pseudomyrmex	TACTTMPPseudomyrmex_Neotropical26	Pseudomyrmex_ferox	TACTTMPPseudomyrmex_Neotropical26_ferox	26	FALSE	Neotropical
Pseudomyrmex	TACTTMPPseudomyrmex_Neotropical27	Pseudomyrmex_eculeus	TACTTMPPseudomyrmex_Neotropical27_eculeus	27	FALSE	Neotropical
Pseudomyrmex	TACTTMPPseudomyrmex_Neotropical28	Pseudomyrmex_crudelis	TACTTMPPseudomyrmex_Neotropical28_crudelis	28	FALSE	Neotropical
Pseudomyrmex	TACTTMPPseudomyrmex_Neotropical29	Pseudomyrmex_termitarius	TACTTMPPseudomyrmex_Neotropical29_termitarius	29	FALSE	Neotropical
Pseudomyrmex	TACTTMPPseudomyrmex_Neotropical30	Pseudomyrmex_denticollis	TACTTMPPseudomyrmex_Neotropical30_denticollis	30	FALSE	Neotropical
Pseudomyrmex	TACTTMPPseudomyrmex_Neotropical31	Pseudomyrmex_tenuis	TACTTMPPseudomyrmex_Neotropical31_tenuis	31	FALSE	Neotropical
Pseudomyrmex	TACTTMPPseudomyrmex_Neotropical32	Pseudomyrmex_boopis	TACTTMPPseudomyrmex_Neotropical32_boopis	32	FALSE	Neotropical
Pseudomyrmex	TACTTMPPseudomyrmex_Unknown33	Pseudomyrmex_filiformis	TACTTMPPseudomyrmex_Unknown33_filiformis	33	FALSE	Unknown
Pseudomyrmex	TACTTMPPseudomyrmex_Neotropical34	Pseudomyrmex_phyllophilus	TACTTMPPseudomyrmex_Neotropical34_phyllophilus	34	FALSE	Neotropical
Pseudomyrmex	TACTTMPPseudomyrmex_Neotropical35	Pseudomyrmex_pallens	TACTTMPPseudomyrmex_Neotropical35_pallens	35	FALSE	Neotropical
Pseudomyrmex	TACTTMPPseudomyrmex_Neotropical36	Pseudomyrmex_lynceus	TACTTMPPseudomyrmex_Neotropical36_lynceus	36	FALSE	Neotropical
Pseudomyrmex	TACTTMPPseudomyrmex_Neotropical37	Pseudomyrmex_longus	TACTTMPPseudomyrmex_Neotropical37_longus	37	FALSE	Neotropical
Pseudomyrmex	TACTTMPPseudomyrmex_Neotropical38	Pseudomyrmex_kuenckeli	TACTTMPPseudomyrmex_Neotropical38_kuenckeli	38	FALSE	Neotropical
Pseudomyrmex	TACTTMPPseudomyrmex_Neotropical39	Pseudomyrmex_insuavis	TACTTMPPseudomyrmex_Neotropical39_insuavis	39	FALSE	Neotropical
Pseudomyrmex	TACTTMPPseudomyrmex_Neotropical40	Pseudomyrmex_concolor	TACTTMPPseudomyrmex_Neotropical40_concolor	40	FALSE	Neotropical
Pseudomyrmex	TACTTMPPseudomyrmex_Neotropical41	Pseudomyrmex_penetrator	TACTTMPPseudomyrmex_Neotropical41_penetrator	41	FALSE	Neotropical
Pseudomyrmex	TACTTMPPseudomyrmex_Neotropical42	Pseudomyrmex_malignus	TACTTMPPseudomyrmex_Neotropical42_malignus	42	FALSE	Neotropical
Pseudomyrmex	TACTTMPPseudomyrmex_Neotropical43	Pseudomyrmex_tachigaliae	TACTTMPPseudomyrmex_Neotropical43_tachigaliae	43	FALSE	Neotropical
Pseudomyrmex	TACTTMPPseudomyrmex_Neotropical44	Pseudomyrmex_urbanus	TACTTMPPseudomyrmex_Neotropical44_urbanus	44	FALSE	Neotropical
Pseudomyrmex	TACTTMPPseudomyrmex_Neotropical45	Pseudomyrmex_elongatus	TACTTMPPseudomyrmex_Neotropical45_elongatus	45	FALSE	Neotropical
Pseudomyrmex	TACTTMPPseudomyrmex_Neotropical46	Pseudomyrmex_eduardi	TACTTMPPseudomyrmex_Neotropical46_eduardi	46	FALSE	Neotropical
Pseudomyrmex	TACTTMPPseudomyrmex_Neotropical47	Pseudomyrmex_caeciliae	TACTTMPPseudomyrmex_Neotropical47_caeciliae	47	FALSE	Neotropical
Pseudomyrmex	TACTTMPPseudomyrmex_Neotropical48	Pseudomyrmex_cubaensis	TACTTMPPseudomyrmex_Neotropical48_cubaensis	48	FALSE	Neotropical
Pseudomyrmex	TACTTMPPseudomyrmex_Neotropical49	Pseudomyrmex_curacaensis	TACTTMPPseudomyrmex_Neotropical49_curacaensis	49	FALSE	Neotropical
Pseudomyrmex	TACTTMPPseudomyrmex_Neotropical50	Pseudomyrmex_cretus	TACTTMPPseudomyrmex_Neotropical50_cretus	50	FALSE	Neotropical
Pseudomyrmex	TACTTMPPseudomyrmex_Neotropical51	Pseudomyrmex_schuppi	TACTTMPPseudomyrmex_Neotropical51_schuppi	51	FALSE	Neotropical
Pseudomyrmex	TACTTMPPseudomyrmex_Neotropical52	Pseudomyrmex_oculatus	TACTTMPPseudomyrmex_Neotropical52_oculatus	52	FALSE	Neotropical
Pseudomyrmex	TACTTMPPseudomyrmex_Neotropical53	Pseudomyrmex_viduus	TACTTMPPseudomyrmex_Neotropical53_viduus	53	FALSE	Neotropical
Pseudomyrmex	TACTTMPPseudomyrmex_Neotropical54	Pseudomyrmex_triplaridis	TACTTMPPseudomyrmex_Neotropical54_triplaridis	54	FALSE	Neotropical
Pseudomyrmex	TACTTMPPseudomyrmex_Neotropical55	Pseudomyrmex_triplarinus	TACTTMPPseudomyrmex_Neotropical55_triplarinus	55	FALSE	Neotropical
Pseudomyrmex	TACTTMPPseudomyrmex_Neotropical56	Pseudomyrmex_mordax	TACTTMPPseudomyrmex_Neotropical56_mordax	56	FALSE	Neotropical
Pseudomyrmex	TACTTMPPseudomyrmex_Neotropical57	Pseudomyrmex_ultrix	TACTTMPPseudomyrmex_Neotropical57_ultrix	57	FALSE	Neotropical
Pseudomyrmex	TACTTMPPseudomyrmex_Neotropical58	Pseudomyrmex_dendroicus	TACTTMPPseudomyrmex_Neotropical58_dendroicus	58	FALSE	Neotropical
Pseudomyrmex	TACTTMPPseudomyrmex_Neotropical59	Pseudomyrmex_subater	TACTTMPPseudomyrmex_Neotropical59_subater	59	FALSE	Neotropical
Pseudomyrmex	TACTTMPPseudomyrmex_Neotropical60	Pseudomyrmex_duckei	TACTTMPPseudomyrmex_Neotropical60_duckei	60	FALSE	Neotropical
Pseudomyrmex	TACTTMPPseudomyrmex_Neotropical61	Pseudomyrmex_simplex	TACTTMPPseudomyrmex_Neotropical61_simplex	61	FALSE	Neotropical
Pseudomyrmex	TACTTMPPseudomyrmex_Neotropical62	Pseudomyrmex_pazosi	TACTTMPPseudomyrmex_Neotropical62_pazosi	62	FALSE	Neotropical
Pseudomyrmex	TACTTMPPseudomyrmex_Neotropical63	Pseudomyrmex_lizeri	TACTTMPPseudomyrmex_Neotropical63_lizeri	63	FALSE	Neotropical
Pseudomyrmex	TACTTMPPseudomyrmex_Neotropical64	Pseudomyrmex_laevivertex	TACTTMPPseudomyrmex_Neotropical64_laevivertex	64	FALSE	Neotropical
Pseudomyrmex	TACTTMPPseudomyrmex_Neotropical65	Pseudomyrmex_euryblemma	TACTTMPPseudomyrmex_Neotropical65_euryblemma	65	FALSE	Neotropical
Pseudomyrmex	TACTTMPPseudomyrmex_Neotropical66	Pseudomyrmex_flavidulus	TACTTMPPseudomyrmex_Neotropical66_flavidulus	66	FALSE	Neotropical
Pseudomyrmex	TACTTMPPseudomyrmex_Neotropical67	Pseudomyrmex_acanthobius	TACTTMPPseudomyrmex_Neotropical67_acanthobius	67	FALSE	Neotropical
Pseudomyrmex	TACTTMPPseudomyrmex_Neotropical68	Pseudomyrmex_rufiventris	TACTTMPPseudomyrmex_Neotropical68_rufiventris	68	FALSE	Neotropical
Pseudomyrmex	TACTTMPPseudomyrmex_Neotropical69	Pseudomyrmex_inquilinus	TACTTMPPseudomyrmex_Neotropical69_inquilinus	69	FALSE	Neotropical
Pseudomyrmex	TACTTMPPseudomyrmex_Neotropical70	Pseudomyrmex_holmgreni	TACTTMPPseudomyrmex_Neotropical70_holmgreni	70	FALSE	Neotropical
Pseudomyrmex	TACTTMPPseudomyrmex_Nearctic71	Pseudomyrmex_seminole	TACTTMPPseudomyrmex_Nearctic71_seminole	71	FALSE	Nearctic
Pseudomyrmex	TACTTMPPseudomyrmex_Nearctic72	Pseudomyrmex_pallidus	TACTTMPPseudomyrmex_Nearctic72_pallidus	72	FALSE	Nearctic
Pseudomyrmex	TACTTMPPseudomyrmex_Neotropical73	Pseudomyrmex_peruvianus	TACTTMPPseudomyrmex_Neotropical73_peruvianus	73	FALSE	Neotropical
Pseudomyrmex	TACTTMPPseudomyrmex_Neotropical74	Pseudomyrmex_ethicus	TACTTMPPseudomyrmex_Neotropical74_ethicus	74	FALSE	Neotropical
Pseudomyrmex	TACTTMPPseudomyrmex_Unknown75	Pseudomyrmex_ejectus	TACTTMPPseudomyrmex_Unknown75_ejectus	75	FALSE	Unknown
Pseudomyrmex	TACTTMPPseudomyrmex_Neotropical76	Pseudomyrmex_gebellii	TACTTMPPseudomyrmex_Neotropical76_gebellii	76	FALSE	Neotropical
Pseudomyrmex	TACTTMPPseudomyrmex_Neotropical77	Pseudomyrmex_oki	TACTTMPPseudomyrmex_Neotropical77_oki	77	FALSE	Neotropical
Pseudomyrmex	TACTTMPPseudomyrmex_Neotropical78	Pseudomyrmex_depressus	TACTTMPPseudomyrmex_Neotropical78_depressus	78	FALSE	Neotropical
Pseudomyrmex	TACTTMPPseudomyrmex_Neotropical79	Pseudomyrmex_laevifrons	TACTTMPPseudomyrmex_Neotropical79_laevifrons	79	FALSE	Neotropical
Pseudomyrmex	TACTTMPPseudomyrmex_Neotropical80	Pseudomyrmex_goeldii	TACTTMPPseudomyrmex_Neotropical80_goeldii	80	FALSE	Neotropical
Pseudomyrmex	TACTTMPPseudomyrmex_Neotropical81	Pseudomyrmex_micans	TACTTMPPseudomyrmex_Neotropical81_micans	81	FALSE	Neotropical
Pseudomyrmex	TACTTMPPseudomyrmex_Neotropical82	Pseudomyrmex_obtusus	TACTTMPPseudomyrmex_Neotropical82_obtusus	82	FALSE	Neotropical
Pseudomyrmex	TACTTMPPseudomyrmex_Neotropical83	Pseudomyrmex_haytianus	TACTTMPPseudomyrmex_Neotropical83_haytianus	83	FALSE	Neotropical
Pseudomyrmex	TACTTMPPseudomyrmex_Neotropical84	Pseudomyrmex_janzeni	TACTTMPPseudomyrmex_Neotropical84_janzeni	84	FALSE	Neotropical
Pseudomyrmex	TACTTMPPseudomyrmex_Neotropical85	Pseudomyrmex_ferrugineus	TACTTMPPseudomyrmex_Neotropical85_ferrugineus	85	FALSE	Neotropical
Pseudomyrmex	TACTTMPPseudomyrmex_Neotropical86	Pseudomyrmex_flavicornis	TACTTMPPseudomyrmex_Neotropical86_flavicornis	86	FALSE	Neotropical
Pseudomyrmex	TACTTMPPseudomyrmex_Neotropical87	Pseudomyrmex_veneficus	TACTTMPPseudomyrmex_Neotropical87_veneficus	87	FALSE	Neotropical
Pseudomyrmex	TACTTMPPseudomyrmex_Neotropical88	Pseudomyrmex_mixtecus	TACTTMPPseudomyrmex_Neotropical88_mixtecus	88	FALSE	Neotropical
Pseudomyrmex	TACTTMPPseudomyrmex_Neotropical89	Pseudomyrmex_spinicola	TACTTMPPseudomyrmex_Neotropical89_spinicola	89	FALSE	Neotropical
Pseudomyrmex	TACTTMPPseudomyrmex_Neotropical90	Pseudomyrmex_satanicus	TACTTMPPseudomyrmex_Neotropical90_satanicus	90	FALSE	Neotropical
Pseudomyrmex	TACTTMPPseudomyrmex_Neotropical91	Pseudomyrmex_peperi	TACTTMPPseudomyrmex_Neotropical91_peperi	91	FALSE	Neotropical
Pseudomyrmex	TACTTMPPseudomyrmex_Neotropical92	Pseudomyrmex_feralis	TACTTMPPseudomyrmex_Neotropical92_feralis	92	FALSE	Neotropical
Pseudomyrmex	TACTTMPPseudomyrmex_Neotropical93	Pseudomyrmex_evitus	TACTTMPPseudomyrmex_Neotropical93_evitus	93	FALSE	Neotropical
Pseudomyrmex	TACTTMPPseudomyrmex_Neotropical94	Pseudomyrmex_particeps	TACTTMPPseudomyrmex_Neotropical94_particeps	94	FALSE	Neotropical
Pseudomyrmex	TACTTMPPseudomyrmex_Neotropical95	Pseudomyrmex_nigrocinctus	TACTTMPPseudomyrmex_Neotropical95_nigrocinctus	95	FALSE	Neotropical
Pseudomyrmex	TACTTMPPseudomyrmex_Neotropical96	Pseudomyrmex_perboscii	TACTTMPPseudomyrmex_Neotropical96_perboscii	96	FALSE	Neotropical
Pseudomyrmex	TACTTMPPseudomyrmex_Neotropical97	Pseudomyrmex_championi	TACTTMPPseudomyrmex_Neotropical97_championi	97	FALSE	Neotropical
Pseudomyrmex	TACTTMPPseudomyrmex_Nearctic98	Pseudomyrmex_apache	TACTTMPPseudomyrmex_Nearctic98_apache	98	FALSE	Nearctic
Pseudomyrmex	TACTTMPPseudomyrmex_Neotropical99	Pseudomyrmex_ereptor	TACTTMPPseudomyrmex_Neotropical99_ereptor	99	FALSE	Neotropical
Pseudomyrmex	TACTTMPPseudomyrmex_Neotropical100	Pseudomyrmex_elongatulus	TACTTMPPseudomyrmex_Neotropical100_elongatulus	100	FALSE	Neotropical
Pseudomyrmex	TACTTMPPseudomyrmex_Neotropical101	Pseudomyrmex_exoratus	TACTTMPPseudomyrmex_Neotropical101_exoratus	101	FALSE	Neotropical
Pseudomyrmex	TACTTMPPseudomyrmex_Neotropical102	Pseudomyrmex_nimbus	TACTTMPPseudomyrmex_Neotropical102_nimbus	102	FALSE	Neotropical
Pseudomyrmex	TACTTMPPseudomyrmex_Neotropical103	Pseudomyrmex_veracruzensis	TACTTMPPseudomyrmex_Neotropical103_veracruzensis	103	FALSE	Neotropical
Pseudomyrmex	TACTTMPPseudomyrmex_Neotropical104	Pseudomyrmex_capillatus	TACTTMPPseudomyrmex_Neotropical104_capillatus	104	FALSE	Neotropical
Pseudomyrmex	TACTTMPPseudomyrmex_Neotropical105	Pseudomyrmex_arcanus	TACTTMPPseudomyrmex_Neotropical105_arcanus	105	FALSE	Neotropical
Pseudomyrmex	TACTTMPPseudomyrmex_Neotropical106	Pseudomyrmex_comitator	TACTTMPPseudomyrmex_Neotropical106_comitator	106	FALSE	Neotropical
Pseudomyrmex	TACTTMPPseudomyrmex_Neotropical107	Pseudomyrmex_cognatus	TACTTMPPseudomyrmex_Neotropical107_cognatus	107	FALSE	Neotropical
Pseudomyrmex	TACTTMPPseudomyrmex_Neotropical108	Pseudomyrmex_fasciatus	TACTTMPPseudomyrmex_Neotropical108_fasciatus	108	FALSE	Neotropical
Pseudomyrmex	TACTTMPPseudomyrmex_Neotropical109	Pseudomyrmex_salvini	TACTTMPPseudomyrmex_Neotropical109_salvini	109	FALSE	Neotropical
Pseudomyrmex	TACTTMPPseudomyrmex_Neotropical110	Pseudomyrmex_fervidus	TACTTMPPseudomyrmex_Neotropical110_fervidus	110	FALSE	Neotropical
Pseudomyrmex	TACTTMPPseudomyrmex_Neotropical111	Pseudomyrmex_rufomedius	TACTTMPPseudomyrmex_Neotropical111_rufomedius	111	FALSE	Neotropical
Pseudomyrmex	TACTTMPPseudomyrmex_Neotropical112	Pseudomyrmex_tenuissimus	TACTTMPPseudomyrmex_Neotropical112_tenuissimus	112	FALSE	Neotropical
Pseudomyrmex	TACTTMPPseudomyrmex_Neotropical113	Pseudomyrmex_spiculus	TACTTMPPseudomyrmex_Neotropical113_spiculus	113	FALSE	Neotropical
Pseudoneoponera	TACTTMPPseudoneoponera_Indomalayan01	Pseudoneoponera_rufipes	TACTTMPPseudoneoponera_Indomalayan01_rufipes	1	FALSE	Indomalayan
Pseudoneoponera	TACTTMPPseudoneoponera_Indomalayan02	Pseudoneoponera_insularis	TACTTMPPseudoneoponera_Indomalayan02_insularis	2	FALSE	Indomalayan
Pseudoneoponera	TACTTMPPseudoneoponera_Australasian03	Pseudoneoponera_tridentata	TACTTMPPseudoneoponera_Australasian03_tridentata	3	FALSE	Australasian
Pseudoneoponera	TACTTMPPseudoneoponera_Australasian04	Pseudoneoponera_sandakana	TACTTMPPseudoneoponera_Australasian04_sandakana	4	FALSE	Australasian
Pseudoneoponera	TACTTMPPseudoneoponera_Australasian05	Pseudoneoponera_porcata	TACTTMPPseudoneoponera_Australasian05_porcata	5	FALSE	Australasian
Pseudoneoponera	TACTTMPPseudoneoponera_Australasian06	Pseudoneoponera_piliventris	TACTTMPPseudoneoponera_Australasian06_piliventris	6	FALSE	Australasian
Pseudoneoponera	TACTTMPPseudoneoponera_Australasian07	Pseudoneoponera_sublaevis	TACTTMPPseudoneoponera_Australasian07_sublaevis	7	FALSE	Australasian
Pseudonotoncus	TACTTMPPseudonotoncus_Australasian01	Pseudonotoncus_hirsutus	TACTTMPPseudonotoncus_Australasian01_hirsutus	1	FALSE	Australasian
Rasopone	TACTTMPRasopone_Neotropical01	Rasopone_politognatha	TACTTMPRasopone_Neotropical01_politognatha	1	FALSE	Neotropical
Rasopone	TACTTMPRasopone_Neotropical02	Rasopone_pluviselva	TACTTMPRasopone_Neotropical02_pluviselva	2	FALSE	Neotropical
Rasopone	TACTTMPRasopone_Neotropical03	Rasopone_panamensis	TACTTMPRasopone_Neotropical03_panamensis	3	FALSE	Neotropical
Rasopone	TACTTMPRasopone_Neotropical04	Rasopone_costaricensis	TACTTMPRasopone_Neotropical04_costaricensis	4	FALSE	Neotropical
Rasopone	TACTTMPRasopone_Neotropical05	Rasopone_minuta	TACTTMPRasopone_Neotropical05_minuta	5	FALSE	Neotropical
Rasopone	TACTTMPRasopone_Neotropical06	Rasopone_ferruginea	TACTTMPRasopone_Neotropical06_ferruginea	6	FALSE	Neotropical
Rasopone	TACTTMPRasopone_Neotropical07	Rasopone_subcubitalis	TACTTMPRasopone_Neotropical07_subcubitalis	7	FALSE	Neotropical
Rasopone	TACTTMPRasopone_Neotropical08	Rasopone_mesoamericana	TACTTMPRasopone_Neotropical08_mesoamericana	8	FALSE	Neotropical
Rasopone	TACTTMPRasopone_Neotropical09	Rasopone_guatemalensis	TACTTMPRasopone_Neotropical09_guatemalensis	9	FALSE	Neotropical
Rasopone	TACTTMPRasopone_Neotropical10	Rasopone_cryptergates	TACTTMPRasopone_Neotropical10_cryptergates	10	FALSE	Neotropical
Rasopone	TACTTMPRasopone_Neotropical11	Rasopone_lunaris	TACTTMPRasopone_Neotropical11_lunaris	11	FALSE	Neotropical
Rasopone	TACTTMPRasopone_Neotropical12	Rasopone_rupinicola	TACTTMPRasopone_Neotropical12_rupinicola	12	FALSE	Neotropical
Rasopone	TACTTMPRasopone_Neotropical13	Rasopone_cubitalis	TACTTMPRasopone_Neotropical13_cubitalis	13	FALSE	Neotropical
Recurvidris	TACTTMPRecurvidris_Unknown01	Recurvidris_TH01	TACTTMPRecurvidris_Unknown01_TH01	1	FALSE	Unknown
Recurvidris	TACTTMPRecurvidris_Unknown02	Recurvidris_MM01	TACTTMPRecurvidris_Unknown02_MM01	2	FALSE	Unknown
Rhopalomastix	TACTTMPRhopalomastix_Indomalayan01	Rhopalomastix_rothneyi	TACTTMPRhopalomastix_Indomalayan01_rothneyi	1	FALSE	Indomalayan
Rhopalomastix	TACTTMPRhopalomastix_Indomalayan02	Rhopalomastix_johorensis	TACTTMPRhopalomastix_Indomalayan02_johorensis	2	FALSE	Indomalayan
Rhopalothrix	TACTTMPRhopalothrix_Neotropical01	Rhopalothrix_isthmica	TACTTMPRhopalothrix_Neotropical01_isthmica	1	FALSE	Neotropical
Rhytidoponera	TACTTMPRhytidoponera_Australasian01	Rhytidoponera_punctata	TACTTMPRhytidoponera_Australasian01_punctata	1	FALSE	Australasian
Rhytidoponera	TACTTMPRhytidoponera_Australasian02	Rhytidoponera_incisa	TACTTMPRhytidoponera_Australasian02_incisa	2	FALSE	Australasian
Rhytidoponera	TACTTMPRhytidoponera_Australasian03	Rhytidoponera_reflexa	TACTTMPRhytidoponera_Australasian03_reflexa	3	FALSE	Australasian
Rhytidoponera	TACTTMPRhytidoponera_Australasian04	Rhytidoponera_cerastes	TACTTMPRhytidoponera_Australasian04_cerastes	4	FALSE	Australasian
Rhytidoponera	TACTTMPRhytidoponera_Australasian05	Rhytidoponera_haeckeli	TACTTMPRhytidoponera_Australasian05_haeckeli	5	FALSE	Australasian
Rhytidoponera	TACTTMPRhytidoponera_Australasian06	Rhytidoponera_eremita	TACTTMPRhytidoponera_Australasian06_eremita	6	FALSE	Australasian
Rhytidoponera	TACTTMPRhytidoponera_Australasian07	Rhytidoponera_cristata	TACTTMPRhytidoponera_Australasian07_cristata	7	FALSE	Australasian
Rhytidoponera	TACTTMPRhytidoponera_Australasian08	Rhytidoponera_laticeps	TACTTMPRhytidoponera_Australasian08_laticeps	8	FALSE	Australasian
Rhytidoponera	TACTTMPRhytidoponera_Australasian09	Rhytidoponera_numeensis	TACTTMPRhytidoponera_Australasian09_numeensis	9	FALSE	Australasian
Rhytidoponera	TACTTMPRhytidoponera_Australasian10	Rhytidoponera_fulgens	TACTTMPRhytidoponera_Australasian10_fulgens	10	FALSE	Australasian
Rhytidoponera	TACTTMPRhytidoponera_Australasian11	Rhytidoponera_acanthoponeroides	TACTTMPRhytidoponera_Australasian11_acanthoponeroides	11	FALSE	Australasian
Rhytidoponera	TACTTMPRhytidoponera_Australasian12	Rhytidoponera_versicolor	TACTTMPRhytidoponera_Australasian12_versicolor	12	FALSE	Australasian
Rhytidoponera	TACTTMPRhytidoponera_Australasian13	Rhytidoponera_metallica	TACTTMPRhytidoponera_Australasian13_metallica	13	FALSE	Australasian
Rhytidoponera	TACTTMPRhytidoponera_Australasian14	Rhytidoponera_chalybaea	TACTTMPRhytidoponera_Australasian14_chalybaea	14	FALSE	Australasian
Rhytidoponera	TACTTMPRhytidoponera_Australasian15	Rhytidoponera_dubia	TACTTMPRhytidoponera_Australasian15_dubia	15	FALSE	Australasian
Rhytidoponera	TACTTMPRhytidoponera_Australasian16	Rhytidoponera_victoriae	TACTTMPRhytidoponera_Australasian16_victoriae	16	FALSE	Australasian
Rhytidoponera	TACTTMPRhytidoponera_Indomalayan17	Rhytidoponera_purpurea	TACTTMPRhytidoponera_Indomalayan17_purpurea	17	FALSE	Indomalayan
Rhytidoponera	TACTTMPRhytidoponera_Australasian18	Rhytidoponera_croesus	TACTTMPRhytidoponera_Australasian18_croesus	18	FALSE	Australasian
Rhytidoponera	TACTTMPRhytidoponera_Australasian19	Rhytidoponera_kurandensis	TACTTMPRhytidoponera_Australasian19_kurandensis	19	FALSE	Australasian
Rhytidoponera	TACTTMPRhytidoponera_Australasian20	Rhytidoponera_foreli	TACTTMPRhytidoponera_Australasian20_foreli	20	FALSE	Australasian
Rogeria	TACTTMPRogeria_Australasian01	Rogeria_stigmatica	TACTTMPRogeria_Australasian01_stigmatica	1	FALSE	Australasian
Rogeria	TACTTMPRogeria_Neotropical02	Rogeria_nevadensis	TACTTMPRogeria_Neotropical02_nevadensis	2	FALSE	Neotropical
Romblonella	TACTTMPRomblonella_Australasian01	Romblonella_scrobifera	TACTTMPRomblonella_Australasian01_scrobifera	1	FALSE	Australasian
Romblonella	TACTTMPRomblonella_Oceanian02	Romblonella_elysii	TACTTMPRomblonella_Oceanian02_elysii	2	FALSE	Oceanian
Rossomyrmex	TACTTMPRossomyrmex_Palearctic01	Rossomyrmex_minuchae	TACTTMPRossomyrmex_Palearctic01_minuchae	1	FALSE	Palearctic
Rotastruma	TACTTMPRotastruma_Palearctic01	Rotastruma_stenoceps	TACTTMPRotastruma_Palearctic01_stenoceps	1	FALSE	Palearctic
Rotastruma	TACTTMPRotastruma_Australasian02	Rotastruma_recava	TACTTMPRotastruma_Australasian02_recava	2	FALSE	Australasian
Royidris	TACTTMPRoyidris_Afrotropical01	Royidris_notorthotenes	TACTTMPRoyidris_Afrotropical01_notorthotenes	1	FALSE	Afrotropical
Royidris	TACTTMPRoyidris_Afrotropical02	Royidris_diminuta	TACTTMPRoyidris_Afrotropical02_diminuta	2	FALSE	Afrotropical
Royidris	TACTTMPRoyidris_Afrotropical03	Royidris_etiolata	TACTTMPRoyidris_Afrotropical03_etiolata	3	FALSE	Afrotropical
Royidris	TACTTMPRoyidris_Afrotropical04	Royidris_shuckardi	TACTTMPRoyidris_Afrotropical04_shuckardi	4	FALSE	Afrotropical
Royidris	TACTTMPRoyidris_Afrotropical05	Royidris_gravipuncta	TACTTMPRoyidris_Afrotropical05_gravipuncta	5	FALSE	Afrotropical
Royidris	TACTTMPRoyidris_Afrotropical06	Royidris_longiseta	TACTTMPRoyidris_Afrotropical06_longiseta	6	FALSE	Afrotropical
Royidris	TACTTMPRoyidris_Afrotropical07	Royidris_singularis	TACTTMPRoyidris_Afrotropical07_singularis	7	FALSE	Afrotropical
Royidris	TACTTMPRoyidris_Afrotropical08	Royidris_peregrina	TACTTMPRoyidris_Afrotropical08_peregrina	8	FALSE	Afrotropical
Royidris	TACTTMPRoyidris_Afrotropical09	Royidris_robertsoni	TACTTMPRoyidris_Afrotropical09_robertsoni	9	FALSE	Afrotropical
Royidris	TACTTMPRoyidris_Afrotropical10	Royidris_depilosa	TACTTMPRoyidris_Afrotropical10_depilosa	10	FALSE	Afrotropical
Royidris	TACTTMPRoyidris_Afrotropical11	Royidris_clarinodis	TACTTMPRoyidris_Afrotropical11_clarinodis	11	FALSE	Afrotropical
Royidris	TACTTMPRoyidris_Afrotropical12	Royidris_admixta	TACTTMPRoyidris_Afrotropical12_admixta	12	FALSE	Afrotropical
Royidris	TACTTMPRoyidris_Afrotropical13	Royidris_anxietas	TACTTMPRoyidris_Afrotropical13_anxietas	13	FALSE	Afrotropical
Secostruma	TACTTMPSecostruma_Unknown01	Secostruma_MY01	TACTTMPSecostruma_Unknown01_MY01	1	FALSE	Unknown
Sericomyrmex	TACTTMPSericomyrmex_Neotropical01	Sericomyrmex_scrobifer	TACTTMPSericomyrmex_Neotropical01_scrobifer	1	FALSE	Neotropical
Sericomyrmex	TACTTMPSericomyrmex_Neotropical02	Sericomyrmex_maravalhas	TACTTMPSericomyrmex_Neotropical02_maravalhas	2	FALSE	Neotropical
Sericomyrmex	TACTTMPSericomyrmex_Neotropical03	Sericomyrmex_saramama	TACTTMPSericomyrmex_Neotropical03_saramama	3	FALSE	Neotropical
Sericomyrmex	TACTTMPSericomyrmex_Neotropical04	Sericomyrmex_mayri	TACTTMPSericomyrmex_Neotropical04_mayri	4	FALSE	Neotropical
Sericomyrmex	TACTTMPSericomyrmex_Neotropical05	Sericomyrmex_bondari	TACTTMPSericomyrmex_Neotropical05_bondari	5	FALSE	Neotropical
Sericomyrmex	TACTTMPSericomyrmex_Neotropical06	Sericomyrmex_saussurei	TACTTMPSericomyrmex_Neotropical06_saussurei	6	FALSE	Neotropical
Sericomyrmex	TACTTMPSericomyrmex_Neotropical07	Sericomyrmex_parvulus	TACTTMPSericomyrmex_Neotropical07_parvulus	7	FALSE	Neotropical
Sericomyrmex	TACTTMPSericomyrmex_Neotropical08	Sericomyrmex_amabilis	TACTTMPSericomyrmex_Neotropical08_amabilis	8	FALSE	Neotropical
Sericomyrmex	TACTTMPSericomyrmex_Neotropical09	Sericomyrmex_opacus	TACTTMPSericomyrmex_Neotropical09_opacus	9	FALSE	Neotropical
Simopelta	TACTTMPSimopelta_Neotropical01	Simopelta_minima	TACTTMPSimopelta_Neotropical01_minima	1	FALSE	Neotropical
Simopelta	TACTTMPSimopelta_Neotropical02	Simopelta_jeckylli	TACTTMPSimopelta_Neotropical02_jeckylli	2	FALSE	Neotropical
Simopelta	TACTTMPSimopelta_Neotropical03	Simopelta_curvata	TACTTMPSimopelta_Neotropical03_curvata	3	FALSE	Neotropical
Simopelta	TACTTMPSimopelta_Neotropical04	Simopelta_pergandei	TACTTMPSimopelta_Neotropical04_pergandei	4	FALSE	Neotropical
Simopelta	TACTTMPSimopelta_Neotropical05	Simopelta_anomma	TACTTMPSimopelta_Neotropical05_anomma	5	FALSE	Neotropical
Simopelta	TACTTMPSimopelta_Neotropical06	Simopelta_transversa	TACTTMPSimopelta_Neotropical06_transversa	6	FALSE	Neotropical
Simopelta	TACTTMPSimopelta_Neotropical07	Simopelta_paeminosa	TACTTMPSimopelta_Neotropical07_paeminosa	7	FALSE	Neotropical
Simopelta	TACTTMPSimopelta_Neotropical08	Simopelta_oculata	TACTTMPSimopelta_Neotropical08_oculata	8	FALSE	Neotropical
Simopelta	TACTTMPSimopelta_Neotropical09	Simopelta_longinoda	TACTTMPSimopelta_Neotropical09_longinoda	9	FALSE	Neotropical
Simopelta	TACTTMPSimopelta_Neotropical10	Simopelta_breviscapa	TACTTMPSimopelta_Neotropical10_breviscapa	10	FALSE	Neotropical
Simopelta	TACTTMPSimopelta_Neotropical11	Simopelta_laevigata	TACTTMPSimopelta_Neotropical11_laevigata	11	FALSE	Neotropical
Simopelta	TACTTMPSimopelta_Neotropical12	Simopelta_vieirai	TACTTMPSimopelta_Neotropical12_vieirai	12	FALSE	Neotropical
Simopelta	TACTTMPSimopelta_Neotropical13	Simopelta_andersoni	TACTTMPSimopelta_Neotropical13_andersoni	13	FALSE	Neotropical
Simopone	TACTTMPSimopone_Afrotropical01	Simopone_marleyi	TACTTMPSimopone_Afrotropical01_marleyi	1	FALSE	Afrotropical
Simopone	TACTTMPSimopone_Afrotropical02	Simopone_latiscapa	TACTTMPSimopone_Afrotropical02_latiscapa	2	FALSE	Afrotropical
Simopone	TACTTMPSimopone_Afrotropical03	Simopone_conradti	TACTTMPSimopone_Afrotropical03_conradti	3	FALSE	Afrotropical
Simopone	TACTTMPSimopone_Afrotropical04	Simopone_nonnihil	TACTTMPSimopone_Afrotropical04_nonnihil	4	FALSE	Afrotropical
Simopone	TACTTMPSimopone_Afrotropical05	Simopone_trita	TACTTMPSimopone_Afrotropical05_trita	5	FALSE	Afrotropical
Simopone	TACTTMPSimopone_Afrotropical06	Simopone_fulvinodis	TACTTMPSimopone_Afrotropical06_fulvinodis	6	FALSE	Afrotropical
Simopone	TACTTMPSimopone_Afrotropical07	Simopone_dryas	TACTTMPSimopone_Afrotropical07_dryas	7	FALSE	Afrotropical
Simopone	TACTTMPSimopone_Afrotropical08	Simopone_victrix	TACTTMPSimopone_Afrotropical08_victrix	8	FALSE	Afrotropical
Simopone	TACTTMPSimopone_Afrotropical09	Simopone_dignita	TACTTMPSimopone_Afrotropical09_dignita	9	FALSE	Afrotropical
Simopone	TACTTMPSimopone_Indomalayan10	Simopone_oculata	TACTTMPSimopone_Indomalayan10_oculata	10	FALSE	Indomalayan
Simopone	TACTTMPSimopone_Afrotropical11	Simopone_elegans	TACTTMPSimopone_Afrotropical11_elegans	11	FALSE	Afrotropical
Simopone	TACTTMPSimopone_Afrotropical12	Simopone_merita	TACTTMPSimopone_Afrotropical12_merita	12	FALSE	Afrotropical
Simopone	TACTTMPSimopone_Afrotropical13	Simopone_emeryi	TACTTMPSimopone_Afrotropical13_emeryi	13	FALSE	Afrotropical
Simopone	TACTTMPSimopone_Afrotropical14	Simopone_grandidieri	TACTTMPSimopone_Afrotropical14_grandidieri	14	FALSE	Afrotropical
Simopone	TACTTMPSimopone_Afrotropical15	Simopone_sicaria	TACTTMPSimopone_Afrotropical15_sicaria	15	FALSE	Afrotropical
Simopone	TACTTMPSimopone_Afrotropical16	Simopone_dux	TACTTMPSimopone_Afrotropical16_dux	16	FALSE	Afrotropical
Simopone	TACTTMPSimopone_Afrotropical17	Simopone_silens	TACTTMPSimopone_Afrotropical17_silens	17	FALSE	Afrotropical
Simopone	TACTTMPSimopone_Afrotropical18	Simopone_rex	TACTTMPSimopone_Afrotropical18_rex	18	FALSE	Afrotropical
Simopone	TACTTMPSimopone_Afrotropical19	Simopone_fera	TACTTMPSimopone_Afrotropical19_fera	19	FALSE	Afrotropical
Simopone	TACTTMPSimopone_Afrotropical20	Simopone_consimilis	TACTTMPSimopone_Afrotropical20_consimilis	20	FALSE	Afrotropical
Simopone	TACTTMPSimopone_Afrotropical21	Simopone_inculta	TACTTMPSimopone_Afrotropical21_inculta	21	FALSE	Afrotropical
Solenopsis	TACTTMPSolenopsis_Neotropical01	Solenopsis_succinea	TACTTMPSolenopsis_Neotropical01_succinea	1	FALSE	Neotropical
Solenopsis	TACTTMPSolenopsis_Nearctic02	Solenopsis_carolinensis	TACTTMPSolenopsis_Nearctic02_carolinensis	2	FALSE	Nearctic
Solenopsis	TACTTMPSolenopsis_Neotropical03	Solenopsis_terricola	TACTTMPSolenopsis_Neotropical03_terricola	3	FALSE	Neotropical
Solenopsis	TACTTMPSolenopsis_Nearctic04	Solenopsis_molesta	TACTTMPSolenopsis_Nearctic04_molesta	4	FALSE	Nearctic
Solenopsis	TACTTMPSolenopsis_Neotropical05	Solenopsis_gnoma	TACTTMPSolenopsis_Neotropical05_gnoma	5	FALSE	Neotropical
Solenopsis	TACTTMPSolenopsis_Palearctic06	Solenopsis_abdita	TACTTMPSolenopsis_Palearctic06_abdita	6	FALSE	Palearctic
Solenopsis	TACTTMPSolenopsis_Nearctic07	Solenopsis_xyloni	TACTTMPSolenopsis_Nearctic07_xyloni	7	FALSE	Nearctic
Solenopsis	TACTTMPSolenopsis_Nearctic08	Solenopsis_aurea	TACTTMPSolenopsis_Nearctic08_aurea	8	FALSE	Nearctic
Solenopsis	TACTTMPSolenopsis_Nearctic09	Solenopsis_invicta	TACTTMPSolenopsis_Nearctic09_invicta	9	FALSE	Nearctic
Solenopsis	TACTTMPSolenopsis_Unknown10	Solenopsis_geminata	TACTTMPSolenopsis_Unknown10_geminata	10	FALSE	Unknown
Solenopsis	TACTTMPSolenopsis_Nearctic11	Solenopsis_globularia	TACTTMPSolenopsis_Nearctic11_globularia	11	FALSE	Nearctic
Solenopsis	TACTTMPSolenopsis_Afrotropical12	Solenopsis_mameti	TACTTMPSolenopsis_Afrotropical12_mameti	12	FALSE	Afrotropical
Solenopsis	TACTTMPSolenopsis_Palearctic13	Solenopsis_fugax	TACTTMPSolenopsis_Palearctic13_fugax	13	FALSE	Palearctic
Solenopsis	TACTTMPSolenopsis_Australasian14	Solenopsis_papuana	TACTTMPSolenopsis_Australasian14_papuana	14	FALSE	Australasian
Sphinctomyrmex	TACTTMPSphinctomyrmex_Neotropical01	Sphinctomyrmex_stali	TACTTMPSphinctomyrmex_Neotropical01_stali	1	FALSE	Neotropical
Sphinctomyrmex	TACTTMPSphinctomyrmex_Neotropical02	Sphinctomyrmex_marcoyi	TACTTMPSphinctomyrmex_Neotropical02_marcoyi	2	FALSE	Neotropical
Stegomyrmex	TACTTMPStegomyrmex_Neotropical01	Stegomyrmex_manni	TACTTMPStegomyrmex_Neotropical01_manni	1	FALSE	Neotropical
Stenamma	TACTTMPStenamma_Neotropical01	Stenamma_manni	TACTTMPStenamma_Neotropical01_manni	1	FALSE	Neotropical
Stenamma	TACTTMPStenamma_Neotropical02	Stenamma_megamanni	TACTTMPStenamma_Neotropical02_megamanni	2	FALSE	Neotropical
Stenamma	TACTTMPStenamma_Neotropical03	Stenamma_muralla	TACTTMPStenamma_Neotropical03_muralla	3	FALSE	Neotropical
Stenamma	TACTTMPStenamma_Neotropical04	Stenamma_felixi	TACTTMPStenamma_Neotropical04_felixi	4	FALSE	Neotropical
Stenamma	TACTTMPStenamma_Neotropical05	Stenamma_callipygium	TACTTMPStenamma_Neotropical05_callipygium	5	FALSE	Neotropical
Stenamma	TACTTMPStenamma_Neotropical06	Stenamma_ignotum	TACTTMPStenamma_Neotropical06_ignotum	6	FALSE	Neotropical
Stenamma	TACTTMPStenamma_Neotropical07	Stenamma_catracho	TACTTMPStenamma_Neotropical07_catracho	7	FALSE	Neotropical
Stenamma	TACTTMPStenamma_Neotropical08	Stenamma_saenzae	TACTTMPStenamma_Neotropical08_saenzae	8	FALSE	Neotropical
Stenamma	TACTTMPStenamma_Neotropical09	Stenamma_crypticum	TACTTMPStenamma_Neotropical09_crypticum	9	FALSE	Neotropical
Stenamma	TACTTMPStenamma_Neotropical10	Stenamma_alas	TACTTMPStenamma_Neotropical10_alas	10	FALSE	Neotropical
Stenamma	TACTTMPStenamma_Neotropical11	Stenamma_expolitum	TACTTMPStenamma_Neotropical11_expolitum	11	FALSE	Neotropical
Stenamma	TACTTMPStenamma_Neotropical12	Stenamma_zelum	TACTTMPStenamma_Neotropical12_zelum	12	FALSE	Neotropical
Stenamma	TACTTMPStenamma_Neotropical13	Stenamma_ochrocnemis	TACTTMPStenamma_Neotropical13_ochrocnemis	13	FALSE	Neotropical
Stenamma	TACTTMPStenamma_Neotropical14	Stenamma_cusuco	TACTTMPStenamma_Neotropical14_cusuco	14	FALSE	Neotropical
Stenamma	TACTTMPStenamma_Neotropical15	Stenamma_sandinista	TACTTMPStenamma_Neotropical15_sandinista	15	FALSE	Neotropical
Stenamma	TACTTMPStenamma_Neotropical16	Stenamma_schmidti	TACTTMPStenamma_Neotropical16_schmidti	16	FALSE	Neotropical
Stenamma	TACTTMPStenamma_Neotropical17	Stenamma_diversum	TACTTMPStenamma_Neotropical17_diversum	17	FALSE	Neotropical
Stenamma	TACTTMPStenamma_Neotropical18	Stenamma_lobinodus	TACTTMPStenamma_Neotropical18_lobinodus	18	FALSE	Neotropical
Stenamma	TACTTMPStenamma_Neotropical19	Stenamma_llama	TACTTMPStenamma_Neotropical19_llama	19	FALSE	Neotropical
Stenamma	TACTTMPStenamma_Nearctic20	Stenamma_huachucanum	TACTTMPStenamma_Nearctic20_huachucanum	20	FALSE	Nearctic
Stenamma	TACTTMPStenamma_Neotropical21	Stenamma_brujita	TACTTMPStenamma_Neotropical21_brujita	21	FALSE	Neotropical
Stenamma	TACTTMPStenamma_Neotropical22	Stenamma_lagunum	TACTTMPStenamma_Neotropical22_lagunum	22	FALSE	Neotropical
Stenamma	TACTTMPStenamma_Neotropical23	Stenamma_excisum	TACTTMPStenamma_Neotropical23_excisum	23	FALSE	Neotropical
Stenamma	TACTTMPStenamma_Indomalayan24	Stenamma_kashmirense	TACTTMPStenamma_Indomalayan24_kashmirense	24	FALSE	Indomalayan
Stenamma	TACTTMPStenamma_Palearctic25	Stenamma_gurkhale	TACTTMPStenamma_Palearctic25_gurkhale	25	FALSE	Palearctic
Stenamma	TACTTMPStenamma_Palearctic26	Stenamma_sardoum	TACTTMPStenamma_Palearctic26_sardoum	26	FALSE	Palearctic
Stenamma	TACTTMPStenamma_Nearctic27	Stenamma_snellingi	TACTTMPStenamma_Nearctic27_snellingi	27	FALSE	Nearctic
Stenamma	TACTTMPStenamma_Nearctic28	Stenamma_schmittii	TACTTMPStenamma_Nearctic28_schmittii	28	FALSE	Nearctic
Stenamma	TACTTMPStenamma_Palearctic29	Stenamma_nipponense	TACTTMPStenamma_Palearctic29_nipponense	29	FALSE	Palearctic
Stenamma	TACTTMPStenamma_Nearctic30	Stenamma_wheelerorum	TACTTMPStenamma_Nearctic30_wheelerorum	30	FALSE	Nearctic
Stenamma	TACTTMPStenamma_Palearctic31	Stenamma_msilanum	TACTTMPStenamma_Palearctic31_msilanum	31	FALSE	Palearctic
Stenamma	TACTTMPStenamma_Palearctic32	Stenamma_debile	TACTTMPStenamma_Palearctic32_debile	32	FALSE	Palearctic
Stenamma	TACTTMPStenamma_Nearctic33	Stenamma_smithi	TACTTMPStenamma_Nearctic33_smithi	33	FALSE	Nearctic
Stenamma	TACTTMPStenamma_Nearctic34	Stenamma_chiricahua	TACTTMPStenamma_Nearctic34_chiricahua	34	FALSE	Nearctic
Stenamma	TACTTMPStenamma_Nearctic35	Stenamma_meridionale	TACTTMPStenamma_Nearctic35_meridionale	35	FALSE	Nearctic
Stenamma	TACTTMPStenamma_Nearctic36	Stenamma_punctatoventre	TACTTMPStenamma_Nearctic36_punctatoventre	36	FALSE	Nearctic
Stenamma	TACTTMPStenamma_Nearctic37	Stenamma_impar	TACTTMPStenamma_Nearctic37_impar	37	FALSE	Nearctic
Stenamma	TACTTMPStenamma_Nearctic38	Stenamma_foveolocephalum	TACTTMPStenamma_Nearctic38_foveolocephalum	38	FALSE	Nearctic
Stenamma	TACTTMPStenamma_Nearctic39	Stenamma_brevicorne	TACTTMPStenamma_Nearctic39_brevicorne	39	FALSE	Nearctic
Stenamma	TACTTMPStenamma_Nearctic40	Stenamma_sequoiarum	TACTTMPStenamma_Nearctic40_sequoiarum	40	FALSE	Nearctic
Stenamma	TACTTMPStenamma_Nearctic41	Stenamma_dyscheres	TACTTMPStenamma_Nearctic41_dyscheres	41	FALSE	Nearctic
Stenamma	TACTTMPStenamma_Nearctic42	Stenamma_heathi	TACTTMPStenamma_Nearctic42_heathi	42	FALSE	Nearctic
Stenamma	TACTTMPStenamma_Nearctic43	Stenamma_exasperatum	TACTTMPStenamma_Nearctic43_exasperatum	43	FALSE	Nearctic
Stenamma	TACTTMPStenamma_Nearctic44	Stenamma_diecki	TACTTMPStenamma_Nearctic44_diecki	44	FALSE	Nearctic
Stenamma	TACTTMPStenamma_Nearctic45	Stenamma_californicum	TACTTMPStenamma_Nearctic45_californicum	45	FALSE	Nearctic
Stenamma	TACTTMPStenamma_Palearctic46	Stenamma_striatulum	TACTTMPStenamma_Palearctic46_striatulum	46	FALSE	Palearctic
Stenamma	TACTTMPStenamma_Palearctic47	Stenamma_punctiventre	TACTTMPStenamma_Palearctic47_punctiventre	47	FALSE	Palearctic
Stereomyrmex	TACTTMPStereomyrmex_Indomalayan01	Stereomyrmex_horni	TACTTMPStereomyrmex_Indomalayan01_horni	1	FALSE	Indomalayan
Stictoponera	TACTTMPStictoponera_Australasian01	Stictoponera_fontana	TACTTMPStictoponera_Australasian01_fontana	1	FALSE	Australasian
Stictoponera	TACTTMPStictoponera_Australasian02	Stictoponera_helisa	TACTTMPStictoponera_Australasian02_helisa	2	FALSE	Australasian
Stictoponera	TACTTMPStictoponera_Australasian03	Stictoponera_treta	TACTTMPStictoponera_Australasian03_treta	3	FALSE	Australasian
Stictoponera	TACTTMPStictoponera_Australasian04	Stictoponera_macretes	TACTTMPStictoponera_Australasian04_macretes	4	FALSE	Australasian
Stictoponera	TACTTMPStictoponera_Indomalayan05	Stictoponera_binghamii	TACTTMPStictoponera_Indomalayan05_binghamii	5	FALSE	Indomalayan
Stictoponera	TACTTMPStictoponera_Indomalayan06	Stictoponera_coxalis	TACTTMPStictoponera_Indomalayan06_coxalis	6	FALSE	Indomalayan
Stictoponera	TACTTMPStictoponera_Indomalayan07	Stictoponera_leiolabia	TACTTMPStictoponera_Indomalayan07_leiolabia	7	FALSE	Indomalayan
Stictoponera	TACTTMPStictoponera_Indomalayan08	Stictoponera_posteropsis	TACTTMPStictoponera_Indomalayan08_posteropsis	8	FALSE	Indomalayan
Stictoponera	TACTTMPStictoponera_Indomalayan09	Stictoponera_menadensis	TACTTMPStictoponera_Indomalayan09_menadensis	9	FALSE	Indomalayan
Stigmacros	TACTTMPStigmacros_Australasian01	Stigmacros_clivispina	TACTTMPStigmacros_Australasian01_clivispina	1	FALSE	Australasian
Stigmatomma	TACTTMPStigmatomma_Afrotropical01	Stigmatomma_tsyhady	TACTTMPStigmatomma_Afrotropical01_tsyhady	1	FALSE	Afrotropical
Stigmatomma	TACTTMPStigmatomma_Afrotropical02	Stigmatomma_roahady	TACTTMPStigmatomma_Afrotropical02_roahady	2	FALSE	Afrotropical
Stigmatomma	TACTTMPStigmatomma_Afrotropical03	Stigmatomma_irayhady	TACTTMPStigmatomma_Afrotropical03_irayhady	3	FALSE	Afrotropical
Stigmatomma	TACTTMPStigmatomma_Afrotropical04	Stigmatomma_liebe	TACTTMPStigmatomma_Afrotropical04_liebe	4	FALSE	Afrotropical
Stigmatomma	TACTTMPStigmatomma_Afrotropical05	Stigmatomma_sakalava	TACTTMPStigmatomma_Afrotropical05_sakalava	5	FALSE	Afrotropical
Stigmatomma	TACTTMPStigmatomma_Afrotropical06	Stigmatomma_janovitsika	TACTTMPStigmatomma_Afrotropical06_janovitsika	6	FALSE	Afrotropical
Stigmatomma	TACTTMPStigmatomma_Palearctic07	Stigmatomma_silvestrii	TACTTMPStigmatomma_Palearctic07_silvestrii	7	FALSE	Palearctic
Stigmatomma	TACTTMPStigmatomma_Indomalayan08	Stigmatomma_bellii	TACTTMPStigmatomma_Indomalayan08_bellii	8	FALSE	Indomalayan
Stigmatomma	TACTTMPStigmatomma_Indomalayan09	Stigmatomma_boltoni	TACTTMPStigmatomma_Indomalayan09_boltoni	9	FALSE	Indomalayan
Stigmatomma	TACTTMPStigmatomma_Nearctic10	Stigmatomma_zwaluwenburgi	TACTTMPStigmatomma_Nearctic10_zwaluwenburgi	10	FALSE	Nearctic
Stigmatomma	TACTTMPStigmatomma_Palearctic11	Stigmatomma_scrobiceps	TACTTMPStigmatomma_Palearctic11_scrobiceps	11	FALSE	Palearctic
Stigmatomma	TACTTMPStigmatomma_Palearctic12	Stigmatomma_denticulatum	TACTTMPStigmatomma_Palearctic12_denticulatum	12	FALSE	Palearctic
Stigmatomma	TACTTMPStigmatomma_Nearctic13	Stigmatomma_pallipes	TACTTMPStigmatomma_Nearctic13_pallipes	13	FALSE	Nearctic
Stigmatomma	TACTTMPStigmatomma_Nearctic14	Stigmatomma_oregonense	TACTTMPStigmatomma_Nearctic14_oregonense	14	FALSE	Nearctic
Streblognathus	TACTTMPStreblognathus_Afrotropical01	Streblognathus_peetersi	TACTTMPStreblognathus_Afrotropical01_peetersi	1	FALSE	Afrotropical
Strongylognathus	TACTTMPStrongylognathus_Palearctic01	Strongylognathus_testaceus	TACTTMPStrongylognathus_Palearctic01_testaceus	1	FALSE	Palearctic
Strumigenys	TACTTMPStrumigenys_Afrotropical01	Strumigenys_maynei	TACTTMPStrumigenys_Afrotropical01_maynei	1	FALSE	Afrotropical
Strumigenys	TACTTMPStrumigenys_Afrotropical02	Strumigenys_geoterra	TACTTMPStrumigenys_Afrotropical02_geoterra	2	FALSE	Afrotropical
Strumigenys	TACTTMPStrumigenys_Afrotropical03	Strumigenys_simoni	TACTTMPStrumigenys_Afrotropical03_simoni	3	FALSE	Afrotropical
Strumigenys	TACTTMPStrumigenys_Afrotropical04	Strumigenys_dotaja	TACTTMPStrumigenys_Afrotropical04_dotaja	4	FALSE	Afrotropical
Strumigenys	TACTTMPStrumigenys_Afrotropical05	Strumigenys_lujae	TACTTMPStrumigenys_Afrotropical05_lujae	5	FALSE	Afrotropical
Strumigenys	TACTTMPStrumigenys_Afrotropical06	Strumigenys_bequaerti	TACTTMPStrumigenys_Afrotropical06_bequaerti	6	FALSE	Afrotropical
Strumigenys	TACTTMPStrumigenys_Afrotropical07	Strumigenys_inquilina	TACTTMPStrumigenys_Afrotropical07_inquilina	7	FALSE	Afrotropical
Strumigenys	TACTTMPStrumigenys_Afrotropical08	Strumigenys_serrula	TACTTMPStrumigenys_Afrotropical08_serrula	8	FALSE	Afrotropical
Strumigenys	TACTTMPStrumigenys_Afrotropical09	Strumigenys_depilosa	TACTTMPStrumigenys_Afrotropical09_depilosa	9	FALSE	Afrotropical
Strumigenys	TACTTMPStrumigenys_Afrotropical10	Strumigenys_concolor	TACTTMPStrumigenys_Afrotropical10_concolor	10	FALSE	Afrotropical
Strumigenys	TACTTMPStrumigenys_Afrotropical11	Strumigenys_lasia	TACTTMPStrumigenys_Afrotropical11_lasia	11	FALSE	Afrotropical
Strumigenys	TACTTMPStrumigenys_Afrotropical12	Strumigenys_tathula	TACTTMPStrumigenys_Afrotropical12_tathula	12	FALSE	Afrotropical
Strumigenys	TACTTMPStrumigenys_Afrotropical13	Strumigenys_erynnes	TACTTMPStrumigenys_Afrotropical13_erynnes	13	FALSE	Afrotropical
Strumigenys	TACTTMPStrumigenys_Palearctic14	Strumigenys_mutica	TACTTMPStrumigenys_Palearctic14_mutica	14	FALSE	Palearctic
Strumigenys	TACTTMPStrumigenys_Australasian15	Strumigenys_media	TACTTMPStrumigenys_Australasian15_media	15	FALSE	Australasian
Strumigenys	TACTTMPStrumigenys_Afrotropical16	Strumigenys_ludovici	TACTTMPStrumigenys_Afrotropical16_ludovici	16	FALSE	Afrotropical
Strumigenys	TACTTMPStrumigenys_Afrotropical17	Strumigenys_roomi	TACTTMPStrumigenys_Afrotropical17_roomi	17	FALSE	Afrotropical
Strumigenys	TACTTMPStrumigenys_Afrotropical18	Strumigenys_laticeps	TACTTMPStrumigenys_Afrotropical18_laticeps	18	FALSE	Afrotropical
Strumigenys	TACTTMPStrumigenys_Afrotropical19	Strumigenys_mormo	TACTTMPStrumigenys_Afrotropical19_mormo	19	FALSE	Afrotropical
Strumigenys	TACTTMPStrumigenys_Afrotropical20	Strumigenys_anorbicula	TACTTMPStrumigenys_Afrotropical20_anorbicula	20	FALSE	Afrotropical
Strumigenys	TACTTMPStrumigenys_Afrotropical21	Strumigenys_marchosias	TACTTMPStrumigenys_Afrotropical21_marchosias	21	FALSE	Afrotropical
Strumigenys	TACTTMPStrumigenys_Afrotropical22	Strumigenys_minima	TACTTMPStrumigenys_Afrotropical22_minima	22	FALSE	Afrotropical
Strumigenys	TACTTMPStrumigenys_Afrotropical23	Strumigenys_tacta	TACTTMPStrumigenys_Afrotropical23_tacta	23	FALSE	Afrotropical
Strumigenys	TACTTMPStrumigenys_Afrotropical24	Strumigenys_marginata	TACTTMPStrumigenys_Afrotropical24_marginata	24	FALSE	Afrotropical
Strumigenys	TACTTMPStrumigenys_Afrotropical25	Strumigenys_olsoni	TACTTMPStrumigenys_Afrotropical25_olsoni	25	FALSE	Afrotropical
Strumigenys	TACTTMPStrumigenys_Afrotropical26	Strumigenys_khakaura	TACTTMPStrumigenys_Afrotropical26_khakaura	26	FALSE	Afrotropical
Strumigenys	TACTTMPStrumigenys_Palearctic27	Strumigenys_baudueri	TACTTMPStrumigenys_Palearctic27_baudueri	27	FALSE	Palearctic
Strumigenys	TACTTMPStrumigenys_Afrotropical28	Strumigenys_ninda	TACTTMPStrumigenys_Afrotropical28_ninda	28	FALSE	Afrotropical
Strumigenys	TACTTMPStrumigenys_Afrotropical29	Strumigenys_maxillaris	TACTTMPStrumigenys_Afrotropical29_maxillaris	29	FALSE	Afrotropical
Strumigenys	TACTTMPStrumigenys_Afrotropical30	Strumigenys_tigrilla	TACTTMPStrumigenys_Afrotropical30_tigrilla	30	FALSE	Afrotropical
Strumigenys	TACTTMPStrumigenys_Afrotropical31	Strumigenys_ravidura	TACTTMPStrumigenys_Afrotropical31_ravidura	31	FALSE	Afrotropical
Strumigenys	TACTTMPStrumigenys_Afrotropical32	Strumigenys_belial	TACTTMPStrumigenys_Afrotropical32_belial	32	FALSE	Afrotropical
Strumigenys	TACTTMPStrumigenys_Afrotropical33	Strumigenys_sistrura	TACTTMPStrumigenys_Afrotropical33_sistrura	33	FALSE	Afrotropical
Strumigenys	TACTTMPStrumigenys_Afrotropical34	Strumigenys_thuvida	TACTTMPStrumigenys_Afrotropical34_thuvida	34	FALSE	Afrotropical
Strumigenys	TACTTMPStrumigenys_Afrotropical35	Strumigenys_tetragnatha	TACTTMPStrumigenys_Afrotropical35_tetragnatha	35	FALSE	Afrotropical
Strumigenys	TACTTMPStrumigenys_Afrotropical36	Strumigenys_africana	TACTTMPStrumigenys_Afrotropical36_africana	36	FALSE	Afrotropical
Strumigenys	TACTTMPStrumigenys_Afrotropical37	Strumigenys_oxysma	TACTTMPStrumigenys_Afrotropical37_oxysma	37	FALSE	Afrotropical
Strumigenys	TACTTMPStrumigenys_Afrotropical38	Strumigenys_anarta	TACTTMPStrumigenys_Afrotropical38_anarta	38	FALSE	Afrotropical
Strumigenys	TACTTMPStrumigenys_Afrotropical39	Strumigenys_sharra	TACTTMPStrumigenys_Afrotropical39_sharra	39	FALSE	Afrotropical
Strumigenys	TACTTMPStrumigenys_Afrotropical40	Strumigenys_cavinasis	TACTTMPStrumigenys_Afrotropical40_cavinasis	40	FALSE	Afrotropical
Strumigenys	TACTTMPStrumigenys_Afrotropical41	Strumigenys_tethepa	TACTTMPStrumigenys_Afrotropical41_tethepa	41	FALSE	Afrotropical
Strumigenys	TACTTMPStrumigenys_Afrotropical42	Strumigenys_behasyla	TACTTMPStrumigenys_Afrotropical42_behasyla	42	FALSE	Afrotropical
Strumigenys	TACTTMPStrumigenys_Afrotropical43	Strumigenys_hensekta	TACTTMPStrumigenys_Afrotropical43_hensekta	43	FALSE	Afrotropical
Strumigenys	TACTTMPStrumigenys_Afrotropical44	Strumigenys_truncatidens	TACTTMPStrumigenys_Afrotropical44_truncatidens	44	FALSE	Afrotropical
Strumigenys	TACTTMPStrumigenys_Afrotropical45	Strumigenys_robertsoni	TACTTMPStrumigenys_Afrotropical45_robertsoni	45	FALSE	Afrotropical
Strumigenys	TACTTMPStrumigenys_Afrotropical46	Strumigenys_noara	TACTTMPStrumigenys_Afrotropical46_noara	46	FALSE	Afrotropical
Strumigenys	TACTTMPStrumigenys_Afrotropical47	Strumigenys_minkara	TACTTMPStrumigenys_Afrotropical47_minkara	47	FALSE	Afrotropical
Strumigenys	TACTTMPStrumigenys_Afrotropical48	Strumigenys_kerasma	TACTTMPStrumigenys_Afrotropical48_kerasma	48	FALSE	Afrotropical
Strumigenys	TACTTMPStrumigenys_Afrotropical49	Strumigenys_synkara	TACTTMPStrumigenys_Afrotropical49_synkara	49	FALSE	Afrotropical
Strumigenys	TACTTMPStrumigenys_Afrotropical50	Strumigenys_bellatrix	TACTTMPStrumigenys_Afrotropical50_bellatrix	50	FALSE	Afrotropical
Strumigenys	TACTTMPStrumigenys_Afrotropical51	Strumigenys_fenkara	TACTTMPStrumigenys_Afrotropical51_fenkara	51	FALSE	Afrotropical
Strumigenys	TACTTMPStrumigenys_Afrotropical52	Strumigenys_placora	TACTTMPStrumigenys_Afrotropical52_placora	52	FALSE	Afrotropical
Strumigenys	TACTTMPStrumigenys_Afrotropical53	Strumigenys_enkara	TACTTMPStrumigenys_Afrotropical53_enkara	53	FALSE	Afrotropical
Strumigenys	TACTTMPStrumigenys_Indomalayan54	Strumigenys_gyges	TACTTMPStrumigenys_Indomalayan54_gyges	54	FALSE	Indomalayan
Strumigenys	TACTTMPStrumigenys_Indomalayan55	Strumigenys_atopogenys	TACTTMPStrumigenys_Indomalayan55_atopogenys	55	FALSE	Indomalayan
Strumigenys	TACTTMPStrumigenys_Palearctic56	Strumigenys_membranifera	TACTTMPStrumigenys_Palearctic56_membranifera	56	FALSE	Palearctic
Strumigenys	TACTTMPStrumigenys_Australasian57	Strumigenys_ocypete	TACTTMPStrumigenys_Australasian57_ocypete	57	FALSE	Australasian
Strumigenys	TACTTMPStrumigenys_Palearctic58	Strumigenys_nepalensis	TACTTMPStrumigenys_Palearctic58_nepalensis	58	FALSE	Palearctic
Strumigenys	TACTTMPStrumigenys_Indomalayan59	Strumigenys_jacobsoni	TACTTMPStrumigenys_Indomalayan59_jacobsoni	59	FALSE	Indomalayan
Strumigenys	TACTTMPStrumigenys_Palearctic60	Strumigenys_ailaoshana	TACTTMPStrumigenys_Palearctic60_ailaoshana	60	FALSE	Palearctic
Strumigenys	TACTTMPStrumigenys_Palearctic61	Strumigenys_elegantula	TACTTMPStrumigenys_Palearctic61_elegantula	61	FALSE	Palearctic
Strumigenys	TACTTMPStrumigenys_Australasian62	Strumigenys_scylla	TACTTMPStrumigenys_Australasian62_scylla	62	FALSE	Australasian
Strumigenys	TACTTMPStrumigenys_Indomalayan63	Strumigenys_mitis	TACTTMPStrumigenys_Indomalayan63_mitis	63	FALSE	Indomalayan
Strumigenys	TACTTMPStrumigenys_Palearctic64	Strumigenys_kichijo	TACTTMPStrumigenys_Palearctic64_kichijo	64	FALSE	Palearctic
Strumigenys	TACTTMPStrumigenys_Indomalayan65	Strumigenys_kempfi	TACTTMPStrumigenys_Indomalayan65_kempfi	65	FALSE	Indomalayan
Strumigenys	TACTTMPStrumigenys_Palearctic66	Strumigenys_hexamera	TACTTMPStrumigenys_Palearctic66_hexamera	66	FALSE	Palearctic
Strumigenys	TACTTMPStrumigenys_Nearctic67	Strumigenys_metazytes	TACTTMPStrumigenys_Nearctic67_metazytes	67	FALSE	Nearctic
Strumigenys	TACTTMPStrumigenys_Nearctic68	Strumigenys_hyalina	TACTTMPStrumigenys_Nearctic68_hyalina	68	FALSE	Nearctic
Strumigenys	TACTTMPStrumigenys_Nearctic69	Strumigenys_memorialis	TACTTMPStrumigenys_Nearctic69_memorialis	69	FALSE	Nearctic
Strumigenys	TACTTMPStrumigenys_Nearctic70	Strumigenys_reflexa	TACTTMPStrumigenys_Nearctic70_reflexa	70	FALSE	Nearctic
Strumigenys	TACTTMPStrumigenys_Nearctic71	Strumigenys_missouriensis	TACTTMPStrumigenys_Nearctic71_missouriensis	71	FALSE	Nearctic
Strumigenys	TACTTMPStrumigenys_Nearctic72	Strumigenys_abdita	TACTTMPStrumigenys_Nearctic72_abdita	72	FALSE	Nearctic
Strumigenys	TACTTMPStrumigenys_Nearctic73	Strumigenys_ornata	TACTTMPStrumigenys_Nearctic73_ornata	73	FALSE	Nearctic
Strumigenys	TACTTMPStrumigenys_Nearctic74	Strumigenys_cloydi	TACTTMPStrumigenys_Nearctic74_cloydi	74	FALSE	Nearctic
Strumigenys	TACTTMPStrumigenys_Nearctic75	Strumigenys_archboldi	TACTTMPStrumigenys_Nearctic75_archboldi	75	FALSE	Nearctic
Strumigenys	TACTTMPStrumigenys_Nearctic76	Strumigenys_dietrichi	TACTTMPStrumigenys_Nearctic76_dietrichi	76	FALSE	Nearctic
Strumigenys	TACTTMPStrumigenys_Nearctic77	Strumigenys_apalachicolensis	TACTTMPStrumigenys_Nearctic77_apalachicolensis	77	FALSE	Nearctic
Strumigenys	TACTTMPStrumigenys_Nearctic78	Strumigenys_wrayi	TACTTMPStrumigenys_Nearctic78_wrayi	78	FALSE	Nearctic
Strumigenys	TACTTMPStrumigenys_Nearctic79	Strumigenys_talpa	TACTTMPStrumigenys_Nearctic79_talpa	79	FALSE	Nearctic
Strumigenys	TACTTMPStrumigenys_Nearctic80	Strumigenys_creightoni	TACTTMPStrumigenys_Nearctic80_creightoni	80	FALSE	Nearctic
Strumigenys	TACTTMPStrumigenys_Nearctic81	Strumigenys_pulchella	TACTTMPStrumigenys_Nearctic81_pulchella	81	FALSE	Nearctic
Strumigenys	TACTTMPStrumigenys_Nearctic82	Strumigenys_boltoni	TACTTMPStrumigenys_Nearctic82_boltoni	82	FALSE	Nearctic
Strumigenys	TACTTMPStrumigenys_Nearctic83	Strumigenys_chiricahua	TACTTMPStrumigenys_Nearctic83_chiricahua	83	FALSE	Nearctic
Strumigenys	TACTTMPStrumigenys_Nearctic84	Strumigenys_bunki	TACTTMPStrumigenys_Nearctic84_bunki	84	FALSE	Nearctic
Strumigenys	TACTTMPStrumigenys_Nearctic85	Strumigenys_angulata	TACTTMPStrumigenys_Nearctic85_angulata	85	FALSE	Nearctic
Strumigenys	TACTTMPStrumigenys_Nearctic86	Strumigenys_arizonica	TACTTMPStrumigenys_Nearctic86_arizonica	86	FALSE	Nearctic
Strumigenys	TACTTMPStrumigenys_Nearctic87	Strumigenys_rohweri	TACTTMPStrumigenys_Nearctic87_rohweri	87	FALSE	Nearctic
Strumigenys	TACTTMPStrumigenys_Nearctic88	Strumigenys_laevinasis	TACTTMPStrumigenys_Nearctic88_laevinasis	88	FALSE	Nearctic
Strumigenys	TACTTMPStrumigenys_Nearctic89	Strumigenys_filirrhina	TACTTMPStrumigenys_Nearctic89_filirrhina	89	FALSE	Nearctic
Strumigenys	TACTTMPStrumigenys_Nearctic90	Strumigenys_bimarginata	TACTTMPStrumigenys_Nearctic90_bimarginata	90	FALSE	Nearctic
Strumigenys	TACTTMPStrumigenys_Nearctic91	Strumigenys_pilinasis	TACTTMPStrumigenys_Nearctic91_pilinasis	91	FALSE	Nearctic
Strumigenys	TACTTMPStrumigenys_Nearctic92	Strumigenys_rostrata	TACTTMPStrumigenys_Nearctic92_rostrata	92	FALSE	Nearctic
Strumigenys	TACTTMPStrumigenys_Nearctic93	Strumigenys_pergandei	TACTTMPStrumigenys_Nearctic93_pergandei	93	FALSE	Nearctic
Strumigenys	TACTTMPStrumigenys_Palearctic94	Strumigenys_canina	TACTTMPStrumigenys_Palearctic94_canina	94	FALSE	Palearctic
Strumigenys	TACTTMPStrumigenys_Australasian95	Strumigenys_rotogenys	TACTTMPStrumigenys_Australasian95_rotogenys	95	FALSE	Australasian
Strumigenys	TACTTMPStrumigenys_Indomalayan96	Strumigenys_chapmani	TACTTMPStrumigenys_Indomalayan96_chapmani	96	FALSE	Indomalayan
Strumigenys	TACTTMPStrumigenys_Indomalayan97	Strumigenys_kraepelini	TACTTMPStrumigenys_Indomalayan97_kraepelini	97	FALSE	Indomalayan
Strumigenys	TACTTMPStrumigenys_Palearctic98	Strumigenys_feae	TACTTMPStrumigenys_Palearctic98_feae	98	FALSE	Palearctic
Strumigenys	TACTTMPStrumigenys_Palearctic99	Strumigenys_exilirhina	TACTTMPStrumigenys_Palearctic99_exilirhina	99	FALSE	Palearctic
Strumigenys	TACTTMPStrumigenys_Indomalayan100	Strumigenys_hypoturba	TACTTMPStrumigenys_Indomalayan100_hypoturba	100	FALSE	Indomalayan
Strumigenys	TACTTMPStrumigenys_Indomalayan101	Strumigenys_fixata	TACTTMPStrumigenys_Indomalayan101_fixata	101	FALSE	Indomalayan
Strumigenys	TACTTMPStrumigenys_Indomalayan102	Strumigenys_superba	TACTTMPStrumigenys_Indomalayan102_superba	102	FALSE	Indomalayan
Strumigenys	TACTTMPStrumigenys_Indomalayan103	Strumigenys_doriae	TACTTMPStrumigenys_Indomalayan103_doriae	103	FALSE	Indomalayan
Strumigenys	TACTTMPStrumigenys_Indomalayan104	Strumigenys_magnifica	TACTTMPStrumigenys_Indomalayan104_magnifica	104	FALSE	Indomalayan
Strumigenys	TACTTMPStrumigenys_Australasian105	Strumigenys_gloriosa	TACTTMPStrumigenys_Australasian105_gloriosa	105	FALSE	Australasian
Strumigenys	TACTTMPStrumigenys_Indomalayan106	Strumigenys_mirifica	TACTTMPStrumigenys_Indomalayan106_mirifica	106	FALSE	Indomalayan
Strumigenys	TACTTMPStrumigenys_Australasian107	Strumigenys_bryanti	TACTTMPStrumigenys_Australasian107_bryanti	107	FALSE	Australasian
Strumigenys	TACTTMPStrumigenys_Australasian108	Strumigenys_natynion	TACTTMPStrumigenys_Australasian108_natynion	108	FALSE	Australasian
Strumigenys	TACTTMPStrumigenys_Australasian109	Strumigenys_mododonta	TACTTMPStrumigenys_Australasian109_mododonta	109	FALSE	Australasian
Strumigenys	TACTTMPStrumigenys_Australasian110	Strumigenys_indagatrix	TACTTMPStrumigenys_Australasian110_indagatrix	110	FALSE	Australasian
Strumigenys	TACTTMPStrumigenys_Oceanian111	Strumigenys_godeffroyi	TACTTMPStrumigenys_Oceanian111_godeffroyi	111	FALSE	Oceanian
Strumigenys	TACTTMPStrumigenys_Indomalayan112	Strumigenys_juliae	TACTTMPStrumigenys_Indomalayan112_juliae	112	FALSE	Indomalayan
Strumigenys	TACTTMPStrumigenys_Australasian113	Strumigenys_rofocala	TACTTMPStrumigenys_Australasian113_rofocala	113	FALSE	Australasian
Strumigenys	TACTTMPStrumigenys_Australasian114	Strumigenys_mjoebergi	TACTTMPStrumigenys_Australasian114_mjoebergi	114	FALSE	Australasian
Strumigenys	TACTTMPStrumigenys_Australasian115	Strumigenys_halpas	TACTTMPStrumigenys_Australasian115_halpas	115	FALSE	Australasian
Strumigenys	TACTTMPStrumigenys_Oceanian116	Strumigenys_frivola	TACTTMPStrumigenys_Oceanian116_frivola	116	FALSE	Oceanian
Strumigenys	TACTTMPStrumigenys_Oceanian117	Strumigenys_ekasura	TACTTMPStrumigenys_Oceanian117_ekasura	117	FALSE	Oceanian
Strumigenys	TACTTMPStrumigenys_Oceanian118	Strumigenys_basiliska	TACTTMPStrumigenys_Oceanian118_basiliska	118	FALSE	Oceanian
Strumigenys	TACTTMPStrumigenys_Oceanian119	Strumigenys_chernovi	TACTTMPStrumigenys_Oceanian119_chernovi	119	FALSE	Oceanian
Strumigenys	TACTTMPStrumigenys_Oceanian120	Strumigenys_nidifex	TACTTMPStrumigenys_Oceanian120_nidifex	120	FALSE	Oceanian
Strumigenys	TACTTMPStrumigenys_Oceanian121	Strumigenys_mailei	TACTTMPStrumigenys_Oceanian121_mailei	121	FALSE	Oceanian
Strumigenys	TACTTMPStrumigenys_Indomalayan122	Strumigenys_tenitecta	TACTTMPStrumigenys_Indomalayan122_tenitecta	122	FALSE	Indomalayan
Strumigenys	TACTTMPStrumigenys_Indomalayan123	Strumigenys_esrossi	TACTTMPStrumigenys_Indomalayan123_esrossi	123	FALSE	Indomalayan
Strumigenys	TACTTMPStrumigenys_Indomalayan124	Strumigenys_vassago	TACTTMPStrumigenys_Indomalayan124_vassago	124	FALSE	Indomalayan
Strumigenys	TACTTMPStrumigenys_Palearctic125	Strumigenys_kumadori	TACTTMPStrumigenys_Palearctic125_kumadori	125	FALSE	Palearctic
Strumigenys	TACTTMPStrumigenys_Afrotropical126	Strumigenys_agetos	TACTTMPStrumigenys_Afrotropical126_agetos	126	FALSE	Afrotropical
Strumigenys	TACTTMPStrumigenys_Australasian127	Strumigenys_sublaminata	TACTTMPStrumigenys_Australasian127_sublaminata	127	FALSE	Australasian
Strumigenys	TACTTMPStrumigenys_Indomalayan128	Strumigenys_signeae	TACTTMPStrumigenys_Indomalayan128_signeae	128	FALSE	Indomalayan
Strumigenys	TACTTMPStrumigenys_Indomalayan129	Strumigenys_gnathosphax	TACTTMPStrumigenys_Indomalayan129_gnathosphax	129	FALSE	Indomalayan
Strumigenys	TACTTMPStrumigenys_Indomalayan130	Strumigenys_prosopis	TACTTMPStrumigenys_Indomalayan130_prosopis	130	FALSE	Indomalayan
Strumigenys	TACTTMPStrumigenys_Indomalayan131	Strumigenys_inhonesta	TACTTMPStrumigenys_Indomalayan131_inhonesta	131	FALSE	Indomalayan
Strumigenys	TACTTMPStrumigenys_Australasian132	Strumigenys_vindala	TACTTMPStrumigenys_Australasian132_vindala	132	FALSE	Australasian
Strumigenys	TACTTMPStrumigenys_Indomalayan133	Strumigenys_strygax	TACTTMPStrumigenys_Indomalayan133_strygax	133	FALSE	Indomalayan
Strumigenys	TACTTMPStrumigenys_Indomalayan134	Strumigenys_synchysis	TACTTMPStrumigenys_Indomalayan134_synchysis	134	FALSE	Indomalayan
Strumigenys	TACTTMPStrumigenys_Australasian135	Strumigenys_offina	TACTTMPStrumigenys_Australasian135_offina	135	FALSE	Australasian
Strumigenys	TACTTMPStrumigenys_Australasian136	Strumigenys_ignota	TACTTMPStrumigenys_Australasian136_ignota	136	FALSE	Australasian
Strumigenys	TACTTMPStrumigenys_Indomalayan137	Strumigenys_koningsbergeri	TACTTMPStrumigenys_Indomalayan137_koningsbergeri	137	FALSE	Indomalayan
Strumigenys	TACTTMPStrumigenys_Indomalayan138	Strumigenys_amnesia	TACTTMPStrumigenys_Indomalayan138_amnesia	138	FALSE	Indomalayan
Strumigenys	TACTTMPStrumigenys_Australasian139	Strumigenys_pulchra	TACTTMPStrumigenys_Australasian139_pulchra	139	FALSE	Australasian
Strumigenys	TACTTMPStrumigenys_Australasian140	Strumigenys_biroi	TACTTMPStrumigenys_Australasian140_biroi	140	FALSE	Australasian
Strumigenys	TACTTMPStrumigenys_Australasian141	Strumigenys_flagellata	TACTTMPStrumigenys_Australasian141_flagellata	141	FALSE	Australasian
Strumigenys	TACTTMPStrumigenys_Australasian142	Strumigenys_anderseni	TACTTMPStrumigenys_Australasian142_anderseni	142	FALSE	Australasian
Strumigenys	TACTTMPStrumigenys_Australasian143	Strumigenys_semicompta	TACTTMPStrumigenys_Australasian143_semicompta	143	FALSE	Australasian
Strumigenys	TACTTMPStrumigenys_Australasian144	Strumigenys_carnassa	TACTTMPStrumigenys_Australasian144_carnassa	144	FALSE	Australasian
Strumigenys	TACTTMPStrumigenys_Indomalayan145	Strumigenys_undras	TACTTMPStrumigenys_Indomalayan145_undras	145	FALSE	Indomalayan
Strumigenys	TACTTMPStrumigenys_Australasian146	Strumigenys_radix	TACTTMPStrumigenys_Australasian146_radix	146	FALSE	Australasian
Strumigenys	TACTTMPStrumigenys_Australasian147	Strumigenys_anchis	TACTTMPStrumigenys_Australasian147_anchis	147	FALSE	Australasian
Strumigenys	TACTTMPStrumigenys_Neotropical148	Strumigenys_emmae	TACTTMPStrumigenys_Neotropical148_emmae	148	FALSE	Neotropical
Strumigenys	TACTTMPStrumigenys_Australasian149	Strumigenys_miniteras	TACTTMPStrumigenys_Australasian149_miniteras	149	FALSE	Australasian
Strumigenys	TACTTMPStrumigenys_Australasian150	Strumigenys_snellingi	TACTTMPStrumigenys_Australasian150_snellingi	150	FALSE	Australasian
Strumigenys	TACTTMPStrumigenys_Australasian151	Strumigenys_emdeni	TACTTMPStrumigenys_Australasian151_emdeni	151	FALSE	Australasian
Strumigenys	TACTTMPStrumigenys_Australasian152	Strumigenys_tisisyx	TACTTMPStrumigenys_Australasian152_tisisyx	152	FALSE	Australasian
Strumigenys	TACTTMPStrumigenys_Australasian153	Strumigenys_friedae	TACTTMPStrumigenys_Australasian153_friedae	153	FALSE	Australasian
Strumigenys	TACTTMPStrumigenys_Australasian154	Strumigenys_varanga	TACTTMPStrumigenys_Australasian154_varanga	154	FALSE	Australasian
Strumigenys	TACTTMPStrumigenys_Australasian155	Strumigenys_paranetes	TACTTMPStrumigenys_Australasian155_paranetes	155	FALSE	Australasian
Strumigenys	TACTTMPStrumigenys_Australasian156	Strumigenys_anetes	TACTTMPStrumigenys_Australasian156_anetes	156	FALSE	Australasian
Strumigenys	TACTTMPStrumigenys_Australasian157	Strumigenys_orthanetes	TACTTMPStrumigenys_Australasian157_orthanetes	157	FALSE	Australasian
Strumigenys	TACTTMPStrumigenys_Australasian158	Strumigenys_philiporum	TACTTMPStrumigenys_Australasian158_philiporum	158	FALSE	Australasian
Strumigenys	TACTTMPStrumigenys_Australasian159	Strumigenys_zygon	TACTTMPStrumigenys_Australasian159_zygon	159	FALSE	Australasian
Strumigenys	TACTTMPStrumigenys_Australasian160	Strumigenys_minax	TACTTMPStrumigenys_Australasian160_minax	160	FALSE	Australasian
Strumigenys	TACTTMPStrumigenys_Australasian161	Strumigenys_buleru	TACTTMPStrumigenys_Australasian161_buleru	161	FALSE	Australasian
Strumigenys	TACTTMPStrumigenys_Australasian162	Strumigenys_deuteras	TACTTMPStrumigenys_Australasian162_deuteras	162	FALSE	Australasian
Strumigenys	TACTTMPStrumigenys_Australasian163	Strumigenys_cingatrix	TACTTMPStrumigenys_Australasian163_cingatrix	163	FALSE	Australasian
Strumigenys	TACTTMPStrumigenys_Australasian164	Strumigenys_perplexa	TACTTMPStrumigenys_Australasian164_perplexa	164	FALSE	Australasian
Strumigenys	TACTTMPStrumigenys_Australasian165	Strumigenys_lamia	TACTTMPStrumigenys_Australasian165_lamia	165	FALSE	Australasian
Strumigenys	TACTTMPStrumigenys_Australasian166	Strumigenys_chareta	TACTTMPStrumigenys_Australasian166_chareta	166	FALSE	Australasian
Strumigenys	TACTTMPStrumigenys_Australasian167	Strumigenys_jugis	TACTTMPStrumigenys_Australasian167_jugis	167	FALSE	Australasian
Strumigenys	TACTTMPStrumigenys_Australasian168	Strumigenys_racabura	TACTTMPStrumigenys_Australasian168_racabura	168	FALSE	Australasian
Strumigenys	TACTTMPStrumigenys_Australasian169	Strumigenys_akhtoi	TACTTMPStrumigenys_Australasian169_akhtoi	169	FALSE	Australasian
Strumigenys	TACTTMPStrumigenys_Australasian170	Strumigenys_hoplites	TACTTMPStrumigenys_Australasian170_hoplites	170	FALSE	Australasian
Strumigenys	TACTTMPStrumigenys_Australasian171	Strumigenys_ferocior	TACTTMPStrumigenys_Australasian171_ferocior	171	FALSE	Australasian
Strumigenys	TACTTMPStrumigenys_Australasian172	Strumigenys_missina	TACTTMPStrumigenys_Australasian172_missina	172	FALSE	Australasian
Strumigenys	TACTTMPStrumigenys_Australasian173	Strumigenys_mayri	TACTTMPStrumigenys_Australasian173_mayri	173	FALSE	Australasian
Strumigenys	TACTTMPStrumigenys_Australasian174	Strumigenys_tigris	TACTTMPStrumigenys_Australasian174_tigris	174	FALSE	Australasian
Strumigenys	TACTTMPStrumigenys_Australasian175	Strumigenys_nigra	TACTTMPStrumigenys_Australasian175_nigra	175	FALSE	Australasian
Strumigenys	TACTTMPStrumigenys_Australasian176	Strumigenys_disarmata	TACTTMPStrumigenys_Australasian176_disarmata	176	FALSE	Australasian
Strumigenys	TACTTMPStrumigenys_Australasian177	Strumigenys_szalayi	TACTTMPStrumigenys_Australasian177_szalayi	177	FALSE	Australasian
Strumigenys	TACTTMPStrumigenys_Indomalayan178	Strumigenys_hemichlaena	TACTTMPStrumigenys_Indomalayan178_hemichlaena	178	FALSE	Indomalayan
Strumigenys	TACTTMPStrumigenys_Australasian179	Strumigenys_ortholex	TACTTMPStrumigenys_Australasian179_ortholex	179	FALSE	Australasian
Strumigenys	TACTTMPStrumigenys_Oceanian180	Strumigenys_stemonixys	TACTTMPStrumigenys_Oceanian180_stemonixys	180	FALSE	Oceanian
Strumigenys	TACTTMPStrumigenys_Australasian181	Strumigenys_loriae	TACTTMPStrumigenys_Australasian181_loriae	181	FALSE	Australasian
Strumigenys	TACTTMPStrumigenys_Australasian182	Strumigenys_chyzeri	TACTTMPStrumigenys_Australasian182_chyzeri	182	FALSE	Australasian
Strumigenys	TACTTMPStrumigenys_Australasian183	Strumigenys_lopotyle	TACTTMPStrumigenys_Australasian183_lopotyle	183	FALSE	Australasian
Strumigenys	TACTTMPStrumigenys_Australasian184	Strumigenys_paimon	TACTTMPStrumigenys_Australasian184_paimon	184	FALSE	Australasian
Strumigenys	TACTTMPStrumigenys_Indomalayan185	Strumigenys_ligur	TACTTMPStrumigenys_Indomalayan185_ligur	185	FALSE	Indomalayan
Strumigenys	TACTTMPStrumigenys_Australasian186	Strumigenys_sisyrata	TACTTMPStrumigenys_Australasian186_sisyrata	186	FALSE	Australasian
Strumigenys	TACTTMPStrumigenys_Australasian187	Strumigenys_eurycera	TACTTMPStrumigenys_Australasian187_eurycera	187	FALSE	Australasian
Strumigenys	TACTTMPStrumigenys_Australasian188	Strumigenys_wallacei	TACTTMPStrumigenys_Australasian188_wallacei	188	FALSE	Australasian
Strumigenys	TACTTMPStrumigenys_Australasian189	Strumigenys_opaca	TACTTMPStrumigenys_Australasian189_opaca	189	FALSE	Australasian
Strumigenys	TACTTMPStrumigenys_Neotropical190	Strumigenys_mandibularis	TACTTMPStrumigenys_Neotropical190_mandibularis	190	FALSE	Neotropical
Strumigenys	TACTTMPStrumigenys_Australasian191	Strumigenys_arrogantia	TACTTMPStrumigenys_Australasian191_arrogantia	191	FALSE	Australasian
Strumigenys	TACTTMPStrumigenys_Australasian192	Strumigenys_aechme	TACTTMPStrumigenys_Australasian192_aechme	192	FALSE	Australasian
Strumigenys	TACTTMPStrumigenys_Indomalayan193	Strumigenys_lyroessa	TACTTMPStrumigenys_Indomalayan193_lyroessa	193	FALSE	Indomalayan
Strumigenys	TACTTMPStrumigenys_Afrotropical194	Strumigenys_seti	TACTTMPStrumigenys_Afrotropical194_seti	194	FALSE	Afrotropical
Strumigenys	TACTTMPStrumigenys_Afrotropical195	Strumigenys_hathor	TACTTMPStrumigenys_Afrotropical195_hathor	195	FALSE	Afrotropical
Strumigenys	TACTTMPStrumigenys_Afrotropical196	Strumigenys_serket	TACTTMPStrumigenys_Afrotropical196_serket	196	FALSE	Afrotropical
Strumigenys	TACTTMPStrumigenys_Afrotropical197	Strumigenys_exiguaevitae	TACTTMPStrumigenys_Afrotropical197_exiguaevitae	197	FALSE	Afrotropical
Strumigenys	TACTTMPStrumigenys_Afrotropical198	Strumigenys_sibyna	TACTTMPStrumigenys_Afrotropical198_sibyna	198	FALSE	Afrotropical
Strumigenys	TACTTMPStrumigenys_Afrotropical199	Strumigenys_hastyla	TACTTMPStrumigenys_Afrotropical199_hastyla	199	FALSE	Afrotropical
Strumigenys	TACTTMPStrumigenys_Neotropical200	Strumigenys_rogeri	TACTTMPStrumigenys_Neotropical200_rogeri	200	FALSE	Neotropical
Strumigenys	TACTTMPStrumigenys_Afrotropical201	Strumigenys_spathoda	TACTTMPStrumigenys_Afrotropical201_spathoda	201	FALSE	Afrotropical
Strumigenys	TACTTMPStrumigenys_Afrotropical202	Strumigenys_rukha	TACTTMPStrumigenys_Afrotropical202_rukha	202	FALSE	Afrotropical
Strumigenys	TACTTMPStrumigenys_Afrotropical203	Strumigenys_relahyla	TACTTMPStrumigenys_Afrotropical203_relahyla	203	FALSE	Afrotropical
Strumigenys	TACTTMPStrumigenys_Afrotropical204	Strumigenys_totyla	TACTTMPStrumigenys_Afrotropical204_totyla	204	FALSE	Afrotropical
Strumigenys	TACTTMPStrumigenys_Afrotropical205	Strumigenys_ettillax	TACTTMPStrumigenys_Afrotropical205_ettillax	205	FALSE	Afrotropical
Strumigenys	TACTTMPStrumigenys_Afrotropical206	Strumigenys_petiolata	TACTTMPStrumigenys_Afrotropical206_petiolata	206	FALSE	Afrotropical
Strumigenys	TACTTMPStrumigenys_Afrotropical207	Strumigenys_bernardi	TACTTMPStrumigenys_Afrotropical207_bernardi	207	FALSE	Afrotropical
Strumigenys	TACTTMPStrumigenys_Afrotropical208	Strumigenys_nimbrata	TACTTMPStrumigenys_Afrotropical208_nimbrata	208	FALSE	Afrotropical
Strumigenys	TACTTMPStrumigenys_Afrotropical209	Strumigenys_korahyla	TACTTMPStrumigenys_Afrotropical209_korahyla	209	FALSE	Afrotropical
Strumigenys	TACTTMPStrumigenys_Afrotropical210	Strumigenys_fanano	TACTTMPStrumigenys_Afrotropical210_fanano	210	FALSE	Afrotropical
Strumigenys	TACTTMPStrumigenys_Afrotropical211	Strumigenys_dora	TACTTMPStrumigenys_Afrotropical211_dora	211	FALSE	Afrotropical
Strumigenys	TACTTMPStrumigenys_Afrotropical212	Strumigenys_bibiolona	TACTTMPStrumigenys_Afrotropical212_bibiolona	212	FALSE	Afrotropical
Strumigenys	TACTTMPStrumigenys_Afrotropical213	Strumigenys_bathron	TACTTMPStrumigenys_Afrotropical213_bathron	213	FALSE	Afrotropical
Strumigenys	TACTTMPStrumigenys_Afrotropical214	Strumigenys_alapa	TACTTMPStrumigenys_Afrotropical214_alapa	214	FALSE	Afrotropical
Strumigenys	TACTTMPStrumigenys_Afrotropical215	Strumigenys_toma	TACTTMPStrumigenys_Afrotropical215_toma	215	FALSE	Afrotropical
Strumigenys	TACTTMPStrumigenys_Afrotropical216	Strumigenys_dolabra	TACTTMPStrumigenys_Afrotropical216_dolabra	216	FALSE	Afrotropical
Strumigenys	TACTTMPStrumigenys_Afrotropical217	Strumigenys_adsita	TACTTMPStrumigenys_Afrotropical217_adsita	217	FALSE	Afrotropical
Strumigenys	TACTTMPStrumigenys_Afrotropical218	Strumigenys_schuetzi	TACTTMPStrumigenys_Afrotropical218_schuetzi	218	FALSE	Afrotropical
Strumigenys	TACTTMPStrumigenys_Afrotropical219	Strumigenys_deverra	TACTTMPStrumigenys_Afrotropical219_deverra	219	FALSE	Afrotropical
Strumigenys	TACTTMPStrumigenys_Afrotropical220	Strumigenys_covina	TACTTMPStrumigenys_Afrotropical220_covina	220	FALSE	Afrotropical
Strumigenys	TACTTMPStrumigenys_Afrotropical221	Strumigenys_chroa	TACTTMPStrumigenys_Afrotropical221_chroa	221	FALSE	Afrotropical
Strumigenys	TACTTMPStrumigenys_Afrotropical222	Strumigenys_finator	TACTTMPStrumigenys_Afrotropical222_finator	222	FALSE	Afrotropical
Strumigenys	TACTTMPStrumigenys_Afrotropical223	Strumigenys_doxa	TACTTMPStrumigenys_Afrotropical223_doxa	223	FALSE	Afrotropical
Strumigenys	TACTTMPStrumigenys_Afrotropical224	Strumigenys_epulo	TACTTMPStrumigenys_Afrotropical224_epulo	224	FALSE	Afrotropical
Strumigenys	TACTTMPStrumigenys_Afrotropical225	Strumigenys_diux	TACTTMPStrumigenys_Afrotropical225_diux	225	FALSE	Afrotropical
Strumigenys	TACTTMPStrumigenys_Afrotropical226	Strumigenys_diota	TACTTMPStrumigenys_Afrotropical226_diota	226	FALSE	Afrotropical
Strumigenys	TACTTMPStrumigenys_Afrotropical227	Strumigenys_cabira	TACTTMPStrumigenys_Afrotropical227_cabira	227	FALSE	Afrotropical
Strumigenys	TACTTMPStrumigenys_Afrotropical228	Strumigenys_inatos	TACTTMPStrumigenys_Afrotropical228_inatos	228	FALSE	Afrotropical
Strumigenys	TACTTMPStrumigenys_Afrotropical229	Strumigenys_bola	TACTTMPStrumigenys_Afrotropical229_bola	229	FALSE	Afrotropical
Strumigenys	TACTTMPStrumigenys_Afrotropical230	Strumigenys_scotti	TACTTMPStrumigenys_Afrotropical230_scotti	230	FALSE	Afrotropical
Strumigenys	TACTTMPStrumigenys_Afrotropical231	Strumigenys_glycon	TACTTMPStrumigenys_Afrotropical231_glycon	231	FALSE	Afrotropical
Strumigenys	TACTTMPStrumigenys_Afrotropical232	Strumigenys_ipsea	TACTTMPStrumigenys_Afrotropical232_ipsea	232	FALSE	Afrotropical
Strumigenys	TACTTMPStrumigenys_Afrotropical233	Strumigenys_tegar	TACTTMPStrumigenys_Afrotropical233_tegar	233	FALSE	Afrotropical
Strumigenys	TACTTMPStrumigenys_Afrotropical234	Strumigenys_balux	TACTTMPStrumigenys_Afrotropical234_balux	234	FALSE	Afrotropical
Strumigenys	TACTTMPStrumigenys_Afrotropical235	Strumigenys_grandidieri	TACTTMPStrumigenys_Afrotropical235_grandidieri	235	FALSE	Afrotropical
Strumigenys	TACTTMPStrumigenys_Afrotropical236	Strumigenys_lucomo	TACTTMPStrumigenys_Afrotropical236_lucomo	236	FALSE	Afrotropical
Strumigenys	TACTTMPStrumigenys_Afrotropical237	Strumigenys_ampyx	TACTTMPStrumigenys_Afrotropical237_ampyx	237	FALSE	Afrotropical
Strumigenys	TACTTMPStrumigenys_Afrotropical238	Strumigenys_actis	TACTTMPStrumigenys_Afrotropical238_actis	238	FALSE	Afrotropical
Strumigenys	TACTTMPStrumigenys_Afrotropical239	Strumigenys_chilo	TACTTMPStrumigenys_Afrotropical239_chilo	239	FALSE	Afrotropical
Strumigenys	TACTTMPStrumigenys_Afrotropical240	Strumigenys_lura	TACTTMPStrumigenys_Afrotropical240_lura	240	FALSE	Afrotropical
Strumigenys	TACTTMPStrumigenys_Afrotropical241	Strumigenys_lexex	TACTTMPStrumigenys_Afrotropical241_lexex	241	FALSE	Afrotropical
Strumigenys	TACTTMPStrumigenys_Afrotropical242	Strumigenys_livens	TACTTMPStrumigenys_Afrotropical242_livens	242	FALSE	Afrotropical
Strumigenys	TACTTMPStrumigenys_Afrotropical243	Strumigenys_langrandi	TACTTMPStrumigenys_Afrotropical243_langrandi	243	FALSE	Afrotropical
Strumigenys	TACTTMPStrumigenys_Afrotropical244	Strumigenys_origo	TACTTMPStrumigenys_Afrotropical244_origo	244	FALSE	Afrotropical
Strumigenys	TACTTMPStrumigenys_Afrotropical245	Strumigenys_micrans	TACTTMPStrumigenys_Afrotropical245_micrans	245	FALSE	Afrotropical
Strumigenys	TACTTMPStrumigenys_Afrotropical246	Strumigenys_levana	TACTTMPStrumigenys_Afrotropical246_levana	246	FALSE	Afrotropical
Strumigenys	TACTTMPStrumigenys_Afrotropical247	Strumigenys_mola	TACTTMPStrumigenys_Afrotropical247_mola	247	FALSE	Afrotropical
Strumigenys	TACTTMPStrumigenys_Afrotropical248	Strumigenys_charino	TACTTMPStrumigenys_Afrotropical248_charino	248	FALSE	Afrotropical
Strumigenys	TACTTMPStrumigenys_Afrotropical249	Strumigenys_lutron	TACTTMPStrumigenys_Afrotropical249_lutron	249	FALSE	Afrotropical
Strumigenys	TACTTMPStrumigenys_Afrotropical250	Strumigenys_wardi	TACTTMPStrumigenys_Afrotropical250_wardi	250	FALSE	Afrotropical
Strumigenys	TACTTMPStrumigenys_Afrotropical251	Strumigenys_sylvaini	TACTTMPStrumigenys_Afrotropical251_sylvaini	251	FALSE	Afrotropical
Strumigenys	TACTTMPStrumigenys_Afrotropical252	Strumigenys_rabesoni	TACTTMPStrumigenys_Afrotropical252_rabesoni	252	FALSE	Afrotropical
Strumigenys	TACTTMPStrumigenys_Afrotropical253	Strumigenys_peyrierasi	TACTTMPStrumigenys_Afrotropical253_peyrierasi	253	FALSE	Afrotropical
Strumigenys	TACTTMPStrumigenys_Afrotropical254	Strumigenys_gorgon	TACTTMPStrumigenys_Afrotropical254_gorgon	254	FALSE	Afrotropical
Strumigenys	TACTTMPStrumigenys_Afrotropical255	Strumigenys_dexis	TACTTMPStrumigenys_Afrotropical255_dexis	255	FALSE	Afrotropical
Strumigenys	TACTTMPStrumigenys_Afrotropical256	Strumigenys_alperti	TACTTMPStrumigenys_Afrotropical256_alperti	256	FALSE	Afrotropical
Strumigenys	TACTTMPStrumigenys_Afrotropical257	Strumigenys_carolinae	TACTTMPStrumigenys_Afrotropical257_carolinae	257	FALSE	Afrotropical
Strumigenys	TACTTMPStrumigenys_Afrotropical258	Strumigenys_coveri	TACTTMPStrumigenys_Afrotropical258_coveri	258	FALSE	Afrotropical
Strumigenys	TACTTMPStrumigenys_Afrotropical259	Strumigenys_manga	TACTTMPStrumigenys_Afrotropical259_manga	259	FALSE	Afrotropical
Strumigenys	TACTTMPStrumigenys_Afrotropical260	Strumigenys_abdera	TACTTMPStrumigenys_Afrotropical260_abdera	260	FALSE	Afrotropical
Strumigenys	TACTTMPStrumigenys_Afrotropical261	Strumigenys_odacon	TACTTMPStrumigenys_Afrotropical261_odacon	261	FALSE	Afrotropical
Strumigenys	TACTTMPStrumigenys_Afrotropical262	Strumigenys_europs	TACTTMPStrumigenys_Afrotropical262_europs	262	FALSE	Afrotropical
Strumigenys	TACTTMPStrumigenys_Afrotropical263	Strumigenys_apios	TACTTMPStrumigenys_Afrotropical263_apios	263	FALSE	Afrotropical
Strumigenys	TACTTMPStrumigenys_Afrotropical264	Strumigenys_agra	TACTTMPStrumigenys_Afrotropical264_agra	264	FALSE	Afrotropical
Strumigenys	TACTTMPStrumigenys_Afrotropical265	Strumigenys_heliani	TACTTMPStrumigenys_Afrotropical265_heliani	265	FALSE	Afrotropical
Strumigenys	TACTTMPStrumigenys_Afrotropical266	Strumigenys_nambao	TACTTMPStrumigenys_Afrotropical266_nambao	266	FALSE	Afrotropical
Strumigenys	TACTTMPStrumigenys_Afrotropical267	Strumigenys_fronto	TACTTMPStrumigenys_Afrotropical267_fronto	267	FALSE	Afrotropical
Strumigenys	TACTTMPStrumigenys_Afrotropical268	Strumigenys_milae	TACTTMPStrumigenys_Afrotropical268_milae	268	FALSE	Afrotropical
Strumigenys	TACTTMPStrumigenys_Afrotropical269	Strumigenys_luca	TACTTMPStrumigenys_Afrotropical269_luca	269	FALSE	Afrotropical
Strumigenys	TACTTMPStrumigenys_Afrotropical270	Strumigenys_norax	TACTTMPStrumigenys_Afrotropical270_norax	270	FALSE	Afrotropical
Strumigenys	TACTTMPStrumigenys_Afrotropical271	Strumigenys_carisa	TACTTMPStrumigenys_Afrotropical271_carisa	271	FALSE	Afrotropical
Strumigenys	TACTTMPStrumigenys_Afrotropical272	Strumigenys_hilaris	TACTTMPStrumigenys_Afrotropical272_hilaris	272	FALSE	Afrotropical
Strumigenys	TACTTMPStrumigenys_Afrotropical273	Strumigenys_lysis	TACTTMPStrumigenys_Afrotropical273_lysis	273	FALSE	Afrotropical
Strumigenys	TACTTMPStrumigenys_Afrotropical274	Strumigenys_sphera	TACTTMPStrumigenys_Afrotropical274_sphera	274	FALSE	Afrotropical
Strumigenys	TACTTMPStrumigenys_Afrotropical275	Strumigenys_ection	TACTTMPStrumigenys_Afrotropical275_ection	275	FALSE	Afrotropical
Strumigenys	TACTTMPStrumigenys_Afrotropical276	Strumigenys_vazimba	TACTTMPStrumigenys_Afrotropical276_vazimba	276	FALSE	Afrotropical
Strumigenys	TACTTMPStrumigenys_Afrotropical277	Strumigenys_dicomas	TACTTMPStrumigenys_Afrotropical277_dicomas	277	FALSE	Afrotropical
Strumigenys	TACTTMPStrumigenys_Afrotropical278	Strumigenys_labaris	TACTTMPStrumigenys_Afrotropical278_labaris	278	FALSE	Afrotropical
Strumigenys	TACTTMPStrumigenys_Afrotropical279	Strumigenys_admixta	TACTTMPStrumigenys_Afrotropical279_admixta	279	FALSE	Afrotropical
Strumigenys	TACTTMPStrumigenys_Afrotropical280	Strumigenys_rubigus	TACTTMPStrumigenys_Afrotropical280_rubigus	280	FALSE	Afrotropical
Strumigenys	TACTTMPStrumigenys_Afrotropical281	Strumigenys_ravola	TACTTMPStrumigenys_Afrotropical281_ravola	281	FALSE	Afrotropical
Strumigenys	TACTTMPStrumigenys_Afrotropical282	Strumigenys_traegaordhi	TACTTMPStrumigenys_Afrotropical282_traegaordhi	282	FALSE	Afrotropical
Strumigenys	TACTTMPStrumigenys_Afrotropical283	Strumigenys_irrorata	TACTTMPStrumigenys_Afrotropical283_irrorata	283	FALSE	Afrotropical
Strumigenys	TACTTMPStrumigenys_Afrotropical284	Strumigenys_syntacta	TACTTMPStrumigenys_Afrotropical284_syntacta	284	FALSE	Afrotropical
Strumigenys	TACTTMPStrumigenys_Afrotropical285	Strumigenys_ultromalyx	TACTTMPStrumigenys_Afrotropical285_ultromalyx	285	FALSE	Afrotropical
Strumigenys	TACTTMPStrumigenys_Afrotropical286	Strumigenys_omalyx	TACTTMPStrumigenys_Afrotropical286_omalyx	286	FALSE	Afrotropical
Strumigenys	TACTTMPStrumigenys_Afrotropical287	Strumigenys_tetraphanes	TACTTMPStrumigenys_Afrotropical287_tetraphanes	287	FALSE	Afrotropical
Strumigenys	TACTTMPStrumigenys_Afrotropical288	Strumigenys_paranax	TACTTMPStrumigenys_Afrotropical288_paranax	288	FALSE	Afrotropical
Strumigenys	TACTTMPStrumigenys_Afrotropical289	Strumigenys_dextra	TACTTMPStrumigenys_Afrotropical289_dextra	289	FALSE	Afrotropical
Strumigenys	TACTTMPStrumigenys_Afrotropical290	Strumigenys_transenna	TACTTMPStrumigenys_Afrotropical290_transenna	290	FALSE	Afrotropical
Strumigenys	TACTTMPStrumigenys_Afrotropical291	Strumigenys_cacaoensis	TACTTMPStrumigenys_Afrotropical291_cacaoensis	291	FALSE	Afrotropical
Strumigenys	TACTTMPStrumigenys_Neotropical292	Strumigenys_wheeleriana	TACTTMPStrumigenys_Neotropical292_wheeleriana	292	FALSE	Neotropical
Strumigenys	TACTTMPStrumigenys_Neotropical293	Strumigenys_glenognatha	TACTTMPStrumigenys_Neotropical293_glenognatha	293	FALSE	Neotropical
Strumigenys	TACTTMPStrumigenys_Neotropical294	Strumigenys_villiersi	TACTTMPStrumigenys_Neotropical294_villiersi	294	FALSE	Neotropical
Strumigenys	TACTTMPStrumigenys_Neotropical295	Strumigenys_beebei	TACTTMPStrumigenys_Neotropical295_beebei	295	FALSE	Neotropical
Strumigenys	TACTTMPStrumigenys_Neotropical296	Strumigenys_excisa	TACTTMPStrumigenys_Neotropical296_excisa	296	FALSE	Neotropical
Strumigenys	TACTTMPStrumigenys_Neotropical297	Strumigenys_dontopagis	TACTTMPStrumigenys_Neotropical297_dontopagis	297	FALSE	Neotropical
Strumigenys	TACTTMPStrumigenys_Neotropical298	Strumigenys_prex	TACTTMPStrumigenys_Neotropical298_prex	298	FALSE	Neotropical
Strumigenys	TACTTMPStrumigenys_Neotropical299	Strumigenys_azteca	TACTTMPStrumigenys_Neotropical299_azteca	299	FALSE	Neotropical
Strumigenys	TACTTMPStrumigenys_Neotropical300	Strumigenys_rogata	TACTTMPStrumigenys_Neotropical300_rogata	300	FALSE	Neotropical
Strumigenys	TACTTMPStrumigenys_Neotropical301	Strumigenys_longinoi	TACTTMPStrumigenys_Neotropical301_longinoi	301	FALSE	Neotropical
Strumigenys	TACTTMPStrumigenys_Neotropical302	Strumigenys_paradoxa	TACTTMPStrumigenys_Neotropical302_paradoxa	302	FALSE	Neotropical
Strumigenys	TACTTMPStrumigenys_Neotropical303	Strumigenys_probatrix	TACTTMPStrumigenys_Neotropical303_probatrix	303	FALSE	Neotropical
Strumigenys	TACTTMPStrumigenys_Neotropical304	Strumigenys_hubbewatyorum	TACTTMPStrumigenys_Neotropical304_hubbewatyorum	304	FALSE	Neotropical
Strumigenys	TACTTMPStrumigenys_Neotropical305	Strumigenys_mirabilis	TACTTMPStrumigenys_Neotropical305_mirabilis	305	FALSE	Neotropical
Strumigenys	TACTTMPStrumigenys_Neotropical306	Strumigenys_cincinnata	TACTTMPStrumigenys_Neotropical306_cincinnata	306	FALSE	Neotropical
Strumigenys	TACTTMPStrumigenys_Neotropical307	Strumigenys_stauroma	TACTTMPStrumigenys_Neotropical307_stauroma	307	FALSE	Neotropical
Strumigenys	TACTTMPStrumigenys_Neotropical308	Strumigenys_microthrix	TACTTMPStrumigenys_Neotropical308_microthrix	308	FALSE	Neotropical
Strumigenys	TACTTMPStrumigenys_Neotropical309	Strumigenys_cassicuspis	TACTTMPStrumigenys_Neotropical309_cassicuspis	309	FALSE	Neotropical
Strumigenys	TACTTMPStrumigenys_Neotropical310	Strumigenys_trudifera	TACTTMPStrumigenys_Neotropical310_trudifera	310	FALSE	Neotropical
Strumigenys	TACTTMPStrumigenys_Neotropical311	Strumigenys_perparva	TACTTMPStrumigenys_Neotropical311_perparva	311	FALSE	Neotropical
Strumigenys	TACTTMPStrumigenys_Nearctic312	Strumigenys_louisianae	TACTTMPStrumigenys_Nearctic312_louisianae	312	FALSE	Nearctic
Strumigenys	TACTTMPStrumigenys_Neotropical313	Strumigenys_timicala	TACTTMPStrumigenys_Neotropical313_timicala	313	FALSE	Neotropical
Strumigenys	TACTTMPStrumigenys_Neotropical314	Strumigenys_calamita	TACTTMPStrumigenys_Neotropical314_calamita	314	FALSE	Neotropical
Strumigenys	TACTTMPStrumigenys_Neotropical315	Strumigenys_platyscapa	TACTTMPStrumigenys_Neotropical315_platyscapa	315	FALSE	Neotropical
Strumigenys	TACTTMPStrumigenys_Neotropical316	Strumigenys_ludia	TACTTMPStrumigenys_Neotropical316_ludia	316	FALSE	Neotropical
Strumigenys	TACTTMPStrumigenys_Neotropical317	Strumigenys_micretes	TACTTMPStrumigenys_Neotropical317_micretes	317	FALSE	Neotropical
Strumigenys	TACTTMPStrumigenys_Neotropical318	Strumigenys_emeryi	TACTTMPStrumigenys_Neotropical318_emeryi	318	FALSE	Neotropical
Strumigenys	TACTTMPStrumigenys_Neotropical319	Strumigenys_humata	TACTTMPStrumigenys_Neotropical319_humata	319	FALSE	Neotropical
Strumigenys	TACTTMPStrumigenys_Neotropical320	Strumigenys_nevermanni	TACTTMPStrumigenys_Neotropical320_nevermanni	320	FALSE	Neotropical
Strumigenys	TACTTMPStrumigenys_Neotropical321	Strumigenys_marginiventris	TACTTMPStrumigenys_Neotropical321_marginiventris	321	FALSE	Neotropical
Strumigenys	TACTTMPStrumigenys_Neotropical322	Strumigenys_longispinosa	TACTTMPStrumigenys_Neotropical322_longispinosa	322	FALSE	Neotropical
Strumigenys	TACTTMPStrumigenys_Neotropical323	Strumigenys_princeps	TACTTMPStrumigenys_Neotropical323_princeps	323	FALSE	Neotropical
Strumigenys	TACTTMPStrumigenys_Neotropical324	Strumigenys_deltisquama	TACTTMPStrumigenys_Neotropical324_deltisquama	324	FALSE	Neotropical
Strumigenys	TACTTMPStrumigenys_Neotropical325	Strumigenys_planeti	TACTTMPStrumigenys_Neotropical325_planeti	325	FALSE	Neotropical
Strumigenys	TACTTMPStrumigenys_Neotropical326	Strumigenys_godmani	TACTTMPStrumigenys_Neotropical326_godmani	326	FALSE	Neotropical
Strumigenys	TACTTMPStrumigenys_Neotropical327	Strumigenys_cordovensis	TACTTMPStrumigenys_Neotropical327_cordovensis	327	FALSE	Neotropical
Strumigenys	TACTTMPStrumigenys_Neotropical328	Strumigenys_biolleyi	TACTTMPStrumigenys_Neotropical328_biolleyi	328	FALSE	Neotropical
Strumigenys	TACTTMPStrumigenys_Neotropical329	Strumigenys_prospiciens	TACTTMPStrumigenys_Neotropical329_prospiciens	329	FALSE	Neotropical
Strumigenys	TACTTMPStrumigenys_Neotropical330	Strumigenys_tococae	TACTTMPStrumigenys_Neotropical330_tococae	330	FALSE	Neotropical
Strumigenys	TACTTMPStrumigenys_Neotropical331	Strumigenys_fairchildi	TACTTMPStrumigenys_Neotropical331_fairchildi	331	FALSE	Neotropical
Strumigenys	TACTTMPStrumigenys_Neotropical332	Strumigenys_trinidadensis	TACTTMPStrumigenys_Neotropical332_trinidadensis	332	FALSE	Neotropical
Strumigenys	TACTTMPStrumigenys_Neotropical333	Strumigenys_spathula	TACTTMPStrumigenys_Neotropical333_spathula	333	FALSE	Neotropical
Strumigenys	TACTTMPStrumigenys_Neotropical334	Strumigenys_pariensis	TACTTMPStrumigenys_Neotropical334_pariensis	334	FALSE	Neotropical
Strumigenys	TACTTMPStrumigenys_Neotropical335	Strumigenys_elongata	TACTTMPStrumigenys_Neotropical335_elongata	335	FALSE	Neotropical
Strumigenys	TACTTMPStrumigenys_Neotropical336	Strumigenys_silvestrii	TACTTMPStrumigenys_Neotropical336_silvestrii	336	FALSE	Neotropical
Strumigenys	TACTTMPStrumigenys_Neotropical337	Strumigenys_schmalzi	TACTTMPStrumigenys_Neotropical337_schmalzi	337	FALSE	Neotropical
Strumigenys	TACTTMPStrumigenys_Neotropical338	Strumigenys_dyseides	TACTTMPStrumigenys_Neotropical338_dyseides	338	FALSE	Neotropical
Strumigenys	TACTTMPStrumigenys_Neotropical339	Strumigenys_lanuginosa	TACTTMPStrumigenys_Neotropical339_lanuginosa	339	FALSE	Neotropical
Strumigenys	TACTTMPStrumigenys_Neotropical340	Strumigenys_cosmostela	TACTTMPStrumigenys_Neotropical340_cosmostela	340	FALSE	Neotropical
Strumigenys	TACTTMPStrumigenys_Neotropical341	Strumigenys_smilax	TACTTMPStrumigenys_Neotropical341_smilax	341	FALSE	Neotropical
Strumigenys	TACTTMPStrumigenys_Neotropical342	Strumigenys_trieces	TACTTMPStrumigenys_Neotropical342_trieces	342	FALSE	Neotropical
Strumigenys	TACTTMPStrumigenys_Neotropical343	Strumigenys_myllorhapha	TACTTMPStrumigenys_Neotropical343_myllorhapha	343	FALSE	Neotropical
Strumigenys	TACTTMPStrumigenys_Neotropical344	Strumigenys_crementa	TACTTMPStrumigenys_Neotropical344_crementa	344	FALSE	Neotropical
Strumigenys	TACTTMPStrumigenys_Neotropical345	Strumigenys_nitens	TACTTMPStrumigenys_Neotropical345_nitens	345	FALSE	Neotropical
Strumigenys	TACTTMPStrumigenys_Neotropical346	Strumigenys_brevicornis	TACTTMPStrumigenys_Neotropical346_brevicornis	346	FALSE	Neotropical
Strumigenys	TACTTMPStrumigenys_Neotropical347	Strumigenys_aethegenys	TACTTMPStrumigenys_Neotropical347_aethegenys	347	FALSE	Neotropical
Strumigenys	TACTTMPStrumigenys_Neotropical348	Strumigenys_stenotes	TACTTMPStrumigenys_Neotropical348_stenotes	348	FALSE	Neotropical
Strumigenys	TACTTMPStrumigenys_Neotropical349	Strumigenys_zeteki	TACTTMPStrumigenys_Neotropical349_zeteki	349	FALSE	Neotropical
Strumigenys	TACTTMPStrumigenys_Neotropical350	Strumigenys_auctidens	TACTTMPStrumigenys_Neotropical350_auctidens	350	FALSE	Neotropical
Strumigenys	TACTTMPStrumigenys_Neotropical351	Strumigenys_crassicornis	TACTTMPStrumigenys_Neotropical351_crassicornis	351	FALSE	Neotropical
Strumigenys	TACTTMPStrumigenys_Neotropical352	Strumigenys_subedentata	TACTTMPStrumigenys_Neotropical352_subedentata	352	FALSE	Neotropical
Strumigenys	TACTTMPStrumigenys_Neotropical353	Strumigenys_oconitrilloae	TACTTMPStrumigenys_Neotropical353_oconitrilloae	353	FALSE	Neotropical
Strumigenys	TACTTMPStrumigenys_Neotropical354	Strumigenys_gundlachi	TACTTMPStrumigenys_Neotropical354_gundlachi	354	FALSE	Neotropical
Strumigenys	TACTTMPStrumigenys_Neotropical355	Strumigenys_eggersi	TACTTMPStrumigenys_Neotropical355_eggersi	355	FALSE	Neotropical
Strumigenys	TACTTMPStrumigenys_Neotropical356	Strumigenys_denticulata	TACTTMPStrumigenys_Neotropical356_denticulata	356	FALSE	Neotropical
Strumigenys	TACTTMPStrumigenys_Neotropical357	Strumigenys_paniaguae	TACTTMPStrumigenys_Neotropical357_paniaguae	357	FALSE	Neotropical
Strumigenys	TACTTMPStrumigenys_Neotropical358	Strumigenys_cascanteae	TACTTMPStrumigenys_Neotropical358_cascanteae	358	FALSE	Neotropical
Strumigenys	TACTTMPStrumigenys_Neotropical359	Strumigenys_lalassa	TACTTMPStrumigenys_Neotropical359_lalassa	359	FALSE	Neotropical
Strumigenys	TACTTMPStrumigenys_Neotropical360	Strumigenys_nigrescens	TACTTMPStrumigenys_Neotropical360_nigrescens	360	FALSE	Neotropical
Strumigenys	TACTTMPStrumigenys_Neotropical361	Strumigenys_fridericimuelleri	TACTTMPStrumigenys_Neotropical361_fridericimuelleri	361	FALSE	Neotropical
Strumigenys	TACTTMPStrumigenys_Neotropical362	Strumigenys_alberti	TACTTMPStrumigenys_Neotropical362_alberti	362	FALSE	Neotropical
Strumigenys	TACTTMPStrumigenys_Neotropical363	Strumigenys_schulzi	TACTTMPStrumigenys_Neotropical363_schulzi	363	FALSE	Neotropical
Strumigenys	TACTTMPStrumigenys_Neotropical364	Strumigenys_depressiceps	TACTTMPStrumigenys_Neotropical364_depressiceps	364	FALSE	Neotropical
Strumigenys	TACTTMPStrumigenys_Neotropical365	Strumigenys_epinotalis	TACTTMPStrumigenys_Neotropical365_epinotalis	365	FALSE	Neotropical
Strumigenys	TACTTMPStrumigenys_Neotropical366	Strumigenys_urrhobia	TACTTMPStrumigenys_Neotropical366_urrhobia	366	FALSE	Neotropical
Strumigenys	TACTTMPStrumigenys_Nearctic367	Strumigenys_subnuda	TACTTMPStrumigenys_Nearctic367_subnuda	367	FALSE	Nearctic
Strumigenys	TACTTMPStrumigenys_Neotropical368	Strumigenys_margaritae	TACTTMPStrumigenys_Neotropical368_margaritae	368	FALSE	Neotropical
Strumigenys	TACTTMPStrumigenys_Indomalayan369	Strumigenys_karawajewi	TACTTMPStrumigenys_Indomalayan369_karawajewi	369	FALSE	Indomalayan
Strumigenys	TACTTMPStrumigenys_Indomalayan370	Strumigenys_disjuncta	TACTTMPStrumigenys_Indomalayan370_disjuncta	370	FALSE	Indomalayan
Strumigenys	TACTTMPStrumigenys_Australasian371	Strumigenys_themis	TACTTMPStrumigenys_Australasian371_themis	371	FALSE	Australasian
Strumigenys	TACTTMPStrumigenys_Australasian372	Strumigenys_capitata	TACTTMPStrumigenys_Australasian372_capitata	372	FALSE	Australasian
Strumigenys	TACTTMPStrumigenys_Afrotropical373	Strumigenys_victrix	TACTTMPStrumigenys_Afrotropical373_victrix	373	FALSE	Afrotropical
Strumigenys	TACTTMPStrumigenys_Afrotropical374	Strumigenys_ambatrix	TACTTMPStrumigenys_Afrotropical374_ambatrix	374	FALSE	Afrotropical
Strumigenys	TACTTMPStrumigenys_Afrotropical375	Strumigenys_symmetrix	TACTTMPStrumigenys_Afrotropical375_symmetrix	375	FALSE	Afrotropical
Strumigenys	TACTTMPStrumigenys_Afrotropical376	Strumigenys_fautrix	TACTTMPStrumigenys_Afrotropical376_fautrix	376	FALSE	Afrotropical
Syllophopsis	TACTTMPSyllophopsis_Afrotropical01	Syllophopsis_gongromos	TACTTMPSyllophopsis_Afrotropical01_gongromos	1	FALSE	Afrotropical
Syllophopsis	TACTTMPSyllophopsis_Afrotropical02	Syllophopsis_fisheri	TACTTMPSyllophopsis_Afrotropical02_fisheri	2	FALSE	Afrotropical
Syllophopsis	TACTTMPSyllophopsis_Afrotropical03	Syllophopsis_infusca	TACTTMPSyllophopsis_Afrotropical03_infusca	3	FALSE	Afrotropical
Syllophopsis	TACTTMPSyllophopsis_Afrotropical04	Syllophopsis_aureorugosa	TACTTMPSyllophopsis_Afrotropical04_aureorugosa	4	FALSE	Afrotropical
Syllophopsis	TACTTMPSyllophopsis_Afrotropical05	Syllophopsis_modesta	TACTTMPSyllophopsis_Afrotropical05_modesta	5	FALSE	Afrotropical
Syllophopsis	TACTTMPSyllophopsis_Afrotropical06	Syllophopsis_hildebrandti	TACTTMPSyllophopsis_Afrotropical06_hildebrandti	6	FALSE	Afrotropical
Syllophopsis	TACTTMPSyllophopsis_Afrotropical07	Syllophopsis_adiastolon	TACTTMPSyllophopsis_Afrotropical07_adiastolon	7	FALSE	Afrotropical
Syscia	TACTTMPSyscia_Neotropical01	Syscia_pollula	TACTTMPSyscia_Neotropical01_pollula	1	FALSE	Neotropical
Syscia	TACTTMPSyscia_Neotropical02	Syscia_minuta	TACTTMPSyscia_Neotropical02_minuta	2	FALSE	Neotropical
Syscia	TACTTMPSyscia_Neotropical03	Syscia_ticomontana	TACTTMPSyscia_Neotropical03_ticomontana	3	FALSE	Neotropical
Syscia	TACTTMPSyscia_Neotropical04	Syscia_austrella	TACTTMPSyscia_Neotropical04_austrella	4	FALSE	Neotropical
Syscia	TACTTMPSyscia_Neotropical05	Syscia_sumnichti	TACTTMPSyscia_Neotropical05_sumnichti	5	FALSE	Neotropical
Syscia	TACTTMPSyscia_Neotropical06	Syscia_brachyptera	TACTTMPSyscia_Neotropical06_brachyptera	6	FALSE	Neotropical
Syscia	TACTTMPSyscia_Nearctic07	Syscia_madrensis	TACTTMPSyscia_Nearctic07_madrensis	7	FALSE	Nearctic
Syscia	TACTTMPSyscia_Nearctic08	Syscia_augustae	TACTTMPSyscia_Nearctic08_augustae	8	FALSE	Nearctic
Syscia	TACTTMPSyscia_Neotropical09	Syscia_boudinoti	TACTTMPSyscia_Neotropical09_boudinoti	9	FALSE	Neotropical
Syscia	TACTTMPSyscia_Neotropical10	Syscia_transisthmica	TACTTMPSyscia_Neotropical10_transisthmica	10	FALSE	Neotropical
Syscia	TACTTMPSyscia_Neotropical11	Syscia_lacandona	TACTTMPSyscia_Neotropical11_lacandona	11	FALSE	Neotropical
Syscia	TACTTMPSyscia_Neotropical12	Syscia_tolteca	TACTTMPSyscia_Neotropical12_tolteca	12	FALSE	Neotropical
Syscia	TACTTMPSyscia_Neotropical13	Syscia_machaquila	TACTTMPSyscia_Neotropical13_machaquila	13	FALSE	Neotropical
Syscia	TACTTMPSyscia_Neotropical14	Syscia_chiapaneca	TACTTMPSyscia_Neotropical14_chiapaneca	14	FALSE	Neotropical
Syscia	TACTTMPSyscia_Neotropical15	Syscia_volucris	TACTTMPSyscia_Neotropical15_volucris	15	FALSE	Neotropical
Syscia	TACTTMPSyscia_Neotropical16	Syscia_honduriana	TACTTMPSyscia_Neotropical16_honduriana	16	FALSE	Neotropical
Syscia	TACTTMPSyscia_Neotropical17	Syscia_amblyogyna	TACTTMPSyscia_Neotropical17_amblyogyna	17	FALSE	Neotropical
Syscia	TACTTMPSyscia_Neotropical18	Syscia_latepunctata	TACTTMPSyscia_Neotropical18_latepunctata	18	FALSE	Neotropical
Syscia	TACTTMPSyscia_Neotropical19	Syscia_benevidesae	TACTTMPSyscia_Neotropical19_benevidesae	19	FALSE	Neotropical
Syscia	TACTTMPSyscia_Neotropical20	Syscia_disjuncta	TACTTMPSyscia_Neotropical20_disjuncta	20	FALSE	Neotropical
Syscia	TACTTMPSyscia_Neotropical21	Syscia_grandis	TACTTMPSyscia_Neotropical21_grandis	21	FALSE	Neotropical
Syscia	TACTTMPSyscia_Neotropical22	Syscia_parva	TACTTMPSyscia_Neotropical22_parva	22	FALSE	Neotropical
Syscia	TACTTMPSyscia_Neotropical23	Syscia_valenzuelai	TACTTMPSyscia_Neotropical23_valenzuelai	23	FALSE	Neotropical
Syscia	TACTTMPSyscia_Neotropical24	Syscia_parietalis	TACTTMPSyscia_Neotropical24_parietalis	24	FALSE	Neotropical
Syscia	TACTTMPSyscia_Neotropical25	Syscia_murillocruzae	TACTTMPSyscia_Neotropical25_murillocruzae	25	FALSE	Neotropical
Syscia	TACTTMPSyscia_Neotropical26	Syscia_setosa	TACTTMPSyscia_Neotropical26_setosa	26	FALSE	Neotropical
Syscia	TACTTMPSyscia_Neotropical27	Syscia_atitlana	TACTTMPSyscia_Neotropical27_atitlana	27	FALSE	Neotropical
Syscia	TACTTMPSyscia_Neotropical28	Syscia_truncata	TACTTMPSyscia_Neotropical28_truncata	28	FALSE	Neotropical
Syscia	TACTTMPSyscia_Neotropical29	Syscia_peten	TACTTMPSyscia_Neotropical29_peten	29	FALSE	Neotropical
Syscia	TACTTMPSyscia_Neotropical30	Syscia_pervagata	TACTTMPSyscia_Neotropical30_pervagata	30	FALSE	Neotropical
Syscia	TACTTMPSyscia_Neotropical31	Syscia_persimilis	TACTTMPSyscia_Neotropical31_persimilis	31	FALSE	Neotropical
Syscia	TACTTMPSyscia_Neotropical32	Syscia_jennierussae	TACTTMPSyscia_Neotropical32_jennierussae	32	FALSE	Neotropical
Syscia	TACTTMPSyscia_Indomalayan33	Syscia_typhla	TACTTMPSyscia_Indomalayan33_typhla	33	FALSE	Indomalayan
Tanipone	TACTTMPTanipone_Afrotropical01	Tanipone_subpilosa	TACTTMPTanipone_Afrotropical01_subpilosa	1	FALSE	Afrotropical
Tanipone	TACTTMPTanipone_Afrotropical02	Tanipone_aglandula	TACTTMPTanipone_Afrotropical02_aglandula	2	FALSE	Afrotropical
Tanipone	TACTTMPTanipone_Afrotropical03	Tanipone_hirsuta	TACTTMPTanipone_Afrotropical03_hirsuta	3	FALSE	Afrotropical
Tanipone	TACTTMPTanipone_Afrotropical04	Tanipone_pilosa	TACTTMPTanipone_Afrotropical04_pilosa	4	FALSE	Afrotropical
Tanipone	TACTTMPTanipone_Afrotropical05	Tanipone_varia	TACTTMPTanipone_Afrotropical05_varia	5	FALSE	Afrotropical
Tanipone	TACTTMPTanipone_Afrotropical06	Tanipone_aversa	TACTTMPTanipone_Afrotropical06_aversa	6	FALSE	Afrotropical
Tanipone	TACTTMPTanipone_Afrotropical07	Tanipone_zona	TACTTMPTanipone_Afrotropical07_zona	7	FALSE	Afrotropical
Tanipone	TACTTMPTanipone_Afrotropical08	Tanipone_maculata	TACTTMPTanipone_Afrotropical08_maculata	8	FALSE	Afrotropical
Tanipone	TACTTMPTanipone_Afrotropical09	Tanipone_scelesta	TACTTMPTanipone_Afrotropical09_scelesta	9	FALSE	Afrotropical
Tapinolepis	TACTTMPTapinolepis_Unknown01	Tapinolepis_sp	TACTTMPTapinolepis_Unknown01_sp	1	FALSE	Unknown
Tapinoma	TACTTMPTapinoma_Neotropical01	Tapinoma_ramulorum	TACTTMPTapinoma_Neotropical01_ramulorum	1	FALSE	Neotropical
Tapinoma	TACTTMPTapinoma_Neotropical02	Tapinoma_litorale	TACTTMPTapinoma_Neotropical02_litorale	2	FALSE	Neotropical
Tapinoma	TACTTMPTapinoma_Palearctic03	Tapinoma_sahohime	TACTTMPTapinoma_Palearctic03_sahohime	3	FALSE	Palearctic
Tapinoma	TACTTMPTapinoma_Indomalayan04	Tapinoma_williamsi	TACTTMPTapinoma_Indomalayan04_williamsi	4	FALSE	Indomalayan
Tapinoma	TACTTMPTapinoma_Australasian05	Tapinoma_minutum	TACTTMPTapinoma_Australasian05_minutum	5	FALSE	Australasian
Tapinoma	TACTTMPTapinoma_Indomalayan06	Tapinoma_melanocephalum	TACTTMPTapinoma_Indomalayan06_melanocephalum	6	FALSE	Indomalayan
Tapinoma	TACTTMPTapinoma_Indomalayan07	Tapinoma_jandai	TACTTMPTapinoma_Indomalayan07_jandai	7	FALSE	Indomalayan
Tapinoma	TACTTMPTapinoma_Nearctic08	Tapinoma_sessile	TACTTMPTapinoma_Nearctic08_sessile	8	FALSE	Nearctic
Tapinoma	TACTTMPTapinoma_Palearctic09	Tapinoma_nigerrimum	TACTTMPTapinoma_Palearctic09_nigerrimum	9	FALSE	Palearctic
Tapinoma	TACTTMPTapinoma_Palearctic10	Tapinoma_madeirense	TACTTMPTapinoma_Palearctic10_madeirense	10	FALSE	Palearctic
Tapinoma	TACTTMPTapinoma_Palearctic11	Tapinoma_erraticum	TACTTMPTapinoma_Palearctic11_erraticum	11	FALSE	Palearctic
Tapinoma	TACTTMPTapinoma_Afrotropical12	Tapinoma_subtile	TACTTMPTapinoma_Afrotropical12_subtile	12	FALSE	Afrotropical
Tapinoma	TACTTMPTapinoma_Neotropical13	Tapinoma_opacum	TACTTMPTapinoma_Neotropical13_opacum	13	FALSE	Neotropical
Technomyrmex	TACTTMPTechnomyrmex_Oceanian01	Technomyrmex_vitiensis	TACTTMPTechnomyrmex_Oceanian01_vitiensis	1	FALSE	Oceanian
Technomyrmex	TACTTMPTechnomyrmex_Indomalayan02	Technomyrmex_albipes	TACTTMPTechnomyrmex_Indomalayan02_albipes	2	FALSE	Indomalayan
Technomyrmex	TACTTMPTechnomyrmex_Afrotropical03	Technomyrmex_innocens	TACTTMPTechnomyrmex_Afrotropical03_innocens	3	FALSE	Afrotropical
Technomyrmex	TACTTMPTechnomyrmex_Afrotropical04	Technomyrmex_anterops	TACTTMPTechnomyrmex_Afrotropical04_anterops	4	FALSE	Afrotropical
Technomyrmex	TACTTMPTechnomyrmex_Afrotropical05	Technomyrmex_madecassus	TACTTMPTechnomyrmex_Afrotropical05_madecassus	5	FALSE	Afrotropical
Technomyrmex	TACTTMPTechnomyrmex_Afrotropical06	Technomyrmex_difficilis	TACTTMPTechnomyrmex_Afrotropical06_difficilis	6	FALSE	Afrotropical
Technomyrmex	TACTTMPTechnomyrmex_Afrotropical07	Technomyrmex_curiosus	TACTTMPTechnomyrmex_Afrotropical07_curiosus	7	FALSE	Afrotropical
Technomyrmex	TACTTMPTechnomyrmex_Afrotropical08	Technomyrmex_pallipes	TACTTMPTechnomyrmex_Afrotropical08_pallipes	8	FALSE	Afrotropical
Technomyrmex	TACTTMPTechnomyrmex_Afrotropical09	Technomyrmex_mayri	TACTTMPTechnomyrmex_Afrotropical09_mayri	9	FALSE	Afrotropical
Technomyrmex	TACTTMPTechnomyrmex_Afrotropical10	Technomyrmex_voeltzkowi	TACTTMPTechnomyrmex_Afrotropical10_voeltzkowi	10	FALSE	Afrotropical
Technomyrmex	TACTTMPTechnomyrmex_Afrotropical11	Technomyrmex_docens	TACTTMPTechnomyrmex_Afrotropical11_docens	11	FALSE	Afrotropical
Technomyrmex	TACTTMPTechnomyrmex_Afrotropical12	Technomyrmex_fisheri	TACTTMPTechnomyrmex_Afrotropical12_fisheri	12	FALSE	Afrotropical
Temnothorax	TACTTMPTemnothorax_Neotropical01	Temnothorax_peninsularis	TACTTMPTemnothorax_Neotropical01_peninsularis	1	FALSE	Neotropical
Temnothorax	TACTTMPTemnothorax_Neotropical02	Temnothorax_fuscatus	TACTTMPTemnothorax_Neotropical02_fuscatus	2	FALSE	Neotropical
Temnothorax	TACTTMPTemnothorax_Neotropical03	Temnothorax_arbustus	TACTTMPTemnothorax_Neotropical03_arbustus	3	FALSE	Neotropical
Temnothorax	TACTTMPTemnothorax_Neotropical04	Temnothorax_acutispinosus	TACTTMPTemnothorax_Neotropical04_acutispinosus	4	FALSE	Neotropical
Temnothorax	TACTTMPTemnothorax_Nearctic05	Temnothorax_pergandei	TACTTMPTemnothorax_Nearctic05_pergandei	5	FALSE	Nearctic
Temnothorax	TACTTMPTemnothorax_Neotropical06	Temnothorax_bison	TACTTMPTemnothorax_Neotropical06_bison	6	FALSE	Neotropical
Temnothorax	TACTTMPTemnothorax_Neotropical07	Temnothorax_salvini	TACTTMPTemnothorax_Neotropical07_salvini	7	FALSE	Neotropical
Temnothorax	TACTTMPTemnothorax_Neotropical08	Temnothorax_longicaulis	TACTTMPTemnothorax_Neotropical08_longicaulis	8	FALSE	Neotropical
Temnothorax	TACTTMPTemnothorax_Neotropical09	Temnothorax_longinoi	TACTTMPTemnothorax_Neotropical09_longinoi	9	FALSE	Neotropical
Temnothorax	TACTTMPTemnothorax_Neotropical10	Temnothorax_paraztecus	TACTTMPTemnothorax_Neotropical10_paraztecus	10	FALSE	Neotropical
Temnothorax	TACTTMPTemnothorax_Neotropical11	Temnothorax_aztecus	TACTTMPTemnothorax_Neotropical11_aztecus	11	FALSE	Neotropical
Temnothorax	TACTTMPTemnothorax_Neotropical12	Temnothorax_parvidentatus	TACTTMPTemnothorax_Neotropical12_parvidentatus	12	FALSE	Neotropical
Temnothorax	TACTTMPTemnothorax_Neotropical13	Temnothorax_aztecoides	TACTTMPTemnothorax_Neotropical13_aztecoides	13	FALSE	Neotropical
Temnothorax	TACTTMPTemnothorax_Neotropical14	Temnothorax_quetzal	TACTTMPTemnothorax_Neotropical14_quetzal	14	FALSE	Neotropical
Temnothorax	TACTTMPTemnothorax_Neotropical15	Temnothorax_fortispinosus	TACTTMPTemnothorax_Neotropical15_fortispinosus	15	FALSE	Neotropical
Temnothorax	TACTTMPTemnothorax_Neotropical16	Temnothorax_acuminatus	TACTTMPTemnothorax_Neotropical16_acuminatus	16	FALSE	Neotropical
Temnothorax	TACTTMPTemnothorax_Neotropical17	Temnothorax_torrei	TACTTMPTemnothorax_Neotropical17_torrei	17	FALSE	Neotropical
Temnothorax	TACTTMPTemnothorax_Neotropical18	Temnothorax_terricola	TACTTMPTemnothorax_Neotropical18_terricola	18	FALSE	Neotropical
Temnothorax	TACTTMPTemnothorax_Neotropical19	Temnothorax_laticrus	TACTTMPTemnothorax_Neotropical19_laticrus	19	FALSE	Neotropical
Temnothorax	TACTTMPTemnothorax_Neotropical20	Temnothorax_pastinifer	TACTTMPTemnothorax_Neotropical20_pastinifer	20	FALSE	Neotropical
Temnothorax	TACTTMPTemnothorax_Nearctic21	Temnothorax_subditivus	TACTTMPTemnothorax_Nearctic21_subditivus	21	FALSE	Nearctic
Temnothorax	TACTTMPTemnothorax_Neotropical22	Temnothorax_augusti	TACTTMPTemnothorax_Neotropical22_augusti	22	FALSE	Neotropical
Temnothorax	TACTTMPTemnothorax_Neotropical23	Temnothorax_leucacanthoides	TACTTMPTemnothorax_Neotropical23_leucacanthoides	23	FALSE	Neotropical
Temnothorax	TACTTMPTemnothorax_Neotropical24	Temnothorax_aureus	TACTTMPTemnothorax_Neotropical24_aureus	24	FALSE	Neotropical
Temnothorax	TACTTMPTemnothorax_Neotropical25	Temnothorax_ixili	TACTTMPTemnothorax_Neotropical25_ixili	25	FALSE	Neotropical
Temnothorax	TACTTMPTemnothorax_Neotropical26	Temnothorax_achii	TACTTMPTemnothorax_Neotropical26_achii	26	FALSE	Neotropical
Temnothorax	TACTTMPTemnothorax_Nearctic27	Temnothorax_misomoschus	TACTTMPTemnothorax_Nearctic27_misomoschus	27	FALSE	Nearctic
Temnothorax	TACTTMPTemnothorax_Palearctic28	Temnothorax_unifasciatus	TACTTMPTemnothorax_Palearctic28_unifasciatus	28	FALSE	Palearctic
Temnothorax	TACTTMPTemnothorax_Palearctic29	Temnothorax_brackoi	TACTTMPTemnothorax_Palearctic29_brackoi	29	FALSE	Palearctic
Temnothorax	TACTTMPTemnothorax_Palearctic30	Temnothorax_nigriceps	TACTTMPTemnothorax_Palearctic30_nigriceps	30	FALSE	Palearctic
Temnothorax	TACTTMPTemnothorax_Palearctic31	Temnothorax_exilis	TACTTMPTemnothorax_Palearctic31_exilis	31	FALSE	Palearctic
Temnothorax	TACTTMPTemnothorax_Palearctic32	Temnothorax_tuberum	TACTTMPTemnothorax_Palearctic32_tuberum	32	FALSE	Palearctic
Temnothorax	TACTTMPTemnothorax_Palearctic33	Temnothorax_turcicus	TACTTMPTemnothorax_Palearctic33_turcicus	33	FALSE	Palearctic
Temnothorax	TACTTMPTemnothorax_Palearctic34	Temnothorax_interruptus	TACTTMPTemnothorax_Palearctic34_interruptus	34	FALSE	Palearctic
Temnothorax	TACTTMPTemnothorax_Palearctic35	Temnothorax_congruus	TACTTMPTemnothorax_Palearctic35_congruus	35	FALSE	Palearctic
Temnothorax	TACTTMPTemnothorax_Palearctic36	Temnothorax_nylanderi	TACTTMPTemnothorax_Palearctic36_nylanderi	36	FALSE	Palearctic
Temnothorax	TACTTMPTemnothorax_Afrotropical37	Temnothorax_mpala	TACTTMPTemnothorax_Afrotropical37_mpala	37	FALSE	Afrotropical
Temnothorax	TACTTMPTemnothorax_Palearctic38	Temnothorax_blascoi	TACTTMPTemnothorax_Palearctic38_blascoi	38	FALSE	Palearctic
Temnothorax	TACTTMPTemnothorax_Unknown39	Temnothorax_semenovi	TACTTMPTemnothorax_Unknown39_semenovi	39	FALSE	Unknown
Temnothorax	TACTTMPTemnothorax_Palearctic40	Temnothorax_muellerianus	TACTTMPTemnothorax_Palearctic40_muellerianus	40	FALSE	Palearctic
Temnothorax	TACTTMPTemnothorax_Palearctic41	Temnothorax_kutteri	TACTTMPTemnothorax_Palearctic41_kutteri	41	FALSE	Palearctic
Temnothorax	TACTTMPTemnothorax_Palearctic42	Temnothorax_flavicornis	TACTTMPTemnothorax_Palearctic42_flavicornis	42	FALSE	Palearctic
Temnothorax	TACTTMPTemnothorax_Palearctic43	Temnothorax_trabutii	TACTTMPTemnothorax_Palearctic43_trabutii	43	FALSE	Palearctic
Temnothorax	TACTTMPTemnothorax_Palearctic44	Temnothorax_angustulus	TACTTMPTemnothorax_Palearctic44_angustulus	44	FALSE	Palearctic
Temnothorax	TACTTMPTemnothorax_Palearctic45	Temnothorax_ibericus	TACTTMPTemnothorax_Palearctic45_ibericus	45	FALSE	Palearctic
Temnothorax	TACTTMPTemnothorax_Palearctic46	Temnothorax_cagnianti	TACTTMPTemnothorax_Palearctic46_cagnianti	46	FALSE	Palearctic
Temnothorax	TACTTMPTemnothorax_Palearctic47	Temnothorax_gredosi	TACTTMPTemnothorax_Palearctic47_gredosi	47	FALSE	Palearctic
Temnothorax	TACTTMPTemnothorax_Nearctic48	Temnothorax_longispinosus	TACTTMPTemnothorax_Nearctic48_longispinosus	48	FALSE	Nearctic
Temnothorax	TACTTMPTemnothorax_Nearctic49	Temnothorax_ambiguus	TACTTMPTemnothorax_Nearctic49_ambiguus	49	FALSE	Nearctic
Temnothorax	TACTTMPTemnothorax_Nearctic50	Temnothorax_tuscaloosae	TACTTMPTemnothorax_Nearctic50_tuscaloosae	50	FALSE	Nearctic
Temnothorax	TACTTMPTemnothorax_Nearctic51	Temnothorax_curvispinosus	TACTTMPTemnothorax_Nearctic51_curvispinosus	51	FALSE	Nearctic
Temnothorax	TACTTMPTemnothorax_Nearctic52	Temnothorax_americanus	TACTTMPTemnothorax_Nearctic52_americanus	52	FALSE	Nearctic
Temnothorax	TACTTMPTemnothorax_Palearctic53	Temnothorax_stumperi	TACTTMPTemnothorax_Palearctic53_stumperi	53	FALSE	Palearctic
Temnothorax	TACTTMPTemnothorax_Palearctic54	Temnothorax_georgicus	TACTTMPTemnothorax_Palearctic54_georgicus	54	FALSE	Palearctic
Temnothorax	TACTTMPTemnothorax_Palearctic55	Temnothorax_ravouxi	TACTTMPTemnothorax_Palearctic55_ravouxi	55	FALSE	Palearctic
Temnothorax	TACTTMPTemnothorax_Palearctic56	Temnothorax_algiricus	TACTTMPTemnothorax_Palearctic56_algiricus	56	FALSE	Palearctic
Temnothorax	TACTTMPTemnothorax_Palearctic57	Temnothorax_bernardi	TACTTMPTemnothorax_Palearctic57_bernardi	57	FALSE	Palearctic
Temnothorax	TACTTMPTemnothorax_Palearctic58	Temnothorax_gordiagini	TACTTMPTemnothorax_Palearctic58_gordiagini	58	FALSE	Palearctic
Temnothorax	TACTTMPTemnothorax_Palearctic59	Temnothorax_recedens	TACTTMPTemnothorax_Palearctic59_recedens	59	FALSE	Palearctic
Temnothorax	TACTTMPTemnothorax_Palearctic60	Temnothorax_oxianus	TACTTMPTemnothorax_Palearctic60_oxianus	60	FALSE	Palearctic
Temnothorax	TACTTMPTemnothorax_Palearctic61	Temnothorax_spinosior	TACTTMPTemnothorax_Palearctic61_spinosior	61	FALSE	Palearctic
Temnothorax	TACTTMPTemnothorax_Indomalayan62	Temnothorax_rothneyi	TACTTMPTemnothorax_Indomalayan62_rothneyi	62	FALSE	Indomalayan
Temnothorax	TACTTMPTemnothorax_Palearctic63	Temnothorax_kubira	TACTTMPTemnothorax_Palearctic63_kubira	63	FALSE	Palearctic
Temnothorax	TACTTMPTemnothorax_Palearctic64	Temnothorax_arimensis	TACTTMPTemnothorax_Palearctic64_arimensis	64	FALSE	Palearctic
Temnothorax	TACTTMPTemnothorax_Nearctic65	Temnothorax_whitfordi	TACTTMPTemnothorax_Nearctic65_whitfordi	65	FALSE	Nearctic
Temnothorax	TACTTMPTemnothorax_Nearctic66	Temnothorax_emmae	TACTTMPTemnothorax_Nearctic66_emmae	66	FALSE	Nearctic
Temnothorax	TACTTMPTemnothorax_Neotropical67	Temnothorax_creolus	TACTTMPTemnothorax_Neotropical67_creolus	67	FALSE	Neotropical
Temnothorax	TACTTMPTemnothorax_Nearctic68	Temnothorax_obturator	TACTTMPTemnothorax_Nearctic68_obturator	68	FALSE	Nearctic
Temnothorax	TACTTMPTemnothorax_Palearctic69	Temnothorax_corticalis	TACTTMPTemnothorax_Palearctic69_corticalis	69	FALSE	Palearctic
Temnothorax	TACTTMPTemnothorax_Palearctic70	Temnothorax_clypeatus	TACTTMPTemnothorax_Palearctic70_clypeatus	70	FALSE	Palearctic
Temnothorax	TACTTMPTemnothorax_Nearctic71	Temnothorax_smithi	TACTTMPTemnothorax_Nearctic71_smithi	71	FALSE	Nearctic
Temnothorax	TACTTMPTemnothorax_Nearctic72	Temnothorax_schaumii	TACTTMPTemnothorax_Nearctic72_schaumii	72	FALSE	Nearctic
Temnothorax	TACTTMPTemnothorax_Nearctic73	Temnothorax_rugatulus	TACTTMPTemnothorax_Nearctic73_rugatulus	73	FALSE	Nearctic
Temnothorax	TACTTMPTemnothorax_Palearctic74	Temnothorax_formosus	TACTTMPTemnothorax_Palearctic74_formosus	74	FALSE	Palearctic
Temnothorax	TACTTMPTemnothorax_Palearctic75	Temnothorax_cabrerae	TACTTMPTemnothorax_Palearctic75_cabrerae	75	FALSE	Palearctic
Temnothorax	TACTTMPTemnothorax_Palearctic76	Temnothorax_hesperius	TACTTMPTemnothorax_Palearctic76_hesperius	76	FALSE	Palearctic
Temnothorax	TACTTMPTemnothorax_Palearctic77	Temnothorax_semiruber	TACTTMPTemnothorax_Palearctic77_semiruber	77	FALSE	Palearctic
Temnothorax	TACTTMPTemnothorax_Palearctic78	Temnothorax_balcanicus	TACTTMPTemnothorax_Palearctic78_balcanicus	78	FALSE	Palearctic
Temnothorax	TACTTMPTemnothorax_Palearctic79	Temnothorax_cristinae	TACTTMPTemnothorax_Palearctic79_cristinae	79	FALSE	Palearctic
Temnothorax	TACTTMPTemnothorax_Palearctic80	Temnothorax_flavispinus	TACTTMPTemnothorax_Palearctic80_flavispinus	80	FALSE	Palearctic
Temnothorax	TACTTMPTemnothorax_Palearctic81	Temnothorax_baeticus	TACTTMPTemnothorax_Palearctic81_baeticus	81	FALSE	Palearctic
Temnothorax	TACTTMPTemnothorax_Nearctic82	Temnothorax_neomexicanus	TACTTMPTemnothorax_Nearctic82_neomexicanus	82	FALSE	Nearctic
Temnothorax	TACTTMPTemnothorax_Nearctic83	Temnothorax_carinatus	TACTTMPTemnothorax_Nearctic83_carinatus	83	FALSE	Nearctic
Temnothorax	TACTTMPTemnothorax_Nearctic84	Temnothorax_tricarinatus	TACTTMPTemnothorax_Nearctic84_tricarinatus	84	FALSE	Nearctic
Temnothorax	TACTTMPTemnothorax_Nearctic85	Temnothorax_stenotyle	TACTTMPTemnothorax_Nearctic85_stenotyle	85	FALSE	Nearctic
Temnothorax	TACTTMPTemnothorax_Nearctic86	Temnothorax_obliquicanthus	TACTTMPTemnothorax_Nearctic86_obliquicanthus	86	FALSE	Nearctic
Temnothorax	TACTTMPTemnothorax_Neotropical87	Temnothorax_morongo	TACTTMPTemnothorax_Neotropical87_morongo	87	FALSE	Neotropical
Temnothorax	TACTTMPTemnothorax_Neotropical88	Temnothorax_punctithorax	TACTTMPTemnothorax_Neotropical88_punctithorax	88	FALSE	Neotropical
Temnothorax	TACTTMPTemnothorax_Neotropical89	Temnothorax_bicolor	TACTTMPTemnothorax_Neotropical89_bicolor	89	FALSE	Neotropical
Temnothorax	TACTTMPTemnothorax_Neotropical90	Temnothorax_striatulus	TACTTMPTemnothorax_Neotropical90_striatulus	90	FALSE	Neotropical
Temnothorax	TACTTMPTemnothorax_Neotropical91	Temnothorax_punctaticeps	TACTTMPTemnothorax_Neotropical91_punctaticeps	91	FALSE	Neotropical
Temnothorax	TACTTMPTemnothorax_Neotropical92	Temnothorax_rugithorax	TACTTMPTemnothorax_Neotropical92_rugithorax	92	FALSE	Neotropical
Temnothorax	TACTTMPTemnothorax_Neotropical93	Temnothorax_poeyi	TACTTMPTemnothorax_Neotropical93_poeyi	93	FALSE	Neotropical
Temnothorax	TACTTMPTemnothorax_Neotropical94	Temnothorax_gundlachi	TACTTMPTemnothorax_Neotropical94_gundlachi	94	FALSE	Neotropical
Temnothorax	TACTTMPTemnothorax_Neotropical95	Temnothorax_splendens	TACTTMPTemnothorax_Neotropical95_splendens	95	FALSE	Neotropical
Temnothorax	TACTTMPTemnothorax_Neotropical96	Temnothorax_sallei	TACTTMPTemnothorax_Neotropical96_sallei	96	FALSE	Neotropical
Temnothorax	TACTTMPTemnothorax_Neotropical97	Temnothorax_purpuratus	TACTTMPTemnothorax_Neotropical97_purpuratus	97	FALSE	Neotropical
Temnothorax	TACTTMPTemnothorax_Neotropical98	Temnothorax_laetus	TACTTMPTemnothorax_Neotropical98_laetus	98	FALSE	Neotropical
Temnothorax	TACTTMPTemnothorax_Neotropical99	Temnothorax_allardycei	TACTTMPTemnothorax_Neotropical99_allardycei	99	FALSE	Neotropical
Temnothorax	TACTTMPTemnothorax_Nearctic100	Temnothorax_nitens	TACTTMPTemnothorax_Nearctic100_nitens	100	FALSE	Nearctic
Temnothorax	TACTTMPTemnothorax_Nearctic101	Temnothorax_andrei	TACTTMPTemnothorax_Nearctic101_andrei	101	FALSE	Nearctic
Temnothorax	TACTTMPTemnothorax_Nearctic102	Temnothorax_nevadensis	TACTTMPTemnothorax_Nearctic102_nevadensis	102	FALSE	Nearctic
Temnothorax	TACTTMPTemnothorax_Nearctic103	Temnothorax_gallae	TACTTMPTemnothorax_Nearctic103_gallae	103	FALSE	Nearctic
Temnothorax	TACTTMPTemnothorax_Nearctic104	Temnothorax_paiute	TACTTMPTemnothorax_Nearctic104_paiute	104	FALSE	Nearctic
Temnothorax	TACTTMPTemnothorax_Nearctic105	Temnothorax_oxynodis	TACTTMPTemnothorax_Nearctic105_oxynodis	105	FALSE	Nearctic
Terataner	TACTTMPTerataner_Afrotropical01	Terataner_nymeria	TACTTMPTerataner_Afrotropical01_nymeria	1	FALSE	Afrotropical
Terataner	TACTTMPTerataner_Afrotropical02	Terataner_foreli	TACTTMPTerataner_Afrotropical02_foreli	2	FALSE	Afrotropical
Terataner	TACTTMPTerataner_Afrotropical03	Terataner_xaltus	TACTTMPTerataner_Afrotropical03_xaltus	3	FALSE	Afrotropical
Terataner	TACTTMPTerataner_Afrotropical04	Terataner_balrog	TACTTMPTerataner_Afrotropical04_balrog	4	FALSE	Afrotropical
Terataner	TACTTMPTerataner_Afrotropical05	Terataner_rufipes	TACTTMPTerataner_Afrotropical05_rufipes	5	FALSE	Afrotropical
Terataner	TACTTMPTerataner_Afrotropical06	Terataner_bottegoi	TACTTMPTerataner_Afrotropical06_bottegoi	6	FALSE	Afrotropical
Terataner	TACTTMPTerataner_Afrotropical07	Terataner_steinheili	TACTTMPTerataner_Afrotropical07_steinheili	7	FALSE	Afrotropical
Terataner	TACTTMPTerataner_Afrotropical08	Terataner_alluaudi	TACTTMPTerataner_Afrotropical08_alluaudi	8	FALSE	Afrotropical
Teratomyrmex	TACTTMPTeratomyrmex_Australasian01	Teratomyrmex_greavesi	TACTTMPTeratomyrmex_Australasian01_greavesi	1	FALSE	Australasian
Tetheamyrma	TACTTMPTetheamyrma_Australasian01	Tetheamyrma_subspongia	TACTTMPTetheamyrma_Australasian01_subspongia	1	FALSE	Australasian
Tetramorium	TACTTMPTetramorium_Afrotropical01	Tetramorium_scytalum	TACTTMPTetramorium_Afrotropical01_scytalum	1	FALSE	Afrotropical
Tetramorium	TACTTMPTetramorium_Australasian02	Tetramorium_lanuginosum	TACTTMPTetramorium_Australasian02_lanuginosum	2	FALSE	Australasian
Tetramorium	TACTTMPTetramorium_Afrotropical03	Tetramorium_venator	TACTTMPTetramorium_Afrotropical03_venator	3	FALSE	Afrotropical
Tetramorium	TACTTMPTetramorium_Australasian04	Tetramorium_validiusculum	TACTTMPTetramorium_Australasian04_validiusculum	4	FALSE	Australasian
Tetramorium	TACTTMPTetramorium_Australasian05	Tetramorium_taylori	TACTTMPTetramorium_Australasian05_taylori	5	FALSE	Australasian
Tetramorium	TACTTMPTetramorium_Afrotropical06	Tetramorium_sericeiventre	TACTTMPTetramorium_Afrotropical06_sericeiventre	6	FALSE	Afrotropical
Tetramorium	TACTTMPTetramorium_Afrotropical07	Tetramorium_mahafaly	TACTTMPTetramorium_Afrotropical07_mahafaly	7	FALSE	Afrotropical
Tetramorium	TACTTMPTetramorium_Afrotropical08	Tetramorium_tosii	TACTTMPTetramorium_Afrotropical08_tosii	8	FALSE	Afrotropical
Tetramorium	TACTTMPTetramorium_Afrotropical09	Tetramorium_tantillum	TACTTMPTetramorium_Afrotropical09_tantillum	9	FALSE	Afrotropical
Tetramorium	TACTTMPTetramorium_Palearctic10	Tetramorium_caldarium	TACTTMPTetramorium_Palearctic10_caldarium	10	FALSE	Palearctic
Tetramorium	TACTTMPTetramorium_Palearctic11	Tetramorium_impurum	TACTTMPTetramorium_Palearctic11_impurum	11	FALSE	Palearctic
Tetramorium	TACTTMPTetramorium_Unknown12	Tetramorium_caespitum	TACTTMPTetramorium_Unknown12_caespitum	12	FALSE	Unknown
Tetramorium	TACTTMPTetramorium_Neotropical13	Tetramorium_immigrans	TACTTMPTetramorium_Neotropical13_immigrans	13	FALSE	Neotropical
Tetramorium	TACTTMPTetramorium_Palearctic14	Tetramorium_atratulum	TACTTMPTetramorium_Palearctic14_atratulum	14	FALSE	Palearctic
Tetramorium	TACTTMPTetramorium_Afrotropical15	Tetramorium_bessonii	TACTTMPTetramorium_Afrotropical15_bessonii	15	FALSE	Afrotropical
Tetramorium	TACTTMPTetramorium_Afrotropical16	Tetramorium_artemis	TACTTMPTetramorium_Afrotropical16_artemis	16	FALSE	Afrotropical
Tetramorium	TACTTMPTetramorium_Afrotropical17	Tetramorium_wardi	TACTTMPTetramorium_Afrotropical17_wardi	17	FALSE	Afrotropical
Tetramorium	TACTTMPTetramorium_Afrotropical18	Tetramorium_ryanphelanae	TACTTMPTetramorium_Afrotropical18_ryanphelanae	18	FALSE	Afrotropical
Tetramorium	TACTTMPTetramorium_Afrotropical19	Tetramorium_malagasy	TACTTMPTetramorium_Afrotropical19_malagasy	19	FALSE	Afrotropical
Tetramorium	TACTTMPTetramorium_Afrotropical20	Tetramorium_plesiarum	TACTTMPTetramorium_Afrotropical20_plesiarum	20	FALSE	Afrotropical
Tetramorium	TACTTMPTetramorium_Afrotropical21	Tetramorium_pleganon	TACTTMPTetramorium_Afrotropical21_pleganon	21	FALSE	Afrotropical
Tetramorium	TACTTMPTetramorium_Afrotropical22	Tetramorium_mars	TACTTMPTetramorium_Afrotropical22_mars	22	FALSE	Afrotropical
Tetramorium	TACTTMPTetramorium_Afrotropical23	Tetramorium_kelleri	TACTTMPTetramorium_Afrotropical23_kelleri	23	FALSE	Afrotropical
Tetramorium	TACTTMPTetramorium_Afrotropical24	Tetramorium_ankarana	TACTTMPTetramorium_Afrotropical24_ankarana	24	FALSE	Afrotropical
Tetramorium	TACTTMPTetramorium_Afrotropical25	Tetramorium_ibycterum	TACTTMPTetramorium_Afrotropical25_ibycterum	25	FALSE	Afrotropical
Tetramorium	TACTTMPTetramorium_Afrotropical26	Tetramorium_dalek	TACTTMPTetramorium_Afrotropical26_dalek	26	FALSE	Afrotropical
Tetramorium	TACTTMPTetramorium_Afrotropical27	Tetramorium_alperti	TACTTMPTetramorium_Afrotropical27_alperti	27	FALSE	Afrotropical
Tetramorium	TACTTMPTetramorium_Afrotropical28	Tetramorium_ranarum	TACTTMPTetramorium_Afrotropical28_ranarum	28	FALSE	Afrotropical
Tetramorium	TACTTMPTetramorium_Afrotropical29	Tetramorium_quasirum	TACTTMPTetramorium_Afrotropical29_quasirum	29	FALSE	Afrotropical
Tetramorium	TACTTMPTetramorium_Afrotropical30	Tetramorium_naganum	TACTTMPTetramorium_Afrotropical30_naganum	30	FALSE	Afrotropical
Tetramorium	TACTTMPTetramorium_Afrotropical31	Tetramorium_enkidu	TACTTMPTetramorium_Afrotropical31_enkidu	31	FALSE	Afrotropical
Tetramorium	TACTTMPTetramorium_Afrotropical32	Tetramorium_gilgamesh	TACTTMPTetramorium_Afrotropical32_gilgamesh	32	FALSE	Afrotropical
Tetramorium	TACTTMPTetramorium_Afrotropical33	Tetramorium_steinheili	TACTTMPTetramorium_Afrotropical33_steinheili	33	FALSE	Afrotropical
Tetramorium	TACTTMPTetramorium_Afrotropical34	Tetramorium_ambatovy	TACTTMPTetramorium_Afrotropical34_ambatovy	34	FALSE	Afrotropical
Tetramorium	TACTTMPTetramorium_Afrotropical35	Tetramorium_norvigi	TACTTMPTetramorium_Afrotropical35_norvigi	35	FALSE	Afrotropical
Tetramorium	TACTTMPTetramorium_Afrotropical36	Tetramorium_mackae	TACTTMPTetramorium_Afrotropical36_mackae	36	FALSE	Afrotropical
Tetramorium	TACTTMPTetramorium_Afrotropical37	Tetramorium_hobbit	TACTTMPTetramorium_Afrotropical37_hobbit	37	FALSE	Afrotropical
Tetramorium	TACTTMPTetramorium_Afrotropical38	Tetramorium_trafo	TACTTMPTetramorium_Afrotropical38_trafo	38	FALSE	Afrotropical
Tetramorium	TACTTMPTetramorium_Afrotropical39	Tetramorium_popell	TACTTMPTetramorium_Afrotropical39_popell	39	FALSE	Afrotropical
Tetramorium	TACTTMPTetramorium_Afrotropical40	Tetramorium_vohitra	TACTTMPTetramorium_Afrotropical40_vohitra	40	FALSE	Afrotropical
Tetramorium	TACTTMPTetramorium_Afrotropical41	Tetramorium_robitika	TACTTMPTetramorium_Afrotropical41_robitika	41	FALSE	Afrotropical
Tetramorium	TACTTMPTetramorium_Afrotropical42	Tetramorium_mallenseana	TACTTMPTetramorium_Afrotropical42_mallenseana	42	FALSE	Afrotropical
Tetramorium	TACTTMPTetramorium_Afrotropical43	Tetramorium_yammer	TACTTMPTetramorium_Afrotropical43_yammer	43	FALSE	Afrotropical
Tetramorium	TACTTMPTetramorium_Afrotropical44	Tetramorium_sargina	TACTTMPTetramorium_Afrotropical44_sargina	44	FALSE	Afrotropical
Tetramorium	TACTTMPTetramorium_Afrotropical45	Tetramorium_marginatum	TACTTMPTetramorium_Afrotropical45_marginatum	45	FALSE	Afrotropical
Tetramorium	TACTTMPTetramorium_Afrotropical46	Tetramorium_hector	TACTTMPTetramorium_Afrotropical46_hector	46	FALSE	Afrotropical
Tetramorium	TACTTMPTetramorium_Afrotropical47	Tetramorium_silvicola	TACTTMPTetramorium_Afrotropical47_silvicola	47	FALSE	Afrotropical
Tetramorium	TACTTMPTetramorium_Afrotropical48	Tetramorium_valky	TACTTMPTetramorium_Afrotropical48_valky	48	FALSE	Afrotropical
Tetramorium	TACTTMPTetramorium_Afrotropical49	Tetramorium_shamshir	TACTTMPTetramorium_Afrotropical49_shamshir	49	FALSE	Afrotropical
Tetramorium	TACTTMPTetramorium_Afrotropical50	Tetramorium_myrmidon	TACTTMPTetramorium_Afrotropical50_myrmidon	50	FALSE	Afrotropical
Tetramorium	TACTTMPTetramorium_Afrotropical51	Tetramorium_freya	TACTTMPTetramorium_Afrotropical51_freya	51	FALSE	Afrotropical
Tetramorium	TACTTMPTetramorium_Afrotropical52	Tetramorium_pseudogladius	TACTTMPTetramorium_Afrotropical52_pseudogladius	52	FALSE	Afrotropical
Tetramorium	TACTTMPTetramorium_Afrotropical53	Tetramorium_nassonowii	TACTTMPTetramorium_Afrotropical53_nassonowii	53	FALSE	Afrotropical
Tetramorium	TACTTMPTetramorium_Afrotropical54	Tetramorium_merina	TACTTMPTetramorium_Afrotropical54_merina	54	FALSE	Afrotropical
Tetramorium	TACTTMPTetramorium_Afrotropical55	Tetramorium_xanthogaster	TACTTMPTetramorium_Afrotropical55_xanthogaster	55	FALSE	Afrotropical
Tetramorium	TACTTMPTetramorium_Afrotropical56	Tetramorium_schaufussii	TACTTMPTetramorium_Afrotropical56_schaufussii	56	FALSE	Afrotropical
Tetramorium	TACTTMPTetramorium_Afrotropical57	Tetramorium_monticola	TACTTMPTetramorium_Afrotropical57_monticola	57	FALSE	Afrotropical
Tetramorium	TACTTMPTetramorium_Afrotropical58	Tetramorium_camelliae	TACTTMPTetramorium_Afrotropical58_camelliae	58	FALSE	Afrotropical
Tetramorium	TACTTMPTetramorium_Afrotropical59	Tetramorium_aspis	TACTTMPTetramorium_Afrotropical59_aspis	59	FALSE	Afrotropical
Tetramorium	TACTTMPTetramorium_Afrotropical60	Tetramorium_rala	TACTTMPTetramorium_Afrotropical60_rala	60	FALSE	Afrotropical
Tetramorium	TACTTMPTetramorium_Afrotropical61	Tetramorium_obiwan	TACTTMPTetramorium_Afrotropical61_obiwan	61	FALSE	Afrotropical
Tetramorium	TACTTMPTetramorium_Afrotropical62	Tetramorium_gladius	TACTTMPTetramorium_Afrotropical62_gladius	62	FALSE	Afrotropical
Tetramorium	TACTTMPTetramorium_Afrotropical63	Tetramorium_sikorae	TACTTMPTetramorium_Afrotropical63_sikorae	63	FALSE	Afrotropical
Tetramorium	TACTTMPTetramorium_Afrotropical64	Tetramorium_cognatum	TACTTMPTetramorium_Afrotropical64_cognatum	64	FALSE	Afrotropical
Tetramorium	TACTTMPTetramorium_Afrotropical65	Tetramorium_rumo	TACTTMPTetramorium_Afrotropical65_rumo	65	FALSE	Afrotropical
Tetramorium	TACTTMPTetramorium_Afrotropical66	Tetramorium_tenuinode	TACTTMPTetramorium_Afrotropical66_tenuinode	66	FALSE	Afrotropical
Tetramorium	TACTTMPTetramorium_Afrotropical67	Tetramorium_proximum	TACTTMPTetramorium_Afrotropical67_proximum	67	FALSE	Afrotropical
Tetramorium	TACTTMPTetramorium_Afrotropical68	Tetramorium_severini	TACTTMPTetramorium_Afrotropical68_severini	68	FALSE	Afrotropical
Tetramorium	TACTTMPTetramorium_Afrotropical69	Tetramorium_scutum	TACTTMPTetramorium_Afrotropical69_scutum	69	FALSE	Afrotropical
Tetramorium	TACTTMPTetramorium_Afrotropical70	Tetramorium_isectum	TACTTMPTetramorium_Afrotropical70_isectum	70	FALSE	Afrotropical
Tetramorium	TACTTMPTetramorium_Afrotropical71	Tetramorium_andrei	TACTTMPTetramorium_Afrotropical71_andrei	71	FALSE	Afrotropical
Tetramorium	TACTTMPTetramorium_Afrotropical72	Tetramorium_isoelectrum	TACTTMPTetramorium_Afrotropical72_isoelectrum	72	FALSE	Afrotropical
Tetramorium	TACTTMPTetramorium_Afrotropical73	Tetramorium_elf	TACTTMPTetramorium_Afrotropical73_elf	73	FALSE	Afrotropical
Tetramorium	TACTTMPTetramorium_Afrotropical74	Tetramorium_electrum	TACTTMPTetramorium_Afrotropical74_electrum	74	FALSE	Afrotropical
Tetramorium	TACTTMPTetramorium_Afrotropical75	Tetramorium_voasary	TACTTMPTetramorium_Afrotropical75_voasary	75	FALSE	Afrotropical
Tetramorium	TACTTMPTetramorium_Afrotropical76	Tetramorium_jedi	TACTTMPTetramorium_Afrotropical76_jedi	76	FALSE	Afrotropical
Tetramorium	TACTTMPTetramorium_Afrotropical77	Tetramorium_aherni	TACTTMPTetramorium_Afrotropical77_aherni	77	FALSE	Afrotropical
Tetramorium	TACTTMPTetramorium_Afrotropical78	Tetramorium_noeli	TACTTMPTetramorium_Afrotropical78_noeli	78	FALSE	Afrotropical
Tetramorium	TACTTMPTetramorium_Afrotropical79	Tetramorium_ambanizana	TACTTMPTetramorium_Afrotropical79_ambanizana	79	FALSE	Afrotropical
Tetramorium	TACTTMPTetramorium_Afrotropical80	Tetramorium_marojejy	TACTTMPTetramorium_Afrotropical80_marojejy	80	FALSE	Afrotropical
Tetramorium	TACTTMPTetramorium_Afrotropical81	Tetramorium_ala	TACTTMPTetramorium_Afrotropical81_ala	81	FALSE	Afrotropical
Tetramorium	TACTTMPTetramorium_Afrotropical82	Tetramorium_adamsi	TACTTMPTetramorium_Afrotropical82_adamsi	82	FALSE	Afrotropical
Tetramorium	TACTTMPTetramorium_Afrotropical83	Tetramorium_smaug	TACTTMPTetramorium_Afrotropical83_smaug	83	FALSE	Afrotropical
Tetramorium	TACTTMPTetramorium_Afrotropical84	Tetramorium_sabatra	TACTTMPTetramorium_Afrotropical84_sabatra	84	FALSE	Afrotropical
Tetramorium	TACTTMPTetramorium_Afrotropical85	Tetramorium_nazgul	TACTTMPTetramorium_Afrotropical85_nazgul	85	FALSE	Afrotropical
Tetramorium	TACTTMPTetramorium_Afrotropical86	Tetramorium_andohahela	TACTTMPTetramorium_Afrotropical86_andohahela	86	FALSE	Afrotropical
Tetramorium	TACTTMPTetramorium_Afrotropical87	Tetramorium_singletonae	TACTTMPTetramorium_Afrotropical87_singletonae	87	FALSE	Afrotropical
Tetramorium	TACTTMPTetramorium_Afrotropical88	Tetramorium_nify	TACTTMPTetramorium_Afrotropical88_nify	88	FALSE	Afrotropical
Tetramorium	TACTTMPTetramorium_Afrotropical89	Tetramorium_sada	TACTTMPTetramorium_Afrotropical89_sada	89	FALSE	Afrotropical
Tetramorium	TACTTMPTetramorium_Afrotropical90	Tetramorium_nosybe	TACTTMPTetramorium_Afrotropical90_nosybe	90	FALSE	Afrotropical
Tetramorium	TACTTMPTetramorium_Afrotropical91	Tetramorium_vony	TACTTMPTetramorium_Afrotropical91_vony	91	FALSE	Afrotropical
Tetramorium	TACTTMPTetramorium_Afrotropical92	Tetramorium_bonibony	TACTTMPTetramorium_Afrotropical92_bonibony	92	FALSE	Afrotropical
Tetramorium	TACTTMPTetramorium_Afrotropical93	Tetramorium_olana	TACTTMPTetramorium_Afrotropical93_olana	93	FALSE	Afrotropical
Tetramorium	TACTTMPTetramorium_Afrotropical94	Tetramorium_kali	TACTTMPTetramorium_Afrotropical94_kali	94	FALSE	Afrotropical
Tetramorium	TACTTMPTetramorium_Afrotropical95	Tetramorium_orc	TACTTMPTetramorium_Afrotropical95_orc	95	FALSE	Afrotropical
Tetramorium	TACTTMPTetramorium_Afrotropical96	Tetramorium_dysalum	TACTTMPTetramorium_Afrotropical96_dysalum	96	FALSE	Afrotropical
Tetramorium	TACTTMPTetramorium_Afrotropical97	Tetramorium_zenatum	TACTTMPTetramorium_Afrotropical97_zenatum	97	FALSE	Afrotropical
Tetramorium	TACTTMPTetramorium_Afrotropical98	Tetramorium_coillum	TACTTMPTetramorium_Afrotropical98_coillum	98	FALSE	Afrotropical
Tetramorium	TACTTMPTetramorium_Afrotropical99	Tetramorium_tsingy	TACTTMPTetramorium_Afrotropical99_tsingy	99	FALSE	Afrotropical
Tetramorium	TACTTMPTetramorium_Afrotropical100	Tetramorium_gollum	TACTTMPTetramorium_Afrotropical100_gollum	100	FALSE	Afrotropical
Tetramorium	TACTTMPTetramorium_Afrotropical101	Tetramorium_bressleri	TACTTMPTetramorium_Afrotropical101_bressleri	101	FALSE	Afrotropical
Tetramorium	TACTTMPTetramorium_Afrotropical102	Tetramorium_avaratra	TACTTMPTetramorium_Afrotropical102_avaratra	102	FALSE	Afrotropical
Tetramorium	TACTTMPTetramorium_Neotropical103	Tetramorium_spinosum	TACTTMPTetramorium_Neotropical103_spinosum	103	FALSE	Neotropical
Tetramorium	TACTTMPTetramorium_Nearctic104	Tetramorium_hispidum	TACTTMPTetramorium_Nearctic104_hispidum	104	FALSE	Nearctic
Tetramorium	TACTTMPTetramorium_Nearctic105	Tetramorium_bicarinatum	TACTTMPTetramorium_Nearctic105_bicarinatum	105	FALSE	Nearctic
Tetramorium	TACTTMPTetramorium_Afrotropical106	Tetramorium_humbloti	TACTTMPTetramorium_Afrotropical106_humbloti	106	FALSE	Afrotropical
Tetramorium	TACTTMPTetramorium_Afrotropical107	Tetramorium_delagoense	TACTTMPTetramorium_Afrotropical107_delagoense	107	FALSE	Afrotropical
Tetramorium	TACTTMPTetramorium_Afrotropical108	Tetramorium_anodontion	TACTTMPTetramorium_Afrotropical108_anodontion	108	FALSE	Afrotropical
Tetramorium	TACTTMPTetramorium_Palearctic109	Tetramorium_simillimum	TACTTMPTetramorium_Palearctic109_simillimum	109	FALSE	Palearctic
Tetramorium	TACTTMPTetramorium_Afrotropical110	Tetramorium_transversinode	TACTTMPTetramorium_Afrotropical110_transversinode	110	FALSE	Afrotropical
Tetramorium	TACTTMPTetramorium_Afrotropical111	Tetramorium_cavernicola	TACTTMPTetramorium_Afrotropical111_cavernicola	111	FALSE	Afrotropical
Tetraponera	TACTTMPTetraponera_Afrotropical01	Tetraponera_penzigi	TACTTMPTetraponera_Afrotropical01_penzigi	1	FALSE	Afrotropical
Tetraponera	TACTTMPTetraponera_Afrotropical02	Tetraponera_continua	TACTTMPTetraponera_Afrotropical02_continua	2	FALSE	Afrotropical
Tetraponera	TACTTMPTetraponera_Afrotropical03	Tetraponera_tessmanni	TACTTMPTetraponera_Afrotropical03_tessmanni	3	FALSE	Afrotropical
Tetraponera	TACTTMPTetraponera_Palearctic04	Tetraponera_microcarpa	TACTTMPTetraponera_Palearctic04_microcarpa	4	FALSE	Palearctic
Tetraponera	TACTTMPTetraponera_Indomalayan05	Tetraponera_allaborans	TACTTMPTetraponera_Indomalayan05_allaborans	5	FALSE	Indomalayan
Tetraponera	TACTTMPTetraponera_Indomalayan06	Tetraponera_modesta	TACTTMPTetraponera_Indomalayan06_modesta	6	FALSE	Indomalayan
Tetraponera	TACTTMPTetraponera_Indomalayan07	Tetraponera_extenuata	TACTTMPTetraponera_Indomalayan07_extenuata	7	FALSE	Indomalayan
Tetraponera	TACTTMPTetraponera_Afrotropical08	Tetraponera_emeryi	TACTTMPTetraponera_Afrotropical08_emeryi	8	FALSE	Afrotropical
Tetraponera	TACTTMPTetraponera_Afrotropical09	Tetraponera_clypeata	TACTTMPTetraponera_Afrotropical09_clypeata	9	FALSE	Afrotropical
Tetraponera	TACTTMPTetraponera_Afrotropical10	Tetraponera_perlonga	TACTTMPTetraponera_Afrotropical10_perlonga	10	FALSE	Afrotropical
Tetraponera	TACTTMPTetraponera_Afrotropical11	Tetraponera_morondaviensis	TACTTMPTetraponera_Afrotropical11_morondaviensis	11	FALSE	Afrotropical
Tetraponera	TACTTMPTetraponera_Afrotropical12	Tetraponera_hysterica	TACTTMPTetraponera_Afrotropical12_hysterica	12	FALSE	Afrotropical
Tetraponera	TACTTMPTetraponera_Afrotropical13	Tetraponera_rakotonis	TACTTMPTetraponera_Afrotropical13_rakotonis	13	FALSE	Afrotropical
Tetraponera	TACTTMPTetraponera_Afrotropical14	Tetraponera_mandibularis	TACTTMPTetraponera_Afrotropical14_mandibularis	14	FALSE	Afrotropical
Tetraponera	TACTTMPTetraponera_Afrotropical15	Tetraponera_fictrix	TACTTMPTetraponera_Afrotropical15_fictrix	15	FALSE	Afrotropical
Tetraponera	TACTTMPTetraponera_Afrotropical16	Tetraponera_sahlbergii	TACTTMPTetraponera_Afrotropical16_sahlbergii	16	FALSE	Afrotropical
Tetraponera	TACTTMPTetraponera_Afrotropical17	Tetraponera_longula	TACTTMPTetraponera_Afrotropical17_longula	17	FALSE	Afrotropical
Tetraponera	TACTTMPTetraponera_Afrotropical18	Tetraponera_diana	TACTTMPTetraponera_Afrotropical18_diana	18	FALSE	Afrotropical
Tetraponera	TACTTMPTetraponera_Afrotropical19	Tetraponera_exasciata	TACTTMPTetraponera_Afrotropical19_exasciata	19	FALSE	Afrotropical
Tetraponera	TACTTMPTetraponera_Indomalayan20	Tetraponera_nigra	TACTTMPTetraponera_Indomalayan20_nigra	20	FALSE	Indomalayan
Tetraponera	TACTTMPTetraponera_Australasian21	Tetraponera_attenuata	TACTTMPTetraponera_Australasian21_attenuata	21	FALSE	Australasian
Tetraponera	TACTTMPTetraponera_Australasian22	Tetraponera_polita	TACTTMPTetraponera_Australasian22_polita	22	FALSE	Australasian
Tetraponera	TACTTMPTetraponera_Indomalayan23	Tetraponera_binghami	TACTTMPTetraponera_Indomalayan23_binghami	23	FALSE	Indomalayan
Tetraponera	TACTTMPTetraponera_Australasian24	Tetraponera_mimula	TACTTMPTetraponera_Australasian24_mimula	24	FALSE	Australasian
Tetraponera	TACTTMPTetraponera_Indomalayan25	Tetraponera_laeviceps	TACTTMPTetraponera_Indomalayan25_laeviceps	25	FALSE	Indomalayan
Tetraponera	TACTTMPTetraponera_Australasian26	Tetraponera_rotula	TACTTMPTetraponera_Australasian26_rotula	26	FALSE	Australasian
Tetraponera	TACTTMPTetraponera_Australasian27	Tetraponera_punctulata	TACTTMPTetraponera_Australasian27_punctulata	27	FALSE	Australasian
Tetraponera	TACTTMPTetraponera_Australasian28	Tetraponera_tucurua	TACTTMPTetraponera_Australasian28_tucurua	28	FALSE	Australasian
Tetraponera	TACTTMPTetraponera_Indomalayan29	Tetraponera_nitida	TACTTMPTetraponera_Indomalayan29_nitida	29	FALSE	Indomalayan
Tetraponera	TACTTMPTetraponera_Indomalayan30	Tetraponera_difficilis	TACTTMPTetraponera_Indomalayan30_difficilis	30	FALSE	Indomalayan
Tetraponera	TACTTMPTetraponera_Afrotropical31	Tetraponera_parops	TACTTMPTetraponera_Afrotropical31_parops	31	FALSE	Afrotropical
Tetraponera	TACTTMPTetraponera_Afrotropical32	Tetraponera_ophthalmica	TACTTMPTetraponera_Afrotropical32_ophthalmica	32	FALSE	Afrotropical
Tetraponera	TACTTMPTetraponera_Afrotropical33	Tetraponera_ambigua	TACTTMPTetraponera_Afrotropical33_ambigua	33	FALSE	Afrotropical
Tetraponera	TACTTMPTetraponera_Afrotropical34	Tetraponera_phragmotica	TACTTMPTetraponera_Afrotropical34_phragmotica	34	FALSE	Afrotropical
Tetraponera	TACTTMPTetraponera_Afrotropical35	Tetraponera_hirsuta	TACTTMPTetraponera_Afrotropical35_hirsuta	35	FALSE	Afrotropical
Tetraponera	TACTTMPTetraponera_Afrotropical36	Tetraponera_hespera	TACTTMPTetraponera_Afrotropical36_hespera	36	FALSE	Afrotropical
Tetraponera	TACTTMPTetraponera_Afrotropical37	Tetraponera_variegata	TACTTMPTetraponera_Afrotropical37_variegata	37	FALSE	Afrotropical
Tetraponera	TACTTMPTetraponera_Afrotropical38	Tetraponera_grandidieri	TACTTMPTetraponera_Afrotropical38_grandidieri	38	FALSE	Afrotropical
Tetraponera	TACTTMPTetraponera_Afrotropical39	Tetraponera_merita	TACTTMPTetraponera_Afrotropical39_merita	39	FALSE	Afrotropical
Tetraponera	TACTTMPTetraponera_Afrotropical40	Tetraponera_inermis	TACTTMPTetraponera_Afrotropical40_inermis	40	FALSE	Afrotropical
Tetraponera	TACTTMPTetraponera_Afrotropical41	Tetraponera_manangotra	TACTTMPTetraponera_Afrotropical41_manangotra	41	FALSE	Afrotropical
Tetraponera	TACTTMPTetraponera_Afrotropical42	Tetraponera_anthracina	TACTTMPTetraponera_Afrotropical42_anthracina	42	FALSE	Afrotropical
Tetraponera	TACTTMPTetraponera_Afrotropical43	Tetraponera_andrei	TACTTMPTetraponera_Afrotropical43_andrei	43	FALSE	Afrotropical
Tetraponera	TACTTMPTetraponera_Afrotropical44	Tetraponera_natalensis	TACTTMPTetraponera_Afrotropical44_natalensis	44	FALSE	Afrotropical
Tetraponera	TACTTMPTetraponera_Afrotropical45	Tetraponera_caffra	TACTTMPTetraponera_Afrotropical45_caffra	45	FALSE	Afrotropical
Tetraponera	TACTTMPTetraponera_Afrotropical46	Tetraponera_schulthessi	TACTTMPTetraponera_Afrotropical46_schulthessi	46	FALSE	Afrotropical
Tetraponera	TACTTMPTetraponera_Afrotropical47	Tetraponera_mocquerysi	TACTTMPTetraponera_Afrotropical47_mocquerysi	47	FALSE	Afrotropical
Tetraponera	TACTTMPTetraponera_Afrotropical48	Tetraponera_latifrons	TACTTMPTetraponera_Afrotropical48_latifrons	48	FALSE	Afrotropical
Tetraponera	TACTTMPTetraponera_Afrotropical49	Tetraponera_aethiops	TACTTMPTetraponera_Afrotropical49_aethiops	49	FALSE	Afrotropical
Tetraponera	TACTTMPTetraponera_Indomalayan50	Tetraponera_rufonigra	TACTTMPTetraponera_Indomalayan50_rufonigra	50	FALSE	Indomalayan
Tetraponera	TACTTMPTetraponera_Australasian51	Tetraponera_pilosa	TACTTMPTetraponera_Australasian51_pilosa	51	FALSE	Australasian
Thaumatomyrmex	TACTTMPThaumatomyrmex_Neotropical01	Thaumatomyrmex_nageli	TACTTMPThaumatomyrmex_Neotropical01_nageli	1	FALSE	Neotropical
Thaumatomyrmex	TACTTMPThaumatomyrmex_Neotropical02	Thaumatomyrmex_cochlearis	TACTTMPThaumatomyrmex_Neotropical02_cochlearis	2	FALSE	Neotropical
Thaumatomyrmex	TACTTMPThaumatomyrmex_Neotropical03	Thaumatomyrmex_mandibularis	TACTTMPThaumatomyrmex_Neotropical03_mandibularis	3	FALSE	Neotropical
Thaumatomyrmex	TACTTMPThaumatomyrmex_Neotropical04	Thaumatomyrmex_ferox	TACTTMPThaumatomyrmex_Neotropical04_ferox	4	FALSE	Neotropical
Thaumatomyrmex	TACTTMPThaumatomyrmex_Neotropical05	Thaumatomyrmex_contumax	TACTTMPThaumatomyrmex_Neotropical05_contumax	5	FALSE	Neotropical
Trachymyrmex	TACTTMPTrachymyrmex_Neotropical01	Trachymyrmex_smithi	TACTTMPTrachymyrmex_Neotropical01_smithi	1	FALSE	Neotropical
Trachymyrmex	TACTTMPTrachymyrmex_Nearctic02	Trachymyrmex_septentrionalis	TACTTMPTrachymyrmex_Nearctic02_septentrionalis	2	FALSE	Nearctic
Trachymyrmex	TACTTMPTrachymyrmex_Nearctic03	Trachymyrmex_arizonensis	TACTTMPTrachymyrmex_Nearctic03_arizonensis	3	FALSE	Nearctic
Trichomyrmex	TACTTMPTrichomyrmex_Indomalayan01	Trichomyrmex_mayri	TACTTMPTrichomyrmex_Indomalayan01_mayri	1	FALSE	Indomalayan
Trichomyrmex	TACTTMPTrichomyrmex_Indomalayan02	Trichomyrmex_destructor	TACTTMPTrichomyrmex_Indomalayan02_destructor	2	FALSE	Indomalayan
Trichomyrmex	TACTTMPTrichomyrmex_Indomalayan03	Trichomyrmex_criniceps	TACTTMPTrichomyrmex_Indomalayan03_criniceps	3	FALSE	Indomalayan
Trichomyrmex	TACTTMPTrichomyrmex_Afrotropical04	Trichomyrmex_robustior	TACTTMPTrichomyrmex_Afrotropical04_robustior	4	FALSE	Afrotropical
Turneria	TACTTMPTurneria_Australasian01	Turneria_bidentata	TACTTMPTurneria_Australasian01_bidentata	1	FALSE	Australasian
Typhlomyrmex	TACTTMPTyphlomyrmex_Neotropical01	Typhlomyrmex_major	TACTTMPTyphlomyrmex_Neotropical01_major	1	FALSE	Neotropical
Typhlomyrmex	TACTTMPTyphlomyrmex_Neotropical02	Typhlomyrmex_pusillus	TACTTMPTyphlomyrmex_Neotropical02_pusillus	2	FALSE	Neotropical
Typhlomyrmex	TACTTMPTyphlomyrmex_Neotropical03	Typhlomyrmex_rogenhoferi	TACTTMPTyphlomyrmex_Neotropical03_rogenhoferi	3	FALSE	Neotropical
Typhlomyrmex	TACTTMPTyphlomyrmex_Neotropical04	Typhlomyrmex_lavra	TACTTMPTyphlomyrmex_Neotropical04_lavra	4	FALSE	Neotropical
Typhlomyrmex	TACTTMPTyphlomyrmex_Neotropical05	Typhlomyrmex_reichenspergeri	TACTTMPTyphlomyrmex_Neotropical05_reichenspergeri	5	FALSE	Neotropical
Tyrannomyrmex	TACTTMPTyrannomyrmex_Indomalayan01	Tyrannomyrmex_rex	TACTTMPTyrannomyrmex_Indomalayan01_rex	1	FALSE	Indomalayan
Tyrannomyrmex	TACTTMPTyrannomyrmex_Indomalayan02	Tyrannomyrmex_legatus	TACTTMPTyrannomyrmex_Indomalayan02_legatus	2	FALSE	Indomalayan
Unicumyrmex	TACTTMPUnicumyrmex_Unknown01	Unicumyrmex_sp	TACTTMPUnicumyrmex_Unknown01_sp	1	FALSE	Unknown
Uwari	TACTTMPUwari_Unknown01	Uwari_sp	TACTTMPUwari_Unknown01_sp	1	FALSE	Unknown
Vollenhovia	TACTTMPVollenhovia_Australasian01	Vollenhovia_rufiventris	TACTTMPVollenhovia_Australasian01_rufiventris	1	FALSE	Australasian
Vollenhovia	TACTTMPVollenhovia_Palearctic02	Vollenhovia_emeryi	TACTTMPVollenhovia_Palearctic02_emeryi	2	FALSE	Palearctic
Vombisidris	TACTTMPVombisidris_Australasian01	Vombisidris_bilongrudi	TACTTMPVombisidris_Australasian01_bilongrudi	1	FALSE	Australasian
Wadeura	TACTTMPWadeura_Neotropical01	Wadeura_holmgrenita	TACTTMPWadeura_Neotropical01_holmgrenita	1	FALSE	Neotropical
Wadeura	TACTTMPWadeura_Neotropical02	Wadeura_guianensis	TACTTMPWadeura_Neotropical02_guianensis	2	FALSE	Neotropical
Wadeura	TACTTMPWadeura_Neotropical03	Wadeura_pauli	TACTTMPWadeura_Neotropical03_pauli	3	FALSE	Neotropical
Wasmannia	TACTTMPWasmannia_Neotropical01	Wasmannia_auropunctata	TACTTMPWasmannia_Neotropical01_auropunctata	1	FALSE	Neotropical
Xenomyrmex	TACTTMPXenomyrmex_Neotropical01	Xenomyrmex_stollii	TACTTMPXenomyrmex_Neotropical01_stollii	1	FALSE	Neotropical
Xenomyrmex	TACTTMPXenomyrmex_Nearctic02	Xenomyrmex_floridanus	TACTTMPXenomyrmex_Nearctic02_floridanus	2	FALSE	Nearctic
Xiphopelta	TACTTMPXiphopelta_Afrotropical01	Xiphopelta_elisae	TACTTMPXiphopelta_Afrotropical01_elisae	1	FALSE	Afrotropical
Xiphopelta	TACTTMPXiphopelta_Afrotropical02	Xiphopelta_ambigua	TACTTMPXiphopelta_Afrotropical02_ambigua	2	FALSE	Afrotropical
Xiphopelta	TACTTMPXiphopelta_Afrotropical03	Xiphopelta_senegalensis	TACTTMPXiphopelta_Afrotropical03_senegalensis	3	FALSE	Afrotropical
Xiphopelta	TACTTMPXiphopelta_Afrotropical04	Xiphopelta_weberi	TACTTMPXiphopelta_Afrotropical04_weberi	4	FALSE	Afrotropical
Xymmer	TACTTMPXymmer_Afrotropical01	Xymmer_muticus	TACTTMPXymmer_Afrotropical01_muticus	1	FALSE	Afrotropical
Yunodorylus	TACTTMPYunodorylus_Palearctic01	Yunodorylus_sexspinus	TACTTMPYunodorylus_Palearctic01_sexspinus	1	FALSE	Palearctic
Yunodorylus	TACTTMPYunodorylus_Australasian02	Yunodorylus_paradoxus	TACTTMPYunodorylus_Australasian02_paradoxus	2	FALSE	Australasian
Yunodorylus	TACTTMPYunodorylus_Indomalayan03	Yunodorylus_eguchii	TACTTMPYunodorylus_Indomalayan03_eguchii	3	FALSE	Indomalayan
Zasphinctus	TACTTMPZasphinctus_Australasian01	Zasphinctus_trux	TACTTMPZasphinctus_Australasian01_trux	1	FALSE	Australasian
Zasphinctus	TACTTMPZasphinctus_Australasian02	Zasphinctus_imbecilis	TACTTMPZasphinctus_Australasian02_imbecilis	2	FALSE	Australasian
Zasphinctus	TACTTMPZasphinctus_Afrotropical03	Zasphinctus_sarowiwai	TACTTMPZasphinctus_Afrotropical03_sarowiwai	3	FALSE	Afrotropical
Zasphinctus	TACTTMPZasphinctus_Afrotropical04	Zasphinctus_wilsoni	TACTTMPZasphinctus_Afrotropical04_wilsoni	4	FALSE	Afrotropical
Zatania	TACTTMPZatania_Neotropical01	Zatania_gibberosa	TACTTMPZatania_Neotropical01_gibberosa	1	FALSE	Neotropical
Zatania	TACTTMPZatania_Neotropical02	Zatania_albimaculata	TACTTMPZatania_Neotropical02_albimaculata	2	FALSE	Neotropical
Zatania	TACTTMPZatania_Neotropical03	Zatania_cisipa	TACTTMPZatania_Neotropical03_cisipa	3	FALSE	Neotropical
Zatania	TACTTMPZatania_Neotropical04	Zatania_gloriosa	TACTTMPZatania_Neotropical04_gloriosa	4	FALSE	Neotropical
