tA	tB	nb_ovl
ambl_Stigmatomma_s1	ambl_Stigmatomma_s3	0
ambl_Stigmatomma_s1	ambl_Stigmatomma_s4	1
ambl_Stigmatomma_s1	ambl_Amblyopone_s0	0
ambl_Stigmatomma_s1	atti_Acromyrmex_s2	0
ambl_Stigmatomma_s1	atti_Acromyrmex_s3	0
ambl_Stigmatomma_s1	atti_Sericomyrmex_s1	0
ambl_Stigmatomma_s1	atti_Myrmicocrypta_s1	0
ambl_Stigmatomma_s1	atti_Basiceros_s0	0
ambl_Stigmatomma_s1	atti_Strumigenys_s0	0
ambl_Stigmatomma_s1	atti_Pheidole_s1	0
ambl_Stigmatomma_s1	atti_Cephalotes_s0	0
ambl_Stigmatomma_s1	atti2_Sericomyrmex_s0	0
ambl_Stigmatomma_s1	atti2_Mycetomoellerius_s1	0
ambl_Stigmatomma_s1	atti2_Mycetagroicus_s0	0
ambl_Stigmatomma_s1	atti3_Pheidole_s1	0
ambl_Stigmatomma_s1	atti3_Strumigenys_s0	0
ambl_Stigmatomma_s1	atti3_Basiceros_s0	0
ambl_Stigmatomma_s1	atti3_Mycocepurus_s1	0
ambl_Stigmatomma_s1	atti3_Myrmicocrypta_s1	0
ambl_Stigmatomma_s1	atti3_Sericomyrmex_s1	0
ambl_Stigmatomma_s1	atti3_Acromyrmex_s1	0
ambl_Stigmatomma_s1	bakb_Mycetarotes_s0	0
ambl_Stigmatomma_s1	bakb_Trachymyrmex_s0	0
ambl_Stigmatomma_s1	bakb_Cephalotes_s0	0
ambl_Stigmatomma_s1	bakb_Strumigenys_s0	0
ambl_Stigmatomma_s1	bakb_Basiceros_s0	0
ambl_Stigmatomma_s1	bakb_Ochetomyrmex_s0	0
ambl_Stigmatomma_s1	bakb_Solenopsis_s0	0
ambl_Stigmatomma_s1	bakb_Monomorium_s0	0
ambl_Stigmatomma_s1	bakb_Ocymyrmex_s0	0
ambl_Stigmatomma_s1	bakb_Kartidris_s0	0
ambl_Stigmatomma_s1	bakb_Ancyridris_s0	0
ambl_Stigmatomma_s1	bakb_Harpagoxenus_s0	0
ambl_Stigmatomma_s1	bakb_Romblonella_s0	0
ambl_Stigmatomma_s1	bakb_Cyphoidris_s0	0
ambl_Stigmatomma_s1	bakb_Diplomorium_s0	0
ambl_Stigmatomma_s1	bakb_Goniomma_s0	0
ambl_Stigmatomma_s1	bakb_Zatania_s0	0
ambl_Stigmatomma_s1	bakb_Opisthopsis_s0	0
ambl_Stigmatomma_s1	bakb_Polyrhachis_s0	0
ambl_Stigmatomma_s1	bakb_Echinopla_s0	0
ambl_Stigmatomma_s1	bakb_Oecophylla_s0	0
ambl_Stigmatomma_s1	bakb_Formica_s0	0
ambl_Stigmatomma_s1	bakb_Cataglyphis_s0	0
ambl_Stigmatomma_s1	bakb_Stigmacros_s0	0
ambl_Stigmatomma_s1	bakb_Pseudomyrmex_s0	0
ambl_Stigmatomma_s1	bakb_Anonychomyrma_s0	0
ambl_Stigmatomma_s1	bakb_Froggattella_s0	0
ambl_Stigmatomma_s1	bakb_Dorymyrmex_s0	0
ambl_Stigmatomma_s1	bakb_Technomyrmex_s0	0
ambl_Stigmatomma_s1	bakb_Cheliomyrmex_s0	0
ambl_Stigmatomma_s1	bakb_Dinoponera_s0	0
ambl_Stigmatomma_s1	bakb_Adetomyrma_s0	0
ambl_Stigmatomma_s1	bakb_Onychomyrmex_s0	0
ambl_Stigmatomma_s1	brach_Brachymyrmex_s1	0
ambl_Stigmatomma_s1	cata_Cataglyphis_s1	0
ambl_Stigmatomma_s1	ceph_Cephalotes_s1	0
ambl_Stigmatomma_s1	ceph_Cephalotes_s2	0
ambl_Stigmatomma_s1	crea_Crematogaster_s1	0
ambl_Stigmatomma_s1	crea_Crematogaster_s2	0
ambl_Stigmatomma_s1	cren_Crematogaster_s1	0
ambl_Stigmatomma_s1	cres_Crematogaster_s0	0
ambl_Stigmatomma_s1	cret_Crematogaster_s1	0
ambl_Stigmatomma_s1	cret_Crematogaster_s2	0
ambl_Stigmatomma_s1	doli_Technomyrmex_s1	0
ambl_Stigmatomma_s1	doli_Bothriomyrmex_s1	0
ambl_Stigmatomma_s1	doli_Azteca_s1	0
ambl_Stigmatomma_s1	doli_Linepithema_s0	0
ambl_Stigmatomma_s1	doli_Anonychomyrma_s1	0
ambl_Stigmatomma_s1	doli_Froggattella_s0	0
ambl_Stigmatomma_s1	dory_Acanthostichus_s0	0
ambl_Stigmatomma_s1	dory_Eciton_s1	0
ambl_Stigmatomma_s1	dory_Dorylus_s2	0
ambl_Stigmatomma_s1	dory_Dorylus_s3	0
ambl_Stigmatomma_s1	dory_Ooceraea_s1	0
ambl_Stigmatomma_s1	dory_Parasyscia_s1	0
ambl_Stigmatomma_s1	ecta_Poneracantha_s1	0
ambl_Stigmatomma_s1	fori_Formica_s1	0
ambl_Stigmatomma_s1	fori_Acropyga_s0	0
ambl_Stigmatomma_s1	fori_Tapinolepis_s0	0
ambl_Stigmatomma_s1	fori_Calomyrmex_s1	0
ambl_Stigmatomma_s1	fori_Camponotus_s1	0
ambl_Stigmatomma_s1	fori_Camponotus_s3	0
ambl_Stigmatomma_s1	fori_Camponotus_s4	0
ambl_Stigmatomma_s1	fori_Colobopsis_s1	0
ambl_Stigmatomma_s1	fori_Oecophylla_s1	0
ambl_Stigmatomma_s1	fori_Lasius_s1	0
ambl_Stigmatomma_s1	form_Formica_s1	0
ambl_Stigmatomma_s1	lasi_Myrmecocystus_s1	0
ambl_Stigmatomma_s1	lasi_Paraparatrechina_s1	0
ambl_Stigmatomma_s1	lasi_Nylanderia_s2	0
ambl_Stigmatomma_s1	lasi_Nylanderia_s3	0
ambl_Stigmatomma_s1	lasi2_Lasius_s0	0
ambl_Stigmatomma_s1	lasi2_Nylanderia_s1	0
ambl_Stigmatomma_s1	lasi2_Nylanderia_s5	0
ambl_Stigmatomma_s1	lasi2_Nylanderia_s6	0
ambl_Stigmatomma_s1	lasi2_Nylanderia_s7	0
ambl_Stigmatomma_s1	lasi2_Nylanderia_s8	0
ambl_Stigmatomma_s1	lasi2_Nylanderia_s9	0
ambl_Stigmatomma_s1	melo_s0	0
ambl_Stigmatomma_s1	mycr_Mycocepurus_s0	0
ambl_Stigmatomma_s1	mycr_Myrmicocrypta_s1	0
ambl_Stigmatomma_s1	mymi_Myrmica_s13	0
ambl_Stigmatomma_s1	mymi_Myrmica_s14	0
ambl_Stigmatomma_s1	mymi_Myrmica_s3	0
ambl_Stigmatomma_s1	mymi_Myrmica_s7	0
ambl_Stigmatomma_s1	mymi_Myrmica_s8	0
ambl_Stigmatomma_s1	mymi_Myrmica_s9	0
ambl_Stigmatomma_s1	mymi_Myrmica_s11	0
ambl_Stigmatomma_s1	mymi_Myrmica_s12	0
ambl_Stigmatomma_s1	myre_Myrmecia_s1	0
ambl_Stigmatomma_s1	myre_Myrmecia_s2	0
ambl_Stigmatomma_s1	myre_Myrmecia_s3	0
ambl_Stigmatomma_s1	myre_Myrmecia_s5	0
ambl_Stigmatomma_s1	myre_Myrmecia_s6	0
ambl_Stigmatomma_s1	myre_Myrmecia_s7	0
ambl_Stigmatomma_s1	myrm_Myrmica_s1	0
ambl_Stigmatomma_s1	myrm_Myrmica_s2	0
ambl_Stigmatomma_s1	myrm_Pogonomyrmex_s1	0
ambl_Stigmatomma_s1	myrm_Pogonomyrmex_s2	0
ambl_Stigmatomma_s1	myrm_Monomorium_s0	0
ambl_Stigmatomma_s1	myrm_Cyphomyrmex_s0	0
ambl_Stigmatomma_s1	myrm_Basiceros_s0	0
ambl_Stigmatomma_s1	myrm_Pheidole_s1	0
ambl_Stigmatomma_s1	myrm_Ocymyrmex_s0	0
ambl_Stigmatomma_s1	myrm_Nesomyrmex_s0	0
ambl_Stigmatomma_s1	myrm_Cataulacus_s0	0
ambl_Stigmatomma_s1	myrm_Carebara_s0	0
ambl_Stigmatomma_s1	myrm_Cyphoidris_s0	0
ambl_Stigmatomma_s1	myrm_Tetramorium_s0	0
ambl_Stigmatomma_s1	myrm_Crematogaster_s1	0
ambl_Stigmatomma_s1	myrm_Adlerzia_s0	0
ambl_Stigmatomma_s1	myrm_Pristomyrmex_s0	0
ambl_Stigmatomma_s1	myrm_Poecilomyrma_s0	0
ambl_Stigmatomma_s1	myrm_Vombisidris_s0	0
ambl_Stigmatomma_s1	myrm_Harpagoxenus_s0	0
ambl_Stigmatomma_s1	ocym_Ocymyrmex_s1	0
ambl_Stigmatomma_s1	pogo_Pogonomyrmex_s1	0
ambl_Stigmatomma_s1	pogo_Pogonomyrmex_s2	0
ambl_Stigmatomma_s1	pogo_Pogonomyrmex_s3	0
ambl_Stigmatomma_s1	pogo_Pogonomyrmex_s4	0
ambl_Stigmatomma_s1	pseu2_Pseudomyrmex_s1	0
ambl_Stigmatomma_s1	seco_Dilobocondyla_s0	0
ambl_Stigmatomma_s1	seri_Sericomyrmex_s1	0
ambl_Stigmatomma_s1	sten_Novomessor_s0	0
ambl_Stigmatomma_s1	tapi_Tapinoma_s0	0
ambl_Stigmatomma_s1	temn_Temnothorax_s1	0
ambl_Stigmatomma_s1	temn_Temnothorax_s3	0
ambl_Stigmatomma_s1	temn_Temnothorax_s5	0
ambl_Stigmatomma_s1	temn_Temnothorax_s7	0
ambl_Stigmatomma_s1	temn_Temnothorax_s8	0
ambl_Stigmatomma_s1	vero_Veromessor_s1	0
ambl_Stigmatomma_s1	vero_Veromessor_s2	0
ambl_Stigmatomma_s3	ambl_Stigmatomma_s4	0
ambl_Stigmatomma_s3	ambl_Amblyopone_s0	0
ambl_Stigmatomma_s3	atti_Acromyrmex_s2	0
ambl_Stigmatomma_s3	atti_Acromyrmex_s3	0
ambl_Stigmatomma_s3	atti_Sericomyrmex_s1	0
ambl_Stigmatomma_s3	atti_Myrmicocrypta_s1	0
ambl_Stigmatomma_s3	atti_Basiceros_s0	0
ambl_Stigmatomma_s3	atti_Strumigenys_s0	0
ambl_Stigmatomma_s3	atti_Pheidole_s1	0
ambl_Stigmatomma_s3	atti_Cephalotes_s0	0
ambl_Stigmatomma_s3	atti2_Sericomyrmex_s0	0
ambl_Stigmatomma_s3	atti2_Mycetomoellerius_s1	0
ambl_Stigmatomma_s3	atti2_Mycetagroicus_s0	0
ambl_Stigmatomma_s3	atti3_Pheidole_s1	0
ambl_Stigmatomma_s3	atti3_Strumigenys_s0	0
ambl_Stigmatomma_s3	atti3_Basiceros_s0	0
ambl_Stigmatomma_s3	atti3_Mycocepurus_s1	0
ambl_Stigmatomma_s3	atti3_Myrmicocrypta_s1	0
ambl_Stigmatomma_s3	atti3_Sericomyrmex_s1	0
ambl_Stigmatomma_s3	atti3_Acromyrmex_s1	0
ambl_Stigmatomma_s3	bakb_Mycetarotes_s0	0
ambl_Stigmatomma_s3	bakb_Trachymyrmex_s0	0
ambl_Stigmatomma_s3	bakb_Cephalotes_s0	0
ambl_Stigmatomma_s3	bakb_Strumigenys_s0	0
ambl_Stigmatomma_s3	bakb_Basiceros_s0	0
ambl_Stigmatomma_s3	bakb_Ochetomyrmex_s0	0
ambl_Stigmatomma_s3	bakb_Solenopsis_s0	0
ambl_Stigmatomma_s3	bakb_Monomorium_s0	0
ambl_Stigmatomma_s3	bakb_Ocymyrmex_s0	0
ambl_Stigmatomma_s3	bakb_Kartidris_s0	0
ambl_Stigmatomma_s3	bakb_Ancyridris_s0	0
ambl_Stigmatomma_s3	bakb_Harpagoxenus_s0	0
ambl_Stigmatomma_s3	bakb_Romblonella_s0	0
ambl_Stigmatomma_s3	bakb_Cyphoidris_s0	0
ambl_Stigmatomma_s3	bakb_Diplomorium_s0	0
ambl_Stigmatomma_s3	bakb_Goniomma_s0	0
ambl_Stigmatomma_s3	bakb_Zatania_s0	0
ambl_Stigmatomma_s3	bakb_Opisthopsis_s0	0
ambl_Stigmatomma_s3	bakb_Polyrhachis_s0	0
ambl_Stigmatomma_s3	bakb_Echinopla_s0	0
ambl_Stigmatomma_s3	bakb_Oecophylla_s0	0
ambl_Stigmatomma_s3	bakb_Formica_s0	0
ambl_Stigmatomma_s3	bakb_Cataglyphis_s0	0
ambl_Stigmatomma_s3	bakb_Stigmacros_s0	0
ambl_Stigmatomma_s3	bakb_Pseudomyrmex_s0	0
ambl_Stigmatomma_s3	bakb_Anonychomyrma_s0	0
ambl_Stigmatomma_s3	bakb_Froggattella_s0	0
ambl_Stigmatomma_s3	bakb_Dorymyrmex_s0	0
ambl_Stigmatomma_s3	bakb_Technomyrmex_s0	0
ambl_Stigmatomma_s3	bakb_Cheliomyrmex_s0	0
ambl_Stigmatomma_s3	bakb_Dinoponera_s0	0
ambl_Stigmatomma_s3	bakb_Adetomyrma_s0	0
ambl_Stigmatomma_s3	bakb_Onychomyrmex_s0	0
ambl_Stigmatomma_s3	brach_Brachymyrmex_s1	0
ambl_Stigmatomma_s3	cata_Cataglyphis_s1	0
ambl_Stigmatomma_s3	ceph_Cephalotes_s1	0
ambl_Stigmatomma_s3	ceph_Cephalotes_s2	0
ambl_Stigmatomma_s3	crea_Crematogaster_s1	0
ambl_Stigmatomma_s3	crea_Crematogaster_s2	0
ambl_Stigmatomma_s3	cren_Crematogaster_s1	0
ambl_Stigmatomma_s3	cres_Crematogaster_s0	0
ambl_Stigmatomma_s3	cret_Crematogaster_s1	0
ambl_Stigmatomma_s3	cret_Crematogaster_s2	0
ambl_Stigmatomma_s3	doli_Technomyrmex_s1	0
ambl_Stigmatomma_s3	doli_Bothriomyrmex_s1	0
ambl_Stigmatomma_s3	doli_Azteca_s1	0
ambl_Stigmatomma_s3	doli_Linepithema_s0	0
ambl_Stigmatomma_s3	doli_Anonychomyrma_s1	0
ambl_Stigmatomma_s3	doli_Froggattella_s0	0
ambl_Stigmatomma_s3	dory_Acanthostichus_s0	0
ambl_Stigmatomma_s3	dory_Eciton_s1	0
ambl_Stigmatomma_s3	dory_Dorylus_s2	0
ambl_Stigmatomma_s3	dory_Dorylus_s3	0
ambl_Stigmatomma_s3	dory_Ooceraea_s1	0
ambl_Stigmatomma_s3	dory_Parasyscia_s1	0
ambl_Stigmatomma_s3	ecta_Poneracantha_s1	0
ambl_Stigmatomma_s3	fori_Formica_s1	0
ambl_Stigmatomma_s3	fori_Acropyga_s0	0
ambl_Stigmatomma_s3	fori_Tapinolepis_s0	0
ambl_Stigmatomma_s3	fori_Calomyrmex_s1	0
ambl_Stigmatomma_s3	fori_Camponotus_s1	0
ambl_Stigmatomma_s3	fori_Camponotus_s3	0
ambl_Stigmatomma_s3	fori_Camponotus_s4	0
ambl_Stigmatomma_s3	fori_Colobopsis_s1	0
ambl_Stigmatomma_s3	fori_Oecophylla_s1	0
ambl_Stigmatomma_s3	fori_Lasius_s1	0
ambl_Stigmatomma_s3	form_Formica_s1	0
ambl_Stigmatomma_s3	lasi_Myrmecocystus_s1	0
ambl_Stigmatomma_s3	lasi_Paraparatrechina_s1	0
ambl_Stigmatomma_s3	lasi_Nylanderia_s2	0
ambl_Stigmatomma_s3	lasi_Nylanderia_s3	0
ambl_Stigmatomma_s3	lasi2_Lasius_s0	0
ambl_Stigmatomma_s3	lasi2_Nylanderia_s1	0
ambl_Stigmatomma_s3	lasi2_Nylanderia_s5	0
ambl_Stigmatomma_s3	lasi2_Nylanderia_s6	0
ambl_Stigmatomma_s3	lasi2_Nylanderia_s7	0
ambl_Stigmatomma_s3	lasi2_Nylanderia_s8	0
ambl_Stigmatomma_s3	lasi2_Nylanderia_s9	0
ambl_Stigmatomma_s3	melo_s0	0
ambl_Stigmatomma_s3	mycr_Mycocepurus_s0	0
ambl_Stigmatomma_s3	mycr_Myrmicocrypta_s1	0
ambl_Stigmatomma_s3	mymi_Myrmica_s13	0
ambl_Stigmatomma_s3	mymi_Myrmica_s14	0
ambl_Stigmatomma_s3	mymi_Myrmica_s3	0
ambl_Stigmatomma_s3	mymi_Myrmica_s7	0
ambl_Stigmatomma_s3	mymi_Myrmica_s8	0
ambl_Stigmatomma_s3	mymi_Myrmica_s9	0
ambl_Stigmatomma_s3	mymi_Myrmica_s11	0
ambl_Stigmatomma_s3	mymi_Myrmica_s12	0
ambl_Stigmatomma_s3	myre_Myrmecia_s1	0
ambl_Stigmatomma_s3	myre_Myrmecia_s2	0
ambl_Stigmatomma_s3	myre_Myrmecia_s3	0
ambl_Stigmatomma_s3	myre_Myrmecia_s5	0
ambl_Stigmatomma_s3	myre_Myrmecia_s6	0
ambl_Stigmatomma_s3	myre_Myrmecia_s7	0
ambl_Stigmatomma_s3	myrm_Myrmica_s1	0
ambl_Stigmatomma_s3	myrm_Myrmica_s2	0
ambl_Stigmatomma_s3	myrm_Pogonomyrmex_s1	0
ambl_Stigmatomma_s3	myrm_Pogonomyrmex_s2	0
ambl_Stigmatomma_s3	myrm_Monomorium_s0	0
ambl_Stigmatomma_s3	myrm_Cyphomyrmex_s0	0
ambl_Stigmatomma_s3	myrm_Basiceros_s0	0
ambl_Stigmatomma_s3	myrm_Pheidole_s1	0
ambl_Stigmatomma_s3	myrm_Ocymyrmex_s0	0
ambl_Stigmatomma_s3	myrm_Nesomyrmex_s0	0
ambl_Stigmatomma_s3	myrm_Cataulacus_s0	0
ambl_Stigmatomma_s3	myrm_Carebara_s0	0
ambl_Stigmatomma_s3	myrm_Cyphoidris_s0	0
ambl_Stigmatomma_s3	myrm_Tetramorium_s0	0
ambl_Stigmatomma_s3	myrm_Crematogaster_s1	0
ambl_Stigmatomma_s3	myrm_Adlerzia_s0	0
ambl_Stigmatomma_s3	myrm_Pristomyrmex_s0	0
ambl_Stigmatomma_s3	myrm_Poecilomyrma_s0	0
ambl_Stigmatomma_s3	myrm_Vombisidris_s0	0
ambl_Stigmatomma_s3	myrm_Harpagoxenus_s0	0
ambl_Stigmatomma_s3	ocym_Ocymyrmex_s1	0
ambl_Stigmatomma_s3	pogo_Pogonomyrmex_s1	0
ambl_Stigmatomma_s3	pogo_Pogonomyrmex_s2	0
ambl_Stigmatomma_s3	pogo_Pogonomyrmex_s3	0
ambl_Stigmatomma_s3	pogo_Pogonomyrmex_s4	0
ambl_Stigmatomma_s3	pseu2_Pseudomyrmex_s1	0
ambl_Stigmatomma_s3	seco_Dilobocondyla_s0	0
ambl_Stigmatomma_s3	seri_Sericomyrmex_s1	0
ambl_Stigmatomma_s3	sten_Novomessor_s0	0
ambl_Stigmatomma_s3	tapi_Tapinoma_s0	0
ambl_Stigmatomma_s3	temn_Temnothorax_s1	0
ambl_Stigmatomma_s3	temn_Temnothorax_s3	0
ambl_Stigmatomma_s3	temn_Temnothorax_s5	0
ambl_Stigmatomma_s3	temn_Temnothorax_s7	0
ambl_Stigmatomma_s3	temn_Temnothorax_s8	0
ambl_Stigmatomma_s3	vero_Veromessor_s1	0
ambl_Stigmatomma_s3	vero_Veromessor_s2	0
ambl_Stigmatomma_s4	ambl_Amblyopone_s0	0
ambl_Stigmatomma_s4	atti_Acromyrmex_s2	0
ambl_Stigmatomma_s4	atti_Acromyrmex_s3	0
ambl_Stigmatomma_s4	atti_Sericomyrmex_s1	0
ambl_Stigmatomma_s4	atti_Myrmicocrypta_s1	0
ambl_Stigmatomma_s4	atti_Basiceros_s0	0
ambl_Stigmatomma_s4	atti_Strumigenys_s0	0
ambl_Stigmatomma_s4	atti_Pheidole_s1	0
ambl_Stigmatomma_s4	atti_Cephalotes_s0	0
ambl_Stigmatomma_s4	atti2_Sericomyrmex_s0	0
ambl_Stigmatomma_s4	atti2_Mycetomoellerius_s1	0
ambl_Stigmatomma_s4	atti2_Mycetagroicus_s0	0
ambl_Stigmatomma_s4	atti3_Pheidole_s1	0
ambl_Stigmatomma_s4	atti3_Strumigenys_s0	0
ambl_Stigmatomma_s4	atti3_Basiceros_s0	0
ambl_Stigmatomma_s4	atti3_Mycocepurus_s1	0
ambl_Stigmatomma_s4	atti3_Myrmicocrypta_s1	0
ambl_Stigmatomma_s4	atti3_Sericomyrmex_s1	0
ambl_Stigmatomma_s4	atti3_Acromyrmex_s1	0
ambl_Stigmatomma_s4	bakb_Mycetarotes_s0	0
ambl_Stigmatomma_s4	bakb_Trachymyrmex_s0	0
ambl_Stigmatomma_s4	bakb_Cephalotes_s0	0
ambl_Stigmatomma_s4	bakb_Strumigenys_s0	0
ambl_Stigmatomma_s4	bakb_Basiceros_s0	0
ambl_Stigmatomma_s4	bakb_Ochetomyrmex_s0	0
ambl_Stigmatomma_s4	bakb_Solenopsis_s0	0
ambl_Stigmatomma_s4	bakb_Monomorium_s0	0
ambl_Stigmatomma_s4	bakb_Ocymyrmex_s0	0
ambl_Stigmatomma_s4	bakb_Kartidris_s0	0
ambl_Stigmatomma_s4	bakb_Ancyridris_s0	0
ambl_Stigmatomma_s4	bakb_Harpagoxenus_s0	0
ambl_Stigmatomma_s4	bakb_Romblonella_s0	0
ambl_Stigmatomma_s4	bakb_Cyphoidris_s0	0
ambl_Stigmatomma_s4	bakb_Diplomorium_s0	0
ambl_Stigmatomma_s4	bakb_Goniomma_s0	0
ambl_Stigmatomma_s4	bakb_Zatania_s0	0
ambl_Stigmatomma_s4	bakb_Opisthopsis_s0	0
ambl_Stigmatomma_s4	bakb_Polyrhachis_s0	0
ambl_Stigmatomma_s4	bakb_Echinopla_s0	0
ambl_Stigmatomma_s4	bakb_Oecophylla_s0	0
ambl_Stigmatomma_s4	bakb_Formica_s0	0
ambl_Stigmatomma_s4	bakb_Cataglyphis_s0	0
ambl_Stigmatomma_s4	bakb_Stigmacros_s0	0
ambl_Stigmatomma_s4	bakb_Pseudomyrmex_s0	0
ambl_Stigmatomma_s4	bakb_Anonychomyrma_s0	0
ambl_Stigmatomma_s4	bakb_Froggattella_s0	0
ambl_Stigmatomma_s4	bakb_Dorymyrmex_s0	0
ambl_Stigmatomma_s4	bakb_Technomyrmex_s0	0
ambl_Stigmatomma_s4	bakb_Cheliomyrmex_s0	0
ambl_Stigmatomma_s4	bakb_Dinoponera_s0	0
ambl_Stigmatomma_s4	bakb_Adetomyrma_s0	1
ambl_Stigmatomma_s4	bakb_Onychomyrmex_s0	0
ambl_Stigmatomma_s4	brach_Brachymyrmex_s1	0
ambl_Stigmatomma_s4	cata_Cataglyphis_s1	0
ambl_Stigmatomma_s4	ceph_Cephalotes_s1	0
ambl_Stigmatomma_s4	ceph_Cephalotes_s2	0
ambl_Stigmatomma_s4	crea_Crematogaster_s1	0
ambl_Stigmatomma_s4	crea_Crematogaster_s2	0
ambl_Stigmatomma_s4	cren_Crematogaster_s1	0
ambl_Stigmatomma_s4	cres_Crematogaster_s0	0
ambl_Stigmatomma_s4	cret_Crematogaster_s1	0
ambl_Stigmatomma_s4	cret_Crematogaster_s2	0
ambl_Stigmatomma_s4	doli_Technomyrmex_s1	0
ambl_Stigmatomma_s4	doli_Bothriomyrmex_s1	0
ambl_Stigmatomma_s4	doli_Azteca_s1	0
ambl_Stigmatomma_s4	doli_Linepithema_s0	0
ambl_Stigmatomma_s4	doli_Anonychomyrma_s1	0
ambl_Stigmatomma_s4	doli_Froggattella_s0	0
ambl_Stigmatomma_s4	dory_Acanthostichus_s0	0
ambl_Stigmatomma_s4	dory_Eciton_s1	0
ambl_Stigmatomma_s4	dory_Dorylus_s2	0
ambl_Stigmatomma_s4	dory_Dorylus_s3	0
ambl_Stigmatomma_s4	dory_Ooceraea_s1	0
ambl_Stigmatomma_s4	dory_Parasyscia_s1	0
ambl_Stigmatomma_s4	ecta_Poneracantha_s1	0
ambl_Stigmatomma_s4	fori_Formica_s1	0
ambl_Stigmatomma_s4	fori_Acropyga_s0	0
ambl_Stigmatomma_s4	fori_Tapinolepis_s0	0
ambl_Stigmatomma_s4	fori_Calomyrmex_s1	0
ambl_Stigmatomma_s4	fori_Camponotus_s1	0
ambl_Stigmatomma_s4	fori_Camponotus_s3	0
ambl_Stigmatomma_s4	fori_Camponotus_s4	0
ambl_Stigmatomma_s4	fori_Colobopsis_s1	0
ambl_Stigmatomma_s4	fori_Oecophylla_s1	0
ambl_Stigmatomma_s4	fori_Lasius_s1	0
ambl_Stigmatomma_s4	form_Formica_s1	0
ambl_Stigmatomma_s4	lasi_Myrmecocystus_s1	0
ambl_Stigmatomma_s4	lasi_Paraparatrechina_s1	0
ambl_Stigmatomma_s4	lasi_Nylanderia_s2	0
ambl_Stigmatomma_s4	lasi_Nylanderia_s3	0
ambl_Stigmatomma_s4	lasi2_Lasius_s0	0
ambl_Stigmatomma_s4	lasi2_Nylanderia_s1	0
ambl_Stigmatomma_s4	lasi2_Nylanderia_s5	0
ambl_Stigmatomma_s4	lasi2_Nylanderia_s6	0
ambl_Stigmatomma_s4	lasi2_Nylanderia_s7	0
ambl_Stigmatomma_s4	lasi2_Nylanderia_s8	0
ambl_Stigmatomma_s4	lasi2_Nylanderia_s9	0
ambl_Stigmatomma_s4	melo_s0	0
ambl_Stigmatomma_s4	mycr_Mycocepurus_s0	0
ambl_Stigmatomma_s4	mycr_Myrmicocrypta_s1	0
ambl_Stigmatomma_s4	mymi_Myrmica_s13	0
ambl_Stigmatomma_s4	mymi_Myrmica_s14	0
ambl_Stigmatomma_s4	mymi_Myrmica_s3	0
ambl_Stigmatomma_s4	mymi_Myrmica_s7	0
ambl_Stigmatomma_s4	mymi_Myrmica_s8	0
ambl_Stigmatomma_s4	mymi_Myrmica_s9	0
ambl_Stigmatomma_s4	mymi_Myrmica_s11	0
ambl_Stigmatomma_s4	mymi_Myrmica_s12	0
ambl_Stigmatomma_s4	myre_Myrmecia_s1	0
ambl_Stigmatomma_s4	myre_Myrmecia_s2	0
ambl_Stigmatomma_s4	myre_Myrmecia_s3	0
ambl_Stigmatomma_s4	myre_Myrmecia_s5	0
ambl_Stigmatomma_s4	myre_Myrmecia_s6	0
ambl_Stigmatomma_s4	myre_Myrmecia_s7	0
ambl_Stigmatomma_s4	myrm_Myrmica_s1	0
ambl_Stigmatomma_s4	myrm_Myrmica_s2	0
ambl_Stigmatomma_s4	myrm_Pogonomyrmex_s1	0
ambl_Stigmatomma_s4	myrm_Pogonomyrmex_s2	0
ambl_Stigmatomma_s4	myrm_Monomorium_s0	0
ambl_Stigmatomma_s4	myrm_Cyphomyrmex_s0	0
ambl_Stigmatomma_s4	myrm_Basiceros_s0	0
ambl_Stigmatomma_s4	myrm_Pheidole_s1	0
ambl_Stigmatomma_s4	myrm_Ocymyrmex_s0	0
ambl_Stigmatomma_s4	myrm_Nesomyrmex_s0	0
ambl_Stigmatomma_s4	myrm_Cataulacus_s0	0
ambl_Stigmatomma_s4	myrm_Carebara_s0	0
ambl_Stigmatomma_s4	myrm_Cyphoidris_s0	0
ambl_Stigmatomma_s4	myrm_Tetramorium_s0	0
ambl_Stigmatomma_s4	myrm_Crematogaster_s1	0
ambl_Stigmatomma_s4	myrm_Adlerzia_s0	0
ambl_Stigmatomma_s4	myrm_Pristomyrmex_s0	0
ambl_Stigmatomma_s4	myrm_Poecilomyrma_s0	0
ambl_Stigmatomma_s4	myrm_Vombisidris_s0	0
ambl_Stigmatomma_s4	myrm_Harpagoxenus_s0	0
ambl_Stigmatomma_s4	ocym_Ocymyrmex_s1	0
ambl_Stigmatomma_s4	pogo_Pogonomyrmex_s1	0
ambl_Stigmatomma_s4	pogo_Pogonomyrmex_s2	0
ambl_Stigmatomma_s4	pogo_Pogonomyrmex_s3	0
ambl_Stigmatomma_s4	pogo_Pogonomyrmex_s4	0
ambl_Stigmatomma_s4	pseu2_Pseudomyrmex_s1	0
ambl_Stigmatomma_s4	seco_Dilobocondyla_s0	0
ambl_Stigmatomma_s4	seri_Sericomyrmex_s1	0
ambl_Stigmatomma_s4	sten_Novomessor_s0	0
ambl_Stigmatomma_s4	tapi_Tapinoma_s0	0
ambl_Stigmatomma_s4	temn_Temnothorax_s1	0
ambl_Stigmatomma_s4	temn_Temnothorax_s3	0
ambl_Stigmatomma_s4	temn_Temnothorax_s5	0
ambl_Stigmatomma_s4	temn_Temnothorax_s7	0
ambl_Stigmatomma_s4	temn_Temnothorax_s8	0
ambl_Stigmatomma_s4	vero_Veromessor_s1	0
ambl_Stigmatomma_s4	vero_Veromessor_s2	0
ambl_Amblyopone_s0	atti_Acromyrmex_s2	0
ambl_Amblyopone_s0	atti_Acromyrmex_s3	0
ambl_Amblyopone_s0	atti_Sericomyrmex_s1	0
ambl_Amblyopone_s0	atti_Myrmicocrypta_s1	0
ambl_Amblyopone_s0	atti_Basiceros_s0	0
ambl_Amblyopone_s0	atti_Strumigenys_s0	0
ambl_Amblyopone_s0	atti_Pheidole_s1	0
ambl_Amblyopone_s0	atti_Cephalotes_s0	0
ambl_Amblyopone_s0	atti2_Sericomyrmex_s0	0
ambl_Amblyopone_s0	atti2_Mycetomoellerius_s1	0
ambl_Amblyopone_s0	atti2_Mycetagroicus_s0	0
ambl_Amblyopone_s0	atti3_Pheidole_s1	0
ambl_Amblyopone_s0	atti3_Strumigenys_s0	0
ambl_Amblyopone_s0	atti3_Basiceros_s0	0
ambl_Amblyopone_s0	atti3_Mycocepurus_s1	0
ambl_Amblyopone_s0	atti3_Myrmicocrypta_s1	0
ambl_Amblyopone_s0	atti3_Sericomyrmex_s1	0
ambl_Amblyopone_s0	atti3_Acromyrmex_s1	0
ambl_Amblyopone_s0	bakb_Mycetarotes_s0	0
ambl_Amblyopone_s0	bakb_Trachymyrmex_s0	0
ambl_Amblyopone_s0	bakb_Cephalotes_s0	0
ambl_Amblyopone_s0	bakb_Strumigenys_s0	0
ambl_Amblyopone_s0	bakb_Basiceros_s0	0
ambl_Amblyopone_s0	bakb_Ochetomyrmex_s0	0
ambl_Amblyopone_s0	bakb_Solenopsis_s0	0
ambl_Amblyopone_s0	bakb_Monomorium_s0	0
ambl_Amblyopone_s0	bakb_Ocymyrmex_s0	0
ambl_Amblyopone_s0	bakb_Kartidris_s0	0
ambl_Amblyopone_s0	bakb_Ancyridris_s0	0
ambl_Amblyopone_s0	bakb_Harpagoxenus_s0	0
ambl_Amblyopone_s0	bakb_Romblonella_s0	0
ambl_Amblyopone_s0	bakb_Cyphoidris_s0	0
ambl_Amblyopone_s0	bakb_Diplomorium_s0	0
ambl_Amblyopone_s0	bakb_Goniomma_s0	0
ambl_Amblyopone_s0	bakb_Zatania_s0	0
ambl_Amblyopone_s0	bakb_Opisthopsis_s0	0
ambl_Amblyopone_s0	bakb_Polyrhachis_s0	0
ambl_Amblyopone_s0	bakb_Echinopla_s0	0
ambl_Amblyopone_s0	bakb_Oecophylla_s0	0
ambl_Amblyopone_s0	bakb_Formica_s0	0
ambl_Amblyopone_s0	bakb_Cataglyphis_s0	0
ambl_Amblyopone_s0	bakb_Stigmacros_s0	0
ambl_Amblyopone_s0	bakb_Pseudomyrmex_s0	0
ambl_Amblyopone_s0	bakb_Anonychomyrma_s0	0
ambl_Amblyopone_s0	bakb_Froggattella_s0	0
ambl_Amblyopone_s0	bakb_Dorymyrmex_s0	0
ambl_Amblyopone_s0	bakb_Technomyrmex_s0	0
ambl_Amblyopone_s0	bakb_Cheliomyrmex_s0	0
ambl_Amblyopone_s0	bakb_Dinoponera_s0	0
ambl_Amblyopone_s0	bakb_Adetomyrma_s0	0
ambl_Amblyopone_s0	bakb_Onychomyrmex_s0	0
ambl_Amblyopone_s0	brach_Brachymyrmex_s1	0
ambl_Amblyopone_s0	cata_Cataglyphis_s1	0
ambl_Amblyopone_s0	ceph_Cephalotes_s1	0
ambl_Amblyopone_s0	ceph_Cephalotes_s2	0
ambl_Amblyopone_s0	crea_Crematogaster_s1	0
ambl_Amblyopone_s0	crea_Crematogaster_s2	0
ambl_Amblyopone_s0	cren_Crematogaster_s1	0
ambl_Amblyopone_s0	cres_Crematogaster_s0	0
ambl_Amblyopone_s0	cret_Crematogaster_s1	0
ambl_Amblyopone_s0	cret_Crematogaster_s2	0
ambl_Amblyopone_s0	doli_Technomyrmex_s1	0
ambl_Amblyopone_s0	doli_Bothriomyrmex_s1	0
ambl_Amblyopone_s0	doli_Azteca_s1	0
ambl_Amblyopone_s0	doli_Linepithema_s0	0
ambl_Amblyopone_s0	doli_Anonychomyrma_s1	0
ambl_Amblyopone_s0	doli_Froggattella_s0	0
ambl_Amblyopone_s0	dory_Acanthostichus_s0	0
ambl_Amblyopone_s0	dory_Eciton_s1	0
ambl_Amblyopone_s0	dory_Dorylus_s2	0
ambl_Amblyopone_s0	dory_Dorylus_s3	0
ambl_Amblyopone_s0	dory_Ooceraea_s1	0
ambl_Amblyopone_s0	dory_Parasyscia_s1	0
ambl_Amblyopone_s0	ecta_Poneracantha_s1	0
ambl_Amblyopone_s0	fori_Formica_s1	0
ambl_Amblyopone_s0	fori_Acropyga_s0	0
ambl_Amblyopone_s0	fori_Tapinolepis_s0	0
ambl_Amblyopone_s0	fori_Calomyrmex_s1	0
ambl_Amblyopone_s0	fori_Camponotus_s1	0
ambl_Amblyopone_s0	fori_Camponotus_s3	0
ambl_Amblyopone_s0	fori_Camponotus_s4	0
ambl_Amblyopone_s0	fori_Colobopsis_s1	0
ambl_Amblyopone_s0	fori_Oecophylla_s1	0
ambl_Amblyopone_s0	fori_Lasius_s1	0
ambl_Amblyopone_s0	form_Formica_s1	0
ambl_Amblyopone_s0	lasi_Myrmecocystus_s1	0
ambl_Amblyopone_s0	lasi_Paraparatrechina_s1	0
ambl_Amblyopone_s0	lasi_Nylanderia_s2	0
ambl_Amblyopone_s0	lasi_Nylanderia_s3	0
ambl_Amblyopone_s0	lasi2_Lasius_s0	0
ambl_Amblyopone_s0	lasi2_Nylanderia_s1	0
ambl_Amblyopone_s0	lasi2_Nylanderia_s5	0
ambl_Amblyopone_s0	lasi2_Nylanderia_s6	0
ambl_Amblyopone_s0	lasi2_Nylanderia_s7	0
ambl_Amblyopone_s0	lasi2_Nylanderia_s8	0
ambl_Amblyopone_s0	lasi2_Nylanderia_s9	0
ambl_Amblyopone_s0	melo_s0	0
ambl_Amblyopone_s0	mycr_Mycocepurus_s0	0
ambl_Amblyopone_s0	mycr_Myrmicocrypta_s1	0
ambl_Amblyopone_s0	mymi_Myrmica_s13	0
ambl_Amblyopone_s0	mymi_Myrmica_s14	0
ambl_Amblyopone_s0	mymi_Myrmica_s3	0
ambl_Amblyopone_s0	mymi_Myrmica_s7	0
ambl_Amblyopone_s0	mymi_Myrmica_s8	0
ambl_Amblyopone_s0	mymi_Myrmica_s9	0
ambl_Amblyopone_s0	mymi_Myrmica_s11	0
ambl_Amblyopone_s0	mymi_Myrmica_s12	0
ambl_Amblyopone_s0	myre_Myrmecia_s1	0
ambl_Amblyopone_s0	myre_Myrmecia_s2	0
ambl_Amblyopone_s0	myre_Myrmecia_s3	0
ambl_Amblyopone_s0	myre_Myrmecia_s5	0
ambl_Amblyopone_s0	myre_Myrmecia_s6	0
ambl_Amblyopone_s0	myre_Myrmecia_s7	0
ambl_Amblyopone_s0	myrm_Myrmica_s1	0
ambl_Amblyopone_s0	myrm_Myrmica_s2	0
ambl_Amblyopone_s0	myrm_Pogonomyrmex_s1	0
ambl_Amblyopone_s0	myrm_Pogonomyrmex_s2	0
ambl_Amblyopone_s0	myrm_Monomorium_s0	0
ambl_Amblyopone_s0	myrm_Cyphomyrmex_s0	0
ambl_Amblyopone_s0	myrm_Basiceros_s0	0
ambl_Amblyopone_s0	myrm_Pheidole_s1	0
ambl_Amblyopone_s0	myrm_Ocymyrmex_s0	0
ambl_Amblyopone_s0	myrm_Nesomyrmex_s0	0
ambl_Amblyopone_s0	myrm_Cataulacus_s0	0
ambl_Amblyopone_s0	myrm_Carebara_s0	0
ambl_Amblyopone_s0	myrm_Cyphoidris_s0	0
ambl_Amblyopone_s0	myrm_Tetramorium_s0	0
ambl_Amblyopone_s0	myrm_Crematogaster_s1	0
ambl_Amblyopone_s0	myrm_Adlerzia_s0	0
ambl_Amblyopone_s0	myrm_Pristomyrmex_s0	0
ambl_Amblyopone_s0	myrm_Poecilomyrma_s0	0
ambl_Amblyopone_s0	myrm_Vombisidris_s0	0
ambl_Amblyopone_s0	myrm_Harpagoxenus_s0	0
ambl_Amblyopone_s0	ocym_Ocymyrmex_s1	0
ambl_Amblyopone_s0	pogo_Pogonomyrmex_s1	0
ambl_Amblyopone_s0	pogo_Pogonomyrmex_s2	0
ambl_Amblyopone_s0	pogo_Pogonomyrmex_s3	0
ambl_Amblyopone_s0	pogo_Pogonomyrmex_s4	0
ambl_Amblyopone_s0	pseu2_Pseudomyrmex_s1	0
ambl_Amblyopone_s0	seco_Dilobocondyla_s0	0
ambl_Amblyopone_s0	seri_Sericomyrmex_s1	0
ambl_Amblyopone_s0	sten_Novomessor_s0	0
ambl_Amblyopone_s0	tapi_Tapinoma_s0	0
ambl_Amblyopone_s0	temn_Temnothorax_s1	0
ambl_Amblyopone_s0	temn_Temnothorax_s3	0
ambl_Amblyopone_s0	temn_Temnothorax_s5	0
ambl_Amblyopone_s0	temn_Temnothorax_s7	0
ambl_Amblyopone_s0	temn_Temnothorax_s8	0
ambl_Amblyopone_s0	vero_Veromessor_s1	0
ambl_Amblyopone_s0	vero_Veromessor_s2	0
atti_Acromyrmex_s2	atti_Acromyrmex_s3	1
atti_Acromyrmex_s2	atti_Sericomyrmex_s1	0
atti_Acromyrmex_s2	atti_Myrmicocrypta_s1	0
atti_Acromyrmex_s2	atti_Basiceros_s0	0
atti_Acromyrmex_s2	atti_Strumigenys_s0	0
atti_Acromyrmex_s2	atti_Pheidole_s1	0
atti_Acromyrmex_s2	atti_Cephalotes_s0	0
atti_Acromyrmex_s2	atti2_Sericomyrmex_s0	0
atti_Acromyrmex_s2	atti2_Mycetomoellerius_s1	0
atti_Acromyrmex_s2	atti2_Mycetagroicus_s0	0
atti_Acromyrmex_s2	atti3_Pheidole_s1	0
atti_Acromyrmex_s2	atti3_Strumigenys_s0	0
atti_Acromyrmex_s2	atti3_Basiceros_s0	0
atti_Acromyrmex_s2	atti3_Mycocepurus_s1	0
atti_Acromyrmex_s2	atti3_Myrmicocrypta_s1	0
atti_Acromyrmex_s2	atti3_Sericomyrmex_s1	0
atti_Acromyrmex_s2	atti3_Acromyrmex_s1	2
atti_Acromyrmex_s2	bakb_Mycetarotes_s0	0
atti_Acromyrmex_s2	bakb_Trachymyrmex_s0	0
atti_Acromyrmex_s2	bakb_Cephalotes_s0	0
atti_Acromyrmex_s2	bakb_Strumigenys_s0	0
atti_Acromyrmex_s2	bakb_Basiceros_s0	0
atti_Acromyrmex_s2	bakb_Ochetomyrmex_s0	0
atti_Acromyrmex_s2	bakb_Solenopsis_s0	0
atti_Acromyrmex_s2	bakb_Monomorium_s0	0
atti_Acromyrmex_s2	bakb_Ocymyrmex_s0	0
atti_Acromyrmex_s2	bakb_Kartidris_s0	0
atti_Acromyrmex_s2	bakb_Ancyridris_s0	0
atti_Acromyrmex_s2	bakb_Harpagoxenus_s0	0
atti_Acromyrmex_s2	bakb_Romblonella_s0	0
atti_Acromyrmex_s2	bakb_Cyphoidris_s0	0
atti_Acromyrmex_s2	bakb_Diplomorium_s0	0
atti_Acromyrmex_s2	bakb_Goniomma_s0	0
atti_Acromyrmex_s2	bakb_Zatania_s0	0
atti_Acromyrmex_s2	bakb_Opisthopsis_s0	0
atti_Acromyrmex_s2	bakb_Polyrhachis_s0	0
atti_Acromyrmex_s2	bakb_Echinopla_s0	0
atti_Acromyrmex_s2	bakb_Oecophylla_s0	0
atti_Acromyrmex_s2	bakb_Formica_s0	0
atti_Acromyrmex_s2	bakb_Cataglyphis_s0	0
atti_Acromyrmex_s2	bakb_Stigmacros_s0	0
atti_Acromyrmex_s2	bakb_Pseudomyrmex_s0	0
atti_Acromyrmex_s2	bakb_Anonychomyrma_s0	0
atti_Acromyrmex_s2	bakb_Froggattella_s0	0
atti_Acromyrmex_s2	bakb_Dorymyrmex_s0	0
atti_Acromyrmex_s2	bakb_Technomyrmex_s0	0
atti_Acromyrmex_s2	bakb_Cheliomyrmex_s0	0
atti_Acromyrmex_s2	bakb_Dinoponera_s0	0
atti_Acromyrmex_s2	bakb_Adetomyrma_s0	0
atti_Acromyrmex_s2	bakb_Onychomyrmex_s0	0
atti_Acromyrmex_s2	brach_Brachymyrmex_s1	0
atti_Acromyrmex_s2	cata_Cataglyphis_s1	0
atti_Acromyrmex_s2	ceph_Cephalotes_s1	0
atti_Acromyrmex_s2	ceph_Cephalotes_s2	0
atti_Acromyrmex_s2	crea_Crematogaster_s1	0
atti_Acromyrmex_s2	crea_Crematogaster_s2	0
atti_Acromyrmex_s2	cren_Crematogaster_s1	0
atti_Acromyrmex_s2	cres_Crematogaster_s0	0
atti_Acromyrmex_s2	cret_Crematogaster_s1	0
atti_Acromyrmex_s2	cret_Crematogaster_s2	0
atti_Acromyrmex_s2	doli_Technomyrmex_s1	0
atti_Acromyrmex_s2	doli_Bothriomyrmex_s1	0
atti_Acromyrmex_s2	doli_Azteca_s1	0
atti_Acromyrmex_s2	doli_Linepithema_s0	0
atti_Acromyrmex_s2	doli_Anonychomyrma_s1	0
atti_Acromyrmex_s2	doli_Froggattella_s0	0
atti_Acromyrmex_s2	dory_Acanthostichus_s0	0
atti_Acromyrmex_s2	dory_Eciton_s1	0
atti_Acromyrmex_s2	dory_Dorylus_s2	0
atti_Acromyrmex_s2	dory_Dorylus_s3	0
atti_Acromyrmex_s2	dory_Ooceraea_s1	0
atti_Acromyrmex_s2	dory_Parasyscia_s1	0
atti_Acromyrmex_s2	ecta_Poneracantha_s1	0
atti_Acromyrmex_s2	fori_Formica_s1	0
atti_Acromyrmex_s2	fori_Acropyga_s0	0
atti_Acromyrmex_s2	fori_Tapinolepis_s0	0
atti_Acromyrmex_s2	fori_Calomyrmex_s1	0
atti_Acromyrmex_s2	fori_Camponotus_s1	0
atti_Acromyrmex_s2	fori_Camponotus_s3	0
atti_Acromyrmex_s2	fori_Camponotus_s4	0
atti_Acromyrmex_s2	fori_Colobopsis_s1	0
atti_Acromyrmex_s2	fori_Oecophylla_s1	0
atti_Acromyrmex_s2	fori_Lasius_s1	0
atti_Acromyrmex_s2	form_Formica_s1	0
atti_Acromyrmex_s2	lasi_Myrmecocystus_s1	0
atti_Acromyrmex_s2	lasi_Paraparatrechina_s1	0
atti_Acromyrmex_s2	lasi_Nylanderia_s2	0
atti_Acromyrmex_s2	lasi_Nylanderia_s3	0
atti_Acromyrmex_s2	lasi2_Lasius_s0	0
atti_Acromyrmex_s2	lasi2_Nylanderia_s1	0
atti_Acromyrmex_s2	lasi2_Nylanderia_s5	0
atti_Acromyrmex_s2	lasi2_Nylanderia_s6	0
atti_Acromyrmex_s2	lasi2_Nylanderia_s7	0
atti_Acromyrmex_s2	lasi2_Nylanderia_s8	0
atti_Acromyrmex_s2	lasi2_Nylanderia_s9	0
atti_Acromyrmex_s2	melo_s0	0
atti_Acromyrmex_s2	mycr_Mycocepurus_s0	0
atti_Acromyrmex_s2	mycr_Myrmicocrypta_s1	0
atti_Acromyrmex_s2	mymi_Myrmica_s13	0
atti_Acromyrmex_s2	mymi_Myrmica_s14	0
atti_Acromyrmex_s2	mymi_Myrmica_s3	0
atti_Acromyrmex_s2	mymi_Myrmica_s7	0
atti_Acromyrmex_s2	mymi_Myrmica_s8	0
atti_Acromyrmex_s2	mymi_Myrmica_s9	0
atti_Acromyrmex_s2	mymi_Myrmica_s11	0
atti_Acromyrmex_s2	mymi_Myrmica_s12	0
atti_Acromyrmex_s2	myre_Myrmecia_s1	0
atti_Acromyrmex_s2	myre_Myrmecia_s2	0
atti_Acromyrmex_s2	myre_Myrmecia_s3	0
atti_Acromyrmex_s2	myre_Myrmecia_s5	0
atti_Acromyrmex_s2	myre_Myrmecia_s6	0
atti_Acromyrmex_s2	myre_Myrmecia_s7	0
atti_Acromyrmex_s2	myrm_Myrmica_s1	0
atti_Acromyrmex_s2	myrm_Myrmica_s2	0
atti_Acromyrmex_s2	myrm_Pogonomyrmex_s1	0
atti_Acromyrmex_s2	myrm_Pogonomyrmex_s2	0
atti_Acromyrmex_s2	myrm_Monomorium_s0	0
atti_Acromyrmex_s2	myrm_Cyphomyrmex_s0	0
atti_Acromyrmex_s2	myrm_Basiceros_s0	0
atti_Acromyrmex_s2	myrm_Pheidole_s1	0
atti_Acromyrmex_s2	myrm_Ocymyrmex_s0	0
atti_Acromyrmex_s2	myrm_Nesomyrmex_s0	0
atti_Acromyrmex_s2	myrm_Cataulacus_s0	0
atti_Acromyrmex_s2	myrm_Carebara_s0	0
atti_Acromyrmex_s2	myrm_Cyphoidris_s0	0
atti_Acromyrmex_s2	myrm_Tetramorium_s0	0
atti_Acromyrmex_s2	myrm_Crematogaster_s1	0
atti_Acromyrmex_s2	myrm_Adlerzia_s0	0
atti_Acromyrmex_s2	myrm_Pristomyrmex_s0	0
atti_Acromyrmex_s2	myrm_Poecilomyrma_s0	0
atti_Acromyrmex_s2	myrm_Vombisidris_s0	0
atti_Acromyrmex_s2	myrm_Harpagoxenus_s0	0
atti_Acromyrmex_s2	ocym_Ocymyrmex_s1	0
atti_Acromyrmex_s2	pogo_Pogonomyrmex_s1	0
atti_Acromyrmex_s2	pogo_Pogonomyrmex_s2	0
atti_Acromyrmex_s2	pogo_Pogonomyrmex_s3	0
atti_Acromyrmex_s2	pogo_Pogonomyrmex_s4	0
atti_Acromyrmex_s2	pseu2_Pseudomyrmex_s1	0
atti_Acromyrmex_s2	seco_Dilobocondyla_s0	0
atti_Acromyrmex_s2	seri_Sericomyrmex_s1	0
atti_Acromyrmex_s2	sten_Novomessor_s0	0
atti_Acromyrmex_s2	tapi_Tapinoma_s0	0
atti_Acromyrmex_s2	temn_Temnothorax_s1	0
atti_Acromyrmex_s2	temn_Temnothorax_s3	0
atti_Acromyrmex_s2	temn_Temnothorax_s5	0
atti_Acromyrmex_s2	temn_Temnothorax_s7	0
atti_Acromyrmex_s2	temn_Temnothorax_s8	0
atti_Acromyrmex_s2	vero_Veromessor_s1	0
atti_Acromyrmex_s2	vero_Veromessor_s2	0
atti_Acromyrmex_s3	atti_Sericomyrmex_s1	0
atti_Acromyrmex_s3	atti_Myrmicocrypta_s1	0
atti_Acromyrmex_s3	atti_Basiceros_s0	0
atti_Acromyrmex_s3	atti_Strumigenys_s0	0
atti_Acromyrmex_s3	atti_Pheidole_s1	0
atti_Acromyrmex_s3	atti_Cephalotes_s0	0
atti_Acromyrmex_s3	atti2_Sericomyrmex_s0	0
atti_Acromyrmex_s3	atti2_Mycetomoellerius_s1	0
atti_Acromyrmex_s3	atti2_Mycetagroicus_s0	0
atti_Acromyrmex_s3	atti3_Pheidole_s1	0
atti_Acromyrmex_s3	atti3_Strumigenys_s0	0
atti_Acromyrmex_s3	atti3_Basiceros_s0	0
atti_Acromyrmex_s3	atti3_Mycocepurus_s1	9
atti_Acromyrmex_s3	atti3_Myrmicocrypta_s1	0
atti_Acromyrmex_s3	atti3_Sericomyrmex_s1	0
atti_Acromyrmex_s3	atti3_Acromyrmex_s1	1
atti_Acromyrmex_s3	bakb_Mycetarotes_s0	3
atti_Acromyrmex_s3	bakb_Trachymyrmex_s0	0
atti_Acromyrmex_s3	bakb_Cephalotes_s0	0
atti_Acromyrmex_s3	bakb_Strumigenys_s0	0
atti_Acromyrmex_s3	bakb_Basiceros_s0	0
atti_Acromyrmex_s3	bakb_Ochetomyrmex_s0	3
atti_Acromyrmex_s3	bakb_Solenopsis_s0	0
atti_Acromyrmex_s3	bakb_Monomorium_s0	0
atti_Acromyrmex_s3	bakb_Ocymyrmex_s0	0
atti_Acromyrmex_s3	bakb_Kartidris_s0	0
atti_Acromyrmex_s3	bakb_Ancyridris_s0	0
atti_Acromyrmex_s3	bakb_Harpagoxenus_s0	0
atti_Acromyrmex_s3	bakb_Romblonella_s0	0
atti_Acromyrmex_s3	bakb_Cyphoidris_s0	0
atti_Acromyrmex_s3	bakb_Diplomorium_s0	0
atti_Acromyrmex_s3	bakb_Goniomma_s0	0
atti_Acromyrmex_s3	bakb_Zatania_s0	0
atti_Acromyrmex_s3	bakb_Opisthopsis_s0	0
atti_Acromyrmex_s3	bakb_Polyrhachis_s0	0
atti_Acromyrmex_s3	bakb_Echinopla_s0	0
atti_Acromyrmex_s3	bakb_Oecophylla_s0	0
atti_Acromyrmex_s3	bakb_Formica_s0	0
atti_Acromyrmex_s3	bakb_Cataglyphis_s0	0
atti_Acromyrmex_s3	bakb_Stigmacros_s0	0
atti_Acromyrmex_s3	bakb_Pseudomyrmex_s0	0
atti_Acromyrmex_s3	bakb_Anonychomyrma_s0	0
atti_Acromyrmex_s3	bakb_Froggattella_s0	0
atti_Acromyrmex_s3	bakb_Dorymyrmex_s0	0
atti_Acromyrmex_s3	bakb_Technomyrmex_s0	0
atti_Acromyrmex_s3	bakb_Cheliomyrmex_s0	0
atti_Acromyrmex_s3	bakb_Dinoponera_s0	0
atti_Acromyrmex_s3	bakb_Adetomyrma_s0	0
atti_Acromyrmex_s3	bakb_Onychomyrmex_s0	0
atti_Acromyrmex_s3	brach_Brachymyrmex_s1	0
atti_Acromyrmex_s3	cata_Cataglyphis_s1	0
atti_Acromyrmex_s3	ceph_Cephalotes_s1	0
atti_Acromyrmex_s3	ceph_Cephalotes_s2	0
atti_Acromyrmex_s3	crea_Crematogaster_s1	0
atti_Acromyrmex_s3	crea_Crematogaster_s2	0
atti_Acromyrmex_s3	cren_Crematogaster_s1	0
atti_Acromyrmex_s3	cres_Crematogaster_s0	0
atti_Acromyrmex_s3	cret_Crematogaster_s1	0
atti_Acromyrmex_s3	cret_Crematogaster_s2	0
atti_Acromyrmex_s3	doli_Technomyrmex_s1	0
atti_Acromyrmex_s3	doli_Bothriomyrmex_s1	0
atti_Acromyrmex_s3	doli_Azteca_s1	0
atti_Acromyrmex_s3	doli_Linepithema_s0	0
atti_Acromyrmex_s3	doli_Anonychomyrma_s1	0
atti_Acromyrmex_s3	doli_Froggattella_s0	0
atti_Acromyrmex_s3	dory_Acanthostichus_s0	0
atti_Acromyrmex_s3	dory_Eciton_s1	0
atti_Acromyrmex_s3	dory_Dorylus_s2	0
atti_Acromyrmex_s3	dory_Dorylus_s3	0
atti_Acromyrmex_s3	dory_Ooceraea_s1	0
atti_Acromyrmex_s3	dory_Parasyscia_s1	0
atti_Acromyrmex_s3	ecta_Poneracantha_s1	0
atti_Acromyrmex_s3	fori_Formica_s1	0
atti_Acromyrmex_s3	fori_Acropyga_s0	0
atti_Acromyrmex_s3	fori_Tapinolepis_s0	0
atti_Acromyrmex_s3	fori_Calomyrmex_s1	0
atti_Acromyrmex_s3	fori_Camponotus_s1	0
atti_Acromyrmex_s3	fori_Camponotus_s3	0
atti_Acromyrmex_s3	fori_Camponotus_s4	0
atti_Acromyrmex_s3	fori_Colobopsis_s1	0
atti_Acromyrmex_s3	fori_Oecophylla_s1	0
atti_Acromyrmex_s3	fori_Lasius_s1	0
atti_Acromyrmex_s3	form_Formica_s1	0
atti_Acromyrmex_s3	lasi_Myrmecocystus_s1	0
atti_Acromyrmex_s3	lasi_Paraparatrechina_s1	0
atti_Acromyrmex_s3	lasi_Nylanderia_s2	0
atti_Acromyrmex_s3	lasi_Nylanderia_s3	0
atti_Acromyrmex_s3	lasi2_Lasius_s0	0
atti_Acromyrmex_s3	lasi2_Nylanderia_s1	0
atti_Acromyrmex_s3	lasi2_Nylanderia_s5	0
atti_Acromyrmex_s3	lasi2_Nylanderia_s6	0
atti_Acromyrmex_s3	lasi2_Nylanderia_s7	0
atti_Acromyrmex_s3	lasi2_Nylanderia_s8	0
atti_Acromyrmex_s3	lasi2_Nylanderia_s9	0
atti_Acromyrmex_s3	melo_s0	0
atti_Acromyrmex_s3	mycr_Mycocepurus_s0	0
atti_Acromyrmex_s3	mycr_Myrmicocrypta_s1	0
atti_Acromyrmex_s3	mymi_Myrmica_s13	0
atti_Acromyrmex_s3	mymi_Myrmica_s14	0
atti_Acromyrmex_s3	mymi_Myrmica_s3	0
atti_Acromyrmex_s3	mymi_Myrmica_s7	0
atti_Acromyrmex_s3	mymi_Myrmica_s8	0
atti_Acromyrmex_s3	mymi_Myrmica_s9	0
atti_Acromyrmex_s3	mymi_Myrmica_s11	0
atti_Acromyrmex_s3	mymi_Myrmica_s12	0
atti_Acromyrmex_s3	myre_Myrmecia_s1	0
atti_Acromyrmex_s3	myre_Myrmecia_s2	0
atti_Acromyrmex_s3	myre_Myrmecia_s3	0
atti_Acromyrmex_s3	myre_Myrmecia_s5	0
atti_Acromyrmex_s3	myre_Myrmecia_s6	0
atti_Acromyrmex_s3	myre_Myrmecia_s7	0
atti_Acromyrmex_s3	myrm_Myrmica_s1	0
atti_Acromyrmex_s3	myrm_Myrmica_s2	0
atti_Acromyrmex_s3	myrm_Pogonomyrmex_s1	0
atti_Acromyrmex_s3	myrm_Pogonomyrmex_s2	0
atti_Acromyrmex_s3	myrm_Monomorium_s0	0
atti_Acromyrmex_s3	myrm_Cyphomyrmex_s0	1
atti_Acromyrmex_s3	myrm_Basiceros_s0	0
atti_Acromyrmex_s3	myrm_Pheidole_s1	0
atti_Acromyrmex_s3	myrm_Ocymyrmex_s0	0
atti_Acromyrmex_s3	myrm_Nesomyrmex_s0	0
atti_Acromyrmex_s3	myrm_Cataulacus_s0	0
atti_Acromyrmex_s3	myrm_Carebara_s0	0
atti_Acromyrmex_s3	myrm_Cyphoidris_s0	0
atti_Acromyrmex_s3	myrm_Tetramorium_s0	0
atti_Acromyrmex_s3	myrm_Crematogaster_s1	0
atti_Acromyrmex_s3	myrm_Adlerzia_s0	0
atti_Acromyrmex_s3	myrm_Pristomyrmex_s0	0
atti_Acromyrmex_s3	myrm_Poecilomyrma_s0	0
atti_Acromyrmex_s3	myrm_Vombisidris_s0	0
atti_Acromyrmex_s3	myrm_Harpagoxenus_s0	0
atti_Acromyrmex_s3	ocym_Ocymyrmex_s1	0
atti_Acromyrmex_s3	pogo_Pogonomyrmex_s1	0
atti_Acromyrmex_s3	pogo_Pogonomyrmex_s2	0
atti_Acromyrmex_s3	pogo_Pogonomyrmex_s3	0
atti_Acromyrmex_s3	pogo_Pogonomyrmex_s4	0
atti_Acromyrmex_s3	pseu2_Pseudomyrmex_s1	0
atti_Acromyrmex_s3	seco_Dilobocondyla_s0	0
atti_Acromyrmex_s3	seri_Sericomyrmex_s1	0
atti_Acromyrmex_s3	sten_Novomessor_s0	0
atti_Acromyrmex_s3	tapi_Tapinoma_s0	0
atti_Acromyrmex_s3	temn_Temnothorax_s1	0
atti_Acromyrmex_s3	temn_Temnothorax_s3	0
atti_Acromyrmex_s3	temn_Temnothorax_s5	0
atti_Acromyrmex_s3	temn_Temnothorax_s7	0
atti_Acromyrmex_s3	temn_Temnothorax_s8	0
atti_Acromyrmex_s3	vero_Veromessor_s1	0
atti_Acromyrmex_s3	vero_Veromessor_s2	0
atti_Sericomyrmex_s1	atti_Myrmicocrypta_s1	0
atti_Sericomyrmex_s1	atti_Basiceros_s0	0
atti_Sericomyrmex_s1	atti_Strumigenys_s0	0
atti_Sericomyrmex_s1	atti_Pheidole_s1	0
atti_Sericomyrmex_s1	atti_Cephalotes_s0	0
atti_Sericomyrmex_s1	atti2_Sericomyrmex_s0	1
atti_Sericomyrmex_s1	atti2_Mycetomoellerius_s1	0
atti_Sericomyrmex_s1	atti2_Mycetagroicus_s0	0
atti_Sericomyrmex_s1	atti3_Pheidole_s1	0
atti_Sericomyrmex_s1	atti3_Strumigenys_s0	0
atti_Sericomyrmex_s1	atti3_Basiceros_s0	0
atti_Sericomyrmex_s1	atti3_Mycocepurus_s1	0
atti_Sericomyrmex_s1	atti3_Myrmicocrypta_s1	0
atti_Sericomyrmex_s1	atti3_Sericomyrmex_s1	2
atti_Sericomyrmex_s1	atti3_Acromyrmex_s1	0
atti_Sericomyrmex_s1	bakb_Mycetarotes_s0	0
atti_Sericomyrmex_s1	bakb_Trachymyrmex_s0	0
atti_Sericomyrmex_s1	bakb_Cephalotes_s0	0
atti_Sericomyrmex_s1	bakb_Strumigenys_s0	0
atti_Sericomyrmex_s1	bakb_Basiceros_s0	0
atti_Sericomyrmex_s1	bakb_Ochetomyrmex_s0	0
atti_Sericomyrmex_s1	bakb_Solenopsis_s0	0
atti_Sericomyrmex_s1	bakb_Monomorium_s0	0
atti_Sericomyrmex_s1	bakb_Ocymyrmex_s0	0
atti_Sericomyrmex_s1	bakb_Kartidris_s0	0
atti_Sericomyrmex_s1	bakb_Ancyridris_s0	0
atti_Sericomyrmex_s1	bakb_Harpagoxenus_s0	0
atti_Sericomyrmex_s1	bakb_Romblonella_s0	0
atti_Sericomyrmex_s1	bakb_Cyphoidris_s0	0
atti_Sericomyrmex_s1	bakb_Diplomorium_s0	0
atti_Sericomyrmex_s1	bakb_Goniomma_s0	0
atti_Sericomyrmex_s1	bakb_Zatania_s0	0
atti_Sericomyrmex_s1	bakb_Opisthopsis_s0	0
atti_Sericomyrmex_s1	bakb_Polyrhachis_s0	0
atti_Sericomyrmex_s1	bakb_Echinopla_s0	0
atti_Sericomyrmex_s1	bakb_Oecophylla_s0	0
atti_Sericomyrmex_s1	bakb_Formica_s0	0
atti_Sericomyrmex_s1	bakb_Cataglyphis_s0	0
atti_Sericomyrmex_s1	bakb_Stigmacros_s0	0
atti_Sericomyrmex_s1	bakb_Pseudomyrmex_s0	0
atti_Sericomyrmex_s1	bakb_Anonychomyrma_s0	0
atti_Sericomyrmex_s1	bakb_Froggattella_s0	0
atti_Sericomyrmex_s1	bakb_Dorymyrmex_s0	0
atti_Sericomyrmex_s1	bakb_Technomyrmex_s0	0
atti_Sericomyrmex_s1	bakb_Cheliomyrmex_s0	0
atti_Sericomyrmex_s1	bakb_Dinoponera_s0	0
atti_Sericomyrmex_s1	bakb_Adetomyrma_s0	0
atti_Sericomyrmex_s1	bakb_Onychomyrmex_s0	0
atti_Sericomyrmex_s1	brach_Brachymyrmex_s1	0
atti_Sericomyrmex_s1	cata_Cataglyphis_s1	0
atti_Sericomyrmex_s1	ceph_Cephalotes_s1	0
atti_Sericomyrmex_s1	ceph_Cephalotes_s2	0
atti_Sericomyrmex_s1	crea_Crematogaster_s1	0
atti_Sericomyrmex_s1	crea_Crematogaster_s2	0
atti_Sericomyrmex_s1	cren_Crematogaster_s1	0
atti_Sericomyrmex_s1	cres_Crematogaster_s0	0
atti_Sericomyrmex_s1	cret_Crematogaster_s1	0
atti_Sericomyrmex_s1	cret_Crematogaster_s2	0
atti_Sericomyrmex_s1	doli_Technomyrmex_s1	0
atti_Sericomyrmex_s1	doli_Bothriomyrmex_s1	0
atti_Sericomyrmex_s1	doli_Azteca_s1	0
atti_Sericomyrmex_s1	doli_Linepithema_s0	0
atti_Sericomyrmex_s1	doli_Anonychomyrma_s1	0
atti_Sericomyrmex_s1	doli_Froggattella_s0	0
atti_Sericomyrmex_s1	dory_Acanthostichus_s0	0
atti_Sericomyrmex_s1	dory_Eciton_s1	0
atti_Sericomyrmex_s1	dory_Dorylus_s2	0
atti_Sericomyrmex_s1	dory_Dorylus_s3	0
atti_Sericomyrmex_s1	dory_Ooceraea_s1	0
atti_Sericomyrmex_s1	dory_Parasyscia_s1	0
atti_Sericomyrmex_s1	ecta_Poneracantha_s1	0
atti_Sericomyrmex_s1	fori_Formica_s1	0
atti_Sericomyrmex_s1	fori_Acropyga_s0	0
atti_Sericomyrmex_s1	fori_Tapinolepis_s0	0
atti_Sericomyrmex_s1	fori_Calomyrmex_s1	0
atti_Sericomyrmex_s1	fori_Camponotus_s1	0
atti_Sericomyrmex_s1	fori_Camponotus_s3	0
atti_Sericomyrmex_s1	fori_Camponotus_s4	0
atti_Sericomyrmex_s1	fori_Colobopsis_s1	0
atti_Sericomyrmex_s1	fori_Oecophylla_s1	0
atti_Sericomyrmex_s1	fori_Lasius_s1	0
atti_Sericomyrmex_s1	form_Formica_s1	0
atti_Sericomyrmex_s1	lasi_Myrmecocystus_s1	0
atti_Sericomyrmex_s1	lasi_Paraparatrechina_s1	0
atti_Sericomyrmex_s1	lasi_Nylanderia_s2	0
atti_Sericomyrmex_s1	lasi_Nylanderia_s3	0
atti_Sericomyrmex_s1	lasi2_Lasius_s0	0
atti_Sericomyrmex_s1	lasi2_Nylanderia_s1	0
atti_Sericomyrmex_s1	lasi2_Nylanderia_s5	0
atti_Sericomyrmex_s1	lasi2_Nylanderia_s6	0
atti_Sericomyrmex_s1	lasi2_Nylanderia_s7	0
atti_Sericomyrmex_s1	lasi2_Nylanderia_s8	0
atti_Sericomyrmex_s1	lasi2_Nylanderia_s9	0
atti_Sericomyrmex_s1	melo_s0	0
atti_Sericomyrmex_s1	mycr_Mycocepurus_s0	0
atti_Sericomyrmex_s1	mycr_Myrmicocrypta_s1	0
atti_Sericomyrmex_s1	mymi_Myrmica_s13	0
atti_Sericomyrmex_s1	mymi_Myrmica_s14	0
atti_Sericomyrmex_s1	mymi_Myrmica_s3	0
atti_Sericomyrmex_s1	mymi_Myrmica_s7	0
atti_Sericomyrmex_s1	mymi_Myrmica_s8	0
atti_Sericomyrmex_s1	mymi_Myrmica_s9	0
atti_Sericomyrmex_s1	mymi_Myrmica_s11	0
atti_Sericomyrmex_s1	mymi_Myrmica_s12	0
atti_Sericomyrmex_s1	myre_Myrmecia_s1	0
atti_Sericomyrmex_s1	myre_Myrmecia_s2	0
atti_Sericomyrmex_s1	myre_Myrmecia_s3	0
atti_Sericomyrmex_s1	myre_Myrmecia_s5	0
atti_Sericomyrmex_s1	myre_Myrmecia_s6	0
atti_Sericomyrmex_s1	myre_Myrmecia_s7	0
atti_Sericomyrmex_s1	myrm_Myrmica_s1	0
atti_Sericomyrmex_s1	myrm_Myrmica_s2	0
atti_Sericomyrmex_s1	myrm_Pogonomyrmex_s1	0
atti_Sericomyrmex_s1	myrm_Pogonomyrmex_s2	0
atti_Sericomyrmex_s1	myrm_Monomorium_s0	0
atti_Sericomyrmex_s1	myrm_Cyphomyrmex_s0	0
atti_Sericomyrmex_s1	myrm_Basiceros_s0	0
atti_Sericomyrmex_s1	myrm_Pheidole_s1	0
atti_Sericomyrmex_s1	myrm_Ocymyrmex_s0	0
atti_Sericomyrmex_s1	myrm_Nesomyrmex_s0	0
atti_Sericomyrmex_s1	myrm_Cataulacus_s0	0
atti_Sericomyrmex_s1	myrm_Carebara_s0	0
atti_Sericomyrmex_s1	myrm_Cyphoidris_s0	0
atti_Sericomyrmex_s1	myrm_Tetramorium_s0	0
atti_Sericomyrmex_s1	myrm_Crematogaster_s1	0
atti_Sericomyrmex_s1	myrm_Adlerzia_s0	0
atti_Sericomyrmex_s1	myrm_Pristomyrmex_s0	0
atti_Sericomyrmex_s1	myrm_Poecilomyrma_s0	0
atti_Sericomyrmex_s1	myrm_Vombisidris_s0	0
atti_Sericomyrmex_s1	myrm_Harpagoxenus_s0	0
atti_Sericomyrmex_s1	ocym_Ocymyrmex_s1	0
atti_Sericomyrmex_s1	pogo_Pogonomyrmex_s1	0
atti_Sericomyrmex_s1	pogo_Pogonomyrmex_s2	0
atti_Sericomyrmex_s1	pogo_Pogonomyrmex_s3	0
atti_Sericomyrmex_s1	pogo_Pogonomyrmex_s4	0
atti_Sericomyrmex_s1	pseu2_Pseudomyrmex_s1	0
atti_Sericomyrmex_s1	seco_Dilobocondyla_s0	0
atti_Sericomyrmex_s1	seri_Sericomyrmex_s1	1
atti_Sericomyrmex_s1	sten_Novomessor_s0	0
atti_Sericomyrmex_s1	tapi_Tapinoma_s0	0
atti_Sericomyrmex_s1	temn_Temnothorax_s1	0
atti_Sericomyrmex_s1	temn_Temnothorax_s3	0
atti_Sericomyrmex_s1	temn_Temnothorax_s5	0
atti_Sericomyrmex_s1	temn_Temnothorax_s7	0
atti_Sericomyrmex_s1	temn_Temnothorax_s8	0
atti_Sericomyrmex_s1	vero_Veromessor_s1	0
atti_Sericomyrmex_s1	vero_Veromessor_s2	0
atti_Myrmicocrypta_s1	atti_Basiceros_s0	0
atti_Myrmicocrypta_s1	atti_Strumigenys_s0	0
atti_Myrmicocrypta_s1	atti_Pheidole_s1	0
atti_Myrmicocrypta_s1	atti_Cephalotes_s0	0
atti_Myrmicocrypta_s1	atti2_Sericomyrmex_s0	0
atti_Myrmicocrypta_s1	atti2_Mycetomoellerius_s1	0
atti_Myrmicocrypta_s1	atti2_Mycetagroicus_s0	0
atti_Myrmicocrypta_s1	atti3_Pheidole_s1	0
atti_Myrmicocrypta_s1	atti3_Strumigenys_s0	0
atti_Myrmicocrypta_s1	atti3_Basiceros_s0	0
atti_Myrmicocrypta_s1	atti3_Mycocepurus_s1	0
atti_Myrmicocrypta_s1	atti3_Myrmicocrypta_s1	2
atti_Myrmicocrypta_s1	atti3_Sericomyrmex_s1	0
atti_Myrmicocrypta_s1	atti3_Acromyrmex_s1	0
atti_Myrmicocrypta_s1	bakb_Mycetarotes_s0	0
atti_Myrmicocrypta_s1	bakb_Trachymyrmex_s0	0
atti_Myrmicocrypta_s1	bakb_Cephalotes_s0	0
atti_Myrmicocrypta_s1	bakb_Strumigenys_s0	0
atti_Myrmicocrypta_s1	bakb_Basiceros_s0	0
atti_Myrmicocrypta_s1	bakb_Ochetomyrmex_s0	0
atti_Myrmicocrypta_s1	bakb_Solenopsis_s0	0
atti_Myrmicocrypta_s1	bakb_Monomorium_s0	0
atti_Myrmicocrypta_s1	bakb_Ocymyrmex_s0	0
atti_Myrmicocrypta_s1	bakb_Kartidris_s0	0
atti_Myrmicocrypta_s1	bakb_Ancyridris_s0	0
atti_Myrmicocrypta_s1	bakb_Harpagoxenus_s0	0
atti_Myrmicocrypta_s1	bakb_Romblonella_s0	0
atti_Myrmicocrypta_s1	bakb_Cyphoidris_s0	0
atti_Myrmicocrypta_s1	bakb_Diplomorium_s0	0
atti_Myrmicocrypta_s1	bakb_Goniomma_s0	0
atti_Myrmicocrypta_s1	bakb_Zatania_s0	0
atti_Myrmicocrypta_s1	bakb_Opisthopsis_s0	0
atti_Myrmicocrypta_s1	bakb_Polyrhachis_s0	0
atti_Myrmicocrypta_s1	bakb_Echinopla_s0	0
atti_Myrmicocrypta_s1	bakb_Oecophylla_s0	0
atti_Myrmicocrypta_s1	bakb_Formica_s0	0
atti_Myrmicocrypta_s1	bakb_Cataglyphis_s0	0
atti_Myrmicocrypta_s1	bakb_Stigmacros_s0	0
atti_Myrmicocrypta_s1	bakb_Pseudomyrmex_s0	0
atti_Myrmicocrypta_s1	bakb_Anonychomyrma_s0	0
atti_Myrmicocrypta_s1	bakb_Froggattella_s0	0
atti_Myrmicocrypta_s1	bakb_Dorymyrmex_s0	0
atti_Myrmicocrypta_s1	bakb_Technomyrmex_s0	0
atti_Myrmicocrypta_s1	bakb_Cheliomyrmex_s0	0
atti_Myrmicocrypta_s1	bakb_Dinoponera_s0	0
atti_Myrmicocrypta_s1	bakb_Adetomyrma_s0	0
atti_Myrmicocrypta_s1	bakb_Onychomyrmex_s0	0
atti_Myrmicocrypta_s1	brach_Brachymyrmex_s1	0
atti_Myrmicocrypta_s1	cata_Cataglyphis_s1	0
atti_Myrmicocrypta_s1	ceph_Cephalotes_s1	0
atti_Myrmicocrypta_s1	ceph_Cephalotes_s2	0
atti_Myrmicocrypta_s1	crea_Crematogaster_s1	0
atti_Myrmicocrypta_s1	crea_Crematogaster_s2	0
atti_Myrmicocrypta_s1	cren_Crematogaster_s1	0
atti_Myrmicocrypta_s1	cres_Crematogaster_s0	0
atti_Myrmicocrypta_s1	cret_Crematogaster_s1	0
atti_Myrmicocrypta_s1	cret_Crematogaster_s2	0
atti_Myrmicocrypta_s1	doli_Technomyrmex_s1	0
atti_Myrmicocrypta_s1	doli_Bothriomyrmex_s1	0
atti_Myrmicocrypta_s1	doli_Azteca_s1	0
atti_Myrmicocrypta_s1	doli_Linepithema_s0	0
atti_Myrmicocrypta_s1	doli_Anonychomyrma_s1	0
atti_Myrmicocrypta_s1	doli_Froggattella_s0	0
atti_Myrmicocrypta_s1	dory_Acanthostichus_s0	0
atti_Myrmicocrypta_s1	dory_Eciton_s1	0
atti_Myrmicocrypta_s1	dory_Dorylus_s2	0
atti_Myrmicocrypta_s1	dory_Dorylus_s3	0
atti_Myrmicocrypta_s1	dory_Ooceraea_s1	0
atti_Myrmicocrypta_s1	dory_Parasyscia_s1	0
atti_Myrmicocrypta_s1	ecta_Poneracantha_s1	0
atti_Myrmicocrypta_s1	fori_Formica_s1	0
atti_Myrmicocrypta_s1	fori_Acropyga_s0	0
atti_Myrmicocrypta_s1	fori_Tapinolepis_s0	0
atti_Myrmicocrypta_s1	fori_Calomyrmex_s1	0
atti_Myrmicocrypta_s1	fori_Camponotus_s1	0
atti_Myrmicocrypta_s1	fori_Camponotus_s3	0
atti_Myrmicocrypta_s1	fori_Camponotus_s4	0
atti_Myrmicocrypta_s1	fori_Colobopsis_s1	0
atti_Myrmicocrypta_s1	fori_Oecophylla_s1	0
atti_Myrmicocrypta_s1	fori_Lasius_s1	0
atti_Myrmicocrypta_s1	form_Formica_s1	0
atti_Myrmicocrypta_s1	lasi_Myrmecocystus_s1	0
atti_Myrmicocrypta_s1	lasi_Paraparatrechina_s1	0
atti_Myrmicocrypta_s1	lasi_Nylanderia_s2	0
atti_Myrmicocrypta_s1	lasi_Nylanderia_s3	0
atti_Myrmicocrypta_s1	lasi2_Lasius_s0	0
atti_Myrmicocrypta_s1	lasi2_Nylanderia_s1	0
atti_Myrmicocrypta_s1	lasi2_Nylanderia_s5	0
atti_Myrmicocrypta_s1	lasi2_Nylanderia_s6	0
atti_Myrmicocrypta_s1	lasi2_Nylanderia_s7	0
atti_Myrmicocrypta_s1	lasi2_Nylanderia_s8	0
atti_Myrmicocrypta_s1	lasi2_Nylanderia_s9	0
atti_Myrmicocrypta_s1	melo_s0	0
atti_Myrmicocrypta_s1	mycr_Mycocepurus_s0	0
atti_Myrmicocrypta_s1	mycr_Myrmicocrypta_s1	2
atti_Myrmicocrypta_s1	mymi_Myrmica_s13	0
atti_Myrmicocrypta_s1	mymi_Myrmica_s14	0
atti_Myrmicocrypta_s1	mymi_Myrmica_s3	0
atti_Myrmicocrypta_s1	mymi_Myrmica_s7	0
atti_Myrmicocrypta_s1	mymi_Myrmica_s8	0
atti_Myrmicocrypta_s1	mymi_Myrmica_s9	0
atti_Myrmicocrypta_s1	mymi_Myrmica_s11	0
atti_Myrmicocrypta_s1	mymi_Myrmica_s12	0
atti_Myrmicocrypta_s1	myre_Myrmecia_s1	0
atti_Myrmicocrypta_s1	myre_Myrmecia_s2	0
atti_Myrmicocrypta_s1	myre_Myrmecia_s3	0
atti_Myrmicocrypta_s1	myre_Myrmecia_s5	0
atti_Myrmicocrypta_s1	myre_Myrmecia_s6	0
atti_Myrmicocrypta_s1	myre_Myrmecia_s7	0
atti_Myrmicocrypta_s1	myrm_Myrmica_s1	0
atti_Myrmicocrypta_s1	myrm_Myrmica_s2	0
atti_Myrmicocrypta_s1	myrm_Pogonomyrmex_s1	0
atti_Myrmicocrypta_s1	myrm_Pogonomyrmex_s2	0
atti_Myrmicocrypta_s1	myrm_Monomorium_s0	0
atti_Myrmicocrypta_s1	myrm_Cyphomyrmex_s0	0
atti_Myrmicocrypta_s1	myrm_Basiceros_s0	0
atti_Myrmicocrypta_s1	myrm_Pheidole_s1	0
atti_Myrmicocrypta_s1	myrm_Ocymyrmex_s0	0
atti_Myrmicocrypta_s1	myrm_Nesomyrmex_s0	0
atti_Myrmicocrypta_s1	myrm_Cataulacus_s0	0
atti_Myrmicocrypta_s1	myrm_Carebara_s0	0
atti_Myrmicocrypta_s1	myrm_Cyphoidris_s0	0
atti_Myrmicocrypta_s1	myrm_Tetramorium_s0	0
atti_Myrmicocrypta_s1	myrm_Crematogaster_s1	0
atti_Myrmicocrypta_s1	myrm_Adlerzia_s0	0
atti_Myrmicocrypta_s1	myrm_Pristomyrmex_s0	0
atti_Myrmicocrypta_s1	myrm_Poecilomyrma_s0	0
atti_Myrmicocrypta_s1	myrm_Vombisidris_s0	0
atti_Myrmicocrypta_s1	myrm_Harpagoxenus_s0	0
atti_Myrmicocrypta_s1	ocym_Ocymyrmex_s1	0
atti_Myrmicocrypta_s1	pogo_Pogonomyrmex_s1	0
atti_Myrmicocrypta_s1	pogo_Pogonomyrmex_s2	0
atti_Myrmicocrypta_s1	pogo_Pogonomyrmex_s3	0
atti_Myrmicocrypta_s1	pogo_Pogonomyrmex_s4	0
atti_Myrmicocrypta_s1	pseu2_Pseudomyrmex_s1	0
atti_Myrmicocrypta_s1	seco_Dilobocondyla_s0	0
atti_Myrmicocrypta_s1	seri_Sericomyrmex_s1	0
atti_Myrmicocrypta_s1	sten_Novomessor_s0	0
atti_Myrmicocrypta_s1	tapi_Tapinoma_s0	0
atti_Myrmicocrypta_s1	temn_Temnothorax_s1	0
atti_Myrmicocrypta_s1	temn_Temnothorax_s3	0
atti_Myrmicocrypta_s1	temn_Temnothorax_s5	0
atti_Myrmicocrypta_s1	temn_Temnothorax_s7	0
atti_Myrmicocrypta_s1	temn_Temnothorax_s8	0
atti_Myrmicocrypta_s1	vero_Veromessor_s1	0
atti_Myrmicocrypta_s1	vero_Veromessor_s2	0
atti_Basiceros_s0	atti_Strumigenys_s0	0
atti_Basiceros_s0	atti_Pheidole_s1	0
atti_Basiceros_s0	atti_Cephalotes_s0	0
atti_Basiceros_s0	atti2_Sericomyrmex_s0	0
atti_Basiceros_s0	atti2_Mycetomoellerius_s1	0
atti_Basiceros_s0	atti2_Mycetagroicus_s0	0
atti_Basiceros_s0	atti3_Pheidole_s1	0
atti_Basiceros_s0	atti3_Strumigenys_s0	3
atti_Basiceros_s0	atti3_Basiceros_s0	3
atti_Basiceros_s0	atti3_Mycocepurus_s1	0
atti_Basiceros_s0	atti3_Myrmicocrypta_s1	0
atti_Basiceros_s0	atti3_Sericomyrmex_s1	0
atti_Basiceros_s0	atti3_Acromyrmex_s1	0
atti_Basiceros_s0	bakb_Mycetarotes_s0	0
atti_Basiceros_s0	bakb_Trachymyrmex_s0	0
atti_Basiceros_s0	bakb_Cephalotes_s0	0
atti_Basiceros_s0	bakb_Strumigenys_s0	0
atti_Basiceros_s0	bakb_Basiceros_s0	2
atti_Basiceros_s0	bakb_Ochetomyrmex_s0	1
atti_Basiceros_s0	bakb_Solenopsis_s0	0
atti_Basiceros_s0	bakb_Monomorium_s0	0
atti_Basiceros_s0	bakb_Ocymyrmex_s0	0
atti_Basiceros_s0	bakb_Kartidris_s0	0
atti_Basiceros_s0	bakb_Ancyridris_s0	0
atti_Basiceros_s0	bakb_Harpagoxenus_s0	0
atti_Basiceros_s0	bakb_Romblonella_s0	0
atti_Basiceros_s0	bakb_Cyphoidris_s0	0
atti_Basiceros_s0	bakb_Diplomorium_s0	0
atti_Basiceros_s0	bakb_Goniomma_s0	0
atti_Basiceros_s0	bakb_Zatania_s0	0
atti_Basiceros_s0	bakb_Opisthopsis_s0	0
atti_Basiceros_s0	bakb_Polyrhachis_s0	0
atti_Basiceros_s0	bakb_Echinopla_s0	0
atti_Basiceros_s0	bakb_Oecophylla_s0	0
atti_Basiceros_s0	bakb_Formica_s0	0
atti_Basiceros_s0	bakb_Cataglyphis_s0	0
atti_Basiceros_s0	bakb_Stigmacros_s0	0
atti_Basiceros_s0	bakb_Pseudomyrmex_s0	0
atti_Basiceros_s0	bakb_Anonychomyrma_s0	0
atti_Basiceros_s0	bakb_Froggattella_s0	0
atti_Basiceros_s0	bakb_Dorymyrmex_s0	0
atti_Basiceros_s0	bakb_Technomyrmex_s0	0
atti_Basiceros_s0	bakb_Cheliomyrmex_s0	0
atti_Basiceros_s0	bakb_Dinoponera_s0	0
atti_Basiceros_s0	bakb_Adetomyrma_s0	0
atti_Basiceros_s0	bakb_Onychomyrmex_s0	0
atti_Basiceros_s0	brach_Brachymyrmex_s1	0
atti_Basiceros_s0	cata_Cataglyphis_s1	0
atti_Basiceros_s0	ceph_Cephalotes_s1	0
atti_Basiceros_s0	ceph_Cephalotes_s2	0
atti_Basiceros_s0	crea_Crematogaster_s1	0
atti_Basiceros_s0	crea_Crematogaster_s2	0
atti_Basiceros_s0	cren_Crematogaster_s1	0
atti_Basiceros_s0	cres_Crematogaster_s0	0
atti_Basiceros_s0	cret_Crematogaster_s1	0
atti_Basiceros_s0	cret_Crematogaster_s2	0
atti_Basiceros_s0	doli_Technomyrmex_s1	0
atti_Basiceros_s0	doli_Bothriomyrmex_s1	0
atti_Basiceros_s0	doli_Azteca_s1	0
atti_Basiceros_s0	doli_Linepithema_s0	0
atti_Basiceros_s0	doli_Anonychomyrma_s1	0
atti_Basiceros_s0	doli_Froggattella_s0	0
atti_Basiceros_s0	dory_Acanthostichus_s0	0
atti_Basiceros_s0	dory_Eciton_s1	0
atti_Basiceros_s0	dory_Dorylus_s2	0
atti_Basiceros_s0	dory_Dorylus_s3	0
atti_Basiceros_s0	dory_Ooceraea_s1	0
atti_Basiceros_s0	dory_Parasyscia_s1	0
atti_Basiceros_s0	ecta_Poneracantha_s1	0
atti_Basiceros_s0	fori_Formica_s1	0
atti_Basiceros_s0	fori_Acropyga_s0	0
atti_Basiceros_s0	fori_Tapinolepis_s0	0
atti_Basiceros_s0	fori_Calomyrmex_s1	0
atti_Basiceros_s0	fori_Camponotus_s1	0
atti_Basiceros_s0	fori_Camponotus_s3	0
atti_Basiceros_s0	fori_Camponotus_s4	0
atti_Basiceros_s0	fori_Colobopsis_s1	0
atti_Basiceros_s0	fori_Oecophylla_s1	0
atti_Basiceros_s0	fori_Lasius_s1	0
atti_Basiceros_s0	form_Formica_s1	0
atti_Basiceros_s0	lasi_Myrmecocystus_s1	0
atti_Basiceros_s0	lasi_Paraparatrechina_s1	0
atti_Basiceros_s0	lasi_Nylanderia_s2	0
atti_Basiceros_s0	lasi_Nylanderia_s3	0
atti_Basiceros_s0	lasi2_Lasius_s0	0
atti_Basiceros_s0	lasi2_Nylanderia_s1	0
atti_Basiceros_s0	lasi2_Nylanderia_s5	0
atti_Basiceros_s0	lasi2_Nylanderia_s6	0
atti_Basiceros_s0	lasi2_Nylanderia_s7	0
atti_Basiceros_s0	lasi2_Nylanderia_s8	0
atti_Basiceros_s0	lasi2_Nylanderia_s9	0
atti_Basiceros_s0	melo_s0	0
atti_Basiceros_s0	mycr_Mycocepurus_s0	0
atti_Basiceros_s0	mycr_Myrmicocrypta_s1	0
atti_Basiceros_s0	mymi_Myrmica_s13	0
atti_Basiceros_s0	mymi_Myrmica_s14	0
atti_Basiceros_s0	mymi_Myrmica_s3	0
atti_Basiceros_s0	mymi_Myrmica_s7	0
atti_Basiceros_s0	mymi_Myrmica_s8	0
atti_Basiceros_s0	mymi_Myrmica_s9	0
atti_Basiceros_s0	mymi_Myrmica_s11	0
atti_Basiceros_s0	mymi_Myrmica_s12	0
atti_Basiceros_s0	myre_Myrmecia_s1	0
atti_Basiceros_s0	myre_Myrmecia_s2	0
atti_Basiceros_s0	myre_Myrmecia_s3	0
atti_Basiceros_s0	myre_Myrmecia_s5	0
atti_Basiceros_s0	myre_Myrmecia_s6	0
atti_Basiceros_s0	myre_Myrmecia_s7	0
atti_Basiceros_s0	myrm_Myrmica_s1	0
atti_Basiceros_s0	myrm_Myrmica_s2	0
atti_Basiceros_s0	myrm_Pogonomyrmex_s1	0
atti_Basiceros_s0	myrm_Pogonomyrmex_s2	0
atti_Basiceros_s0	myrm_Monomorium_s0	0
atti_Basiceros_s0	myrm_Cyphomyrmex_s0	0
atti_Basiceros_s0	myrm_Basiceros_s0	3
atti_Basiceros_s0	myrm_Pheidole_s1	0
atti_Basiceros_s0	myrm_Ocymyrmex_s0	0
atti_Basiceros_s0	myrm_Nesomyrmex_s0	0
atti_Basiceros_s0	myrm_Cataulacus_s0	0
atti_Basiceros_s0	myrm_Carebara_s0	0
atti_Basiceros_s0	myrm_Cyphoidris_s0	0
atti_Basiceros_s0	myrm_Tetramorium_s0	0
atti_Basiceros_s0	myrm_Crematogaster_s1	0
atti_Basiceros_s0	myrm_Adlerzia_s0	0
atti_Basiceros_s0	myrm_Pristomyrmex_s0	0
atti_Basiceros_s0	myrm_Poecilomyrma_s0	0
atti_Basiceros_s0	myrm_Vombisidris_s0	0
atti_Basiceros_s0	myrm_Harpagoxenus_s0	0
atti_Basiceros_s0	ocym_Ocymyrmex_s1	0
atti_Basiceros_s0	pogo_Pogonomyrmex_s1	0
atti_Basiceros_s0	pogo_Pogonomyrmex_s2	0
atti_Basiceros_s0	pogo_Pogonomyrmex_s3	0
atti_Basiceros_s0	pogo_Pogonomyrmex_s4	0
atti_Basiceros_s0	pseu2_Pseudomyrmex_s1	0
atti_Basiceros_s0	seco_Dilobocondyla_s0	0
atti_Basiceros_s0	seri_Sericomyrmex_s1	0
atti_Basiceros_s0	sten_Novomessor_s0	0
atti_Basiceros_s0	tapi_Tapinoma_s0	0
atti_Basiceros_s0	temn_Temnothorax_s1	0
atti_Basiceros_s0	temn_Temnothorax_s3	0
atti_Basiceros_s0	temn_Temnothorax_s5	0
atti_Basiceros_s0	temn_Temnothorax_s7	0
atti_Basiceros_s0	temn_Temnothorax_s8	0
atti_Basiceros_s0	vero_Veromessor_s1	0
atti_Basiceros_s0	vero_Veromessor_s2	0
atti_Strumigenys_s0	atti_Pheidole_s1	0
atti_Strumigenys_s0	atti_Cephalotes_s0	0
atti_Strumigenys_s0	atti2_Sericomyrmex_s0	0
atti_Strumigenys_s0	atti2_Mycetomoellerius_s1	0
atti_Strumigenys_s0	atti2_Mycetagroicus_s0	0
atti_Strumigenys_s0	atti3_Pheidole_s1	0
atti_Strumigenys_s0	atti3_Strumigenys_s0	3
atti_Strumigenys_s0	atti3_Basiceros_s0	0
atti_Strumigenys_s0	atti3_Mycocepurus_s1	0
atti_Strumigenys_s0	atti3_Myrmicocrypta_s1	0
atti_Strumigenys_s0	atti3_Sericomyrmex_s1	0
atti_Strumigenys_s0	atti3_Acromyrmex_s1	0
atti_Strumigenys_s0	bakb_Mycetarotes_s0	0
atti_Strumigenys_s0	bakb_Trachymyrmex_s0	0
atti_Strumigenys_s0	bakb_Cephalotes_s0	0
atti_Strumigenys_s0	bakb_Strumigenys_s0	1
atti_Strumigenys_s0	bakb_Basiceros_s0	0
atti_Strumigenys_s0	bakb_Ochetomyrmex_s0	0
atti_Strumigenys_s0	bakb_Solenopsis_s0	0
atti_Strumigenys_s0	bakb_Monomorium_s0	0
atti_Strumigenys_s0	bakb_Ocymyrmex_s0	0
atti_Strumigenys_s0	bakb_Kartidris_s0	0
atti_Strumigenys_s0	bakb_Ancyridris_s0	0
atti_Strumigenys_s0	bakb_Harpagoxenus_s0	0
atti_Strumigenys_s0	bakb_Romblonella_s0	0
atti_Strumigenys_s0	bakb_Cyphoidris_s0	0
atti_Strumigenys_s0	bakb_Diplomorium_s0	0
atti_Strumigenys_s0	bakb_Goniomma_s0	0
atti_Strumigenys_s0	bakb_Zatania_s0	0
atti_Strumigenys_s0	bakb_Opisthopsis_s0	0
atti_Strumigenys_s0	bakb_Polyrhachis_s0	0
atti_Strumigenys_s0	bakb_Echinopla_s0	0
atti_Strumigenys_s0	bakb_Oecophylla_s0	0
atti_Strumigenys_s0	bakb_Formica_s0	0
atti_Strumigenys_s0	bakb_Cataglyphis_s0	0
atti_Strumigenys_s0	bakb_Stigmacros_s0	0
atti_Strumigenys_s0	bakb_Pseudomyrmex_s0	0
atti_Strumigenys_s0	bakb_Anonychomyrma_s0	0
atti_Strumigenys_s0	bakb_Froggattella_s0	0
atti_Strumigenys_s0	bakb_Dorymyrmex_s0	0
atti_Strumigenys_s0	bakb_Technomyrmex_s0	0
atti_Strumigenys_s0	bakb_Cheliomyrmex_s0	0
atti_Strumigenys_s0	bakb_Dinoponera_s0	0
atti_Strumigenys_s0	bakb_Adetomyrma_s0	0
atti_Strumigenys_s0	bakb_Onychomyrmex_s0	0
atti_Strumigenys_s0	brach_Brachymyrmex_s1	0
atti_Strumigenys_s0	cata_Cataglyphis_s1	0
atti_Strumigenys_s0	ceph_Cephalotes_s1	0
atti_Strumigenys_s0	ceph_Cephalotes_s2	0
atti_Strumigenys_s0	crea_Crematogaster_s1	0
atti_Strumigenys_s0	crea_Crematogaster_s2	0
atti_Strumigenys_s0	cren_Crematogaster_s1	0
atti_Strumigenys_s0	cres_Crematogaster_s0	0
atti_Strumigenys_s0	cret_Crematogaster_s1	0
atti_Strumigenys_s0	cret_Crematogaster_s2	0
atti_Strumigenys_s0	doli_Technomyrmex_s1	0
atti_Strumigenys_s0	doli_Bothriomyrmex_s1	0
atti_Strumigenys_s0	doli_Azteca_s1	0
atti_Strumigenys_s0	doli_Linepithema_s0	0
atti_Strumigenys_s0	doli_Anonychomyrma_s1	0
atti_Strumigenys_s0	doli_Froggattella_s0	0
atti_Strumigenys_s0	dory_Acanthostichus_s0	0
atti_Strumigenys_s0	dory_Eciton_s1	0
atti_Strumigenys_s0	dory_Dorylus_s2	0
atti_Strumigenys_s0	dory_Dorylus_s3	0
atti_Strumigenys_s0	dory_Ooceraea_s1	0
atti_Strumigenys_s0	dory_Parasyscia_s1	0
atti_Strumigenys_s0	ecta_Poneracantha_s1	0
atti_Strumigenys_s0	fori_Formica_s1	0
atti_Strumigenys_s0	fori_Acropyga_s0	0
atti_Strumigenys_s0	fori_Tapinolepis_s0	0
atti_Strumigenys_s0	fori_Calomyrmex_s1	0
atti_Strumigenys_s0	fori_Camponotus_s1	0
atti_Strumigenys_s0	fori_Camponotus_s3	0
atti_Strumigenys_s0	fori_Camponotus_s4	0
atti_Strumigenys_s0	fori_Colobopsis_s1	0
atti_Strumigenys_s0	fori_Oecophylla_s1	0
atti_Strumigenys_s0	fori_Lasius_s1	0
atti_Strumigenys_s0	form_Formica_s1	0
atti_Strumigenys_s0	lasi_Myrmecocystus_s1	0
atti_Strumigenys_s0	lasi_Paraparatrechina_s1	0
atti_Strumigenys_s0	lasi_Nylanderia_s2	0
atti_Strumigenys_s0	lasi_Nylanderia_s3	0
atti_Strumigenys_s0	lasi2_Lasius_s0	0
atti_Strumigenys_s0	lasi2_Nylanderia_s1	0
atti_Strumigenys_s0	lasi2_Nylanderia_s5	0
atti_Strumigenys_s0	lasi2_Nylanderia_s6	0
atti_Strumigenys_s0	lasi2_Nylanderia_s7	0
atti_Strumigenys_s0	lasi2_Nylanderia_s8	0
atti_Strumigenys_s0	lasi2_Nylanderia_s9	0
atti_Strumigenys_s0	melo_s0	0
atti_Strumigenys_s0	mycr_Mycocepurus_s0	0
atti_Strumigenys_s0	mycr_Myrmicocrypta_s1	0
atti_Strumigenys_s0	mymi_Myrmica_s13	0
atti_Strumigenys_s0	mymi_Myrmica_s14	0
atti_Strumigenys_s0	mymi_Myrmica_s3	0
atti_Strumigenys_s0	mymi_Myrmica_s7	0
atti_Strumigenys_s0	mymi_Myrmica_s8	0
atti_Strumigenys_s0	mymi_Myrmica_s9	0
atti_Strumigenys_s0	mymi_Myrmica_s11	0
atti_Strumigenys_s0	mymi_Myrmica_s12	0
atti_Strumigenys_s0	myre_Myrmecia_s1	0
atti_Strumigenys_s0	myre_Myrmecia_s2	0
atti_Strumigenys_s0	myre_Myrmecia_s3	0
atti_Strumigenys_s0	myre_Myrmecia_s5	0
atti_Strumigenys_s0	myre_Myrmecia_s6	0
atti_Strumigenys_s0	myre_Myrmecia_s7	0
atti_Strumigenys_s0	myrm_Myrmica_s1	0
atti_Strumigenys_s0	myrm_Myrmica_s2	0
atti_Strumigenys_s0	myrm_Pogonomyrmex_s1	0
atti_Strumigenys_s0	myrm_Pogonomyrmex_s2	0
atti_Strumigenys_s0	myrm_Monomorium_s0	0
atti_Strumigenys_s0	myrm_Cyphomyrmex_s0	0
atti_Strumigenys_s0	myrm_Basiceros_s0	0
atti_Strumigenys_s0	myrm_Pheidole_s1	0
atti_Strumigenys_s0	myrm_Ocymyrmex_s0	0
atti_Strumigenys_s0	myrm_Nesomyrmex_s0	0
atti_Strumigenys_s0	myrm_Cataulacus_s0	0
atti_Strumigenys_s0	myrm_Carebara_s0	0
atti_Strumigenys_s0	myrm_Cyphoidris_s0	0
atti_Strumigenys_s0	myrm_Tetramorium_s0	0
atti_Strumigenys_s0	myrm_Crematogaster_s1	0
atti_Strumigenys_s0	myrm_Adlerzia_s0	0
atti_Strumigenys_s0	myrm_Pristomyrmex_s0	0
atti_Strumigenys_s0	myrm_Poecilomyrma_s0	0
atti_Strumigenys_s0	myrm_Vombisidris_s0	0
atti_Strumigenys_s0	myrm_Harpagoxenus_s0	0
atti_Strumigenys_s0	ocym_Ocymyrmex_s1	0
atti_Strumigenys_s0	pogo_Pogonomyrmex_s1	0
atti_Strumigenys_s0	pogo_Pogonomyrmex_s2	0
atti_Strumigenys_s0	pogo_Pogonomyrmex_s3	0
atti_Strumigenys_s0	pogo_Pogonomyrmex_s4	0
atti_Strumigenys_s0	pseu2_Pseudomyrmex_s1	0
atti_Strumigenys_s0	seco_Dilobocondyla_s0	0
atti_Strumigenys_s0	seri_Sericomyrmex_s1	0
atti_Strumigenys_s0	sten_Novomessor_s0	0
atti_Strumigenys_s0	tapi_Tapinoma_s0	0
atti_Strumigenys_s0	temn_Temnothorax_s1	0
atti_Strumigenys_s0	temn_Temnothorax_s3	0
atti_Strumigenys_s0	temn_Temnothorax_s5	0
atti_Strumigenys_s0	temn_Temnothorax_s7	0
atti_Strumigenys_s0	temn_Temnothorax_s8	0
atti_Strumigenys_s0	vero_Veromessor_s1	0
atti_Strumigenys_s0	vero_Veromessor_s2	0
atti_Pheidole_s1	atti_Cephalotes_s0	0
atti_Pheidole_s1	atti2_Sericomyrmex_s0	0
atti_Pheidole_s1	atti2_Mycetomoellerius_s1	0
atti_Pheidole_s1	atti2_Mycetagroicus_s0	0
atti_Pheidole_s1	atti3_Pheidole_s1	2
atti_Pheidole_s1	atti3_Strumigenys_s0	0
atti_Pheidole_s1	atti3_Basiceros_s0	0
atti_Pheidole_s1	atti3_Mycocepurus_s1	0
atti_Pheidole_s1	atti3_Myrmicocrypta_s1	0
atti_Pheidole_s1	atti3_Sericomyrmex_s1	0
atti_Pheidole_s1	atti3_Acromyrmex_s1	0
atti_Pheidole_s1	bakb_Mycetarotes_s0	0
atti_Pheidole_s1	bakb_Trachymyrmex_s0	0
atti_Pheidole_s1	bakb_Cephalotes_s0	0
atti_Pheidole_s1	bakb_Strumigenys_s0	0
atti_Pheidole_s1	bakb_Basiceros_s0	0
atti_Pheidole_s1	bakb_Ochetomyrmex_s0	0
atti_Pheidole_s1	bakb_Solenopsis_s0	0
atti_Pheidole_s1	bakb_Monomorium_s0	0
atti_Pheidole_s1	bakb_Ocymyrmex_s0	0
atti_Pheidole_s1	bakb_Kartidris_s0	0
atti_Pheidole_s1	bakb_Ancyridris_s0	0
atti_Pheidole_s1	bakb_Harpagoxenus_s0	0
atti_Pheidole_s1	bakb_Romblonella_s0	0
atti_Pheidole_s1	bakb_Cyphoidris_s0	0
atti_Pheidole_s1	bakb_Diplomorium_s0	0
atti_Pheidole_s1	bakb_Goniomma_s0	0
atti_Pheidole_s1	bakb_Zatania_s0	0
atti_Pheidole_s1	bakb_Opisthopsis_s0	0
atti_Pheidole_s1	bakb_Polyrhachis_s0	0
atti_Pheidole_s1	bakb_Echinopla_s0	0
atti_Pheidole_s1	bakb_Oecophylla_s0	0
atti_Pheidole_s1	bakb_Formica_s0	0
atti_Pheidole_s1	bakb_Cataglyphis_s0	0
atti_Pheidole_s1	bakb_Stigmacros_s0	0
atti_Pheidole_s1	bakb_Pseudomyrmex_s0	0
atti_Pheidole_s1	bakb_Anonychomyrma_s0	0
atti_Pheidole_s1	bakb_Froggattella_s0	0
atti_Pheidole_s1	bakb_Dorymyrmex_s0	0
atti_Pheidole_s1	bakb_Technomyrmex_s0	0
atti_Pheidole_s1	bakb_Cheliomyrmex_s0	0
atti_Pheidole_s1	bakb_Dinoponera_s0	0
atti_Pheidole_s1	bakb_Adetomyrma_s0	0
atti_Pheidole_s1	bakb_Onychomyrmex_s0	0
atti_Pheidole_s1	brach_Brachymyrmex_s1	0
atti_Pheidole_s1	cata_Cataglyphis_s1	0
atti_Pheidole_s1	ceph_Cephalotes_s1	0
atti_Pheidole_s1	ceph_Cephalotes_s2	0
atti_Pheidole_s1	crea_Crematogaster_s1	0
atti_Pheidole_s1	crea_Crematogaster_s2	0
atti_Pheidole_s1	cren_Crematogaster_s1	0
atti_Pheidole_s1	cres_Crematogaster_s0	0
atti_Pheidole_s1	cret_Crematogaster_s1	0
atti_Pheidole_s1	cret_Crematogaster_s2	0
atti_Pheidole_s1	doli_Technomyrmex_s1	0
atti_Pheidole_s1	doli_Bothriomyrmex_s1	0
atti_Pheidole_s1	doli_Azteca_s1	0
atti_Pheidole_s1	doli_Linepithema_s0	0
atti_Pheidole_s1	doli_Anonychomyrma_s1	0
atti_Pheidole_s1	doli_Froggattella_s0	0
atti_Pheidole_s1	dory_Acanthostichus_s0	0
atti_Pheidole_s1	dory_Eciton_s1	0
atti_Pheidole_s1	dory_Dorylus_s2	0
atti_Pheidole_s1	dory_Dorylus_s3	0
atti_Pheidole_s1	dory_Ooceraea_s1	0
atti_Pheidole_s1	dory_Parasyscia_s1	0
atti_Pheidole_s1	ecta_Poneracantha_s1	0
atti_Pheidole_s1	fori_Formica_s1	0
atti_Pheidole_s1	fori_Acropyga_s0	0
atti_Pheidole_s1	fori_Tapinolepis_s0	0
atti_Pheidole_s1	fori_Calomyrmex_s1	0
atti_Pheidole_s1	fori_Camponotus_s1	0
atti_Pheidole_s1	fori_Camponotus_s3	0
atti_Pheidole_s1	fori_Camponotus_s4	0
atti_Pheidole_s1	fori_Colobopsis_s1	0
atti_Pheidole_s1	fori_Oecophylla_s1	0
atti_Pheidole_s1	fori_Lasius_s1	0
atti_Pheidole_s1	form_Formica_s1	0
atti_Pheidole_s1	lasi_Myrmecocystus_s1	0
atti_Pheidole_s1	lasi_Paraparatrechina_s1	0
atti_Pheidole_s1	lasi_Nylanderia_s2	0
atti_Pheidole_s1	lasi_Nylanderia_s3	0
atti_Pheidole_s1	lasi2_Lasius_s0	0
atti_Pheidole_s1	lasi2_Nylanderia_s1	0
atti_Pheidole_s1	lasi2_Nylanderia_s5	0
atti_Pheidole_s1	lasi2_Nylanderia_s6	0
atti_Pheidole_s1	lasi2_Nylanderia_s7	0
atti_Pheidole_s1	lasi2_Nylanderia_s8	0
atti_Pheidole_s1	lasi2_Nylanderia_s9	0
atti_Pheidole_s1	melo_s0	0
atti_Pheidole_s1	mycr_Mycocepurus_s0	0
atti_Pheidole_s1	mycr_Myrmicocrypta_s1	0
atti_Pheidole_s1	mymi_Myrmica_s13	0
atti_Pheidole_s1	mymi_Myrmica_s14	0
atti_Pheidole_s1	mymi_Myrmica_s3	0
atti_Pheidole_s1	mymi_Myrmica_s7	0
atti_Pheidole_s1	mymi_Myrmica_s8	0
atti_Pheidole_s1	mymi_Myrmica_s9	0
atti_Pheidole_s1	mymi_Myrmica_s11	0
atti_Pheidole_s1	mymi_Myrmica_s12	0
atti_Pheidole_s1	myre_Myrmecia_s1	0
atti_Pheidole_s1	myre_Myrmecia_s2	0
atti_Pheidole_s1	myre_Myrmecia_s3	0
atti_Pheidole_s1	myre_Myrmecia_s5	0
atti_Pheidole_s1	myre_Myrmecia_s6	0
atti_Pheidole_s1	myre_Myrmecia_s7	0
atti_Pheidole_s1	myrm_Myrmica_s1	0
atti_Pheidole_s1	myrm_Myrmica_s2	0
atti_Pheidole_s1	myrm_Pogonomyrmex_s1	0
atti_Pheidole_s1	myrm_Pogonomyrmex_s2	0
atti_Pheidole_s1	myrm_Monomorium_s0	0
atti_Pheidole_s1	myrm_Cyphomyrmex_s0	0
atti_Pheidole_s1	myrm_Basiceros_s0	0
atti_Pheidole_s1	myrm_Pheidole_s1	0
atti_Pheidole_s1	myrm_Ocymyrmex_s0	0
atti_Pheidole_s1	myrm_Nesomyrmex_s0	0
atti_Pheidole_s1	myrm_Cataulacus_s0	0
atti_Pheidole_s1	myrm_Carebara_s0	0
atti_Pheidole_s1	myrm_Cyphoidris_s0	0
atti_Pheidole_s1	myrm_Tetramorium_s0	0
atti_Pheidole_s1	myrm_Crematogaster_s1	0
atti_Pheidole_s1	myrm_Adlerzia_s0	0
atti_Pheidole_s1	myrm_Pristomyrmex_s0	0
atti_Pheidole_s1	myrm_Poecilomyrma_s0	0
atti_Pheidole_s1	myrm_Vombisidris_s0	0
atti_Pheidole_s1	myrm_Harpagoxenus_s0	0
atti_Pheidole_s1	ocym_Ocymyrmex_s1	0
atti_Pheidole_s1	pogo_Pogonomyrmex_s1	0
atti_Pheidole_s1	pogo_Pogonomyrmex_s2	0
atti_Pheidole_s1	pogo_Pogonomyrmex_s3	0
atti_Pheidole_s1	pogo_Pogonomyrmex_s4	0
atti_Pheidole_s1	pseu2_Pseudomyrmex_s1	0
atti_Pheidole_s1	seco_Dilobocondyla_s0	0
atti_Pheidole_s1	seri_Sericomyrmex_s1	0
atti_Pheidole_s1	sten_Novomessor_s0	0
atti_Pheidole_s1	tapi_Tapinoma_s0	0
atti_Pheidole_s1	temn_Temnothorax_s1	0
atti_Pheidole_s1	temn_Temnothorax_s3	0
atti_Pheidole_s1	temn_Temnothorax_s5	0
atti_Pheidole_s1	temn_Temnothorax_s7	0
atti_Pheidole_s1	temn_Temnothorax_s8	0
atti_Pheidole_s1	vero_Veromessor_s1	0
atti_Pheidole_s1	vero_Veromessor_s2	0
atti_Cephalotes_s0	atti2_Sericomyrmex_s0	0
atti_Cephalotes_s0	atti2_Mycetomoellerius_s1	0
atti_Cephalotes_s0	atti2_Mycetagroicus_s0	0
atti_Cephalotes_s0	atti3_Pheidole_s1	0
atti_Cephalotes_s0	atti3_Strumigenys_s0	0
atti_Cephalotes_s0	atti3_Basiceros_s0	0
atti_Cephalotes_s0	atti3_Mycocepurus_s1	0
atti_Cephalotes_s0	atti3_Myrmicocrypta_s1	0
atti_Cephalotes_s0	atti3_Sericomyrmex_s1	0
atti_Cephalotes_s0	atti3_Acromyrmex_s1	0
atti_Cephalotes_s0	bakb_Mycetarotes_s0	0
atti_Cephalotes_s0	bakb_Trachymyrmex_s0	0
atti_Cephalotes_s0	bakb_Cephalotes_s0	0
atti_Cephalotes_s0	bakb_Strumigenys_s0	0
atti_Cephalotes_s0	bakb_Basiceros_s0	0
atti_Cephalotes_s0	bakb_Ochetomyrmex_s0	0
atti_Cephalotes_s0	bakb_Solenopsis_s0	0
atti_Cephalotes_s0	bakb_Monomorium_s0	0
atti_Cephalotes_s0	bakb_Ocymyrmex_s0	0
atti_Cephalotes_s0	bakb_Kartidris_s0	0
atti_Cephalotes_s0	bakb_Ancyridris_s0	0
atti_Cephalotes_s0	bakb_Harpagoxenus_s0	0
atti_Cephalotes_s0	bakb_Romblonella_s0	0
atti_Cephalotes_s0	bakb_Cyphoidris_s0	0
atti_Cephalotes_s0	bakb_Diplomorium_s0	0
atti_Cephalotes_s0	bakb_Goniomma_s0	0
atti_Cephalotes_s0	bakb_Zatania_s0	0
atti_Cephalotes_s0	bakb_Opisthopsis_s0	0
atti_Cephalotes_s0	bakb_Polyrhachis_s0	0
atti_Cephalotes_s0	bakb_Echinopla_s0	0
atti_Cephalotes_s0	bakb_Oecophylla_s0	0
atti_Cephalotes_s0	bakb_Formica_s0	0
atti_Cephalotes_s0	bakb_Cataglyphis_s0	0
atti_Cephalotes_s0	bakb_Stigmacros_s0	0
atti_Cephalotes_s0	bakb_Pseudomyrmex_s0	0
atti_Cephalotes_s0	bakb_Anonychomyrma_s0	0
atti_Cephalotes_s0	bakb_Froggattella_s0	0
atti_Cephalotes_s0	bakb_Dorymyrmex_s0	0
atti_Cephalotes_s0	bakb_Technomyrmex_s0	0
atti_Cephalotes_s0	bakb_Cheliomyrmex_s0	0
atti_Cephalotes_s0	bakb_Dinoponera_s0	0
atti_Cephalotes_s0	bakb_Adetomyrma_s0	0
atti_Cephalotes_s0	bakb_Onychomyrmex_s0	0
atti_Cephalotes_s0	brach_Brachymyrmex_s1	0
atti_Cephalotes_s0	cata_Cataglyphis_s1	0
atti_Cephalotes_s0	ceph_Cephalotes_s1	0
atti_Cephalotes_s0	ceph_Cephalotes_s2	0
atti_Cephalotes_s0	crea_Crematogaster_s1	0
atti_Cephalotes_s0	crea_Crematogaster_s2	0
atti_Cephalotes_s0	cren_Crematogaster_s1	0
atti_Cephalotes_s0	cres_Crematogaster_s0	0
atti_Cephalotes_s0	cret_Crematogaster_s1	0
atti_Cephalotes_s0	cret_Crematogaster_s2	0
atti_Cephalotes_s0	doli_Technomyrmex_s1	0
atti_Cephalotes_s0	doli_Bothriomyrmex_s1	0
atti_Cephalotes_s0	doli_Azteca_s1	0
atti_Cephalotes_s0	doli_Linepithema_s0	0
atti_Cephalotes_s0	doli_Anonychomyrma_s1	0
atti_Cephalotes_s0	doli_Froggattella_s0	0
atti_Cephalotes_s0	dory_Acanthostichus_s0	0
atti_Cephalotes_s0	dory_Eciton_s1	0
atti_Cephalotes_s0	dory_Dorylus_s2	0
atti_Cephalotes_s0	dory_Dorylus_s3	0
atti_Cephalotes_s0	dory_Ooceraea_s1	0
atti_Cephalotes_s0	dory_Parasyscia_s1	0
atti_Cephalotes_s0	ecta_Poneracantha_s1	0
atti_Cephalotes_s0	fori_Formica_s1	0
atti_Cephalotes_s0	fori_Acropyga_s0	0
atti_Cephalotes_s0	fori_Tapinolepis_s0	0
atti_Cephalotes_s0	fori_Calomyrmex_s1	0
atti_Cephalotes_s0	fori_Camponotus_s1	0
atti_Cephalotes_s0	fori_Camponotus_s3	0
atti_Cephalotes_s0	fori_Camponotus_s4	0
atti_Cephalotes_s0	fori_Colobopsis_s1	0
atti_Cephalotes_s0	fori_Oecophylla_s1	0
atti_Cephalotes_s0	fori_Lasius_s1	0
atti_Cephalotes_s0	form_Formica_s1	0
atti_Cephalotes_s0	lasi_Myrmecocystus_s1	0
atti_Cephalotes_s0	lasi_Paraparatrechina_s1	0
atti_Cephalotes_s0	lasi_Nylanderia_s2	0
atti_Cephalotes_s0	lasi_Nylanderia_s3	0
atti_Cephalotes_s0	lasi2_Lasius_s0	0
atti_Cephalotes_s0	lasi2_Nylanderia_s1	0
atti_Cephalotes_s0	lasi2_Nylanderia_s5	0
atti_Cephalotes_s0	lasi2_Nylanderia_s6	0
atti_Cephalotes_s0	lasi2_Nylanderia_s7	0
atti_Cephalotes_s0	lasi2_Nylanderia_s8	0
atti_Cephalotes_s0	lasi2_Nylanderia_s9	0
atti_Cephalotes_s0	melo_s0	0
atti_Cephalotes_s0	mycr_Mycocepurus_s0	0
atti_Cephalotes_s0	mycr_Myrmicocrypta_s1	0
atti_Cephalotes_s0	mymi_Myrmica_s13	0
atti_Cephalotes_s0	mymi_Myrmica_s14	0
atti_Cephalotes_s0	mymi_Myrmica_s3	0
atti_Cephalotes_s0	mymi_Myrmica_s7	0
atti_Cephalotes_s0	mymi_Myrmica_s8	0
atti_Cephalotes_s0	mymi_Myrmica_s9	0
atti_Cephalotes_s0	mymi_Myrmica_s11	0
atti_Cephalotes_s0	mymi_Myrmica_s12	0
atti_Cephalotes_s0	myre_Myrmecia_s1	0
atti_Cephalotes_s0	myre_Myrmecia_s2	0
atti_Cephalotes_s0	myre_Myrmecia_s3	0
atti_Cephalotes_s0	myre_Myrmecia_s5	0
atti_Cephalotes_s0	myre_Myrmecia_s6	0
atti_Cephalotes_s0	myre_Myrmecia_s7	0
atti_Cephalotes_s0	myrm_Myrmica_s1	0
atti_Cephalotes_s0	myrm_Myrmica_s2	0
atti_Cephalotes_s0	myrm_Pogonomyrmex_s1	0
atti_Cephalotes_s0	myrm_Pogonomyrmex_s2	0
atti_Cephalotes_s0	myrm_Monomorium_s0	0
atti_Cephalotes_s0	myrm_Cyphomyrmex_s0	0
atti_Cephalotes_s0	myrm_Basiceros_s0	0
atti_Cephalotes_s0	myrm_Pheidole_s1	0
atti_Cephalotes_s0	myrm_Ocymyrmex_s0	0
atti_Cephalotes_s0	myrm_Nesomyrmex_s0	0
atti_Cephalotes_s0	myrm_Cataulacus_s0	0
atti_Cephalotes_s0	myrm_Carebara_s0	0
atti_Cephalotes_s0	myrm_Cyphoidris_s0	0
atti_Cephalotes_s0	myrm_Tetramorium_s0	0
atti_Cephalotes_s0	myrm_Crematogaster_s1	0
atti_Cephalotes_s0	myrm_Adlerzia_s0	0
atti_Cephalotes_s0	myrm_Pristomyrmex_s0	0
atti_Cephalotes_s0	myrm_Poecilomyrma_s0	0
atti_Cephalotes_s0	myrm_Vombisidris_s0	0
atti_Cephalotes_s0	myrm_Harpagoxenus_s0	0
atti_Cephalotes_s0	ocym_Ocymyrmex_s1	0
atti_Cephalotes_s0	pogo_Pogonomyrmex_s1	0
atti_Cephalotes_s0	pogo_Pogonomyrmex_s2	0
atti_Cephalotes_s0	pogo_Pogonomyrmex_s3	0
atti_Cephalotes_s0	pogo_Pogonomyrmex_s4	0
atti_Cephalotes_s0	pseu2_Pseudomyrmex_s1	0
atti_Cephalotes_s0	seco_Dilobocondyla_s0	0
atti_Cephalotes_s0	seri_Sericomyrmex_s1	0
atti_Cephalotes_s0	sten_Novomessor_s0	0
atti_Cephalotes_s0	tapi_Tapinoma_s0	0
atti_Cephalotes_s0	temn_Temnothorax_s1	0
atti_Cephalotes_s0	temn_Temnothorax_s3	0
atti_Cephalotes_s0	temn_Temnothorax_s5	0
atti_Cephalotes_s0	temn_Temnothorax_s7	0
atti_Cephalotes_s0	temn_Temnothorax_s8	0
atti_Cephalotes_s0	vero_Veromessor_s1	0
atti_Cephalotes_s0	vero_Veromessor_s2	0
atti2_Sericomyrmex_s0	atti2_Mycetomoellerius_s1	0
atti2_Sericomyrmex_s0	atti2_Mycetagroicus_s0	0
atti2_Sericomyrmex_s0	atti3_Pheidole_s1	0
atti2_Sericomyrmex_s0	atti3_Strumigenys_s0	0
atti2_Sericomyrmex_s0	atti3_Basiceros_s0	0
atti2_Sericomyrmex_s0	atti3_Mycocepurus_s1	0
atti2_Sericomyrmex_s0	atti3_Myrmicocrypta_s1	0
atti2_Sericomyrmex_s0	atti3_Sericomyrmex_s1	2
atti2_Sericomyrmex_s0	atti3_Acromyrmex_s1	0
atti2_Sericomyrmex_s0	bakb_Mycetarotes_s0	0
atti2_Sericomyrmex_s0	bakb_Trachymyrmex_s0	0
atti2_Sericomyrmex_s0	bakb_Cephalotes_s0	0
atti2_Sericomyrmex_s0	bakb_Strumigenys_s0	0
atti2_Sericomyrmex_s0	bakb_Basiceros_s0	0
atti2_Sericomyrmex_s0	bakb_Ochetomyrmex_s0	0
atti2_Sericomyrmex_s0	bakb_Solenopsis_s0	0
atti2_Sericomyrmex_s0	bakb_Monomorium_s0	0
atti2_Sericomyrmex_s0	bakb_Ocymyrmex_s0	0
atti2_Sericomyrmex_s0	bakb_Kartidris_s0	0
atti2_Sericomyrmex_s0	bakb_Ancyridris_s0	0
atti2_Sericomyrmex_s0	bakb_Harpagoxenus_s0	0
atti2_Sericomyrmex_s0	bakb_Romblonella_s0	0
atti2_Sericomyrmex_s0	bakb_Cyphoidris_s0	0
atti2_Sericomyrmex_s0	bakb_Diplomorium_s0	0
atti2_Sericomyrmex_s0	bakb_Goniomma_s0	0
atti2_Sericomyrmex_s0	bakb_Zatania_s0	0
atti2_Sericomyrmex_s0	bakb_Opisthopsis_s0	0
atti2_Sericomyrmex_s0	bakb_Polyrhachis_s0	0
atti2_Sericomyrmex_s0	bakb_Echinopla_s0	0
atti2_Sericomyrmex_s0	bakb_Oecophylla_s0	0
atti2_Sericomyrmex_s0	bakb_Formica_s0	0
atti2_Sericomyrmex_s0	bakb_Cataglyphis_s0	0
atti2_Sericomyrmex_s0	bakb_Stigmacros_s0	0
atti2_Sericomyrmex_s0	bakb_Pseudomyrmex_s0	0
atti2_Sericomyrmex_s0	bakb_Anonychomyrma_s0	0
atti2_Sericomyrmex_s0	bakb_Froggattella_s0	0
atti2_Sericomyrmex_s0	bakb_Dorymyrmex_s0	0
atti2_Sericomyrmex_s0	bakb_Technomyrmex_s0	0
atti2_Sericomyrmex_s0	bakb_Cheliomyrmex_s0	0
atti2_Sericomyrmex_s0	bakb_Dinoponera_s0	0
atti2_Sericomyrmex_s0	bakb_Adetomyrma_s0	0
atti2_Sericomyrmex_s0	bakb_Onychomyrmex_s0	0
atti2_Sericomyrmex_s0	brach_Brachymyrmex_s1	0
atti2_Sericomyrmex_s0	cata_Cataglyphis_s1	0
atti2_Sericomyrmex_s0	ceph_Cephalotes_s1	0
atti2_Sericomyrmex_s0	ceph_Cephalotes_s2	0
atti2_Sericomyrmex_s0	crea_Crematogaster_s1	0
atti2_Sericomyrmex_s0	crea_Crematogaster_s2	0
atti2_Sericomyrmex_s0	cren_Crematogaster_s1	0
atti2_Sericomyrmex_s0	cres_Crematogaster_s0	0
atti2_Sericomyrmex_s0	cret_Crematogaster_s1	0
atti2_Sericomyrmex_s0	cret_Crematogaster_s2	0
atti2_Sericomyrmex_s0	doli_Technomyrmex_s1	0
atti2_Sericomyrmex_s0	doli_Bothriomyrmex_s1	0
atti2_Sericomyrmex_s0	doli_Azteca_s1	0
atti2_Sericomyrmex_s0	doli_Linepithema_s0	0
atti2_Sericomyrmex_s0	doli_Anonychomyrma_s1	0
atti2_Sericomyrmex_s0	doli_Froggattella_s0	0
atti2_Sericomyrmex_s0	dory_Acanthostichus_s0	0
atti2_Sericomyrmex_s0	dory_Eciton_s1	0
atti2_Sericomyrmex_s0	dory_Dorylus_s2	0
atti2_Sericomyrmex_s0	dory_Dorylus_s3	0
atti2_Sericomyrmex_s0	dory_Ooceraea_s1	0
atti2_Sericomyrmex_s0	dory_Parasyscia_s1	0
atti2_Sericomyrmex_s0	ecta_Poneracantha_s1	0
atti2_Sericomyrmex_s0	fori_Formica_s1	0
atti2_Sericomyrmex_s0	fori_Acropyga_s0	0
atti2_Sericomyrmex_s0	fori_Tapinolepis_s0	0
atti2_Sericomyrmex_s0	fori_Calomyrmex_s1	0
atti2_Sericomyrmex_s0	fori_Camponotus_s1	0
atti2_Sericomyrmex_s0	fori_Camponotus_s3	0
atti2_Sericomyrmex_s0	fori_Camponotus_s4	0
atti2_Sericomyrmex_s0	fori_Colobopsis_s1	0
atti2_Sericomyrmex_s0	fori_Oecophylla_s1	0
atti2_Sericomyrmex_s0	fori_Lasius_s1	0
atti2_Sericomyrmex_s0	form_Formica_s1	0
atti2_Sericomyrmex_s0	lasi_Myrmecocystus_s1	0
atti2_Sericomyrmex_s0	lasi_Paraparatrechina_s1	0
atti2_Sericomyrmex_s0	lasi_Nylanderia_s2	0
atti2_Sericomyrmex_s0	lasi_Nylanderia_s3	0
atti2_Sericomyrmex_s0	lasi2_Lasius_s0	0
atti2_Sericomyrmex_s0	lasi2_Nylanderia_s1	0
atti2_Sericomyrmex_s0	lasi2_Nylanderia_s5	0
atti2_Sericomyrmex_s0	lasi2_Nylanderia_s6	0
atti2_Sericomyrmex_s0	lasi2_Nylanderia_s7	0
atti2_Sericomyrmex_s0	lasi2_Nylanderia_s8	0
atti2_Sericomyrmex_s0	lasi2_Nylanderia_s9	0
atti2_Sericomyrmex_s0	melo_s0	0
atti2_Sericomyrmex_s0	mycr_Mycocepurus_s0	0
atti2_Sericomyrmex_s0	mycr_Myrmicocrypta_s1	0
atti2_Sericomyrmex_s0	mymi_Myrmica_s13	0
atti2_Sericomyrmex_s0	mymi_Myrmica_s14	0
atti2_Sericomyrmex_s0	mymi_Myrmica_s3	0
atti2_Sericomyrmex_s0	mymi_Myrmica_s7	0
atti2_Sericomyrmex_s0	mymi_Myrmica_s8	0
atti2_Sericomyrmex_s0	mymi_Myrmica_s9	0
atti2_Sericomyrmex_s0	mymi_Myrmica_s11	0
atti2_Sericomyrmex_s0	mymi_Myrmica_s12	0
atti2_Sericomyrmex_s0	myre_Myrmecia_s1	0
atti2_Sericomyrmex_s0	myre_Myrmecia_s2	0
atti2_Sericomyrmex_s0	myre_Myrmecia_s3	0
atti2_Sericomyrmex_s0	myre_Myrmecia_s5	0
atti2_Sericomyrmex_s0	myre_Myrmecia_s6	0
atti2_Sericomyrmex_s0	myre_Myrmecia_s7	0
atti2_Sericomyrmex_s0	myrm_Myrmica_s1	0
atti2_Sericomyrmex_s0	myrm_Myrmica_s2	0
atti2_Sericomyrmex_s0	myrm_Pogonomyrmex_s1	0
atti2_Sericomyrmex_s0	myrm_Pogonomyrmex_s2	0
atti2_Sericomyrmex_s0	myrm_Monomorium_s0	0
atti2_Sericomyrmex_s0	myrm_Cyphomyrmex_s0	0
atti2_Sericomyrmex_s0	myrm_Basiceros_s0	0
atti2_Sericomyrmex_s0	myrm_Pheidole_s1	0
atti2_Sericomyrmex_s0	myrm_Ocymyrmex_s0	0
atti2_Sericomyrmex_s0	myrm_Nesomyrmex_s0	0
atti2_Sericomyrmex_s0	myrm_Cataulacus_s0	0
atti2_Sericomyrmex_s0	myrm_Carebara_s0	0
atti2_Sericomyrmex_s0	myrm_Cyphoidris_s0	0
atti2_Sericomyrmex_s0	myrm_Tetramorium_s0	0
atti2_Sericomyrmex_s0	myrm_Crematogaster_s1	0
atti2_Sericomyrmex_s0	myrm_Adlerzia_s0	0
atti2_Sericomyrmex_s0	myrm_Pristomyrmex_s0	0
atti2_Sericomyrmex_s0	myrm_Poecilomyrma_s0	0
atti2_Sericomyrmex_s0	myrm_Vombisidris_s0	0
atti2_Sericomyrmex_s0	myrm_Harpagoxenus_s0	0
atti2_Sericomyrmex_s0	ocym_Ocymyrmex_s1	0
atti2_Sericomyrmex_s0	pogo_Pogonomyrmex_s1	0
atti2_Sericomyrmex_s0	pogo_Pogonomyrmex_s2	0
atti2_Sericomyrmex_s0	pogo_Pogonomyrmex_s3	0
atti2_Sericomyrmex_s0	pogo_Pogonomyrmex_s4	0
atti2_Sericomyrmex_s0	pseu2_Pseudomyrmex_s1	0
atti2_Sericomyrmex_s0	seco_Dilobocondyla_s0	0
atti2_Sericomyrmex_s0	seri_Sericomyrmex_s1	2
atti2_Sericomyrmex_s0	sten_Novomessor_s0	0
atti2_Sericomyrmex_s0	tapi_Tapinoma_s0	0
atti2_Sericomyrmex_s0	temn_Temnothorax_s1	0
atti2_Sericomyrmex_s0	temn_Temnothorax_s3	0
atti2_Sericomyrmex_s0	temn_Temnothorax_s5	0
atti2_Sericomyrmex_s0	temn_Temnothorax_s7	0
atti2_Sericomyrmex_s0	temn_Temnothorax_s8	0
atti2_Sericomyrmex_s0	vero_Veromessor_s1	0
atti2_Sericomyrmex_s0	vero_Veromessor_s2	0
atti2_Mycetomoellerius_s1	atti2_Mycetagroicus_s0	0
atti2_Mycetomoellerius_s1	atti3_Pheidole_s1	0
atti2_Mycetomoellerius_s1	atti3_Strumigenys_s0	0
atti2_Mycetomoellerius_s1	atti3_Basiceros_s0	0
atti2_Mycetomoellerius_s1	atti3_Mycocepurus_s1	0
atti2_Mycetomoellerius_s1	atti3_Myrmicocrypta_s1	0
atti2_Mycetomoellerius_s1	atti3_Sericomyrmex_s1	0
atti2_Mycetomoellerius_s1	atti3_Acromyrmex_s1	0
atti2_Mycetomoellerius_s1	bakb_Mycetarotes_s0	0
atti2_Mycetomoellerius_s1	bakb_Trachymyrmex_s0	0
atti2_Mycetomoellerius_s1	bakb_Cephalotes_s0	0
atti2_Mycetomoellerius_s1	bakb_Strumigenys_s0	0
atti2_Mycetomoellerius_s1	bakb_Basiceros_s0	0
atti2_Mycetomoellerius_s1	bakb_Ochetomyrmex_s0	0
atti2_Mycetomoellerius_s1	bakb_Solenopsis_s0	0
atti2_Mycetomoellerius_s1	bakb_Monomorium_s0	0
atti2_Mycetomoellerius_s1	bakb_Ocymyrmex_s0	0
atti2_Mycetomoellerius_s1	bakb_Kartidris_s0	0
atti2_Mycetomoellerius_s1	bakb_Ancyridris_s0	0
atti2_Mycetomoellerius_s1	bakb_Harpagoxenus_s0	0
atti2_Mycetomoellerius_s1	bakb_Romblonella_s0	0
atti2_Mycetomoellerius_s1	bakb_Cyphoidris_s0	0
atti2_Mycetomoellerius_s1	bakb_Diplomorium_s0	0
atti2_Mycetomoellerius_s1	bakb_Goniomma_s0	0
atti2_Mycetomoellerius_s1	bakb_Zatania_s0	0
atti2_Mycetomoellerius_s1	bakb_Opisthopsis_s0	0
atti2_Mycetomoellerius_s1	bakb_Polyrhachis_s0	0
atti2_Mycetomoellerius_s1	bakb_Echinopla_s0	0
atti2_Mycetomoellerius_s1	bakb_Oecophylla_s0	0
atti2_Mycetomoellerius_s1	bakb_Formica_s0	0
atti2_Mycetomoellerius_s1	bakb_Cataglyphis_s0	0
atti2_Mycetomoellerius_s1	bakb_Stigmacros_s0	0
atti2_Mycetomoellerius_s1	bakb_Pseudomyrmex_s0	0
atti2_Mycetomoellerius_s1	bakb_Anonychomyrma_s0	0
atti2_Mycetomoellerius_s1	bakb_Froggattella_s0	0
atti2_Mycetomoellerius_s1	bakb_Dorymyrmex_s0	0
atti2_Mycetomoellerius_s1	bakb_Technomyrmex_s0	0
atti2_Mycetomoellerius_s1	bakb_Cheliomyrmex_s0	0
atti2_Mycetomoellerius_s1	bakb_Dinoponera_s0	0
atti2_Mycetomoellerius_s1	bakb_Adetomyrma_s0	0
atti2_Mycetomoellerius_s1	bakb_Onychomyrmex_s0	0
atti2_Mycetomoellerius_s1	brach_Brachymyrmex_s1	0
atti2_Mycetomoellerius_s1	cata_Cataglyphis_s1	0
atti2_Mycetomoellerius_s1	ceph_Cephalotes_s1	0
atti2_Mycetomoellerius_s1	ceph_Cephalotes_s2	0
atti2_Mycetomoellerius_s1	crea_Crematogaster_s1	0
atti2_Mycetomoellerius_s1	crea_Crematogaster_s2	0
atti2_Mycetomoellerius_s1	cren_Crematogaster_s1	0
atti2_Mycetomoellerius_s1	cres_Crematogaster_s0	0
atti2_Mycetomoellerius_s1	cret_Crematogaster_s1	0
atti2_Mycetomoellerius_s1	cret_Crematogaster_s2	0
atti2_Mycetomoellerius_s1	doli_Technomyrmex_s1	0
atti2_Mycetomoellerius_s1	doli_Bothriomyrmex_s1	0
atti2_Mycetomoellerius_s1	doli_Azteca_s1	0
atti2_Mycetomoellerius_s1	doli_Linepithema_s0	0
atti2_Mycetomoellerius_s1	doli_Anonychomyrma_s1	0
atti2_Mycetomoellerius_s1	doli_Froggattella_s0	0
atti2_Mycetomoellerius_s1	dory_Acanthostichus_s0	0
atti2_Mycetomoellerius_s1	dory_Eciton_s1	0
atti2_Mycetomoellerius_s1	dory_Dorylus_s2	0
atti2_Mycetomoellerius_s1	dory_Dorylus_s3	0
atti2_Mycetomoellerius_s1	dory_Ooceraea_s1	0
atti2_Mycetomoellerius_s1	dory_Parasyscia_s1	0
atti2_Mycetomoellerius_s1	ecta_Poneracantha_s1	0
atti2_Mycetomoellerius_s1	fori_Formica_s1	0
atti2_Mycetomoellerius_s1	fori_Acropyga_s0	0
atti2_Mycetomoellerius_s1	fori_Tapinolepis_s0	0
atti2_Mycetomoellerius_s1	fori_Calomyrmex_s1	0
atti2_Mycetomoellerius_s1	fori_Camponotus_s1	0
atti2_Mycetomoellerius_s1	fori_Camponotus_s3	0
atti2_Mycetomoellerius_s1	fori_Camponotus_s4	0
atti2_Mycetomoellerius_s1	fori_Colobopsis_s1	0
atti2_Mycetomoellerius_s1	fori_Oecophylla_s1	0
atti2_Mycetomoellerius_s1	fori_Lasius_s1	0
atti2_Mycetomoellerius_s1	form_Formica_s1	0
atti2_Mycetomoellerius_s1	lasi_Myrmecocystus_s1	0
atti2_Mycetomoellerius_s1	lasi_Paraparatrechina_s1	0
atti2_Mycetomoellerius_s1	lasi_Nylanderia_s2	0
atti2_Mycetomoellerius_s1	lasi_Nylanderia_s3	0
atti2_Mycetomoellerius_s1	lasi2_Lasius_s0	0
atti2_Mycetomoellerius_s1	lasi2_Nylanderia_s1	0
atti2_Mycetomoellerius_s1	lasi2_Nylanderia_s5	0
atti2_Mycetomoellerius_s1	lasi2_Nylanderia_s6	0
atti2_Mycetomoellerius_s1	lasi2_Nylanderia_s7	0
atti2_Mycetomoellerius_s1	lasi2_Nylanderia_s8	0
atti2_Mycetomoellerius_s1	lasi2_Nylanderia_s9	0
atti2_Mycetomoellerius_s1	melo_s0	0
atti2_Mycetomoellerius_s1	mycr_Mycocepurus_s0	0
atti2_Mycetomoellerius_s1	mycr_Myrmicocrypta_s1	0
atti2_Mycetomoellerius_s1	mymi_Myrmica_s13	0
atti2_Mycetomoellerius_s1	mymi_Myrmica_s14	0
atti2_Mycetomoellerius_s1	mymi_Myrmica_s3	0
atti2_Mycetomoellerius_s1	mymi_Myrmica_s7	0
atti2_Mycetomoellerius_s1	mymi_Myrmica_s8	0
atti2_Mycetomoellerius_s1	mymi_Myrmica_s9	0
atti2_Mycetomoellerius_s1	mymi_Myrmica_s11	0
atti2_Mycetomoellerius_s1	mymi_Myrmica_s12	0
atti2_Mycetomoellerius_s1	myre_Myrmecia_s1	0
atti2_Mycetomoellerius_s1	myre_Myrmecia_s2	0
atti2_Mycetomoellerius_s1	myre_Myrmecia_s3	0
atti2_Mycetomoellerius_s1	myre_Myrmecia_s5	0
atti2_Mycetomoellerius_s1	myre_Myrmecia_s6	0
atti2_Mycetomoellerius_s1	myre_Myrmecia_s7	0
atti2_Mycetomoellerius_s1	myrm_Myrmica_s1	0
atti2_Mycetomoellerius_s1	myrm_Myrmica_s2	0
atti2_Mycetomoellerius_s1	myrm_Pogonomyrmex_s1	0
atti2_Mycetomoellerius_s1	myrm_Pogonomyrmex_s2	0
atti2_Mycetomoellerius_s1	myrm_Monomorium_s0	0
atti2_Mycetomoellerius_s1	myrm_Cyphomyrmex_s0	0
atti2_Mycetomoellerius_s1	myrm_Basiceros_s0	0
atti2_Mycetomoellerius_s1	myrm_Pheidole_s1	0
atti2_Mycetomoellerius_s1	myrm_Ocymyrmex_s0	0
atti2_Mycetomoellerius_s1	myrm_Nesomyrmex_s0	0
atti2_Mycetomoellerius_s1	myrm_Cataulacus_s0	0
atti2_Mycetomoellerius_s1	myrm_Carebara_s0	0
atti2_Mycetomoellerius_s1	myrm_Cyphoidris_s0	0
atti2_Mycetomoellerius_s1	myrm_Tetramorium_s0	0
atti2_Mycetomoellerius_s1	myrm_Crematogaster_s1	0
atti2_Mycetomoellerius_s1	myrm_Adlerzia_s0	0
atti2_Mycetomoellerius_s1	myrm_Pristomyrmex_s0	0
atti2_Mycetomoellerius_s1	myrm_Poecilomyrma_s0	0
atti2_Mycetomoellerius_s1	myrm_Vombisidris_s0	0
atti2_Mycetomoellerius_s1	myrm_Harpagoxenus_s0	0
atti2_Mycetomoellerius_s1	ocym_Ocymyrmex_s1	0
atti2_Mycetomoellerius_s1	pogo_Pogonomyrmex_s1	0
atti2_Mycetomoellerius_s1	pogo_Pogonomyrmex_s2	0
atti2_Mycetomoellerius_s1	pogo_Pogonomyrmex_s3	0
atti2_Mycetomoellerius_s1	pogo_Pogonomyrmex_s4	0
atti2_Mycetomoellerius_s1	pseu2_Pseudomyrmex_s1	0
atti2_Mycetomoellerius_s1	seco_Dilobocondyla_s0	0
atti2_Mycetomoellerius_s1	seri_Sericomyrmex_s1	0
atti2_Mycetomoellerius_s1	sten_Novomessor_s0	0
atti2_Mycetomoellerius_s1	tapi_Tapinoma_s0	0
atti2_Mycetomoellerius_s1	temn_Temnothorax_s1	0
atti2_Mycetomoellerius_s1	temn_Temnothorax_s3	0
atti2_Mycetomoellerius_s1	temn_Temnothorax_s5	0
atti2_Mycetomoellerius_s1	temn_Temnothorax_s7	0
atti2_Mycetomoellerius_s1	temn_Temnothorax_s8	0
atti2_Mycetomoellerius_s1	vero_Veromessor_s1	0
atti2_Mycetomoellerius_s1	vero_Veromessor_s2	0
atti2_Mycetagroicus_s0	atti3_Pheidole_s1	0
atti2_Mycetagroicus_s0	atti3_Strumigenys_s0	0
atti2_Mycetagroicus_s0	atti3_Basiceros_s0	0
atti2_Mycetagroicus_s0	atti3_Mycocepurus_s1	0
atti2_Mycetagroicus_s0	atti3_Myrmicocrypta_s1	0
atti2_Mycetagroicus_s0	atti3_Sericomyrmex_s1	0
atti2_Mycetagroicus_s0	atti3_Acromyrmex_s1	0
atti2_Mycetagroicus_s0	bakb_Mycetarotes_s0	0
atti2_Mycetagroicus_s0	bakb_Trachymyrmex_s0	0
atti2_Mycetagroicus_s0	bakb_Cephalotes_s0	0
atti2_Mycetagroicus_s0	bakb_Strumigenys_s0	0
atti2_Mycetagroicus_s0	bakb_Basiceros_s0	0
atti2_Mycetagroicus_s0	bakb_Ochetomyrmex_s0	0
atti2_Mycetagroicus_s0	bakb_Solenopsis_s0	0
atti2_Mycetagroicus_s0	bakb_Monomorium_s0	0
atti2_Mycetagroicus_s0	bakb_Ocymyrmex_s0	0
atti2_Mycetagroicus_s0	bakb_Kartidris_s0	0
atti2_Mycetagroicus_s0	bakb_Ancyridris_s0	0
atti2_Mycetagroicus_s0	bakb_Harpagoxenus_s0	0
atti2_Mycetagroicus_s0	bakb_Romblonella_s0	0
atti2_Mycetagroicus_s0	bakb_Cyphoidris_s0	0
atti2_Mycetagroicus_s0	bakb_Diplomorium_s0	0
atti2_Mycetagroicus_s0	bakb_Goniomma_s0	0
atti2_Mycetagroicus_s0	bakb_Zatania_s0	0
atti2_Mycetagroicus_s0	bakb_Opisthopsis_s0	0
atti2_Mycetagroicus_s0	bakb_Polyrhachis_s0	0
atti2_Mycetagroicus_s0	bakb_Echinopla_s0	0
atti2_Mycetagroicus_s0	bakb_Oecophylla_s0	0
atti2_Mycetagroicus_s0	bakb_Formica_s0	0
atti2_Mycetagroicus_s0	bakb_Cataglyphis_s0	0
atti2_Mycetagroicus_s0	bakb_Stigmacros_s0	0
atti2_Mycetagroicus_s0	bakb_Pseudomyrmex_s0	0
atti2_Mycetagroicus_s0	bakb_Anonychomyrma_s0	0
atti2_Mycetagroicus_s0	bakb_Froggattella_s0	0
atti2_Mycetagroicus_s0	bakb_Dorymyrmex_s0	0
atti2_Mycetagroicus_s0	bakb_Technomyrmex_s0	0
atti2_Mycetagroicus_s0	bakb_Cheliomyrmex_s0	0
atti2_Mycetagroicus_s0	bakb_Dinoponera_s0	0
atti2_Mycetagroicus_s0	bakb_Adetomyrma_s0	0
atti2_Mycetagroicus_s0	bakb_Onychomyrmex_s0	0
atti2_Mycetagroicus_s0	brach_Brachymyrmex_s1	0
atti2_Mycetagroicus_s0	cata_Cataglyphis_s1	0
atti2_Mycetagroicus_s0	ceph_Cephalotes_s1	0
atti2_Mycetagroicus_s0	ceph_Cephalotes_s2	0
atti2_Mycetagroicus_s0	crea_Crematogaster_s1	0
atti2_Mycetagroicus_s0	crea_Crematogaster_s2	0
atti2_Mycetagroicus_s0	cren_Crematogaster_s1	0
atti2_Mycetagroicus_s0	cres_Crematogaster_s0	0
atti2_Mycetagroicus_s0	cret_Crematogaster_s1	0
atti2_Mycetagroicus_s0	cret_Crematogaster_s2	0
atti2_Mycetagroicus_s0	doli_Technomyrmex_s1	0
atti2_Mycetagroicus_s0	doli_Bothriomyrmex_s1	0
atti2_Mycetagroicus_s0	doli_Azteca_s1	0
atti2_Mycetagroicus_s0	doli_Linepithema_s0	0
atti2_Mycetagroicus_s0	doli_Anonychomyrma_s1	0
atti2_Mycetagroicus_s0	doli_Froggattella_s0	0
atti2_Mycetagroicus_s0	dory_Acanthostichus_s0	0
atti2_Mycetagroicus_s0	dory_Eciton_s1	0
atti2_Mycetagroicus_s0	dory_Dorylus_s2	0
atti2_Mycetagroicus_s0	dory_Dorylus_s3	0
atti2_Mycetagroicus_s0	dory_Ooceraea_s1	0
atti2_Mycetagroicus_s0	dory_Parasyscia_s1	0
atti2_Mycetagroicus_s0	ecta_Poneracantha_s1	0
atti2_Mycetagroicus_s0	fori_Formica_s1	0
atti2_Mycetagroicus_s0	fori_Acropyga_s0	0
atti2_Mycetagroicus_s0	fori_Tapinolepis_s0	0
atti2_Mycetagroicus_s0	fori_Calomyrmex_s1	0
atti2_Mycetagroicus_s0	fori_Camponotus_s1	0
atti2_Mycetagroicus_s0	fori_Camponotus_s3	0
atti2_Mycetagroicus_s0	fori_Camponotus_s4	0
atti2_Mycetagroicus_s0	fori_Colobopsis_s1	0
atti2_Mycetagroicus_s0	fori_Oecophylla_s1	0
atti2_Mycetagroicus_s0	fori_Lasius_s1	0
atti2_Mycetagroicus_s0	form_Formica_s1	0
atti2_Mycetagroicus_s0	lasi_Myrmecocystus_s1	0
atti2_Mycetagroicus_s0	lasi_Paraparatrechina_s1	0
atti2_Mycetagroicus_s0	lasi_Nylanderia_s2	0
atti2_Mycetagroicus_s0	lasi_Nylanderia_s3	0
atti2_Mycetagroicus_s0	lasi2_Lasius_s0	0
atti2_Mycetagroicus_s0	lasi2_Nylanderia_s1	0
atti2_Mycetagroicus_s0	lasi2_Nylanderia_s5	0
atti2_Mycetagroicus_s0	lasi2_Nylanderia_s6	0
atti2_Mycetagroicus_s0	lasi2_Nylanderia_s7	0
atti2_Mycetagroicus_s0	lasi2_Nylanderia_s8	0
atti2_Mycetagroicus_s0	lasi2_Nylanderia_s9	0
atti2_Mycetagroicus_s0	melo_s0	0
atti2_Mycetagroicus_s0	mycr_Mycocepurus_s0	0
atti2_Mycetagroicus_s0	mycr_Myrmicocrypta_s1	0
atti2_Mycetagroicus_s0	mymi_Myrmica_s13	0
atti2_Mycetagroicus_s0	mymi_Myrmica_s14	0
atti2_Mycetagroicus_s0	mymi_Myrmica_s3	0
atti2_Mycetagroicus_s0	mymi_Myrmica_s7	0
atti2_Mycetagroicus_s0	mymi_Myrmica_s8	0
atti2_Mycetagroicus_s0	mymi_Myrmica_s9	0
atti2_Mycetagroicus_s0	mymi_Myrmica_s11	0
atti2_Mycetagroicus_s0	mymi_Myrmica_s12	0
atti2_Mycetagroicus_s0	myre_Myrmecia_s1	0
atti2_Mycetagroicus_s0	myre_Myrmecia_s2	0
atti2_Mycetagroicus_s0	myre_Myrmecia_s3	0
atti2_Mycetagroicus_s0	myre_Myrmecia_s5	0
atti2_Mycetagroicus_s0	myre_Myrmecia_s6	0
atti2_Mycetagroicus_s0	myre_Myrmecia_s7	0
atti2_Mycetagroicus_s0	myrm_Myrmica_s1	0
atti2_Mycetagroicus_s0	myrm_Myrmica_s2	0
atti2_Mycetagroicus_s0	myrm_Pogonomyrmex_s1	0
atti2_Mycetagroicus_s0	myrm_Pogonomyrmex_s2	0
atti2_Mycetagroicus_s0	myrm_Monomorium_s0	0
atti2_Mycetagroicus_s0	myrm_Cyphomyrmex_s0	0
atti2_Mycetagroicus_s0	myrm_Basiceros_s0	0
atti2_Mycetagroicus_s0	myrm_Pheidole_s1	0
atti2_Mycetagroicus_s0	myrm_Ocymyrmex_s0	0
atti2_Mycetagroicus_s0	myrm_Nesomyrmex_s0	0
atti2_Mycetagroicus_s0	myrm_Cataulacus_s0	0
atti2_Mycetagroicus_s0	myrm_Carebara_s0	0
atti2_Mycetagroicus_s0	myrm_Cyphoidris_s0	0
atti2_Mycetagroicus_s0	myrm_Tetramorium_s0	0
atti2_Mycetagroicus_s0	myrm_Crematogaster_s1	0
atti2_Mycetagroicus_s0	myrm_Adlerzia_s0	0
atti2_Mycetagroicus_s0	myrm_Pristomyrmex_s0	0
atti2_Mycetagroicus_s0	myrm_Poecilomyrma_s0	0
atti2_Mycetagroicus_s0	myrm_Vombisidris_s0	0
atti2_Mycetagroicus_s0	myrm_Harpagoxenus_s0	0
atti2_Mycetagroicus_s0	ocym_Ocymyrmex_s1	0
atti2_Mycetagroicus_s0	pogo_Pogonomyrmex_s1	0
atti2_Mycetagroicus_s0	pogo_Pogonomyrmex_s2	0
atti2_Mycetagroicus_s0	pogo_Pogonomyrmex_s3	0
atti2_Mycetagroicus_s0	pogo_Pogonomyrmex_s4	0
atti2_Mycetagroicus_s0	pseu2_Pseudomyrmex_s1	0
atti2_Mycetagroicus_s0	seco_Dilobocondyla_s0	0
atti2_Mycetagroicus_s0	seri_Sericomyrmex_s1	0
atti2_Mycetagroicus_s0	sten_Novomessor_s0	0
atti2_Mycetagroicus_s0	tapi_Tapinoma_s0	0
atti2_Mycetagroicus_s0	temn_Temnothorax_s1	0
atti2_Mycetagroicus_s0	temn_Temnothorax_s3	0
atti2_Mycetagroicus_s0	temn_Temnothorax_s5	0
atti2_Mycetagroicus_s0	temn_Temnothorax_s7	0
atti2_Mycetagroicus_s0	temn_Temnothorax_s8	0
atti2_Mycetagroicus_s0	vero_Veromessor_s1	0
atti2_Mycetagroicus_s0	vero_Veromessor_s2	0
atti3_Pheidole_s1	atti3_Strumigenys_s0	0
atti3_Pheidole_s1	atti3_Basiceros_s0	0
atti3_Pheidole_s1	atti3_Mycocepurus_s1	0
atti3_Pheidole_s1	atti3_Myrmicocrypta_s1	0
atti3_Pheidole_s1	atti3_Sericomyrmex_s1	0
atti3_Pheidole_s1	atti3_Acromyrmex_s1	0
atti3_Pheidole_s1	bakb_Mycetarotes_s0	0
atti3_Pheidole_s1	bakb_Trachymyrmex_s0	0
atti3_Pheidole_s1	bakb_Cephalotes_s0	0
atti3_Pheidole_s1	bakb_Strumigenys_s0	0
atti3_Pheidole_s1	bakb_Basiceros_s0	0
atti3_Pheidole_s1	bakb_Ochetomyrmex_s0	0
atti3_Pheidole_s1	bakb_Solenopsis_s0	0
atti3_Pheidole_s1	bakb_Monomorium_s0	0
atti3_Pheidole_s1	bakb_Ocymyrmex_s0	0
atti3_Pheidole_s1	bakb_Kartidris_s0	0
atti3_Pheidole_s1	bakb_Ancyridris_s0	0
atti3_Pheidole_s1	bakb_Harpagoxenus_s0	0
atti3_Pheidole_s1	bakb_Romblonella_s0	0
atti3_Pheidole_s1	bakb_Cyphoidris_s0	0
atti3_Pheidole_s1	bakb_Diplomorium_s0	0
atti3_Pheidole_s1	bakb_Goniomma_s0	0
atti3_Pheidole_s1	bakb_Zatania_s0	0
atti3_Pheidole_s1	bakb_Opisthopsis_s0	0
atti3_Pheidole_s1	bakb_Polyrhachis_s0	0
atti3_Pheidole_s1	bakb_Echinopla_s0	0
atti3_Pheidole_s1	bakb_Oecophylla_s0	0
atti3_Pheidole_s1	bakb_Formica_s0	0
atti3_Pheidole_s1	bakb_Cataglyphis_s0	0
atti3_Pheidole_s1	bakb_Stigmacros_s0	0
atti3_Pheidole_s1	bakb_Pseudomyrmex_s0	0
atti3_Pheidole_s1	bakb_Anonychomyrma_s0	0
atti3_Pheidole_s1	bakb_Froggattella_s0	0
atti3_Pheidole_s1	bakb_Dorymyrmex_s0	0
atti3_Pheidole_s1	bakb_Technomyrmex_s0	0
atti3_Pheidole_s1	bakb_Cheliomyrmex_s0	0
atti3_Pheidole_s1	bakb_Dinoponera_s0	0
atti3_Pheidole_s1	bakb_Adetomyrma_s0	0
atti3_Pheidole_s1	bakb_Onychomyrmex_s0	0
atti3_Pheidole_s1	brach_Brachymyrmex_s1	0
atti3_Pheidole_s1	cata_Cataglyphis_s1	0
atti3_Pheidole_s1	ceph_Cephalotes_s1	0
atti3_Pheidole_s1	ceph_Cephalotes_s2	0
atti3_Pheidole_s1	crea_Crematogaster_s1	0
atti3_Pheidole_s1	crea_Crematogaster_s2	0
atti3_Pheidole_s1	cren_Crematogaster_s1	0
atti3_Pheidole_s1	cres_Crematogaster_s0	0
atti3_Pheidole_s1	cret_Crematogaster_s1	0
atti3_Pheidole_s1	cret_Crematogaster_s2	0
atti3_Pheidole_s1	doli_Technomyrmex_s1	0
atti3_Pheidole_s1	doli_Bothriomyrmex_s1	0
atti3_Pheidole_s1	doli_Azteca_s1	0
atti3_Pheidole_s1	doli_Linepithema_s0	0
atti3_Pheidole_s1	doli_Anonychomyrma_s1	0
atti3_Pheidole_s1	doli_Froggattella_s0	0
atti3_Pheidole_s1	dory_Acanthostichus_s0	0
atti3_Pheidole_s1	dory_Eciton_s1	0
atti3_Pheidole_s1	dory_Dorylus_s2	0
atti3_Pheidole_s1	dory_Dorylus_s3	0
atti3_Pheidole_s1	dory_Ooceraea_s1	0
atti3_Pheidole_s1	dory_Parasyscia_s1	0
atti3_Pheidole_s1	ecta_Poneracantha_s1	0
atti3_Pheidole_s1	fori_Formica_s1	0
atti3_Pheidole_s1	fori_Acropyga_s0	0
atti3_Pheidole_s1	fori_Tapinolepis_s0	0
atti3_Pheidole_s1	fori_Calomyrmex_s1	0
atti3_Pheidole_s1	fori_Camponotus_s1	0
atti3_Pheidole_s1	fori_Camponotus_s3	0
atti3_Pheidole_s1	fori_Camponotus_s4	0
atti3_Pheidole_s1	fori_Colobopsis_s1	0
atti3_Pheidole_s1	fori_Oecophylla_s1	0
atti3_Pheidole_s1	fori_Lasius_s1	0
atti3_Pheidole_s1	form_Formica_s1	0
atti3_Pheidole_s1	lasi_Myrmecocystus_s1	0
atti3_Pheidole_s1	lasi_Paraparatrechina_s1	0
atti3_Pheidole_s1	lasi_Nylanderia_s2	0
atti3_Pheidole_s1	lasi_Nylanderia_s3	0
atti3_Pheidole_s1	lasi2_Lasius_s0	0
atti3_Pheidole_s1	lasi2_Nylanderia_s1	0
atti3_Pheidole_s1	lasi2_Nylanderia_s5	0
atti3_Pheidole_s1	lasi2_Nylanderia_s6	0
atti3_Pheidole_s1	lasi2_Nylanderia_s7	0
atti3_Pheidole_s1	lasi2_Nylanderia_s8	0
atti3_Pheidole_s1	lasi2_Nylanderia_s9	0
atti3_Pheidole_s1	melo_s0	0
atti3_Pheidole_s1	mycr_Mycocepurus_s0	0
atti3_Pheidole_s1	mycr_Myrmicocrypta_s1	0
atti3_Pheidole_s1	mymi_Myrmica_s13	0
atti3_Pheidole_s1	mymi_Myrmica_s14	0
atti3_Pheidole_s1	mymi_Myrmica_s3	0
atti3_Pheidole_s1	mymi_Myrmica_s7	0
atti3_Pheidole_s1	mymi_Myrmica_s8	0
atti3_Pheidole_s1	mymi_Myrmica_s9	0
atti3_Pheidole_s1	mymi_Myrmica_s11	0
atti3_Pheidole_s1	mymi_Myrmica_s12	0
atti3_Pheidole_s1	myre_Myrmecia_s1	0
atti3_Pheidole_s1	myre_Myrmecia_s2	0
atti3_Pheidole_s1	myre_Myrmecia_s3	0
atti3_Pheidole_s1	myre_Myrmecia_s5	0
atti3_Pheidole_s1	myre_Myrmecia_s6	0
atti3_Pheidole_s1	myre_Myrmecia_s7	0
atti3_Pheidole_s1	myrm_Myrmica_s1	0
atti3_Pheidole_s1	myrm_Myrmica_s2	0
atti3_Pheidole_s1	myrm_Pogonomyrmex_s1	0
atti3_Pheidole_s1	myrm_Pogonomyrmex_s2	0
atti3_Pheidole_s1	myrm_Monomorium_s0	0
atti3_Pheidole_s1	myrm_Cyphomyrmex_s0	0
atti3_Pheidole_s1	myrm_Basiceros_s0	0
atti3_Pheidole_s1	myrm_Pheidole_s1	0
atti3_Pheidole_s1	myrm_Ocymyrmex_s0	0
atti3_Pheidole_s1	myrm_Nesomyrmex_s0	0
atti3_Pheidole_s1	myrm_Cataulacus_s0	0
atti3_Pheidole_s1	myrm_Carebara_s0	0
atti3_Pheidole_s1	myrm_Cyphoidris_s0	0
atti3_Pheidole_s1	myrm_Tetramorium_s0	0
atti3_Pheidole_s1	myrm_Crematogaster_s1	0
atti3_Pheidole_s1	myrm_Adlerzia_s0	0
atti3_Pheidole_s1	myrm_Pristomyrmex_s0	0
atti3_Pheidole_s1	myrm_Poecilomyrma_s0	0
atti3_Pheidole_s1	myrm_Vombisidris_s0	0
atti3_Pheidole_s1	myrm_Harpagoxenus_s0	0
atti3_Pheidole_s1	ocym_Ocymyrmex_s1	0
atti3_Pheidole_s1	pogo_Pogonomyrmex_s1	0
atti3_Pheidole_s1	pogo_Pogonomyrmex_s2	0
atti3_Pheidole_s1	pogo_Pogonomyrmex_s3	0
atti3_Pheidole_s1	pogo_Pogonomyrmex_s4	0
atti3_Pheidole_s1	pseu2_Pseudomyrmex_s1	0
atti3_Pheidole_s1	seco_Dilobocondyla_s0	0
atti3_Pheidole_s1	seri_Sericomyrmex_s1	0
atti3_Pheidole_s1	sten_Novomessor_s0	0
atti3_Pheidole_s1	tapi_Tapinoma_s0	0
atti3_Pheidole_s1	temn_Temnothorax_s1	0
atti3_Pheidole_s1	temn_Temnothorax_s3	0
atti3_Pheidole_s1	temn_Temnothorax_s5	0
atti3_Pheidole_s1	temn_Temnothorax_s7	0
atti3_Pheidole_s1	temn_Temnothorax_s8	0
atti3_Pheidole_s1	vero_Veromessor_s1	0
atti3_Pheidole_s1	vero_Veromessor_s2	0
atti3_Strumigenys_s0	atti3_Basiceros_s0	0
atti3_Strumigenys_s0	atti3_Mycocepurus_s1	0
atti3_Strumigenys_s0	atti3_Myrmicocrypta_s1	0
atti3_Strumigenys_s0	atti3_Sericomyrmex_s1	0
atti3_Strumigenys_s0	atti3_Acromyrmex_s1	0
atti3_Strumigenys_s0	bakb_Mycetarotes_s0	0
atti3_Strumigenys_s0	bakb_Trachymyrmex_s0	0
atti3_Strumigenys_s0	bakb_Cephalotes_s0	0
atti3_Strumigenys_s0	bakb_Strumigenys_s0	1
atti3_Strumigenys_s0	bakb_Basiceros_s0	0
atti3_Strumigenys_s0	bakb_Ochetomyrmex_s0	1
atti3_Strumigenys_s0	bakb_Solenopsis_s0	0
atti3_Strumigenys_s0	bakb_Monomorium_s0	0
atti3_Strumigenys_s0	bakb_Ocymyrmex_s0	0
atti3_Strumigenys_s0	bakb_Kartidris_s0	0
atti3_Strumigenys_s0	bakb_Ancyridris_s0	0
atti3_Strumigenys_s0	bakb_Harpagoxenus_s0	0
atti3_Strumigenys_s0	bakb_Romblonella_s0	0
atti3_Strumigenys_s0	bakb_Cyphoidris_s0	0
atti3_Strumigenys_s0	bakb_Diplomorium_s0	0
atti3_Strumigenys_s0	bakb_Goniomma_s0	0
atti3_Strumigenys_s0	bakb_Zatania_s0	0
atti3_Strumigenys_s0	bakb_Opisthopsis_s0	0
atti3_Strumigenys_s0	bakb_Polyrhachis_s0	0
atti3_Strumigenys_s0	bakb_Echinopla_s0	0
atti3_Strumigenys_s0	bakb_Oecophylla_s0	0
atti3_Strumigenys_s0	bakb_Formica_s0	0
atti3_Strumigenys_s0	bakb_Cataglyphis_s0	0
atti3_Strumigenys_s0	bakb_Stigmacros_s0	0
atti3_Strumigenys_s0	bakb_Pseudomyrmex_s0	0
atti3_Strumigenys_s0	bakb_Anonychomyrma_s0	0
atti3_Strumigenys_s0	bakb_Froggattella_s0	0
atti3_Strumigenys_s0	bakb_Dorymyrmex_s0	0
atti3_Strumigenys_s0	bakb_Technomyrmex_s0	0
atti3_Strumigenys_s0	bakb_Cheliomyrmex_s0	0
atti3_Strumigenys_s0	bakb_Dinoponera_s0	0
atti3_Strumigenys_s0	bakb_Adetomyrma_s0	0
atti3_Strumigenys_s0	bakb_Onychomyrmex_s0	0
atti3_Strumigenys_s0	brach_Brachymyrmex_s1	0
atti3_Strumigenys_s0	cata_Cataglyphis_s1	0
atti3_Strumigenys_s0	ceph_Cephalotes_s1	0
atti3_Strumigenys_s0	ceph_Cephalotes_s2	0
atti3_Strumigenys_s0	crea_Crematogaster_s1	0
atti3_Strumigenys_s0	crea_Crematogaster_s2	0
atti3_Strumigenys_s0	cren_Crematogaster_s1	0
atti3_Strumigenys_s0	cres_Crematogaster_s0	0
atti3_Strumigenys_s0	cret_Crematogaster_s1	0
atti3_Strumigenys_s0	cret_Crematogaster_s2	0
atti3_Strumigenys_s0	doli_Technomyrmex_s1	0
atti3_Strumigenys_s0	doli_Bothriomyrmex_s1	0
atti3_Strumigenys_s0	doli_Azteca_s1	0
atti3_Strumigenys_s0	doli_Linepithema_s0	0
atti3_Strumigenys_s0	doli_Anonychomyrma_s1	0
atti3_Strumigenys_s0	doli_Froggattella_s0	0
atti3_Strumigenys_s0	dory_Acanthostichus_s0	0
atti3_Strumigenys_s0	dory_Eciton_s1	0
atti3_Strumigenys_s0	dory_Dorylus_s2	0
atti3_Strumigenys_s0	dory_Dorylus_s3	0
atti3_Strumigenys_s0	dory_Ooceraea_s1	0
atti3_Strumigenys_s0	dory_Parasyscia_s1	0
atti3_Strumigenys_s0	ecta_Poneracantha_s1	0
atti3_Strumigenys_s0	fori_Formica_s1	0
atti3_Strumigenys_s0	fori_Acropyga_s0	0
atti3_Strumigenys_s0	fori_Tapinolepis_s0	0
atti3_Strumigenys_s0	fori_Calomyrmex_s1	0
atti3_Strumigenys_s0	fori_Camponotus_s1	0
atti3_Strumigenys_s0	fori_Camponotus_s3	0
atti3_Strumigenys_s0	fori_Camponotus_s4	0
atti3_Strumigenys_s0	fori_Colobopsis_s1	0
atti3_Strumigenys_s0	fori_Oecophylla_s1	0
atti3_Strumigenys_s0	fori_Lasius_s1	0
atti3_Strumigenys_s0	form_Formica_s1	0
atti3_Strumigenys_s0	lasi_Myrmecocystus_s1	0
atti3_Strumigenys_s0	lasi_Paraparatrechina_s1	0
atti3_Strumigenys_s0	lasi_Nylanderia_s2	0
atti3_Strumigenys_s0	lasi_Nylanderia_s3	0
atti3_Strumigenys_s0	lasi2_Lasius_s0	0
atti3_Strumigenys_s0	lasi2_Nylanderia_s1	0
atti3_Strumigenys_s0	lasi2_Nylanderia_s5	0
atti3_Strumigenys_s0	lasi2_Nylanderia_s6	0
atti3_Strumigenys_s0	lasi2_Nylanderia_s7	0
atti3_Strumigenys_s0	lasi2_Nylanderia_s8	0
atti3_Strumigenys_s0	lasi2_Nylanderia_s9	0
atti3_Strumigenys_s0	melo_s0	0
atti3_Strumigenys_s0	mycr_Mycocepurus_s0	0
atti3_Strumigenys_s0	mycr_Myrmicocrypta_s1	0
atti3_Strumigenys_s0	mymi_Myrmica_s13	0
atti3_Strumigenys_s0	mymi_Myrmica_s14	0
atti3_Strumigenys_s0	mymi_Myrmica_s3	0
atti3_Strumigenys_s0	mymi_Myrmica_s7	0
atti3_Strumigenys_s0	mymi_Myrmica_s8	0
atti3_Strumigenys_s0	mymi_Myrmica_s9	0
atti3_Strumigenys_s0	mymi_Myrmica_s11	0
atti3_Strumigenys_s0	mymi_Myrmica_s12	0
atti3_Strumigenys_s0	myre_Myrmecia_s1	0
atti3_Strumigenys_s0	myre_Myrmecia_s2	0
atti3_Strumigenys_s0	myre_Myrmecia_s3	0
atti3_Strumigenys_s0	myre_Myrmecia_s5	0
atti3_Strumigenys_s0	myre_Myrmecia_s6	0
atti3_Strumigenys_s0	myre_Myrmecia_s7	0
atti3_Strumigenys_s0	myrm_Myrmica_s1	0
atti3_Strumigenys_s0	myrm_Myrmica_s2	0
atti3_Strumigenys_s0	myrm_Pogonomyrmex_s1	0
atti3_Strumigenys_s0	myrm_Pogonomyrmex_s2	0
atti3_Strumigenys_s0	myrm_Monomorium_s0	0
atti3_Strumigenys_s0	myrm_Cyphomyrmex_s0	0
atti3_Strumigenys_s0	myrm_Basiceros_s0	0
atti3_Strumigenys_s0	myrm_Pheidole_s1	0
atti3_Strumigenys_s0	myrm_Ocymyrmex_s0	0
atti3_Strumigenys_s0	myrm_Nesomyrmex_s0	0
atti3_Strumigenys_s0	myrm_Cataulacus_s0	0
atti3_Strumigenys_s0	myrm_Carebara_s0	0
atti3_Strumigenys_s0	myrm_Cyphoidris_s0	0
atti3_Strumigenys_s0	myrm_Tetramorium_s0	0
atti3_Strumigenys_s0	myrm_Crematogaster_s1	0
atti3_Strumigenys_s0	myrm_Adlerzia_s0	0
atti3_Strumigenys_s0	myrm_Pristomyrmex_s0	0
atti3_Strumigenys_s0	myrm_Poecilomyrma_s0	0
atti3_Strumigenys_s0	myrm_Vombisidris_s0	0
atti3_Strumigenys_s0	myrm_Harpagoxenus_s0	0
atti3_Strumigenys_s0	ocym_Ocymyrmex_s1	0
atti3_Strumigenys_s0	pogo_Pogonomyrmex_s1	0
atti3_Strumigenys_s0	pogo_Pogonomyrmex_s2	0
atti3_Strumigenys_s0	pogo_Pogonomyrmex_s3	0
atti3_Strumigenys_s0	pogo_Pogonomyrmex_s4	0
atti3_Strumigenys_s0	pseu2_Pseudomyrmex_s1	0
atti3_Strumigenys_s0	seco_Dilobocondyla_s0	0
atti3_Strumigenys_s0	seri_Sericomyrmex_s1	0
atti3_Strumigenys_s0	sten_Novomessor_s0	0
atti3_Strumigenys_s0	tapi_Tapinoma_s0	0
atti3_Strumigenys_s0	temn_Temnothorax_s1	0
atti3_Strumigenys_s0	temn_Temnothorax_s3	0
atti3_Strumigenys_s0	temn_Temnothorax_s5	0
atti3_Strumigenys_s0	temn_Temnothorax_s7	0
atti3_Strumigenys_s0	temn_Temnothorax_s8	0
atti3_Strumigenys_s0	vero_Veromessor_s1	0
atti3_Strumigenys_s0	vero_Veromessor_s2	0
atti3_Basiceros_s0	atti3_Mycocepurus_s1	0
atti3_Basiceros_s0	atti3_Myrmicocrypta_s1	0
atti3_Basiceros_s0	atti3_Sericomyrmex_s1	0
atti3_Basiceros_s0	atti3_Acromyrmex_s1	0
atti3_Basiceros_s0	bakb_Mycetarotes_s0	0
atti3_Basiceros_s0	bakb_Trachymyrmex_s0	0
atti3_Basiceros_s0	bakb_Cephalotes_s0	0
atti3_Basiceros_s0	bakb_Strumigenys_s0	0
atti3_Basiceros_s0	bakb_Basiceros_s0	2
atti3_Basiceros_s0	bakb_Ochetomyrmex_s0	0
atti3_Basiceros_s0	bakb_Solenopsis_s0	0
atti3_Basiceros_s0	bakb_Monomorium_s0	0
atti3_Basiceros_s0	bakb_Ocymyrmex_s0	0
atti3_Basiceros_s0	bakb_Kartidris_s0	0
atti3_Basiceros_s0	bakb_Ancyridris_s0	0
atti3_Basiceros_s0	bakb_Harpagoxenus_s0	0
atti3_Basiceros_s0	bakb_Romblonella_s0	0
atti3_Basiceros_s0	bakb_Cyphoidris_s0	0
atti3_Basiceros_s0	bakb_Diplomorium_s0	0
atti3_Basiceros_s0	bakb_Goniomma_s0	0
atti3_Basiceros_s0	bakb_Zatania_s0	0
atti3_Basiceros_s0	bakb_Opisthopsis_s0	0
atti3_Basiceros_s0	bakb_Polyrhachis_s0	0
atti3_Basiceros_s0	bakb_Echinopla_s0	0
atti3_Basiceros_s0	bakb_Oecophylla_s0	0
atti3_Basiceros_s0	bakb_Formica_s0	0
atti3_Basiceros_s0	bakb_Cataglyphis_s0	0
atti3_Basiceros_s0	bakb_Stigmacros_s0	0
atti3_Basiceros_s0	bakb_Pseudomyrmex_s0	0
atti3_Basiceros_s0	bakb_Anonychomyrma_s0	0
atti3_Basiceros_s0	bakb_Froggattella_s0	0
atti3_Basiceros_s0	bakb_Dorymyrmex_s0	0
atti3_Basiceros_s0	bakb_Technomyrmex_s0	0
atti3_Basiceros_s0	bakb_Cheliomyrmex_s0	0
atti3_Basiceros_s0	bakb_Dinoponera_s0	0
atti3_Basiceros_s0	bakb_Adetomyrma_s0	0
atti3_Basiceros_s0	bakb_Onychomyrmex_s0	0
atti3_Basiceros_s0	brach_Brachymyrmex_s1	0
atti3_Basiceros_s0	cata_Cataglyphis_s1	0
atti3_Basiceros_s0	ceph_Cephalotes_s1	0
atti3_Basiceros_s0	ceph_Cephalotes_s2	0
atti3_Basiceros_s0	crea_Crematogaster_s1	0
atti3_Basiceros_s0	crea_Crematogaster_s2	0
atti3_Basiceros_s0	cren_Crematogaster_s1	0
atti3_Basiceros_s0	cres_Crematogaster_s0	0
atti3_Basiceros_s0	cret_Crematogaster_s1	0
atti3_Basiceros_s0	cret_Crematogaster_s2	0
atti3_Basiceros_s0	doli_Technomyrmex_s1	0
atti3_Basiceros_s0	doli_Bothriomyrmex_s1	0
atti3_Basiceros_s0	doli_Azteca_s1	0
atti3_Basiceros_s0	doli_Linepithema_s0	0
atti3_Basiceros_s0	doli_Anonychomyrma_s1	0
atti3_Basiceros_s0	doli_Froggattella_s0	0
atti3_Basiceros_s0	dory_Acanthostichus_s0	0
atti3_Basiceros_s0	dory_Eciton_s1	0
atti3_Basiceros_s0	dory_Dorylus_s2	0
atti3_Basiceros_s0	dory_Dorylus_s3	0
atti3_Basiceros_s0	dory_Ooceraea_s1	0
atti3_Basiceros_s0	dory_Parasyscia_s1	0
atti3_Basiceros_s0	ecta_Poneracantha_s1	0
atti3_Basiceros_s0	fori_Formica_s1	0
atti3_Basiceros_s0	fori_Acropyga_s0	0
atti3_Basiceros_s0	fori_Tapinolepis_s0	0
atti3_Basiceros_s0	fori_Calomyrmex_s1	0
atti3_Basiceros_s0	fori_Camponotus_s1	0
atti3_Basiceros_s0	fori_Camponotus_s3	0
atti3_Basiceros_s0	fori_Camponotus_s4	0
atti3_Basiceros_s0	fori_Colobopsis_s1	0
atti3_Basiceros_s0	fori_Oecophylla_s1	0
atti3_Basiceros_s0	fori_Lasius_s1	0
atti3_Basiceros_s0	form_Formica_s1	0
atti3_Basiceros_s0	lasi_Myrmecocystus_s1	0
atti3_Basiceros_s0	lasi_Paraparatrechina_s1	0
atti3_Basiceros_s0	lasi_Nylanderia_s2	0
atti3_Basiceros_s0	lasi_Nylanderia_s3	0
atti3_Basiceros_s0	lasi2_Lasius_s0	0
atti3_Basiceros_s0	lasi2_Nylanderia_s1	0
atti3_Basiceros_s0	lasi2_Nylanderia_s5	0
atti3_Basiceros_s0	lasi2_Nylanderia_s6	0
atti3_Basiceros_s0	lasi2_Nylanderia_s7	0
atti3_Basiceros_s0	lasi2_Nylanderia_s8	0
atti3_Basiceros_s0	lasi2_Nylanderia_s9	0
atti3_Basiceros_s0	melo_s0	0
atti3_Basiceros_s0	mycr_Mycocepurus_s0	0
atti3_Basiceros_s0	mycr_Myrmicocrypta_s1	0
atti3_Basiceros_s0	mymi_Myrmica_s13	0
atti3_Basiceros_s0	mymi_Myrmica_s14	0
atti3_Basiceros_s0	mymi_Myrmica_s3	0
atti3_Basiceros_s0	mymi_Myrmica_s7	0
atti3_Basiceros_s0	mymi_Myrmica_s8	0
atti3_Basiceros_s0	mymi_Myrmica_s9	0
atti3_Basiceros_s0	mymi_Myrmica_s11	0
atti3_Basiceros_s0	mymi_Myrmica_s12	0
atti3_Basiceros_s0	myre_Myrmecia_s1	0
atti3_Basiceros_s0	myre_Myrmecia_s2	0
atti3_Basiceros_s0	myre_Myrmecia_s3	0
atti3_Basiceros_s0	myre_Myrmecia_s5	0
atti3_Basiceros_s0	myre_Myrmecia_s6	0
atti3_Basiceros_s0	myre_Myrmecia_s7	0
atti3_Basiceros_s0	myrm_Myrmica_s1	0
atti3_Basiceros_s0	myrm_Myrmica_s2	0
atti3_Basiceros_s0	myrm_Pogonomyrmex_s1	0
atti3_Basiceros_s0	myrm_Pogonomyrmex_s2	0
atti3_Basiceros_s0	myrm_Monomorium_s0	0
atti3_Basiceros_s0	myrm_Cyphomyrmex_s0	0
atti3_Basiceros_s0	myrm_Basiceros_s0	3
atti3_Basiceros_s0	myrm_Pheidole_s1	0
atti3_Basiceros_s0	myrm_Ocymyrmex_s0	0
atti3_Basiceros_s0	myrm_Nesomyrmex_s0	0
atti3_Basiceros_s0	myrm_Cataulacus_s0	0
atti3_Basiceros_s0	myrm_Carebara_s0	0
atti3_Basiceros_s0	myrm_Cyphoidris_s0	0
atti3_Basiceros_s0	myrm_Tetramorium_s0	0
atti3_Basiceros_s0	myrm_Crematogaster_s1	0
atti3_Basiceros_s0	myrm_Adlerzia_s0	0
atti3_Basiceros_s0	myrm_Pristomyrmex_s0	0
atti3_Basiceros_s0	myrm_Poecilomyrma_s0	0
atti3_Basiceros_s0	myrm_Vombisidris_s0	0
atti3_Basiceros_s0	myrm_Harpagoxenus_s0	0
atti3_Basiceros_s0	ocym_Ocymyrmex_s1	0
atti3_Basiceros_s0	pogo_Pogonomyrmex_s1	0
atti3_Basiceros_s0	pogo_Pogonomyrmex_s2	0
atti3_Basiceros_s0	pogo_Pogonomyrmex_s3	0
atti3_Basiceros_s0	pogo_Pogonomyrmex_s4	0
atti3_Basiceros_s0	pseu2_Pseudomyrmex_s1	0
atti3_Basiceros_s0	seco_Dilobocondyla_s0	0
atti3_Basiceros_s0	seri_Sericomyrmex_s1	0
atti3_Basiceros_s0	sten_Novomessor_s0	0
atti3_Basiceros_s0	tapi_Tapinoma_s0	0
atti3_Basiceros_s0	temn_Temnothorax_s1	0
atti3_Basiceros_s0	temn_Temnothorax_s3	0
atti3_Basiceros_s0	temn_Temnothorax_s5	0
atti3_Basiceros_s0	temn_Temnothorax_s7	0
atti3_Basiceros_s0	temn_Temnothorax_s8	0
atti3_Basiceros_s0	vero_Veromessor_s1	0
atti3_Basiceros_s0	vero_Veromessor_s2	0
atti3_Mycocepurus_s1	atti3_Myrmicocrypta_s1	0
atti3_Mycocepurus_s1	atti3_Sericomyrmex_s1	0
atti3_Mycocepurus_s1	atti3_Acromyrmex_s1	0
atti3_Mycocepurus_s1	bakb_Mycetarotes_s0	3
atti3_Mycocepurus_s1	bakb_Trachymyrmex_s0	0
atti3_Mycocepurus_s1	bakb_Cephalotes_s0	0
atti3_Mycocepurus_s1	bakb_Strumigenys_s0	0
atti3_Mycocepurus_s1	bakb_Basiceros_s0	0
atti3_Mycocepurus_s1	bakb_Ochetomyrmex_s0	3
atti3_Mycocepurus_s1	bakb_Solenopsis_s0	0
atti3_Mycocepurus_s1	bakb_Monomorium_s0	0
atti3_Mycocepurus_s1	bakb_Ocymyrmex_s0	0
atti3_Mycocepurus_s1	bakb_Kartidris_s0	0
atti3_Mycocepurus_s1	bakb_Ancyridris_s0	0
atti3_Mycocepurus_s1	bakb_Harpagoxenus_s0	0
atti3_Mycocepurus_s1	bakb_Romblonella_s0	0
atti3_Mycocepurus_s1	bakb_Cyphoidris_s0	0
atti3_Mycocepurus_s1	bakb_Diplomorium_s0	0
atti3_Mycocepurus_s1	bakb_Goniomma_s0	0
atti3_Mycocepurus_s1	bakb_Zatania_s0	0
atti3_Mycocepurus_s1	bakb_Opisthopsis_s0	0
atti3_Mycocepurus_s1	bakb_Polyrhachis_s0	0
atti3_Mycocepurus_s1	bakb_Echinopla_s0	0
atti3_Mycocepurus_s1	bakb_Oecophylla_s0	0
atti3_Mycocepurus_s1	bakb_Formica_s0	0
atti3_Mycocepurus_s1	bakb_Cataglyphis_s0	0
atti3_Mycocepurus_s1	bakb_Stigmacros_s0	0
atti3_Mycocepurus_s1	bakb_Pseudomyrmex_s0	0
atti3_Mycocepurus_s1	bakb_Anonychomyrma_s0	0
atti3_Mycocepurus_s1	bakb_Froggattella_s0	0
atti3_Mycocepurus_s1	bakb_Dorymyrmex_s0	0
atti3_Mycocepurus_s1	bakb_Technomyrmex_s0	0
atti3_Mycocepurus_s1	bakb_Cheliomyrmex_s0	0
atti3_Mycocepurus_s1	bakb_Dinoponera_s0	0
atti3_Mycocepurus_s1	bakb_Adetomyrma_s0	0
atti3_Mycocepurus_s1	bakb_Onychomyrmex_s0	0
atti3_Mycocepurus_s1	brach_Brachymyrmex_s1	0
atti3_Mycocepurus_s1	cata_Cataglyphis_s1	0
atti3_Mycocepurus_s1	ceph_Cephalotes_s1	0
atti3_Mycocepurus_s1	ceph_Cephalotes_s2	0
atti3_Mycocepurus_s1	crea_Crematogaster_s1	0
atti3_Mycocepurus_s1	crea_Crematogaster_s2	0
atti3_Mycocepurus_s1	cren_Crematogaster_s1	0
atti3_Mycocepurus_s1	cres_Crematogaster_s0	0
atti3_Mycocepurus_s1	cret_Crematogaster_s1	0
atti3_Mycocepurus_s1	cret_Crematogaster_s2	0
atti3_Mycocepurus_s1	doli_Technomyrmex_s1	0
atti3_Mycocepurus_s1	doli_Bothriomyrmex_s1	0
atti3_Mycocepurus_s1	doli_Azteca_s1	0
atti3_Mycocepurus_s1	doli_Linepithema_s0	0
atti3_Mycocepurus_s1	doli_Anonychomyrma_s1	0
atti3_Mycocepurus_s1	doli_Froggattella_s0	0
atti3_Mycocepurus_s1	dory_Acanthostichus_s0	0
atti3_Mycocepurus_s1	dory_Eciton_s1	0
atti3_Mycocepurus_s1	dory_Dorylus_s2	0
atti3_Mycocepurus_s1	dory_Dorylus_s3	0
atti3_Mycocepurus_s1	dory_Ooceraea_s1	0
atti3_Mycocepurus_s1	dory_Parasyscia_s1	0
atti3_Mycocepurus_s1	ecta_Poneracantha_s1	0
atti3_Mycocepurus_s1	fori_Formica_s1	0
atti3_Mycocepurus_s1	fori_Acropyga_s0	0
atti3_Mycocepurus_s1	fori_Tapinolepis_s0	0
atti3_Mycocepurus_s1	fori_Calomyrmex_s1	0
atti3_Mycocepurus_s1	fori_Camponotus_s1	0
atti3_Mycocepurus_s1	fori_Camponotus_s3	0
atti3_Mycocepurus_s1	fori_Camponotus_s4	0
atti3_Mycocepurus_s1	fori_Colobopsis_s1	0
atti3_Mycocepurus_s1	fori_Oecophylla_s1	0
atti3_Mycocepurus_s1	fori_Lasius_s1	0
atti3_Mycocepurus_s1	form_Formica_s1	0
atti3_Mycocepurus_s1	lasi_Myrmecocystus_s1	0
atti3_Mycocepurus_s1	lasi_Paraparatrechina_s1	0
atti3_Mycocepurus_s1	lasi_Nylanderia_s2	0
atti3_Mycocepurus_s1	lasi_Nylanderia_s3	0
atti3_Mycocepurus_s1	lasi2_Lasius_s0	0
atti3_Mycocepurus_s1	lasi2_Nylanderia_s1	0
atti3_Mycocepurus_s1	lasi2_Nylanderia_s5	0
atti3_Mycocepurus_s1	lasi2_Nylanderia_s6	0
atti3_Mycocepurus_s1	lasi2_Nylanderia_s7	0
atti3_Mycocepurus_s1	lasi2_Nylanderia_s8	0
atti3_Mycocepurus_s1	lasi2_Nylanderia_s9	0
atti3_Mycocepurus_s1	melo_s0	0
atti3_Mycocepurus_s1	mycr_Mycocepurus_s0	0
atti3_Mycocepurus_s1	mycr_Myrmicocrypta_s1	0
atti3_Mycocepurus_s1	mymi_Myrmica_s13	0
atti3_Mycocepurus_s1	mymi_Myrmica_s14	0
atti3_Mycocepurus_s1	mymi_Myrmica_s3	0
atti3_Mycocepurus_s1	mymi_Myrmica_s7	0
atti3_Mycocepurus_s1	mymi_Myrmica_s8	0
atti3_Mycocepurus_s1	mymi_Myrmica_s9	0
atti3_Mycocepurus_s1	mymi_Myrmica_s11	0
atti3_Mycocepurus_s1	mymi_Myrmica_s12	0
atti3_Mycocepurus_s1	myre_Myrmecia_s1	0
atti3_Mycocepurus_s1	myre_Myrmecia_s2	0
atti3_Mycocepurus_s1	myre_Myrmecia_s3	0
atti3_Mycocepurus_s1	myre_Myrmecia_s5	0
atti3_Mycocepurus_s1	myre_Myrmecia_s6	0
atti3_Mycocepurus_s1	myre_Myrmecia_s7	0
atti3_Mycocepurus_s1	myrm_Myrmica_s1	0
atti3_Mycocepurus_s1	myrm_Myrmica_s2	0
atti3_Mycocepurus_s1	myrm_Pogonomyrmex_s1	0
atti3_Mycocepurus_s1	myrm_Pogonomyrmex_s2	0
atti3_Mycocepurus_s1	myrm_Monomorium_s0	0
atti3_Mycocepurus_s1	myrm_Cyphomyrmex_s0	1
atti3_Mycocepurus_s1	myrm_Basiceros_s0	0
atti3_Mycocepurus_s1	myrm_Pheidole_s1	0
atti3_Mycocepurus_s1	myrm_Ocymyrmex_s0	0
atti3_Mycocepurus_s1	myrm_Nesomyrmex_s0	0
atti3_Mycocepurus_s1	myrm_Cataulacus_s0	0
atti3_Mycocepurus_s1	myrm_Carebara_s0	0
atti3_Mycocepurus_s1	myrm_Cyphoidris_s0	0
atti3_Mycocepurus_s1	myrm_Tetramorium_s0	0
atti3_Mycocepurus_s1	myrm_Crematogaster_s1	0
atti3_Mycocepurus_s1	myrm_Adlerzia_s0	0
atti3_Mycocepurus_s1	myrm_Pristomyrmex_s0	0
atti3_Mycocepurus_s1	myrm_Poecilomyrma_s0	0
atti3_Mycocepurus_s1	myrm_Vombisidris_s0	0
atti3_Mycocepurus_s1	myrm_Harpagoxenus_s0	0
atti3_Mycocepurus_s1	ocym_Ocymyrmex_s1	0
atti3_Mycocepurus_s1	pogo_Pogonomyrmex_s1	0
atti3_Mycocepurus_s1	pogo_Pogonomyrmex_s2	0
atti3_Mycocepurus_s1	pogo_Pogonomyrmex_s3	0
atti3_Mycocepurus_s1	pogo_Pogonomyrmex_s4	0
atti3_Mycocepurus_s1	pseu2_Pseudomyrmex_s1	0
atti3_Mycocepurus_s1	seco_Dilobocondyla_s0	0
atti3_Mycocepurus_s1	seri_Sericomyrmex_s1	0
atti3_Mycocepurus_s1	sten_Novomessor_s0	0
atti3_Mycocepurus_s1	tapi_Tapinoma_s0	0
atti3_Mycocepurus_s1	temn_Temnothorax_s1	0
atti3_Mycocepurus_s1	temn_Temnothorax_s3	0
atti3_Mycocepurus_s1	temn_Temnothorax_s5	0
atti3_Mycocepurus_s1	temn_Temnothorax_s7	0
atti3_Mycocepurus_s1	temn_Temnothorax_s8	0
atti3_Mycocepurus_s1	vero_Veromessor_s1	0
atti3_Mycocepurus_s1	vero_Veromessor_s2	0
atti3_Myrmicocrypta_s1	atti3_Sericomyrmex_s1	0
atti3_Myrmicocrypta_s1	atti3_Acromyrmex_s1	0
atti3_Myrmicocrypta_s1	bakb_Mycetarotes_s0	0
atti3_Myrmicocrypta_s1	bakb_Trachymyrmex_s0	0
atti3_Myrmicocrypta_s1	bakb_Cephalotes_s0	0
atti3_Myrmicocrypta_s1	bakb_Strumigenys_s0	0
atti3_Myrmicocrypta_s1	bakb_Basiceros_s0	0
atti3_Myrmicocrypta_s1	bakb_Ochetomyrmex_s0	0
atti3_Myrmicocrypta_s1	bakb_Solenopsis_s0	0
atti3_Myrmicocrypta_s1	bakb_Monomorium_s0	0
atti3_Myrmicocrypta_s1	bakb_Ocymyrmex_s0	0
atti3_Myrmicocrypta_s1	bakb_Kartidris_s0	0
atti3_Myrmicocrypta_s1	bakb_Ancyridris_s0	0
atti3_Myrmicocrypta_s1	bakb_Harpagoxenus_s0	0
atti3_Myrmicocrypta_s1	bakb_Romblonella_s0	0
atti3_Myrmicocrypta_s1	bakb_Cyphoidris_s0	0
atti3_Myrmicocrypta_s1	bakb_Diplomorium_s0	0
atti3_Myrmicocrypta_s1	bakb_Goniomma_s0	0
atti3_Myrmicocrypta_s1	bakb_Zatania_s0	0
atti3_Myrmicocrypta_s1	bakb_Opisthopsis_s0	0
atti3_Myrmicocrypta_s1	bakb_Polyrhachis_s0	0
atti3_Myrmicocrypta_s1	bakb_Echinopla_s0	0
atti3_Myrmicocrypta_s1	bakb_Oecophylla_s0	0
atti3_Myrmicocrypta_s1	bakb_Formica_s0	0
atti3_Myrmicocrypta_s1	bakb_Cataglyphis_s0	0
atti3_Myrmicocrypta_s1	bakb_Stigmacros_s0	0
atti3_Myrmicocrypta_s1	bakb_Pseudomyrmex_s0	0
atti3_Myrmicocrypta_s1	bakb_Anonychomyrma_s0	0
atti3_Myrmicocrypta_s1	bakb_Froggattella_s0	0
atti3_Myrmicocrypta_s1	bakb_Dorymyrmex_s0	0
atti3_Myrmicocrypta_s1	bakb_Technomyrmex_s0	0
atti3_Myrmicocrypta_s1	bakb_Cheliomyrmex_s0	0
atti3_Myrmicocrypta_s1	bakb_Dinoponera_s0	0
atti3_Myrmicocrypta_s1	bakb_Adetomyrma_s0	0
atti3_Myrmicocrypta_s1	bakb_Onychomyrmex_s0	0
atti3_Myrmicocrypta_s1	brach_Brachymyrmex_s1	0
atti3_Myrmicocrypta_s1	cata_Cataglyphis_s1	0
atti3_Myrmicocrypta_s1	ceph_Cephalotes_s1	0
atti3_Myrmicocrypta_s1	ceph_Cephalotes_s2	0
atti3_Myrmicocrypta_s1	crea_Crematogaster_s1	0
atti3_Myrmicocrypta_s1	crea_Crematogaster_s2	0
atti3_Myrmicocrypta_s1	cren_Crematogaster_s1	0
atti3_Myrmicocrypta_s1	cres_Crematogaster_s0	0
atti3_Myrmicocrypta_s1	cret_Crematogaster_s1	0
atti3_Myrmicocrypta_s1	cret_Crematogaster_s2	0
atti3_Myrmicocrypta_s1	doli_Technomyrmex_s1	0
atti3_Myrmicocrypta_s1	doli_Bothriomyrmex_s1	0
atti3_Myrmicocrypta_s1	doli_Azteca_s1	0
atti3_Myrmicocrypta_s1	doli_Linepithema_s0	0
atti3_Myrmicocrypta_s1	doli_Anonychomyrma_s1	0
atti3_Myrmicocrypta_s1	doli_Froggattella_s0	0
atti3_Myrmicocrypta_s1	dory_Acanthostichus_s0	0
atti3_Myrmicocrypta_s1	dory_Eciton_s1	0
atti3_Myrmicocrypta_s1	dory_Dorylus_s2	0
atti3_Myrmicocrypta_s1	dory_Dorylus_s3	0
atti3_Myrmicocrypta_s1	dory_Ooceraea_s1	0
atti3_Myrmicocrypta_s1	dory_Parasyscia_s1	0
atti3_Myrmicocrypta_s1	ecta_Poneracantha_s1	0
atti3_Myrmicocrypta_s1	fori_Formica_s1	0
atti3_Myrmicocrypta_s1	fori_Acropyga_s0	0
atti3_Myrmicocrypta_s1	fori_Tapinolepis_s0	0
atti3_Myrmicocrypta_s1	fori_Calomyrmex_s1	0
atti3_Myrmicocrypta_s1	fori_Camponotus_s1	0
atti3_Myrmicocrypta_s1	fori_Camponotus_s3	0
atti3_Myrmicocrypta_s1	fori_Camponotus_s4	0
atti3_Myrmicocrypta_s1	fori_Colobopsis_s1	0
atti3_Myrmicocrypta_s1	fori_Oecophylla_s1	0
atti3_Myrmicocrypta_s1	fori_Lasius_s1	0
atti3_Myrmicocrypta_s1	form_Formica_s1	0
atti3_Myrmicocrypta_s1	lasi_Myrmecocystus_s1	0
atti3_Myrmicocrypta_s1	lasi_Paraparatrechina_s1	0
atti3_Myrmicocrypta_s1	lasi_Nylanderia_s2	0
atti3_Myrmicocrypta_s1	lasi_Nylanderia_s3	0
atti3_Myrmicocrypta_s1	lasi2_Lasius_s0	0
atti3_Myrmicocrypta_s1	lasi2_Nylanderia_s1	0
atti3_Myrmicocrypta_s1	lasi2_Nylanderia_s5	0
atti3_Myrmicocrypta_s1	lasi2_Nylanderia_s6	0
atti3_Myrmicocrypta_s1	lasi2_Nylanderia_s7	0
atti3_Myrmicocrypta_s1	lasi2_Nylanderia_s8	0
atti3_Myrmicocrypta_s1	lasi2_Nylanderia_s9	0
atti3_Myrmicocrypta_s1	melo_s0	0
atti3_Myrmicocrypta_s1	mycr_Mycocepurus_s0	0
atti3_Myrmicocrypta_s1	mycr_Myrmicocrypta_s1	2
atti3_Myrmicocrypta_s1	mymi_Myrmica_s13	0
atti3_Myrmicocrypta_s1	mymi_Myrmica_s14	0
atti3_Myrmicocrypta_s1	mymi_Myrmica_s3	0
atti3_Myrmicocrypta_s1	mymi_Myrmica_s7	0
atti3_Myrmicocrypta_s1	mymi_Myrmica_s8	0
atti3_Myrmicocrypta_s1	mymi_Myrmica_s9	0
atti3_Myrmicocrypta_s1	mymi_Myrmica_s11	0
atti3_Myrmicocrypta_s1	mymi_Myrmica_s12	0
atti3_Myrmicocrypta_s1	myre_Myrmecia_s1	0
atti3_Myrmicocrypta_s1	myre_Myrmecia_s2	0
atti3_Myrmicocrypta_s1	myre_Myrmecia_s3	0
atti3_Myrmicocrypta_s1	myre_Myrmecia_s5	0
atti3_Myrmicocrypta_s1	myre_Myrmecia_s6	0
atti3_Myrmicocrypta_s1	myre_Myrmecia_s7	0
atti3_Myrmicocrypta_s1	myrm_Myrmica_s1	0
atti3_Myrmicocrypta_s1	myrm_Myrmica_s2	0
atti3_Myrmicocrypta_s1	myrm_Pogonomyrmex_s1	0
atti3_Myrmicocrypta_s1	myrm_Pogonomyrmex_s2	0
atti3_Myrmicocrypta_s1	myrm_Monomorium_s0	0
atti3_Myrmicocrypta_s1	myrm_Cyphomyrmex_s0	0
atti3_Myrmicocrypta_s1	myrm_Basiceros_s0	0
atti3_Myrmicocrypta_s1	myrm_Pheidole_s1	0
atti3_Myrmicocrypta_s1	myrm_Ocymyrmex_s0	0
atti3_Myrmicocrypta_s1	myrm_Nesomyrmex_s0	0
atti3_Myrmicocrypta_s1	myrm_Cataulacus_s0	0
atti3_Myrmicocrypta_s1	myrm_Carebara_s0	0
atti3_Myrmicocrypta_s1	myrm_Cyphoidris_s0	0
atti3_Myrmicocrypta_s1	myrm_Tetramorium_s0	0
atti3_Myrmicocrypta_s1	myrm_Crematogaster_s1	0
atti3_Myrmicocrypta_s1	myrm_Adlerzia_s0	0
atti3_Myrmicocrypta_s1	myrm_Pristomyrmex_s0	0
atti3_Myrmicocrypta_s1	myrm_Poecilomyrma_s0	0
atti3_Myrmicocrypta_s1	myrm_Vombisidris_s0	0
atti3_Myrmicocrypta_s1	myrm_Harpagoxenus_s0	0
atti3_Myrmicocrypta_s1	ocym_Ocymyrmex_s1	0
atti3_Myrmicocrypta_s1	pogo_Pogonomyrmex_s1	0
atti3_Myrmicocrypta_s1	pogo_Pogonomyrmex_s2	0
atti3_Myrmicocrypta_s1	pogo_Pogonomyrmex_s3	0
atti3_Myrmicocrypta_s1	pogo_Pogonomyrmex_s4	0
atti3_Myrmicocrypta_s1	pseu2_Pseudomyrmex_s1	0
atti3_Myrmicocrypta_s1	seco_Dilobocondyla_s0	0
atti3_Myrmicocrypta_s1	seri_Sericomyrmex_s1	0
atti3_Myrmicocrypta_s1	sten_Novomessor_s0	0
atti3_Myrmicocrypta_s1	tapi_Tapinoma_s0	0
atti3_Myrmicocrypta_s1	temn_Temnothorax_s1	0
atti3_Myrmicocrypta_s1	temn_Temnothorax_s3	0
atti3_Myrmicocrypta_s1	temn_Temnothorax_s5	0
atti3_Myrmicocrypta_s1	temn_Temnothorax_s7	0
atti3_Myrmicocrypta_s1	temn_Temnothorax_s8	0
atti3_Myrmicocrypta_s1	vero_Veromessor_s1	0
atti3_Myrmicocrypta_s1	vero_Veromessor_s2	0
atti3_Sericomyrmex_s1	atti3_Acromyrmex_s1	0
atti3_Sericomyrmex_s1	bakb_Mycetarotes_s0	0
atti3_Sericomyrmex_s1	bakb_Trachymyrmex_s0	0
atti3_Sericomyrmex_s1	bakb_Cephalotes_s0	0
atti3_Sericomyrmex_s1	bakb_Strumigenys_s0	0
atti3_Sericomyrmex_s1	bakb_Basiceros_s0	0
atti3_Sericomyrmex_s1	bakb_Ochetomyrmex_s0	0
atti3_Sericomyrmex_s1	bakb_Solenopsis_s0	0
atti3_Sericomyrmex_s1	bakb_Monomorium_s0	0
atti3_Sericomyrmex_s1	bakb_Ocymyrmex_s0	0
atti3_Sericomyrmex_s1	bakb_Kartidris_s0	0
atti3_Sericomyrmex_s1	bakb_Ancyridris_s0	0
atti3_Sericomyrmex_s1	bakb_Harpagoxenus_s0	0
atti3_Sericomyrmex_s1	bakb_Romblonella_s0	0
atti3_Sericomyrmex_s1	bakb_Cyphoidris_s0	0
atti3_Sericomyrmex_s1	bakb_Diplomorium_s0	0
atti3_Sericomyrmex_s1	bakb_Goniomma_s0	0
atti3_Sericomyrmex_s1	bakb_Zatania_s0	0
atti3_Sericomyrmex_s1	bakb_Opisthopsis_s0	0
atti3_Sericomyrmex_s1	bakb_Polyrhachis_s0	0
atti3_Sericomyrmex_s1	bakb_Echinopla_s0	0
atti3_Sericomyrmex_s1	bakb_Oecophylla_s0	0
atti3_Sericomyrmex_s1	bakb_Formica_s0	0
atti3_Sericomyrmex_s1	bakb_Cataglyphis_s0	0
atti3_Sericomyrmex_s1	bakb_Stigmacros_s0	0
atti3_Sericomyrmex_s1	bakb_Pseudomyrmex_s0	0
atti3_Sericomyrmex_s1	bakb_Anonychomyrma_s0	0
atti3_Sericomyrmex_s1	bakb_Froggattella_s0	0
atti3_Sericomyrmex_s1	bakb_Dorymyrmex_s0	0
atti3_Sericomyrmex_s1	bakb_Technomyrmex_s0	0
atti3_Sericomyrmex_s1	bakb_Cheliomyrmex_s0	0
atti3_Sericomyrmex_s1	bakb_Dinoponera_s0	0
atti3_Sericomyrmex_s1	bakb_Adetomyrma_s0	0
atti3_Sericomyrmex_s1	bakb_Onychomyrmex_s0	0
atti3_Sericomyrmex_s1	brach_Brachymyrmex_s1	0
atti3_Sericomyrmex_s1	cata_Cataglyphis_s1	0
atti3_Sericomyrmex_s1	ceph_Cephalotes_s1	0
atti3_Sericomyrmex_s1	ceph_Cephalotes_s2	0
atti3_Sericomyrmex_s1	crea_Crematogaster_s1	0
atti3_Sericomyrmex_s1	crea_Crematogaster_s2	0
atti3_Sericomyrmex_s1	cren_Crematogaster_s1	0
atti3_Sericomyrmex_s1	cres_Crematogaster_s0	0
atti3_Sericomyrmex_s1	cret_Crematogaster_s1	0
atti3_Sericomyrmex_s1	cret_Crematogaster_s2	0
atti3_Sericomyrmex_s1	doli_Technomyrmex_s1	0
atti3_Sericomyrmex_s1	doli_Bothriomyrmex_s1	0
atti3_Sericomyrmex_s1	doli_Azteca_s1	0
atti3_Sericomyrmex_s1	doli_Linepithema_s0	0
atti3_Sericomyrmex_s1	doli_Anonychomyrma_s1	0
atti3_Sericomyrmex_s1	doli_Froggattella_s0	0
atti3_Sericomyrmex_s1	dory_Acanthostichus_s0	0
atti3_Sericomyrmex_s1	dory_Eciton_s1	0
atti3_Sericomyrmex_s1	dory_Dorylus_s2	0
atti3_Sericomyrmex_s1	dory_Dorylus_s3	0
atti3_Sericomyrmex_s1	dory_Ooceraea_s1	0
atti3_Sericomyrmex_s1	dory_Parasyscia_s1	0
atti3_Sericomyrmex_s1	ecta_Poneracantha_s1	0
atti3_Sericomyrmex_s1	fori_Formica_s1	0
atti3_Sericomyrmex_s1	fori_Acropyga_s0	0
atti3_Sericomyrmex_s1	fori_Tapinolepis_s0	0
atti3_Sericomyrmex_s1	fori_Calomyrmex_s1	0
atti3_Sericomyrmex_s1	fori_Camponotus_s1	0
atti3_Sericomyrmex_s1	fori_Camponotus_s3	0
atti3_Sericomyrmex_s1	fori_Camponotus_s4	0
atti3_Sericomyrmex_s1	fori_Colobopsis_s1	0
atti3_Sericomyrmex_s1	fori_Oecophylla_s1	0
atti3_Sericomyrmex_s1	fori_Lasius_s1	0
atti3_Sericomyrmex_s1	form_Formica_s1	0
atti3_Sericomyrmex_s1	lasi_Myrmecocystus_s1	0
atti3_Sericomyrmex_s1	lasi_Paraparatrechina_s1	0
atti3_Sericomyrmex_s1	lasi_Nylanderia_s2	0
atti3_Sericomyrmex_s1	lasi_Nylanderia_s3	0
atti3_Sericomyrmex_s1	lasi2_Lasius_s0	0
atti3_Sericomyrmex_s1	lasi2_Nylanderia_s1	0
atti3_Sericomyrmex_s1	lasi2_Nylanderia_s5	0
atti3_Sericomyrmex_s1	lasi2_Nylanderia_s6	0
atti3_Sericomyrmex_s1	lasi2_Nylanderia_s7	0
atti3_Sericomyrmex_s1	lasi2_Nylanderia_s8	0
atti3_Sericomyrmex_s1	lasi2_Nylanderia_s9	0
atti3_Sericomyrmex_s1	melo_s0	0
atti3_Sericomyrmex_s1	mycr_Mycocepurus_s0	0
atti3_Sericomyrmex_s1	mycr_Myrmicocrypta_s1	0
atti3_Sericomyrmex_s1	mymi_Myrmica_s13	0
atti3_Sericomyrmex_s1	mymi_Myrmica_s14	0
atti3_Sericomyrmex_s1	mymi_Myrmica_s3	0
atti3_Sericomyrmex_s1	mymi_Myrmica_s7	0
atti3_Sericomyrmex_s1	mymi_Myrmica_s8	0
atti3_Sericomyrmex_s1	mymi_Myrmica_s9	0
atti3_Sericomyrmex_s1	mymi_Myrmica_s11	0
atti3_Sericomyrmex_s1	mymi_Myrmica_s12	0
atti3_Sericomyrmex_s1	myre_Myrmecia_s1	0
atti3_Sericomyrmex_s1	myre_Myrmecia_s2	0
atti3_Sericomyrmex_s1	myre_Myrmecia_s3	0
atti3_Sericomyrmex_s1	myre_Myrmecia_s5	0
atti3_Sericomyrmex_s1	myre_Myrmecia_s6	0
atti3_Sericomyrmex_s1	myre_Myrmecia_s7	0
atti3_Sericomyrmex_s1	myrm_Myrmica_s1	0
atti3_Sericomyrmex_s1	myrm_Myrmica_s2	0
atti3_Sericomyrmex_s1	myrm_Pogonomyrmex_s1	0
atti3_Sericomyrmex_s1	myrm_Pogonomyrmex_s2	0
atti3_Sericomyrmex_s1	myrm_Monomorium_s0	0
atti3_Sericomyrmex_s1	myrm_Cyphomyrmex_s0	0
atti3_Sericomyrmex_s1	myrm_Basiceros_s0	0
atti3_Sericomyrmex_s1	myrm_Pheidole_s1	0
atti3_Sericomyrmex_s1	myrm_Ocymyrmex_s0	0
atti3_Sericomyrmex_s1	myrm_Nesomyrmex_s0	0
atti3_Sericomyrmex_s1	myrm_Cataulacus_s0	0
atti3_Sericomyrmex_s1	myrm_Carebara_s0	0
atti3_Sericomyrmex_s1	myrm_Cyphoidris_s0	0
atti3_Sericomyrmex_s1	myrm_Tetramorium_s0	0
atti3_Sericomyrmex_s1	myrm_Crematogaster_s1	0
atti3_Sericomyrmex_s1	myrm_Adlerzia_s0	0
atti3_Sericomyrmex_s1	myrm_Pristomyrmex_s0	0
atti3_Sericomyrmex_s1	myrm_Poecilomyrma_s0	0
atti3_Sericomyrmex_s1	myrm_Vombisidris_s0	0
atti3_Sericomyrmex_s1	myrm_Harpagoxenus_s0	0
atti3_Sericomyrmex_s1	ocym_Ocymyrmex_s1	0
atti3_Sericomyrmex_s1	pogo_Pogonomyrmex_s1	0
atti3_Sericomyrmex_s1	pogo_Pogonomyrmex_s2	0
atti3_Sericomyrmex_s1	pogo_Pogonomyrmex_s3	0
atti3_Sericomyrmex_s1	pogo_Pogonomyrmex_s4	0
atti3_Sericomyrmex_s1	pseu2_Pseudomyrmex_s1	0
atti3_Sericomyrmex_s1	seco_Dilobocondyla_s0	0
atti3_Sericomyrmex_s1	seri_Sericomyrmex_s1	2
atti3_Sericomyrmex_s1	sten_Novomessor_s0	0
atti3_Sericomyrmex_s1	tapi_Tapinoma_s0	0
atti3_Sericomyrmex_s1	temn_Temnothorax_s1	0
atti3_Sericomyrmex_s1	temn_Temnothorax_s3	0
atti3_Sericomyrmex_s1	temn_Temnothorax_s5	0
atti3_Sericomyrmex_s1	temn_Temnothorax_s7	0
atti3_Sericomyrmex_s1	temn_Temnothorax_s8	0
atti3_Sericomyrmex_s1	vero_Veromessor_s1	0
atti3_Sericomyrmex_s1	vero_Veromessor_s2	0
atti3_Acromyrmex_s1	bakb_Mycetarotes_s0	0
atti3_Acromyrmex_s1	bakb_Trachymyrmex_s0	0
atti3_Acromyrmex_s1	bakb_Cephalotes_s0	0
atti3_Acromyrmex_s1	bakb_Strumigenys_s0	0
atti3_Acromyrmex_s1	bakb_Basiceros_s0	0
atti3_Acromyrmex_s1	bakb_Ochetomyrmex_s0	0
atti3_Acromyrmex_s1	bakb_Solenopsis_s0	0
atti3_Acromyrmex_s1	bakb_Monomorium_s0	0
atti3_Acromyrmex_s1	bakb_Ocymyrmex_s0	0
atti3_Acromyrmex_s1	bakb_Kartidris_s0	0
atti3_Acromyrmex_s1	bakb_Ancyridris_s0	0
atti3_Acromyrmex_s1	bakb_Harpagoxenus_s0	0
atti3_Acromyrmex_s1	bakb_Romblonella_s0	0
atti3_Acromyrmex_s1	bakb_Cyphoidris_s0	0
atti3_Acromyrmex_s1	bakb_Diplomorium_s0	0
atti3_Acromyrmex_s1	bakb_Goniomma_s0	0
atti3_Acromyrmex_s1	bakb_Zatania_s0	0
atti3_Acromyrmex_s1	bakb_Opisthopsis_s0	0
atti3_Acromyrmex_s1	bakb_Polyrhachis_s0	0
atti3_Acromyrmex_s1	bakb_Echinopla_s0	0
atti3_Acromyrmex_s1	bakb_Oecophylla_s0	0
atti3_Acromyrmex_s1	bakb_Formica_s0	0
atti3_Acromyrmex_s1	bakb_Cataglyphis_s0	0
atti3_Acromyrmex_s1	bakb_Stigmacros_s0	0
atti3_Acromyrmex_s1	bakb_Pseudomyrmex_s0	0
atti3_Acromyrmex_s1	bakb_Anonychomyrma_s0	0
atti3_Acromyrmex_s1	bakb_Froggattella_s0	0
atti3_Acromyrmex_s1	bakb_Dorymyrmex_s0	0
atti3_Acromyrmex_s1	bakb_Technomyrmex_s0	0
atti3_Acromyrmex_s1	bakb_Cheliomyrmex_s0	0
atti3_Acromyrmex_s1	bakb_Dinoponera_s0	0
atti3_Acromyrmex_s1	bakb_Adetomyrma_s0	0
atti3_Acromyrmex_s1	bakb_Onychomyrmex_s0	0
atti3_Acromyrmex_s1	brach_Brachymyrmex_s1	0
atti3_Acromyrmex_s1	cata_Cataglyphis_s1	0
atti3_Acromyrmex_s1	ceph_Cephalotes_s1	0
atti3_Acromyrmex_s1	ceph_Cephalotes_s2	0
atti3_Acromyrmex_s1	crea_Crematogaster_s1	0
atti3_Acromyrmex_s1	crea_Crematogaster_s2	0
atti3_Acromyrmex_s1	cren_Crematogaster_s1	0
atti3_Acromyrmex_s1	cres_Crematogaster_s0	0
atti3_Acromyrmex_s1	cret_Crematogaster_s1	0
atti3_Acromyrmex_s1	cret_Crematogaster_s2	0
atti3_Acromyrmex_s1	doli_Technomyrmex_s1	0
atti3_Acromyrmex_s1	doli_Bothriomyrmex_s1	0
atti3_Acromyrmex_s1	doli_Azteca_s1	0
atti3_Acromyrmex_s1	doli_Linepithema_s0	0
atti3_Acromyrmex_s1	doli_Anonychomyrma_s1	0
atti3_Acromyrmex_s1	doli_Froggattella_s0	0
atti3_Acromyrmex_s1	dory_Acanthostichus_s0	0
atti3_Acromyrmex_s1	dory_Eciton_s1	0
atti3_Acromyrmex_s1	dory_Dorylus_s2	0
atti3_Acromyrmex_s1	dory_Dorylus_s3	0
atti3_Acromyrmex_s1	dory_Ooceraea_s1	0
atti3_Acromyrmex_s1	dory_Parasyscia_s1	0
atti3_Acromyrmex_s1	ecta_Poneracantha_s1	0
atti3_Acromyrmex_s1	fori_Formica_s1	0
atti3_Acromyrmex_s1	fori_Acropyga_s0	0
atti3_Acromyrmex_s1	fori_Tapinolepis_s0	0
atti3_Acromyrmex_s1	fori_Calomyrmex_s1	0
atti3_Acromyrmex_s1	fori_Camponotus_s1	0
atti3_Acromyrmex_s1	fori_Camponotus_s3	0
atti3_Acromyrmex_s1	fori_Camponotus_s4	0
atti3_Acromyrmex_s1	fori_Colobopsis_s1	0
atti3_Acromyrmex_s1	fori_Oecophylla_s1	0
atti3_Acromyrmex_s1	fori_Lasius_s1	0
atti3_Acromyrmex_s1	form_Formica_s1	0
atti3_Acromyrmex_s1	lasi_Myrmecocystus_s1	0
atti3_Acromyrmex_s1	lasi_Paraparatrechina_s1	0
atti3_Acromyrmex_s1	lasi_Nylanderia_s2	0
atti3_Acromyrmex_s1	lasi_Nylanderia_s3	0
atti3_Acromyrmex_s1	lasi2_Lasius_s0	0
atti3_Acromyrmex_s1	lasi2_Nylanderia_s1	0
atti3_Acromyrmex_s1	lasi2_Nylanderia_s5	0
atti3_Acromyrmex_s1	lasi2_Nylanderia_s6	0
atti3_Acromyrmex_s1	lasi2_Nylanderia_s7	0
atti3_Acromyrmex_s1	lasi2_Nylanderia_s8	0
atti3_Acromyrmex_s1	lasi2_Nylanderia_s9	0
atti3_Acromyrmex_s1	melo_s0	0
atti3_Acromyrmex_s1	mycr_Mycocepurus_s0	0
atti3_Acromyrmex_s1	mycr_Myrmicocrypta_s1	0
atti3_Acromyrmex_s1	mymi_Myrmica_s13	0
atti3_Acromyrmex_s1	mymi_Myrmica_s14	0
atti3_Acromyrmex_s1	mymi_Myrmica_s3	0
atti3_Acromyrmex_s1	mymi_Myrmica_s7	0
atti3_Acromyrmex_s1	mymi_Myrmica_s8	0
atti3_Acromyrmex_s1	mymi_Myrmica_s9	0
atti3_Acromyrmex_s1	mymi_Myrmica_s11	0
atti3_Acromyrmex_s1	mymi_Myrmica_s12	0
atti3_Acromyrmex_s1	myre_Myrmecia_s1	0
atti3_Acromyrmex_s1	myre_Myrmecia_s2	0
atti3_Acromyrmex_s1	myre_Myrmecia_s3	0
atti3_Acromyrmex_s1	myre_Myrmecia_s5	0
atti3_Acromyrmex_s1	myre_Myrmecia_s6	0
atti3_Acromyrmex_s1	myre_Myrmecia_s7	0
atti3_Acromyrmex_s1	myrm_Myrmica_s1	0
atti3_Acromyrmex_s1	myrm_Myrmica_s2	0
atti3_Acromyrmex_s1	myrm_Pogonomyrmex_s1	0
atti3_Acromyrmex_s1	myrm_Pogonomyrmex_s2	0
atti3_Acromyrmex_s1	myrm_Monomorium_s0	0
atti3_Acromyrmex_s1	myrm_Cyphomyrmex_s0	0
atti3_Acromyrmex_s1	myrm_Basiceros_s0	0
atti3_Acromyrmex_s1	myrm_Pheidole_s1	0
atti3_Acromyrmex_s1	myrm_Ocymyrmex_s0	0
atti3_Acromyrmex_s1	myrm_Nesomyrmex_s0	0
atti3_Acromyrmex_s1	myrm_Cataulacus_s0	0
atti3_Acromyrmex_s1	myrm_Carebara_s0	0
atti3_Acromyrmex_s1	myrm_Cyphoidris_s0	0
atti3_Acromyrmex_s1	myrm_Tetramorium_s0	0
atti3_Acromyrmex_s1	myrm_Crematogaster_s1	0
atti3_Acromyrmex_s1	myrm_Adlerzia_s0	0
atti3_Acromyrmex_s1	myrm_Pristomyrmex_s0	0
atti3_Acromyrmex_s1	myrm_Poecilomyrma_s0	0
atti3_Acromyrmex_s1	myrm_Vombisidris_s0	0
atti3_Acromyrmex_s1	myrm_Harpagoxenus_s0	0
atti3_Acromyrmex_s1	ocym_Ocymyrmex_s1	0
atti3_Acromyrmex_s1	pogo_Pogonomyrmex_s1	0
atti3_Acromyrmex_s1	pogo_Pogonomyrmex_s2	0
atti3_Acromyrmex_s1	pogo_Pogonomyrmex_s3	0
atti3_Acromyrmex_s1	pogo_Pogonomyrmex_s4	0
atti3_Acromyrmex_s1	pseu2_Pseudomyrmex_s1	0
atti3_Acromyrmex_s1	seco_Dilobocondyla_s0	0
atti3_Acromyrmex_s1	seri_Sericomyrmex_s1	0
atti3_Acromyrmex_s1	sten_Novomessor_s0	0
atti3_Acromyrmex_s1	tapi_Tapinoma_s0	0
atti3_Acromyrmex_s1	temn_Temnothorax_s1	0
atti3_Acromyrmex_s1	temn_Temnothorax_s3	0
atti3_Acromyrmex_s1	temn_Temnothorax_s5	0
atti3_Acromyrmex_s1	temn_Temnothorax_s7	0
atti3_Acromyrmex_s1	temn_Temnothorax_s8	0
atti3_Acromyrmex_s1	vero_Veromessor_s1	0
atti3_Acromyrmex_s1	vero_Veromessor_s2	0
bakb_Mycetarotes_s0	bakb_Trachymyrmex_s0	0
bakb_Mycetarotes_s0	bakb_Cephalotes_s0	0
bakb_Mycetarotes_s0	bakb_Strumigenys_s0	0
bakb_Mycetarotes_s0	bakb_Basiceros_s0	0
bakb_Mycetarotes_s0	bakb_Ochetomyrmex_s0	0
bakb_Mycetarotes_s0	bakb_Solenopsis_s0	0
bakb_Mycetarotes_s0	bakb_Monomorium_s0	0
bakb_Mycetarotes_s0	bakb_Ocymyrmex_s0	0
bakb_Mycetarotes_s0	bakb_Kartidris_s0	0
bakb_Mycetarotes_s0	bakb_Ancyridris_s0	0
bakb_Mycetarotes_s0	bakb_Harpagoxenus_s0	0
bakb_Mycetarotes_s0	bakb_Romblonella_s0	0
bakb_Mycetarotes_s0	bakb_Cyphoidris_s0	0
bakb_Mycetarotes_s0	bakb_Diplomorium_s0	0
bakb_Mycetarotes_s0	bakb_Goniomma_s0	0
bakb_Mycetarotes_s0	bakb_Zatania_s0	0
bakb_Mycetarotes_s0	bakb_Opisthopsis_s0	0
bakb_Mycetarotes_s0	bakb_Polyrhachis_s0	0
bakb_Mycetarotes_s0	bakb_Echinopla_s0	0
bakb_Mycetarotes_s0	bakb_Oecophylla_s0	0
bakb_Mycetarotes_s0	bakb_Formica_s0	0
bakb_Mycetarotes_s0	bakb_Cataglyphis_s0	0
bakb_Mycetarotes_s0	bakb_Stigmacros_s0	0
bakb_Mycetarotes_s0	bakb_Pseudomyrmex_s0	0
bakb_Mycetarotes_s0	bakb_Anonychomyrma_s0	0
bakb_Mycetarotes_s0	bakb_Froggattella_s0	0
bakb_Mycetarotes_s0	bakb_Dorymyrmex_s0	0
bakb_Mycetarotes_s0	bakb_Technomyrmex_s0	0
bakb_Mycetarotes_s0	bakb_Cheliomyrmex_s0	0
bakb_Mycetarotes_s0	bakb_Dinoponera_s0	0
bakb_Mycetarotes_s0	bakb_Adetomyrma_s0	0
bakb_Mycetarotes_s0	bakb_Onychomyrmex_s0	0
bakb_Mycetarotes_s0	brach_Brachymyrmex_s1	0
bakb_Mycetarotes_s0	cata_Cataglyphis_s1	0
bakb_Mycetarotes_s0	ceph_Cephalotes_s1	0
bakb_Mycetarotes_s0	ceph_Cephalotes_s2	0
bakb_Mycetarotes_s0	crea_Crematogaster_s1	0
bakb_Mycetarotes_s0	crea_Crematogaster_s2	0
bakb_Mycetarotes_s0	cren_Crematogaster_s1	0
bakb_Mycetarotes_s0	cres_Crematogaster_s0	0
bakb_Mycetarotes_s0	cret_Crematogaster_s1	0
bakb_Mycetarotes_s0	cret_Crematogaster_s2	0
bakb_Mycetarotes_s0	doli_Technomyrmex_s1	0
bakb_Mycetarotes_s0	doli_Bothriomyrmex_s1	0
bakb_Mycetarotes_s0	doli_Azteca_s1	0
bakb_Mycetarotes_s0	doli_Linepithema_s0	0
bakb_Mycetarotes_s0	doli_Anonychomyrma_s1	0
bakb_Mycetarotes_s0	doli_Froggattella_s0	0
bakb_Mycetarotes_s0	dory_Acanthostichus_s0	0
bakb_Mycetarotes_s0	dory_Eciton_s1	0
bakb_Mycetarotes_s0	dory_Dorylus_s2	0
bakb_Mycetarotes_s0	dory_Dorylus_s3	0
bakb_Mycetarotes_s0	dory_Ooceraea_s1	0
bakb_Mycetarotes_s0	dory_Parasyscia_s1	0
bakb_Mycetarotes_s0	ecta_Poneracantha_s1	0
bakb_Mycetarotes_s0	fori_Formica_s1	0
bakb_Mycetarotes_s0	fori_Acropyga_s0	0
bakb_Mycetarotes_s0	fori_Tapinolepis_s0	0
bakb_Mycetarotes_s0	fori_Calomyrmex_s1	0
bakb_Mycetarotes_s0	fori_Camponotus_s1	0
bakb_Mycetarotes_s0	fori_Camponotus_s3	0
bakb_Mycetarotes_s0	fori_Camponotus_s4	0
bakb_Mycetarotes_s0	fori_Colobopsis_s1	0
bakb_Mycetarotes_s0	fori_Oecophylla_s1	0
bakb_Mycetarotes_s0	fori_Lasius_s1	0
bakb_Mycetarotes_s0	form_Formica_s1	0
bakb_Mycetarotes_s0	lasi_Myrmecocystus_s1	0
bakb_Mycetarotes_s0	lasi_Paraparatrechina_s1	0
bakb_Mycetarotes_s0	lasi_Nylanderia_s2	0
bakb_Mycetarotes_s0	lasi_Nylanderia_s3	0
bakb_Mycetarotes_s0	lasi2_Lasius_s0	0
bakb_Mycetarotes_s0	lasi2_Nylanderia_s1	0
bakb_Mycetarotes_s0	lasi2_Nylanderia_s5	0
bakb_Mycetarotes_s0	lasi2_Nylanderia_s6	0
bakb_Mycetarotes_s0	lasi2_Nylanderia_s7	0
bakb_Mycetarotes_s0	lasi2_Nylanderia_s8	0
bakb_Mycetarotes_s0	lasi2_Nylanderia_s9	0
bakb_Mycetarotes_s0	melo_s0	0
bakb_Mycetarotes_s0	mycr_Mycocepurus_s0	0
bakb_Mycetarotes_s0	mycr_Myrmicocrypta_s1	0
bakb_Mycetarotes_s0	mymi_Myrmica_s13	0
bakb_Mycetarotes_s0	mymi_Myrmica_s14	0
bakb_Mycetarotes_s0	mymi_Myrmica_s3	0
bakb_Mycetarotes_s0	mymi_Myrmica_s7	0
bakb_Mycetarotes_s0	mymi_Myrmica_s8	0
bakb_Mycetarotes_s0	mymi_Myrmica_s9	0
bakb_Mycetarotes_s0	mymi_Myrmica_s11	0
bakb_Mycetarotes_s0	mymi_Myrmica_s12	0
bakb_Mycetarotes_s0	myre_Myrmecia_s1	0
bakb_Mycetarotes_s0	myre_Myrmecia_s2	0
bakb_Mycetarotes_s0	myre_Myrmecia_s3	0
bakb_Mycetarotes_s0	myre_Myrmecia_s5	0
bakb_Mycetarotes_s0	myre_Myrmecia_s6	0
bakb_Mycetarotes_s0	myre_Myrmecia_s7	0
bakb_Mycetarotes_s0	myrm_Myrmica_s1	0
bakb_Mycetarotes_s0	myrm_Myrmica_s2	0
bakb_Mycetarotes_s0	myrm_Pogonomyrmex_s1	0
bakb_Mycetarotes_s0	myrm_Pogonomyrmex_s2	0
bakb_Mycetarotes_s0	myrm_Monomorium_s0	0
bakb_Mycetarotes_s0	myrm_Cyphomyrmex_s0	1
bakb_Mycetarotes_s0	myrm_Basiceros_s0	0
bakb_Mycetarotes_s0	myrm_Pheidole_s1	0
bakb_Mycetarotes_s0	myrm_Ocymyrmex_s0	0
bakb_Mycetarotes_s0	myrm_Nesomyrmex_s0	0
bakb_Mycetarotes_s0	myrm_Cataulacus_s0	0
bakb_Mycetarotes_s0	myrm_Carebara_s0	0
bakb_Mycetarotes_s0	myrm_Cyphoidris_s0	0
bakb_Mycetarotes_s0	myrm_Tetramorium_s0	0
bakb_Mycetarotes_s0	myrm_Crematogaster_s1	0
bakb_Mycetarotes_s0	myrm_Adlerzia_s0	0
bakb_Mycetarotes_s0	myrm_Pristomyrmex_s0	0
bakb_Mycetarotes_s0	myrm_Poecilomyrma_s0	0
bakb_Mycetarotes_s0	myrm_Vombisidris_s0	0
bakb_Mycetarotes_s0	myrm_Harpagoxenus_s0	0
bakb_Mycetarotes_s0	ocym_Ocymyrmex_s1	0
bakb_Mycetarotes_s0	pogo_Pogonomyrmex_s1	0
bakb_Mycetarotes_s0	pogo_Pogonomyrmex_s2	0
bakb_Mycetarotes_s0	pogo_Pogonomyrmex_s3	0
bakb_Mycetarotes_s0	pogo_Pogonomyrmex_s4	0
bakb_Mycetarotes_s0	pseu2_Pseudomyrmex_s1	0
bakb_Mycetarotes_s0	seco_Dilobocondyla_s0	0
bakb_Mycetarotes_s0	seri_Sericomyrmex_s1	0
bakb_Mycetarotes_s0	sten_Novomessor_s0	0
bakb_Mycetarotes_s0	tapi_Tapinoma_s0	0
bakb_Mycetarotes_s0	temn_Temnothorax_s1	0
bakb_Mycetarotes_s0	temn_Temnothorax_s3	0
bakb_Mycetarotes_s0	temn_Temnothorax_s5	0
bakb_Mycetarotes_s0	temn_Temnothorax_s7	0
bakb_Mycetarotes_s0	temn_Temnothorax_s8	0
bakb_Mycetarotes_s0	vero_Veromessor_s1	0
bakb_Mycetarotes_s0	vero_Veromessor_s2	0
bakb_Trachymyrmex_s0	bakb_Cephalotes_s0	0
bakb_Trachymyrmex_s0	bakb_Strumigenys_s0	0
bakb_Trachymyrmex_s0	bakb_Basiceros_s0	0
bakb_Trachymyrmex_s0	bakb_Ochetomyrmex_s0	0
bakb_Trachymyrmex_s0	bakb_Solenopsis_s0	0
bakb_Trachymyrmex_s0	bakb_Monomorium_s0	0
bakb_Trachymyrmex_s0	bakb_Ocymyrmex_s0	0
bakb_Trachymyrmex_s0	bakb_Kartidris_s0	0
bakb_Trachymyrmex_s0	bakb_Ancyridris_s0	0
bakb_Trachymyrmex_s0	bakb_Harpagoxenus_s0	0
bakb_Trachymyrmex_s0	bakb_Romblonella_s0	0
bakb_Trachymyrmex_s0	bakb_Cyphoidris_s0	0
bakb_Trachymyrmex_s0	bakb_Diplomorium_s0	0
bakb_Trachymyrmex_s0	bakb_Goniomma_s0	0
bakb_Trachymyrmex_s0	bakb_Zatania_s0	0
bakb_Trachymyrmex_s0	bakb_Opisthopsis_s0	0
bakb_Trachymyrmex_s0	bakb_Polyrhachis_s0	0
bakb_Trachymyrmex_s0	bakb_Echinopla_s0	0
bakb_Trachymyrmex_s0	bakb_Oecophylla_s0	0
bakb_Trachymyrmex_s0	bakb_Formica_s0	0
bakb_Trachymyrmex_s0	bakb_Cataglyphis_s0	0
bakb_Trachymyrmex_s0	bakb_Stigmacros_s0	0
bakb_Trachymyrmex_s0	bakb_Pseudomyrmex_s0	0
bakb_Trachymyrmex_s0	bakb_Anonychomyrma_s0	0
bakb_Trachymyrmex_s0	bakb_Froggattella_s0	0
bakb_Trachymyrmex_s0	bakb_Dorymyrmex_s0	0
bakb_Trachymyrmex_s0	bakb_Technomyrmex_s0	0
bakb_Trachymyrmex_s0	bakb_Cheliomyrmex_s0	0
bakb_Trachymyrmex_s0	bakb_Dinoponera_s0	0
bakb_Trachymyrmex_s0	bakb_Adetomyrma_s0	0
bakb_Trachymyrmex_s0	bakb_Onychomyrmex_s0	0
bakb_Trachymyrmex_s0	brach_Brachymyrmex_s1	0
bakb_Trachymyrmex_s0	cata_Cataglyphis_s1	0
bakb_Trachymyrmex_s0	ceph_Cephalotes_s1	0
bakb_Trachymyrmex_s0	ceph_Cephalotes_s2	0
bakb_Trachymyrmex_s0	crea_Crematogaster_s1	0
bakb_Trachymyrmex_s0	crea_Crematogaster_s2	0
bakb_Trachymyrmex_s0	cren_Crematogaster_s1	0
bakb_Trachymyrmex_s0	cres_Crematogaster_s0	0
bakb_Trachymyrmex_s0	cret_Crematogaster_s1	0
bakb_Trachymyrmex_s0	cret_Crematogaster_s2	0
bakb_Trachymyrmex_s0	doli_Technomyrmex_s1	0
bakb_Trachymyrmex_s0	doli_Bothriomyrmex_s1	0
bakb_Trachymyrmex_s0	doli_Azteca_s1	0
bakb_Trachymyrmex_s0	doli_Linepithema_s0	0
bakb_Trachymyrmex_s0	doli_Anonychomyrma_s1	0
bakb_Trachymyrmex_s0	doli_Froggattella_s0	0
bakb_Trachymyrmex_s0	dory_Acanthostichus_s0	0
bakb_Trachymyrmex_s0	dory_Eciton_s1	0
bakb_Trachymyrmex_s0	dory_Dorylus_s2	0
bakb_Trachymyrmex_s0	dory_Dorylus_s3	0
bakb_Trachymyrmex_s0	dory_Ooceraea_s1	0
bakb_Trachymyrmex_s0	dory_Parasyscia_s1	0
bakb_Trachymyrmex_s0	ecta_Poneracantha_s1	0
bakb_Trachymyrmex_s0	fori_Formica_s1	0
bakb_Trachymyrmex_s0	fori_Acropyga_s0	0
bakb_Trachymyrmex_s0	fori_Tapinolepis_s0	0
bakb_Trachymyrmex_s0	fori_Calomyrmex_s1	0
bakb_Trachymyrmex_s0	fori_Camponotus_s1	0
bakb_Trachymyrmex_s0	fori_Camponotus_s3	0
bakb_Trachymyrmex_s0	fori_Camponotus_s4	0
bakb_Trachymyrmex_s0	fori_Colobopsis_s1	0
bakb_Trachymyrmex_s0	fori_Oecophylla_s1	0
bakb_Trachymyrmex_s0	fori_Lasius_s1	0
bakb_Trachymyrmex_s0	form_Formica_s1	0
bakb_Trachymyrmex_s0	lasi_Myrmecocystus_s1	0
bakb_Trachymyrmex_s0	lasi_Paraparatrechina_s1	0
bakb_Trachymyrmex_s0	lasi_Nylanderia_s2	0
bakb_Trachymyrmex_s0	lasi_Nylanderia_s3	0
bakb_Trachymyrmex_s0	lasi2_Lasius_s0	0
bakb_Trachymyrmex_s0	lasi2_Nylanderia_s1	0
bakb_Trachymyrmex_s0	lasi2_Nylanderia_s5	0
bakb_Trachymyrmex_s0	lasi2_Nylanderia_s6	0
bakb_Trachymyrmex_s0	lasi2_Nylanderia_s7	0
bakb_Trachymyrmex_s0	lasi2_Nylanderia_s8	0
bakb_Trachymyrmex_s0	lasi2_Nylanderia_s9	0
bakb_Trachymyrmex_s0	melo_s0	0
bakb_Trachymyrmex_s0	mycr_Mycocepurus_s0	0
bakb_Trachymyrmex_s0	mycr_Myrmicocrypta_s1	0
bakb_Trachymyrmex_s0	mymi_Myrmica_s13	0
bakb_Trachymyrmex_s0	mymi_Myrmica_s14	0
bakb_Trachymyrmex_s0	mymi_Myrmica_s3	0
bakb_Trachymyrmex_s0	mymi_Myrmica_s7	0
bakb_Trachymyrmex_s0	mymi_Myrmica_s8	0
bakb_Trachymyrmex_s0	mymi_Myrmica_s9	0
bakb_Trachymyrmex_s0	mymi_Myrmica_s11	0
bakb_Trachymyrmex_s0	mymi_Myrmica_s12	0
bakb_Trachymyrmex_s0	myre_Myrmecia_s1	0
bakb_Trachymyrmex_s0	myre_Myrmecia_s2	0
bakb_Trachymyrmex_s0	myre_Myrmecia_s3	0
bakb_Trachymyrmex_s0	myre_Myrmecia_s5	0
bakb_Trachymyrmex_s0	myre_Myrmecia_s6	0
bakb_Trachymyrmex_s0	myre_Myrmecia_s7	0
bakb_Trachymyrmex_s0	myrm_Myrmica_s1	0
bakb_Trachymyrmex_s0	myrm_Myrmica_s2	0
bakb_Trachymyrmex_s0	myrm_Pogonomyrmex_s1	0
bakb_Trachymyrmex_s0	myrm_Pogonomyrmex_s2	0
bakb_Trachymyrmex_s0	myrm_Monomorium_s0	0
bakb_Trachymyrmex_s0	myrm_Cyphomyrmex_s0	0
bakb_Trachymyrmex_s0	myrm_Basiceros_s0	0
bakb_Trachymyrmex_s0	myrm_Pheidole_s1	0
bakb_Trachymyrmex_s0	myrm_Ocymyrmex_s0	0
bakb_Trachymyrmex_s0	myrm_Nesomyrmex_s0	0
bakb_Trachymyrmex_s0	myrm_Cataulacus_s0	0
bakb_Trachymyrmex_s0	myrm_Carebara_s0	0
bakb_Trachymyrmex_s0	myrm_Cyphoidris_s0	0
bakb_Trachymyrmex_s0	myrm_Tetramorium_s0	0
bakb_Trachymyrmex_s0	myrm_Crematogaster_s1	0
bakb_Trachymyrmex_s0	myrm_Adlerzia_s0	0
bakb_Trachymyrmex_s0	myrm_Pristomyrmex_s0	0
bakb_Trachymyrmex_s0	myrm_Poecilomyrma_s0	0
bakb_Trachymyrmex_s0	myrm_Vombisidris_s0	0
bakb_Trachymyrmex_s0	myrm_Harpagoxenus_s0	0
bakb_Trachymyrmex_s0	ocym_Ocymyrmex_s1	0
bakb_Trachymyrmex_s0	pogo_Pogonomyrmex_s1	0
bakb_Trachymyrmex_s0	pogo_Pogonomyrmex_s2	0
bakb_Trachymyrmex_s0	pogo_Pogonomyrmex_s3	0
bakb_Trachymyrmex_s0	pogo_Pogonomyrmex_s4	0
bakb_Trachymyrmex_s0	pseu2_Pseudomyrmex_s1	0
bakb_Trachymyrmex_s0	seco_Dilobocondyla_s0	0
bakb_Trachymyrmex_s0	seri_Sericomyrmex_s1	0
bakb_Trachymyrmex_s0	sten_Novomessor_s0	0
bakb_Trachymyrmex_s0	tapi_Tapinoma_s0	0
bakb_Trachymyrmex_s0	temn_Temnothorax_s1	0
bakb_Trachymyrmex_s0	temn_Temnothorax_s3	0
bakb_Trachymyrmex_s0	temn_Temnothorax_s5	0
bakb_Trachymyrmex_s0	temn_Temnothorax_s7	0
bakb_Trachymyrmex_s0	temn_Temnothorax_s8	0
bakb_Trachymyrmex_s0	vero_Veromessor_s1	0
bakb_Trachymyrmex_s0	vero_Veromessor_s2	0
bakb_Cephalotes_s0	bakb_Strumigenys_s0	0
bakb_Cephalotes_s0	bakb_Basiceros_s0	0
bakb_Cephalotes_s0	bakb_Ochetomyrmex_s0	0
bakb_Cephalotes_s0	bakb_Solenopsis_s0	0
bakb_Cephalotes_s0	bakb_Monomorium_s0	0
bakb_Cephalotes_s0	bakb_Ocymyrmex_s0	0
bakb_Cephalotes_s0	bakb_Kartidris_s0	0
bakb_Cephalotes_s0	bakb_Ancyridris_s0	0
bakb_Cephalotes_s0	bakb_Harpagoxenus_s0	0
bakb_Cephalotes_s0	bakb_Romblonella_s0	0
bakb_Cephalotes_s0	bakb_Cyphoidris_s0	0
bakb_Cephalotes_s0	bakb_Diplomorium_s0	0
bakb_Cephalotes_s0	bakb_Goniomma_s0	0
bakb_Cephalotes_s0	bakb_Zatania_s0	0
bakb_Cephalotes_s0	bakb_Opisthopsis_s0	0
bakb_Cephalotes_s0	bakb_Polyrhachis_s0	0
bakb_Cephalotes_s0	bakb_Echinopla_s0	0
bakb_Cephalotes_s0	bakb_Oecophylla_s0	0
bakb_Cephalotes_s0	bakb_Formica_s0	0
bakb_Cephalotes_s0	bakb_Cataglyphis_s0	0
bakb_Cephalotes_s0	bakb_Stigmacros_s0	0
bakb_Cephalotes_s0	bakb_Pseudomyrmex_s0	0
bakb_Cephalotes_s0	bakb_Anonychomyrma_s0	0
bakb_Cephalotes_s0	bakb_Froggattella_s0	0
bakb_Cephalotes_s0	bakb_Dorymyrmex_s0	0
bakb_Cephalotes_s0	bakb_Technomyrmex_s0	0
bakb_Cephalotes_s0	bakb_Cheliomyrmex_s0	0
bakb_Cephalotes_s0	bakb_Dinoponera_s0	0
bakb_Cephalotes_s0	bakb_Adetomyrma_s0	0
bakb_Cephalotes_s0	bakb_Onychomyrmex_s0	0
bakb_Cephalotes_s0	brach_Brachymyrmex_s1	0
bakb_Cephalotes_s0	cata_Cataglyphis_s1	0
bakb_Cephalotes_s0	ceph_Cephalotes_s1	0
bakb_Cephalotes_s0	ceph_Cephalotes_s2	0
bakb_Cephalotes_s0	crea_Crematogaster_s1	0
bakb_Cephalotes_s0	crea_Crematogaster_s2	0
bakb_Cephalotes_s0	cren_Crematogaster_s1	0
bakb_Cephalotes_s0	cres_Crematogaster_s0	0
bakb_Cephalotes_s0	cret_Crematogaster_s1	0
bakb_Cephalotes_s0	cret_Crematogaster_s2	0
bakb_Cephalotes_s0	doli_Technomyrmex_s1	0
bakb_Cephalotes_s0	doli_Bothriomyrmex_s1	0
bakb_Cephalotes_s0	doli_Azteca_s1	0
bakb_Cephalotes_s0	doli_Linepithema_s0	0
bakb_Cephalotes_s0	doli_Anonychomyrma_s1	0
bakb_Cephalotes_s0	doli_Froggattella_s0	0
bakb_Cephalotes_s0	dory_Acanthostichus_s0	0
bakb_Cephalotes_s0	dory_Eciton_s1	0
bakb_Cephalotes_s0	dory_Dorylus_s2	0
bakb_Cephalotes_s0	dory_Dorylus_s3	0
bakb_Cephalotes_s0	dory_Ooceraea_s1	0
bakb_Cephalotes_s0	dory_Parasyscia_s1	0
bakb_Cephalotes_s0	ecta_Poneracantha_s1	0
bakb_Cephalotes_s0	fori_Formica_s1	0
bakb_Cephalotes_s0	fori_Acropyga_s0	0
bakb_Cephalotes_s0	fori_Tapinolepis_s0	0
bakb_Cephalotes_s0	fori_Calomyrmex_s1	0
bakb_Cephalotes_s0	fori_Camponotus_s1	0
bakb_Cephalotes_s0	fori_Camponotus_s3	0
bakb_Cephalotes_s0	fori_Camponotus_s4	0
bakb_Cephalotes_s0	fori_Colobopsis_s1	0
bakb_Cephalotes_s0	fori_Oecophylla_s1	0
bakb_Cephalotes_s0	fori_Lasius_s1	0
bakb_Cephalotes_s0	form_Formica_s1	0
bakb_Cephalotes_s0	lasi_Myrmecocystus_s1	0
bakb_Cephalotes_s0	lasi_Paraparatrechina_s1	0
bakb_Cephalotes_s0	lasi_Nylanderia_s2	0
bakb_Cephalotes_s0	lasi_Nylanderia_s3	0
bakb_Cephalotes_s0	lasi2_Lasius_s0	0
bakb_Cephalotes_s0	lasi2_Nylanderia_s1	0
bakb_Cephalotes_s0	lasi2_Nylanderia_s5	0
bakb_Cephalotes_s0	lasi2_Nylanderia_s6	0
bakb_Cephalotes_s0	lasi2_Nylanderia_s7	0
bakb_Cephalotes_s0	lasi2_Nylanderia_s8	0
bakb_Cephalotes_s0	lasi2_Nylanderia_s9	0
bakb_Cephalotes_s0	melo_s0	0
bakb_Cephalotes_s0	mycr_Mycocepurus_s0	0
bakb_Cephalotes_s0	mycr_Myrmicocrypta_s1	0
bakb_Cephalotes_s0	mymi_Myrmica_s13	0
bakb_Cephalotes_s0	mymi_Myrmica_s14	0
bakb_Cephalotes_s0	mymi_Myrmica_s3	0
bakb_Cephalotes_s0	mymi_Myrmica_s7	0
bakb_Cephalotes_s0	mymi_Myrmica_s8	0
bakb_Cephalotes_s0	mymi_Myrmica_s9	0
bakb_Cephalotes_s0	mymi_Myrmica_s11	0
bakb_Cephalotes_s0	mymi_Myrmica_s12	0
bakb_Cephalotes_s0	myre_Myrmecia_s1	0
bakb_Cephalotes_s0	myre_Myrmecia_s2	0
bakb_Cephalotes_s0	myre_Myrmecia_s3	0
bakb_Cephalotes_s0	myre_Myrmecia_s5	0
bakb_Cephalotes_s0	myre_Myrmecia_s6	0
bakb_Cephalotes_s0	myre_Myrmecia_s7	0
bakb_Cephalotes_s0	myrm_Myrmica_s1	0
bakb_Cephalotes_s0	myrm_Myrmica_s2	0
bakb_Cephalotes_s0	myrm_Pogonomyrmex_s1	0
bakb_Cephalotes_s0	myrm_Pogonomyrmex_s2	0
bakb_Cephalotes_s0	myrm_Monomorium_s0	0
bakb_Cephalotes_s0	myrm_Cyphomyrmex_s0	0
bakb_Cephalotes_s0	myrm_Basiceros_s0	0
bakb_Cephalotes_s0	myrm_Pheidole_s1	0
bakb_Cephalotes_s0	myrm_Ocymyrmex_s0	0
bakb_Cephalotes_s0	myrm_Nesomyrmex_s0	0
bakb_Cephalotes_s0	myrm_Cataulacus_s0	0
bakb_Cephalotes_s0	myrm_Carebara_s0	0
bakb_Cephalotes_s0	myrm_Cyphoidris_s0	0
bakb_Cephalotes_s0	myrm_Tetramorium_s0	0
bakb_Cephalotes_s0	myrm_Crematogaster_s1	0
bakb_Cephalotes_s0	myrm_Adlerzia_s0	0
bakb_Cephalotes_s0	myrm_Pristomyrmex_s0	0
bakb_Cephalotes_s0	myrm_Poecilomyrma_s0	0
bakb_Cephalotes_s0	myrm_Vombisidris_s0	0
bakb_Cephalotes_s0	myrm_Harpagoxenus_s0	0
bakb_Cephalotes_s0	ocym_Ocymyrmex_s1	0
bakb_Cephalotes_s0	pogo_Pogonomyrmex_s1	0
bakb_Cephalotes_s0	pogo_Pogonomyrmex_s2	0
bakb_Cephalotes_s0	pogo_Pogonomyrmex_s3	0
bakb_Cephalotes_s0	pogo_Pogonomyrmex_s4	0
bakb_Cephalotes_s0	pseu2_Pseudomyrmex_s1	0
bakb_Cephalotes_s0	seco_Dilobocondyla_s0	0
bakb_Cephalotes_s0	seri_Sericomyrmex_s1	0
bakb_Cephalotes_s0	sten_Novomessor_s0	0
bakb_Cephalotes_s0	tapi_Tapinoma_s0	0
bakb_Cephalotes_s0	temn_Temnothorax_s1	0
bakb_Cephalotes_s0	temn_Temnothorax_s3	0
bakb_Cephalotes_s0	temn_Temnothorax_s5	0
bakb_Cephalotes_s0	temn_Temnothorax_s7	0
bakb_Cephalotes_s0	temn_Temnothorax_s8	0
bakb_Cephalotes_s0	vero_Veromessor_s1	0
bakb_Cephalotes_s0	vero_Veromessor_s2	0
bakb_Strumigenys_s0	bakb_Basiceros_s0	0
bakb_Strumigenys_s0	bakb_Ochetomyrmex_s0	0
bakb_Strumigenys_s0	bakb_Solenopsis_s0	0
bakb_Strumigenys_s0	bakb_Monomorium_s0	0
bakb_Strumigenys_s0	bakb_Ocymyrmex_s0	0
bakb_Strumigenys_s0	bakb_Kartidris_s0	0
bakb_Strumigenys_s0	bakb_Ancyridris_s0	0
bakb_Strumigenys_s0	bakb_Harpagoxenus_s0	0
bakb_Strumigenys_s0	bakb_Romblonella_s0	0
bakb_Strumigenys_s0	bakb_Cyphoidris_s0	0
bakb_Strumigenys_s0	bakb_Diplomorium_s0	0
bakb_Strumigenys_s0	bakb_Goniomma_s0	0
bakb_Strumigenys_s0	bakb_Zatania_s0	0
bakb_Strumigenys_s0	bakb_Opisthopsis_s0	0
bakb_Strumigenys_s0	bakb_Polyrhachis_s0	0
bakb_Strumigenys_s0	bakb_Echinopla_s0	0
bakb_Strumigenys_s0	bakb_Oecophylla_s0	0
bakb_Strumigenys_s0	bakb_Formica_s0	0
bakb_Strumigenys_s0	bakb_Cataglyphis_s0	0
bakb_Strumigenys_s0	bakb_Stigmacros_s0	0
bakb_Strumigenys_s0	bakb_Pseudomyrmex_s0	0
bakb_Strumigenys_s0	bakb_Anonychomyrma_s0	0
bakb_Strumigenys_s0	bakb_Froggattella_s0	0
bakb_Strumigenys_s0	bakb_Dorymyrmex_s0	0
bakb_Strumigenys_s0	bakb_Technomyrmex_s0	0
bakb_Strumigenys_s0	bakb_Cheliomyrmex_s0	0
bakb_Strumigenys_s0	bakb_Dinoponera_s0	0
bakb_Strumigenys_s0	bakb_Adetomyrma_s0	0
bakb_Strumigenys_s0	bakb_Onychomyrmex_s0	0
bakb_Strumigenys_s0	brach_Brachymyrmex_s1	0
bakb_Strumigenys_s0	cata_Cataglyphis_s1	0
bakb_Strumigenys_s0	ceph_Cephalotes_s1	0
bakb_Strumigenys_s0	ceph_Cephalotes_s2	0
bakb_Strumigenys_s0	crea_Crematogaster_s1	0
bakb_Strumigenys_s0	crea_Crematogaster_s2	0
bakb_Strumigenys_s0	cren_Crematogaster_s1	0
bakb_Strumigenys_s0	cres_Crematogaster_s0	0
bakb_Strumigenys_s0	cret_Crematogaster_s1	0
bakb_Strumigenys_s0	cret_Crematogaster_s2	0
bakb_Strumigenys_s0	doli_Technomyrmex_s1	0
bakb_Strumigenys_s0	doli_Bothriomyrmex_s1	0
bakb_Strumigenys_s0	doli_Azteca_s1	0
bakb_Strumigenys_s0	doli_Linepithema_s0	0
bakb_Strumigenys_s0	doli_Anonychomyrma_s1	0
bakb_Strumigenys_s0	doli_Froggattella_s0	0
bakb_Strumigenys_s0	dory_Acanthostichus_s0	0
bakb_Strumigenys_s0	dory_Eciton_s1	0
bakb_Strumigenys_s0	dory_Dorylus_s2	0
bakb_Strumigenys_s0	dory_Dorylus_s3	0
bakb_Strumigenys_s0	dory_Ooceraea_s1	0
bakb_Strumigenys_s0	dory_Parasyscia_s1	0
bakb_Strumigenys_s0	ecta_Poneracantha_s1	0
bakb_Strumigenys_s0	fori_Formica_s1	0
bakb_Strumigenys_s0	fori_Acropyga_s0	0
bakb_Strumigenys_s0	fori_Tapinolepis_s0	0
bakb_Strumigenys_s0	fori_Calomyrmex_s1	0
bakb_Strumigenys_s0	fori_Camponotus_s1	0
bakb_Strumigenys_s0	fori_Camponotus_s3	0
bakb_Strumigenys_s0	fori_Camponotus_s4	0
bakb_Strumigenys_s0	fori_Colobopsis_s1	0
bakb_Strumigenys_s0	fori_Oecophylla_s1	0
bakb_Strumigenys_s0	fori_Lasius_s1	0
bakb_Strumigenys_s0	form_Formica_s1	0
bakb_Strumigenys_s0	lasi_Myrmecocystus_s1	0
bakb_Strumigenys_s0	lasi_Paraparatrechina_s1	0
bakb_Strumigenys_s0	lasi_Nylanderia_s2	0
bakb_Strumigenys_s0	lasi_Nylanderia_s3	0
bakb_Strumigenys_s0	lasi2_Lasius_s0	0
bakb_Strumigenys_s0	lasi2_Nylanderia_s1	0
bakb_Strumigenys_s0	lasi2_Nylanderia_s5	0
bakb_Strumigenys_s0	lasi2_Nylanderia_s6	0
bakb_Strumigenys_s0	lasi2_Nylanderia_s7	0
bakb_Strumigenys_s0	lasi2_Nylanderia_s8	0
bakb_Strumigenys_s0	lasi2_Nylanderia_s9	0
bakb_Strumigenys_s0	melo_s0	0
bakb_Strumigenys_s0	mycr_Mycocepurus_s0	0
bakb_Strumigenys_s0	mycr_Myrmicocrypta_s1	0
bakb_Strumigenys_s0	mymi_Myrmica_s13	0
bakb_Strumigenys_s0	mymi_Myrmica_s14	0
bakb_Strumigenys_s0	mymi_Myrmica_s3	0
bakb_Strumigenys_s0	mymi_Myrmica_s7	0
bakb_Strumigenys_s0	mymi_Myrmica_s8	0
bakb_Strumigenys_s0	mymi_Myrmica_s9	0
bakb_Strumigenys_s0	mymi_Myrmica_s11	0
bakb_Strumigenys_s0	mymi_Myrmica_s12	0
bakb_Strumigenys_s0	myre_Myrmecia_s1	0
bakb_Strumigenys_s0	myre_Myrmecia_s2	0
bakb_Strumigenys_s0	myre_Myrmecia_s3	0
bakb_Strumigenys_s0	myre_Myrmecia_s5	0
bakb_Strumigenys_s0	myre_Myrmecia_s6	0
bakb_Strumigenys_s0	myre_Myrmecia_s7	0
bakb_Strumigenys_s0	myrm_Myrmica_s1	0
bakb_Strumigenys_s0	myrm_Myrmica_s2	0
bakb_Strumigenys_s0	myrm_Pogonomyrmex_s1	0
bakb_Strumigenys_s0	myrm_Pogonomyrmex_s2	0
bakb_Strumigenys_s0	myrm_Monomorium_s0	0
bakb_Strumigenys_s0	myrm_Cyphomyrmex_s0	0
bakb_Strumigenys_s0	myrm_Basiceros_s0	0
bakb_Strumigenys_s0	myrm_Pheidole_s1	0
bakb_Strumigenys_s0	myrm_Ocymyrmex_s0	0
bakb_Strumigenys_s0	myrm_Nesomyrmex_s0	0
bakb_Strumigenys_s0	myrm_Cataulacus_s0	0
bakb_Strumigenys_s0	myrm_Carebara_s0	0
bakb_Strumigenys_s0	myrm_Cyphoidris_s0	0
bakb_Strumigenys_s0	myrm_Tetramorium_s0	0
bakb_Strumigenys_s0	myrm_Crematogaster_s1	0
bakb_Strumigenys_s0	myrm_Adlerzia_s0	0
bakb_Strumigenys_s0	myrm_Pristomyrmex_s0	0
bakb_Strumigenys_s0	myrm_Poecilomyrma_s0	0
bakb_Strumigenys_s0	myrm_Vombisidris_s0	0
bakb_Strumigenys_s0	myrm_Harpagoxenus_s0	0
bakb_Strumigenys_s0	ocym_Ocymyrmex_s1	0
bakb_Strumigenys_s0	pogo_Pogonomyrmex_s1	0
bakb_Strumigenys_s0	pogo_Pogonomyrmex_s2	0
bakb_Strumigenys_s0	pogo_Pogonomyrmex_s3	0
bakb_Strumigenys_s0	pogo_Pogonomyrmex_s4	0
bakb_Strumigenys_s0	pseu2_Pseudomyrmex_s1	0
bakb_Strumigenys_s0	seco_Dilobocondyla_s0	0
bakb_Strumigenys_s0	seri_Sericomyrmex_s1	0
bakb_Strumigenys_s0	sten_Novomessor_s0	0
bakb_Strumigenys_s0	tapi_Tapinoma_s0	0
bakb_Strumigenys_s0	temn_Temnothorax_s1	0
bakb_Strumigenys_s0	temn_Temnothorax_s3	0
bakb_Strumigenys_s0	temn_Temnothorax_s5	0
bakb_Strumigenys_s0	temn_Temnothorax_s7	0
bakb_Strumigenys_s0	temn_Temnothorax_s8	0
bakb_Strumigenys_s0	vero_Veromessor_s1	0
bakb_Strumigenys_s0	vero_Veromessor_s2	0
bakb_Basiceros_s0	bakb_Ochetomyrmex_s0	0
bakb_Basiceros_s0	bakb_Solenopsis_s0	0
bakb_Basiceros_s0	bakb_Monomorium_s0	0
bakb_Basiceros_s0	bakb_Ocymyrmex_s0	0
bakb_Basiceros_s0	bakb_Kartidris_s0	0
bakb_Basiceros_s0	bakb_Ancyridris_s0	0
bakb_Basiceros_s0	bakb_Harpagoxenus_s0	0
bakb_Basiceros_s0	bakb_Romblonella_s0	0
bakb_Basiceros_s0	bakb_Cyphoidris_s0	0
bakb_Basiceros_s0	bakb_Diplomorium_s0	0
bakb_Basiceros_s0	bakb_Goniomma_s0	0
bakb_Basiceros_s0	bakb_Zatania_s0	0
bakb_Basiceros_s0	bakb_Opisthopsis_s0	0
bakb_Basiceros_s0	bakb_Polyrhachis_s0	0
bakb_Basiceros_s0	bakb_Echinopla_s0	0
bakb_Basiceros_s0	bakb_Oecophylla_s0	0
bakb_Basiceros_s0	bakb_Formica_s0	0
bakb_Basiceros_s0	bakb_Cataglyphis_s0	0
bakb_Basiceros_s0	bakb_Stigmacros_s0	0
bakb_Basiceros_s0	bakb_Pseudomyrmex_s0	0
bakb_Basiceros_s0	bakb_Anonychomyrma_s0	0
bakb_Basiceros_s0	bakb_Froggattella_s0	0
bakb_Basiceros_s0	bakb_Dorymyrmex_s0	0
bakb_Basiceros_s0	bakb_Technomyrmex_s0	0
bakb_Basiceros_s0	bakb_Cheliomyrmex_s0	0
bakb_Basiceros_s0	bakb_Dinoponera_s0	0
bakb_Basiceros_s0	bakb_Adetomyrma_s0	0
bakb_Basiceros_s0	bakb_Onychomyrmex_s0	0
bakb_Basiceros_s0	brach_Brachymyrmex_s1	0
bakb_Basiceros_s0	cata_Cataglyphis_s1	0
bakb_Basiceros_s0	ceph_Cephalotes_s1	0
bakb_Basiceros_s0	ceph_Cephalotes_s2	0
bakb_Basiceros_s0	crea_Crematogaster_s1	0
bakb_Basiceros_s0	crea_Crematogaster_s2	0
bakb_Basiceros_s0	cren_Crematogaster_s1	0
bakb_Basiceros_s0	cres_Crematogaster_s0	0
bakb_Basiceros_s0	cret_Crematogaster_s1	0
bakb_Basiceros_s0	cret_Crematogaster_s2	0
bakb_Basiceros_s0	doli_Technomyrmex_s1	0
bakb_Basiceros_s0	doli_Bothriomyrmex_s1	0
bakb_Basiceros_s0	doli_Azteca_s1	0
bakb_Basiceros_s0	doli_Linepithema_s0	0
bakb_Basiceros_s0	doli_Anonychomyrma_s1	0
bakb_Basiceros_s0	doli_Froggattella_s0	0
bakb_Basiceros_s0	dory_Acanthostichus_s0	0
bakb_Basiceros_s0	dory_Eciton_s1	0
bakb_Basiceros_s0	dory_Dorylus_s2	0
bakb_Basiceros_s0	dory_Dorylus_s3	0
bakb_Basiceros_s0	dory_Ooceraea_s1	0
bakb_Basiceros_s0	dory_Parasyscia_s1	0
bakb_Basiceros_s0	ecta_Poneracantha_s1	0
bakb_Basiceros_s0	fori_Formica_s1	0
bakb_Basiceros_s0	fori_Acropyga_s0	0
bakb_Basiceros_s0	fori_Tapinolepis_s0	0
bakb_Basiceros_s0	fori_Calomyrmex_s1	0
bakb_Basiceros_s0	fori_Camponotus_s1	0
bakb_Basiceros_s0	fori_Camponotus_s3	0
bakb_Basiceros_s0	fori_Camponotus_s4	0
bakb_Basiceros_s0	fori_Colobopsis_s1	0
bakb_Basiceros_s0	fori_Oecophylla_s1	0
bakb_Basiceros_s0	fori_Lasius_s1	0
bakb_Basiceros_s0	form_Formica_s1	0
bakb_Basiceros_s0	lasi_Myrmecocystus_s1	0
bakb_Basiceros_s0	lasi_Paraparatrechina_s1	0
bakb_Basiceros_s0	lasi_Nylanderia_s2	0
bakb_Basiceros_s0	lasi_Nylanderia_s3	0
bakb_Basiceros_s0	lasi2_Lasius_s0	0
bakb_Basiceros_s0	lasi2_Nylanderia_s1	0
bakb_Basiceros_s0	lasi2_Nylanderia_s5	0
bakb_Basiceros_s0	lasi2_Nylanderia_s6	0
bakb_Basiceros_s0	lasi2_Nylanderia_s7	0
bakb_Basiceros_s0	lasi2_Nylanderia_s8	0
bakb_Basiceros_s0	lasi2_Nylanderia_s9	0
bakb_Basiceros_s0	melo_s0	0
bakb_Basiceros_s0	mycr_Mycocepurus_s0	0
bakb_Basiceros_s0	mycr_Myrmicocrypta_s1	0
bakb_Basiceros_s0	mymi_Myrmica_s13	0
bakb_Basiceros_s0	mymi_Myrmica_s14	0
bakb_Basiceros_s0	mymi_Myrmica_s3	0
bakb_Basiceros_s0	mymi_Myrmica_s7	0
bakb_Basiceros_s0	mymi_Myrmica_s8	0
bakb_Basiceros_s0	mymi_Myrmica_s9	0
bakb_Basiceros_s0	mymi_Myrmica_s11	0
bakb_Basiceros_s0	mymi_Myrmica_s12	0
bakb_Basiceros_s0	myre_Myrmecia_s1	0
bakb_Basiceros_s0	myre_Myrmecia_s2	0
bakb_Basiceros_s0	myre_Myrmecia_s3	0
bakb_Basiceros_s0	myre_Myrmecia_s5	0
bakb_Basiceros_s0	myre_Myrmecia_s6	0
bakb_Basiceros_s0	myre_Myrmecia_s7	0
bakb_Basiceros_s0	myrm_Myrmica_s1	0
bakb_Basiceros_s0	myrm_Myrmica_s2	0
bakb_Basiceros_s0	myrm_Pogonomyrmex_s1	0
bakb_Basiceros_s0	myrm_Pogonomyrmex_s2	0
bakb_Basiceros_s0	myrm_Monomorium_s0	0
bakb_Basiceros_s0	myrm_Cyphomyrmex_s0	0
bakb_Basiceros_s0	myrm_Basiceros_s0	2
bakb_Basiceros_s0	myrm_Pheidole_s1	0
bakb_Basiceros_s0	myrm_Ocymyrmex_s0	0
bakb_Basiceros_s0	myrm_Nesomyrmex_s0	0
bakb_Basiceros_s0	myrm_Cataulacus_s0	0
bakb_Basiceros_s0	myrm_Carebara_s0	0
bakb_Basiceros_s0	myrm_Cyphoidris_s0	0
bakb_Basiceros_s0	myrm_Tetramorium_s0	0
bakb_Basiceros_s0	myrm_Crematogaster_s1	0
bakb_Basiceros_s0	myrm_Adlerzia_s0	0
bakb_Basiceros_s0	myrm_Pristomyrmex_s0	0
bakb_Basiceros_s0	myrm_Poecilomyrma_s0	0
bakb_Basiceros_s0	myrm_Vombisidris_s0	0
bakb_Basiceros_s0	myrm_Harpagoxenus_s0	0
bakb_Basiceros_s0	ocym_Ocymyrmex_s1	0
bakb_Basiceros_s0	pogo_Pogonomyrmex_s1	0
bakb_Basiceros_s0	pogo_Pogonomyrmex_s2	0
bakb_Basiceros_s0	pogo_Pogonomyrmex_s3	0
bakb_Basiceros_s0	pogo_Pogonomyrmex_s4	0
bakb_Basiceros_s0	pseu2_Pseudomyrmex_s1	0
bakb_Basiceros_s0	seco_Dilobocondyla_s0	0
bakb_Basiceros_s0	seri_Sericomyrmex_s1	0
bakb_Basiceros_s0	sten_Novomessor_s0	0
bakb_Basiceros_s0	tapi_Tapinoma_s0	0
bakb_Basiceros_s0	temn_Temnothorax_s1	0
bakb_Basiceros_s0	temn_Temnothorax_s3	0
bakb_Basiceros_s0	temn_Temnothorax_s5	0
bakb_Basiceros_s0	temn_Temnothorax_s7	0
bakb_Basiceros_s0	temn_Temnothorax_s8	0
bakb_Basiceros_s0	vero_Veromessor_s1	0
bakb_Basiceros_s0	vero_Veromessor_s2	0
bakb_Ochetomyrmex_s0	bakb_Solenopsis_s0	0
bakb_Ochetomyrmex_s0	bakb_Monomorium_s0	0
bakb_Ochetomyrmex_s0	bakb_Ocymyrmex_s0	0
bakb_Ochetomyrmex_s0	bakb_Kartidris_s0	0
bakb_Ochetomyrmex_s0	bakb_Ancyridris_s0	0
bakb_Ochetomyrmex_s0	bakb_Harpagoxenus_s0	0
bakb_Ochetomyrmex_s0	bakb_Romblonella_s0	0
bakb_Ochetomyrmex_s0	bakb_Cyphoidris_s0	0
bakb_Ochetomyrmex_s0	bakb_Diplomorium_s0	0
bakb_Ochetomyrmex_s0	bakb_Goniomma_s0	0
bakb_Ochetomyrmex_s0	bakb_Zatania_s0	0
bakb_Ochetomyrmex_s0	bakb_Opisthopsis_s0	0
bakb_Ochetomyrmex_s0	bakb_Polyrhachis_s0	0
bakb_Ochetomyrmex_s0	bakb_Echinopla_s0	0
bakb_Ochetomyrmex_s0	bakb_Oecophylla_s0	0
bakb_Ochetomyrmex_s0	bakb_Formica_s0	0
bakb_Ochetomyrmex_s0	bakb_Cataglyphis_s0	0
bakb_Ochetomyrmex_s0	bakb_Stigmacros_s0	0
bakb_Ochetomyrmex_s0	bakb_Pseudomyrmex_s0	0
bakb_Ochetomyrmex_s0	bakb_Anonychomyrma_s0	0
bakb_Ochetomyrmex_s0	bakb_Froggattella_s0	0
bakb_Ochetomyrmex_s0	bakb_Dorymyrmex_s0	0
bakb_Ochetomyrmex_s0	bakb_Technomyrmex_s0	0
bakb_Ochetomyrmex_s0	bakb_Cheliomyrmex_s0	0
bakb_Ochetomyrmex_s0	bakb_Dinoponera_s0	0
bakb_Ochetomyrmex_s0	bakb_Adetomyrma_s0	0
bakb_Ochetomyrmex_s0	bakb_Onychomyrmex_s0	0
bakb_Ochetomyrmex_s0	brach_Brachymyrmex_s1	0
bakb_Ochetomyrmex_s0	cata_Cataglyphis_s1	0
bakb_Ochetomyrmex_s0	ceph_Cephalotes_s1	0
bakb_Ochetomyrmex_s0	ceph_Cephalotes_s2	0
bakb_Ochetomyrmex_s0	crea_Crematogaster_s1	0
bakb_Ochetomyrmex_s0	crea_Crematogaster_s2	0
bakb_Ochetomyrmex_s0	cren_Crematogaster_s1	0
bakb_Ochetomyrmex_s0	cres_Crematogaster_s0	0
bakb_Ochetomyrmex_s0	cret_Crematogaster_s1	0
bakb_Ochetomyrmex_s0	cret_Crematogaster_s2	0
bakb_Ochetomyrmex_s0	doli_Technomyrmex_s1	0
bakb_Ochetomyrmex_s0	doli_Bothriomyrmex_s1	0
bakb_Ochetomyrmex_s0	doli_Azteca_s1	0
bakb_Ochetomyrmex_s0	doli_Linepithema_s0	0
bakb_Ochetomyrmex_s0	doli_Anonychomyrma_s1	0
bakb_Ochetomyrmex_s0	doli_Froggattella_s0	0
bakb_Ochetomyrmex_s0	dory_Acanthostichus_s0	0
bakb_Ochetomyrmex_s0	dory_Eciton_s1	0
bakb_Ochetomyrmex_s0	dory_Dorylus_s2	0
bakb_Ochetomyrmex_s0	dory_Dorylus_s3	0
bakb_Ochetomyrmex_s0	dory_Ooceraea_s1	0
bakb_Ochetomyrmex_s0	dory_Parasyscia_s1	0
bakb_Ochetomyrmex_s0	ecta_Poneracantha_s1	0
bakb_Ochetomyrmex_s0	fori_Formica_s1	0
bakb_Ochetomyrmex_s0	fori_Acropyga_s0	0
bakb_Ochetomyrmex_s0	fori_Tapinolepis_s0	0
bakb_Ochetomyrmex_s0	fori_Calomyrmex_s1	0
bakb_Ochetomyrmex_s0	fori_Camponotus_s1	0
bakb_Ochetomyrmex_s0	fori_Camponotus_s3	0
bakb_Ochetomyrmex_s0	fori_Camponotus_s4	0
bakb_Ochetomyrmex_s0	fori_Colobopsis_s1	0
bakb_Ochetomyrmex_s0	fori_Oecophylla_s1	0
bakb_Ochetomyrmex_s0	fori_Lasius_s1	0
bakb_Ochetomyrmex_s0	form_Formica_s1	0
bakb_Ochetomyrmex_s0	lasi_Myrmecocystus_s1	0
bakb_Ochetomyrmex_s0	lasi_Paraparatrechina_s1	0
bakb_Ochetomyrmex_s0	lasi_Nylanderia_s2	0
bakb_Ochetomyrmex_s0	lasi_Nylanderia_s3	0
bakb_Ochetomyrmex_s0	lasi2_Lasius_s0	0
bakb_Ochetomyrmex_s0	lasi2_Nylanderia_s1	0
bakb_Ochetomyrmex_s0	lasi2_Nylanderia_s5	0
bakb_Ochetomyrmex_s0	lasi2_Nylanderia_s6	0
bakb_Ochetomyrmex_s0	lasi2_Nylanderia_s7	0
bakb_Ochetomyrmex_s0	lasi2_Nylanderia_s8	0
bakb_Ochetomyrmex_s0	lasi2_Nylanderia_s9	0
bakb_Ochetomyrmex_s0	melo_s0	0
bakb_Ochetomyrmex_s0	mycr_Mycocepurus_s0	0
bakb_Ochetomyrmex_s0	mycr_Myrmicocrypta_s1	0
bakb_Ochetomyrmex_s0	mymi_Myrmica_s13	0
bakb_Ochetomyrmex_s0	mymi_Myrmica_s14	0
bakb_Ochetomyrmex_s0	mymi_Myrmica_s3	0
bakb_Ochetomyrmex_s0	mymi_Myrmica_s7	0
bakb_Ochetomyrmex_s0	mymi_Myrmica_s8	0
bakb_Ochetomyrmex_s0	mymi_Myrmica_s9	0
bakb_Ochetomyrmex_s0	mymi_Myrmica_s11	0
bakb_Ochetomyrmex_s0	mymi_Myrmica_s12	0
bakb_Ochetomyrmex_s0	myre_Myrmecia_s1	0
bakb_Ochetomyrmex_s0	myre_Myrmecia_s2	0
bakb_Ochetomyrmex_s0	myre_Myrmecia_s3	0
bakb_Ochetomyrmex_s0	myre_Myrmecia_s5	0
bakb_Ochetomyrmex_s0	myre_Myrmecia_s6	0
bakb_Ochetomyrmex_s0	myre_Myrmecia_s7	0
bakb_Ochetomyrmex_s0	myrm_Myrmica_s1	0
bakb_Ochetomyrmex_s0	myrm_Myrmica_s2	0
bakb_Ochetomyrmex_s0	myrm_Pogonomyrmex_s1	0
bakb_Ochetomyrmex_s0	myrm_Pogonomyrmex_s2	0
bakb_Ochetomyrmex_s0	myrm_Monomorium_s0	0
bakb_Ochetomyrmex_s0	myrm_Cyphomyrmex_s0	0
bakb_Ochetomyrmex_s0	myrm_Basiceros_s0	0
bakb_Ochetomyrmex_s0	myrm_Pheidole_s1	0
bakb_Ochetomyrmex_s0	myrm_Ocymyrmex_s0	0
bakb_Ochetomyrmex_s0	myrm_Nesomyrmex_s0	0
bakb_Ochetomyrmex_s0	myrm_Cataulacus_s0	0
bakb_Ochetomyrmex_s0	myrm_Carebara_s0	0
bakb_Ochetomyrmex_s0	myrm_Cyphoidris_s0	0
bakb_Ochetomyrmex_s0	myrm_Tetramorium_s0	0
bakb_Ochetomyrmex_s0	myrm_Crematogaster_s1	0
bakb_Ochetomyrmex_s0	myrm_Adlerzia_s0	0
bakb_Ochetomyrmex_s0	myrm_Pristomyrmex_s0	0
bakb_Ochetomyrmex_s0	myrm_Poecilomyrma_s0	0
bakb_Ochetomyrmex_s0	myrm_Vombisidris_s0	0
bakb_Ochetomyrmex_s0	myrm_Harpagoxenus_s0	0
bakb_Ochetomyrmex_s0	ocym_Ocymyrmex_s1	0
bakb_Ochetomyrmex_s0	pogo_Pogonomyrmex_s1	0
bakb_Ochetomyrmex_s0	pogo_Pogonomyrmex_s2	0
bakb_Ochetomyrmex_s0	pogo_Pogonomyrmex_s3	0
bakb_Ochetomyrmex_s0	pogo_Pogonomyrmex_s4	0
bakb_Ochetomyrmex_s0	pseu2_Pseudomyrmex_s1	0
bakb_Ochetomyrmex_s0	seco_Dilobocondyla_s0	0
bakb_Ochetomyrmex_s0	seri_Sericomyrmex_s1	0
bakb_Ochetomyrmex_s0	sten_Novomessor_s0	0
bakb_Ochetomyrmex_s0	tapi_Tapinoma_s0	0
bakb_Ochetomyrmex_s0	temn_Temnothorax_s1	0
bakb_Ochetomyrmex_s0	temn_Temnothorax_s3	0
bakb_Ochetomyrmex_s0	temn_Temnothorax_s5	0
bakb_Ochetomyrmex_s0	temn_Temnothorax_s7	0
bakb_Ochetomyrmex_s0	temn_Temnothorax_s8	0
bakb_Ochetomyrmex_s0	vero_Veromessor_s1	0
bakb_Ochetomyrmex_s0	vero_Veromessor_s2	0
bakb_Solenopsis_s0	bakb_Monomorium_s0	0
bakb_Solenopsis_s0	bakb_Ocymyrmex_s0	0
bakb_Solenopsis_s0	bakb_Kartidris_s0	0
bakb_Solenopsis_s0	bakb_Ancyridris_s0	0
bakb_Solenopsis_s0	bakb_Harpagoxenus_s0	0
bakb_Solenopsis_s0	bakb_Romblonella_s0	0
bakb_Solenopsis_s0	bakb_Cyphoidris_s0	0
bakb_Solenopsis_s0	bakb_Diplomorium_s0	0
bakb_Solenopsis_s0	bakb_Goniomma_s0	0
bakb_Solenopsis_s0	bakb_Zatania_s0	0
bakb_Solenopsis_s0	bakb_Opisthopsis_s0	0
bakb_Solenopsis_s0	bakb_Polyrhachis_s0	0
bakb_Solenopsis_s0	bakb_Echinopla_s0	0
bakb_Solenopsis_s0	bakb_Oecophylla_s0	0
bakb_Solenopsis_s0	bakb_Formica_s0	0
bakb_Solenopsis_s0	bakb_Cataglyphis_s0	0
bakb_Solenopsis_s0	bakb_Stigmacros_s0	0
bakb_Solenopsis_s0	bakb_Pseudomyrmex_s0	0
bakb_Solenopsis_s0	bakb_Anonychomyrma_s0	0
bakb_Solenopsis_s0	bakb_Froggattella_s0	0
bakb_Solenopsis_s0	bakb_Dorymyrmex_s0	0
bakb_Solenopsis_s0	bakb_Technomyrmex_s0	0
bakb_Solenopsis_s0	bakb_Cheliomyrmex_s0	0
bakb_Solenopsis_s0	bakb_Dinoponera_s0	0
bakb_Solenopsis_s0	bakb_Adetomyrma_s0	0
bakb_Solenopsis_s0	bakb_Onychomyrmex_s0	0
bakb_Solenopsis_s0	brach_Brachymyrmex_s1	0
bakb_Solenopsis_s0	cata_Cataglyphis_s1	0
bakb_Solenopsis_s0	ceph_Cephalotes_s1	0
bakb_Solenopsis_s0	ceph_Cephalotes_s2	0
bakb_Solenopsis_s0	crea_Crematogaster_s1	0
bakb_Solenopsis_s0	crea_Crematogaster_s2	0
bakb_Solenopsis_s0	cren_Crematogaster_s1	0
bakb_Solenopsis_s0	cres_Crematogaster_s0	0
bakb_Solenopsis_s0	cret_Crematogaster_s1	0
bakb_Solenopsis_s0	cret_Crematogaster_s2	0
bakb_Solenopsis_s0	doli_Technomyrmex_s1	0
bakb_Solenopsis_s0	doli_Bothriomyrmex_s1	0
bakb_Solenopsis_s0	doli_Azteca_s1	0
bakb_Solenopsis_s0	doli_Linepithema_s0	0
bakb_Solenopsis_s0	doli_Anonychomyrma_s1	0
bakb_Solenopsis_s0	doli_Froggattella_s0	0
bakb_Solenopsis_s0	dory_Acanthostichus_s0	0
bakb_Solenopsis_s0	dory_Eciton_s1	0
bakb_Solenopsis_s0	dory_Dorylus_s2	0
bakb_Solenopsis_s0	dory_Dorylus_s3	0
bakb_Solenopsis_s0	dory_Ooceraea_s1	0
bakb_Solenopsis_s0	dory_Parasyscia_s1	0
bakb_Solenopsis_s0	ecta_Poneracantha_s1	0
bakb_Solenopsis_s0	fori_Formica_s1	0
bakb_Solenopsis_s0	fori_Acropyga_s0	0
bakb_Solenopsis_s0	fori_Tapinolepis_s0	0
bakb_Solenopsis_s0	fori_Calomyrmex_s1	0
bakb_Solenopsis_s0	fori_Camponotus_s1	0
bakb_Solenopsis_s0	fori_Camponotus_s3	0
bakb_Solenopsis_s0	fori_Camponotus_s4	0
bakb_Solenopsis_s0	fori_Colobopsis_s1	0
bakb_Solenopsis_s0	fori_Oecophylla_s1	0
bakb_Solenopsis_s0	fori_Lasius_s1	0
bakb_Solenopsis_s0	form_Formica_s1	0
bakb_Solenopsis_s0	lasi_Myrmecocystus_s1	0
bakb_Solenopsis_s0	lasi_Paraparatrechina_s1	0
bakb_Solenopsis_s0	lasi_Nylanderia_s2	0
bakb_Solenopsis_s0	lasi_Nylanderia_s3	0
bakb_Solenopsis_s0	lasi2_Lasius_s0	0
bakb_Solenopsis_s0	lasi2_Nylanderia_s1	0
bakb_Solenopsis_s0	lasi2_Nylanderia_s5	0
bakb_Solenopsis_s0	lasi2_Nylanderia_s6	0
bakb_Solenopsis_s0	lasi2_Nylanderia_s7	0
bakb_Solenopsis_s0	lasi2_Nylanderia_s8	0
bakb_Solenopsis_s0	lasi2_Nylanderia_s9	0
bakb_Solenopsis_s0	melo_s0	0
bakb_Solenopsis_s0	mycr_Mycocepurus_s0	0
bakb_Solenopsis_s0	mycr_Myrmicocrypta_s1	0
bakb_Solenopsis_s0	mymi_Myrmica_s13	0
bakb_Solenopsis_s0	mymi_Myrmica_s14	0
bakb_Solenopsis_s0	mymi_Myrmica_s3	0
bakb_Solenopsis_s0	mymi_Myrmica_s7	0
bakb_Solenopsis_s0	mymi_Myrmica_s8	0
bakb_Solenopsis_s0	mymi_Myrmica_s9	0
bakb_Solenopsis_s0	mymi_Myrmica_s11	0
bakb_Solenopsis_s0	mymi_Myrmica_s12	0
bakb_Solenopsis_s0	myre_Myrmecia_s1	0
bakb_Solenopsis_s0	myre_Myrmecia_s2	0
bakb_Solenopsis_s0	myre_Myrmecia_s3	0
bakb_Solenopsis_s0	myre_Myrmecia_s5	0
bakb_Solenopsis_s0	myre_Myrmecia_s6	0
bakb_Solenopsis_s0	myre_Myrmecia_s7	0
bakb_Solenopsis_s0	myrm_Myrmica_s1	0
bakb_Solenopsis_s0	myrm_Myrmica_s2	0
bakb_Solenopsis_s0	myrm_Pogonomyrmex_s1	0
bakb_Solenopsis_s0	myrm_Pogonomyrmex_s2	0
bakb_Solenopsis_s0	myrm_Monomorium_s0	2
bakb_Solenopsis_s0	myrm_Cyphomyrmex_s0	0
bakb_Solenopsis_s0	myrm_Basiceros_s0	0
bakb_Solenopsis_s0	myrm_Pheidole_s1	0
bakb_Solenopsis_s0	myrm_Ocymyrmex_s0	0
bakb_Solenopsis_s0	myrm_Nesomyrmex_s0	0
bakb_Solenopsis_s0	myrm_Cataulacus_s0	0
bakb_Solenopsis_s0	myrm_Carebara_s0	0
bakb_Solenopsis_s0	myrm_Cyphoidris_s0	0
bakb_Solenopsis_s0	myrm_Tetramorium_s0	0
bakb_Solenopsis_s0	myrm_Crematogaster_s1	0
bakb_Solenopsis_s0	myrm_Adlerzia_s0	0
bakb_Solenopsis_s0	myrm_Pristomyrmex_s0	0
bakb_Solenopsis_s0	myrm_Poecilomyrma_s0	0
bakb_Solenopsis_s0	myrm_Vombisidris_s0	0
bakb_Solenopsis_s0	myrm_Harpagoxenus_s0	0
bakb_Solenopsis_s0	ocym_Ocymyrmex_s1	0
bakb_Solenopsis_s0	pogo_Pogonomyrmex_s1	0
bakb_Solenopsis_s0	pogo_Pogonomyrmex_s2	0
bakb_Solenopsis_s0	pogo_Pogonomyrmex_s3	0
bakb_Solenopsis_s0	pogo_Pogonomyrmex_s4	0
bakb_Solenopsis_s0	pseu2_Pseudomyrmex_s1	0
bakb_Solenopsis_s0	seco_Dilobocondyla_s0	0
bakb_Solenopsis_s0	seri_Sericomyrmex_s1	0
bakb_Solenopsis_s0	sten_Novomessor_s0	0
bakb_Solenopsis_s0	tapi_Tapinoma_s0	0
bakb_Solenopsis_s0	temn_Temnothorax_s1	0
bakb_Solenopsis_s0	temn_Temnothorax_s3	0
bakb_Solenopsis_s0	temn_Temnothorax_s5	0
bakb_Solenopsis_s0	temn_Temnothorax_s7	0
bakb_Solenopsis_s0	temn_Temnothorax_s8	0
bakb_Solenopsis_s0	vero_Veromessor_s1	0
bakb_Solenopsis_s0	vero_Veromessor_s2	0
bakb_Monomorium_s0	bakb_Ocymyrmex_s0	0
bakb_Monomorium_s0	bakb_Kartidris_s0	0
bakb_Monomorium_s0	bakb_Ancyridris_s0	0
bakb_Monomorium_s0	bakb_Harpagoxenus_s0	0
bakb_Monomorium_s0	bakb_Romblonella_s0	0
bakb_Monomorium_s0	bakb_Cyphoidris_s0	0
bakb_Monomorium_s0	bakb_Diplomorium_s0	0
bakb_Monomorium_s0	bakb_Goniomma_s0	0
bakb_Monomorium_s0	bakb_Zatania_s0	0
bakb_Monomorium_s0	bakb_Opisthopsis_s0	0
bakb_Monomorium_s0	bakb_Polyrhachis_s0	0
bakb_Monomorium_s0	bakb_Echinopla_s0	0
bakb_Monomorium_s0	bakb_Oecophylla_s0	0
bakb_Monomorium_s0	bakb_Formica_s0	0
bakb_Monomorium_s0	bakb_Cataglyphis_s0	0
bakb_Monomorium_s0	bakb_Stigmacros_s0	0
bakb_Monomorium_s0	bakb_Pseudomyrmex_s0	0
bakb_Monomorium_s0	bakb_Anonychomyrma_s0	0
bakb_Monomorium_s0	bakb_Froggattella_s0	0
bakb_Monomorium_s0	bakb_Dorymyrmex_s0	0
bakb_Monomorium_s0	bakb_Technomyrmex_s0	0
bakb_Monomorium_s0	bakb_Cheliomyrmex_s0	0
bakb_Monomorium_s0	bakb_Dinoponera_s0	0
bakb_Monomorium_s0	bakb_Adetomyrma_s0	0
bakb_Monomorium_s0	bakb_Onychomyrmex_s0	0
bakb_Monomorium_s0	brach_Brachymyrmex_s1	0
bakb_Monomorium_s0	cata_Cataglyphis_s1	0
bakb_Monomorium_s0	ceph_Cephalotes_s1	0
bakb_Monomorium_s0	ceph_Cephalotes_s2	0
bakb_Monomorium_s0	crea_Crematogaster_s1	0
bakb_Monomorium_s0	crea_Crematogaster_s2	0
bakb_Monomorium_s0	cren_Crematogaster_s1	0
bakb_Monomorium_s0	cres_Crematogaster_s0	0
bakb_Monomorium_s0	cret_Crematogaster_s1	0
bakb_Monomorium_s0	cret_Crematogaster_s2	0
bakb_Monomorium_s0	doli_Technomyrmex_s1	0
bakb_Monomorium_s0	doli_Bothriomyrmex_s1	0
bakb_Monomorium_s0	doli_Azteca_s1	0
bakb_Monomorium_s0	doli_Linepithema_s0	0
bakb_Monomorium_s0	doli_Anonychomyrma_s1	0
bakb_Monomorium_s0	doli_Froggattella_s0	0
bakb_Monomorium_s0	dory_Acanthostichus_s0	0
bakb_Monomorium_s0	dory_Eciton_s1	0
bakb_Monomorium_s0	dory_Dorylus_s2	0
bakb_Monomorium_s0	dory_Dorylus_s3	0
bakb_Monomorium_s0	dory_Ooceraea_s1	0
bakb_Monomorium_s0	dory_Parasyscia_s1	0
bakb_Monomorium_s0	ecta_Poneracantha_s1	0
bakb_Monomorium_s0	fori_Formica_s1	0
bakb_Monomorium_s0	fori_Acropyga_s0	0
bakb_Monomorium_s0	fori_Tapinolepis_s0	0
bakb_Monomorium_s0	fori_Calomyrmex_s1	0
bakb_Monomorium_s0	fori_Camponotus_s1	0
bakb_Monomorium_s0	fori_Camponotus_s3	0
bakb_Monomorium_s0	fori_Camponotus_s4	0
bakb_Monomorium_s0	fori_Colobopsis_s1	0
bakb_Monomorium_s0	fori_Oecophylla_s1	0
bakb_Monomorium_s0	fori_Lasius_s1	0
bakb_Monomorium_s0	form_Formica_s1	0
bakb_Monomorium_s0	lasi_Myrmecocystus_s1	0
bakb_Monomorium_s0	lasi_Paraparatrechina_s1	0
bakb_Monomorium_s0	lasi_Nylanderia_s2	0
bakb_Monomorium_s0	lasi_Nylanderia_s3	0
bakb_Monomorium_s0	lasi2_Lasius_s0	0
bakb_Monomorium_s0	lasi2_Nylanderia_s1	0
bakb_Monomorium_s0	lasi2_Nylanderia_s5	0
bakb_Monomorium_s0	lasi2_Nylanderia_s6	0
bakb_Monomorium_s0	lasi2_Nylanderia_s7	0
bakb_Monomorium_s0	lasi2_Nylanderia_s8	0
bakb_Monomorium_s0	lasi2_Nylanderia_s9	0
bakb_Monomorium_s0	melo_s0	0
bakb_Monomorium_s0	mycr_Mycocepurus_s0	0
bakb_Monomorium_s0	mycr_Myrmicocrypta_s1	0
bakb_Monomorium_s0	mymi_Myrmica_s13	0
bakb_Monomorium_s0	mymi_Myrmica_s14	0
bakb_Monomorium_s0	mymi_Myrmica_s3	0
bakb_Monomorium_s0	mymi_Myrmica_s7	0
bakb_Monomorium_s0	mymi_Myrmica_s8	0
bakb_Monomorium_s0	mymi_Myrmica_s9	0
bakb_Monomorium_s0	mymi_Myrmica_s11	0
bakb_Monomorium_s0	mymi_Myrmica_s12	0
bakb_Monomorium_s0	myre_Myrmecia_s1	0
bakb_Monomorium_s0	myre_Myrmecia_s2	0
bakb_Monomorium_s0	myre_Myrmecia_s3	0
bakb_Monomorium_s0	myre_Myrmecia_s5	0
bakb_Monomorium_s0	myre_Myrmecia_s6	0
bakb_Monomorium_s0	myre_Myrmecia_s7	0
bakb_Monomorium_s0	myrm_Myrmica_s1	0
bakb_Monomorium_s0	myrm_Myrmica_s2	0
bakb_Monomorium_s0	myrm_Pogonomyrmex_s1	0
bakb_Monomorium_s0	myrm_Pogonomyrmex_s2	0
bakb_Monomorium_s0	myrm_Monomorium_s0	1
bakb_Monomorium_s0	myrm_Cyphomyrmex_s0	0
bakb_Monomorium_s0	myrm_Basiceros_s0	0
bakb_Monomorium_s0	myrm_Pheidole_s1	0
bakb_Monomorium_s0	myrm_Ocymyrmex_s0	0
bakb_Monomorium_s0	myrm_Nesomyrmex_s0	0
bakb_Monomorium_s0	myrm_Cataulacus_s0	0
bakb_Monomorium_s0	myrm_Carebara_s0	0
bakb_Monomorium_s0	myrm_Cyphoidris_s0	0
bakb_Monomorium_s0	myrm_Tetramorium_s0	0
bakb_Monomorium_s0	myrm_Crematogaster_s1	0
bakb_Monomorium_s0	myrm_Adlerzia_s0	0
bakb_Monomorium_s0	myrm_Pristomyrmex_s0	0
bakb_Monomorium_s0	myrm_Poecilomyrma_s0	0
bakb_Monomorium_s0	myrm_Vombisidris_s0	0
bakb_Monomorium_s0	myrm_Harpagoxenus_s0	0
bakb_Monomorium_s0	ocym_Ocymyrmex_s1	0
bakb_Monomorium_s0	pogo_Pogonomyrmex_s1	0
bakb_Monomorium_s0	pogo_Pogonomyrmex_s2	0
bakb_Monomorium_s0	pogo_Pogonomyrmex_s3	0
bakb_Monomorium_s0	pogo_Pogonomyrmex_s4	0
bakb_Monomorium_s0	pseu2_Pseudomyrmex_s1	0
bakb_Monomorium_s0	seco_Dilobocondyla_s0	0
bakb_Monomorium_s0	seri_Sericomyrmex_s1	0
bakb_Monomorium_s0	sten_Novomessor_s0	0
bakb_Monomorium_s0	tapi_Tapinoma_s0	0
bakb_Monomorium_s0	temn_Temnothorax_s1	0
bakb_Monomorium_s0	temn_Temnothorax_s3	0
bakb_Monomorium_s0	temn_Temnothorax_s5	0
bakb_Monomorium_s0	temn_Temnothorax_s7	0
bakb_Monomorium_s0	temn_Temnothorax_s8	0
bakb_Monomorium_s0	vero_Veromessor_s1	0
bakb_Monomorium_s0	vero_Veromessor_s2	0
bakb_Ocymyrmex_s0	bakb_Kartidris_s0	0
bakb_Ocymyrmex_s0	bakb_Ancyridris_s0	0
bakb_Ocymyrmex_s0	bakb_Harpagoxenus_s0	0
bakb_Ocymyrmex_s0	bakb_Romblonella_s0	0
bakb_Ocymyrmex_s0	bakb_Cyphoidris_s0	0
bakb_Ocymyrmex_s0	bakb_Diplomorium_s0	0
bakb_Ocymyrmex_s0	bakb_Goniomma_s0	0
bakb_Ocymyrmex_s0	bakb_Zatania_s0	0
bakb_Ocymyrmex_s0	bakb_Opisthopsis_s0	0
bakb_Ocymyrmex_s0	bakb_Polyrhachis_s0	0
bakb_Ocymyrmex_s0	bakb_Echinopla_s0	0
bakb_Ocymyrmex_s0	bakb_Oecophylla_s0	0
bakb_Ocymyrmex_s0	bakb_Formica_s0	0
bakb_Ocymyrmex_s0	bakb_Cataglyphis_s0	0
bakb_Ocymyrmex_s0	bakb_Stigmacros_s0	0
bakb_Ocymyrmex_s0	bakb_Pseudomyrmex_s0	0
bakb_Ocymyrmex_s0	bakb_Anonychomyrma_s0	0
bakb_Ocymyrmex_s0	bakb_Froggattella_s0	0
bakb_Ocymyrmex_s0	bakb_Dorymyrmex_s0	0
bakb_Ocymyrmex_s0	bakb_Technomyrmex_s0	0
bakb_Ocymyrmex_s0	bakb_Cheliomyrmex_s0	0
bakb_Ocymyrmex_s0	bakb_Dinoponera_s0	0
bakb_Ocymyrmex_s0	bakb_Adetomyrma_s0	0
bakb_Ocymyrmex_s0	bakb_Onychomyrmex_s0	0
bakb_Ocymyrmex_s0	brach_Brachymyrmex_s1	0
bakb_Ocymyrmex_s0	cata_Cataglyphis_s1	0
bakb_Ocymyrmex_s0	ceph_Cephalotes_s1	0
bakb_Ocymyrmex_s0	ceph_Cephalotes_s2	0
bakb_Ocymyrmex_s0	crea_Crematogaster_s1	0
bakb_Ocymyrmex_s0	crea_Crematogaster_s2	0
bakb_Ocymyrmex_s0	cren_Crematogaster_s1	0
bakb_Ocymyrmex_s0	cres_Crematogaster_s0	0
bakb_Ocymyrmex_s0	cret_Crematogaster_s1	0
bakb_Ocymyrmex_s0	cret_Crematogaster_s2	0
bakb_Ocymyrmex_s0	doli_Technomyrmex_s1	0
bakb_Ocymyrmex_s0	doli_Bothriomyrmex_s1	0
bakb_Ocymyrmex_s0	doli_Azteca_s1	0
bakb_Ocymyrmex_s0	doli_Linepithema_s0	0
bakb_Ocymyrmex_s0	doli_Anonychomyrma_s1	0
bakb_Ocymyrmex_s0	doli_Froggattella_s0	0
bakb_Ocymyrmex_s0	dory_Acanthostichus_s0	0
bakb_Ocymyrmex_s0	dory_Eciton_s1	0
bakb_Ocymyrmex_s0	dory_Dorylus_s2	0
bakb_Ocymyrmex_s0	dory_Dorylus_s3	0
bakb_Ocymyrmex_s0	dory_Ooceraea_s1	0
bakb_Ocymyrmex_s0	dory_Parasyscia_s1	0
bakb_Ocymyrmex_s0	ecta_Poneracantha_s1	0
bakb_Ocymyrmex_s0	fori_Formica_s1	0
bakb_Ocymyrmex_s0	fori_Acropyga_s0	0
bakb_Ocymyrmex_s0	fori_Tapinolepis_s0	0
bakb_Ocymyrmex_s0	fori_Calomyrmex_s1	0
bakb_Ocymyrmex_s0	fori_Camponotus_s1	0
bakb_Ocymyrmex_s0	fori_Camponotus_s3	0
bakb_Ocymyrmex_s0	fori_Camponotus_s4	0
bakb_Ocymyrmex_s0	fori_Colobopsis_s1	0
bakb_Ocymyrmex_s0	fori_Oecophylla_s1	0
bakb_Ocymyrmex_s0	fori_Lasius_s1	0
bakb_Ocymyrmex_s0	form_Formica_s1	0
bakb_Ocymyrmex_s0	lasi_Myrmecocystus_s1	0
bakb_Ocymyrmex_s0	lasi_Paraparatrechina_s1	0
bakb_Ocymyrmex_s0	lasi_Nylanderia_s2	0
bakb_Ocymyrmex_s0	lasi_Nylanderia_s3	0
bakb_Ocymyrmex_s0	lasi2_Lasius_s0	0
bakb_Ocymyrmex_s0	lasi2_Nylanderia_s1	0
bakb_Ocymyrmex_s0	lasi2_Nylanderia_s5	0
bakb_Ocymyrmex_s0	lasi2_Nylanderia_s6	0
bakb_Ocymyrmex_s0	lasi2_Nylanderia_s7	0
bakb_Ocymyrmex_s0	lasi2_Nylanderia_s8	0
bakb_Ocymyrmex_s0	lasi2_Nylanderia_s9	0
bakb_Ocymyrmex_s0	melo_s0	0
bakb_Ocymyrmex_s0	mycr_Mycocepurus_s0	0
bakb_Ocymyrmex_s0	mycr_Myrmicocrypta_s1	0
bakb_Ocymyrmex_s0	mymi_Myrmica_s13	0
bakb_Ocymyrmex_s0	mymi_Myrmica_s14	0
bakb_Ocymyrmex_s0	mymi_Myrmica_s3	0
bakb_Ocymyrmex_s0	mymi_Myrmica_s7	0
bakb_Ocymyrmex_s0	mymi_Myrmica_s8	0
bakb_Ocymyrmex_s0	mymi_Myrmica_s9	0
bakb_Ocymyrmex_s0	mymi_Myrmica_s11	0
bakb_Ocymyrmex_s0	mymi_Myrmica_s12	0
bakb_Ocymyrmex_s0	myre_Myrmecia_s1	0
bakb_Ocymyrmex_s0	myre_Myrmecia_s2	0
bakb_Ocymyrmex_s0	myre_Myrmecia_s3	0
bakb_Ocymyrmex_s0	myre_Myrmecia_s5	0
bakb_Ocymyrmex_s0	myre_Myrmecia_s6	0
bakb_Ocymyrmex_s0	myre_Myrmecia_s7	0
bakb_Ocymyrmex_s0	myrm_Myrmica_s1	0
bakb_Ocymyrmex_s0	myrm_Myrmica_s2	0
bakb_Ocymyrmex_s0	myrm_Pogonomyrmex_s1	0
bakb_Ocymyrmex_s0	myrm_Pogonomyrmex_s2	0
bakb_Ocymyrmex_s0	myrm_Monomorium_s0	0
bakb_Ocymyrmex_s0	myrm_Cyphomyrmex_s0	0
bakb_Ocymyrmex_s0	myrm_Basiceros_s0	0
bakb_Ocymyrmex_s0	myrm_Pheidole_s1	0
bakb_Ocymyrmex_s0	myrm_Ocymyrmex_s0	0
bakb_Ocymyrmex_s0	myrm_Nesomyrmex_s0	0
bakb_Ocymyrmex_s0	myrm_Cataulacus_s0	0
bakb_Ocymyrmex_s0	myrm_Carebara_s0	0
bakb_Ocymyrmex_s0	myrm_Cyphoidris_s0	0
bakb_Ocymyrmex_s0	myrm_Tetramorium_s0	0
bakb_Ocymyrmex_s0	myrm_Crematogaster_s1	0
bakb_Ocymyrmex_s0	myrm_Adlerzia_s0	0
bakb_Ocymyrmex_s0	myrm_Pristomyrmex_s0	0
bakb_Ocymyrmex_s0	myrm_Poecilomyrma_s0	0
bakb_Ocymyrmex_s0	myrm_Vombisidris_s0	0
bakb_Ocymyrmex_s0	myrm_Harpagoxenus_s0	0
bakb_Ocymyrmex_s0	ocym_Ocymyrmex_s1	0
bakb_Ocymyrmex_s0	pogo_Pogonomyrmex_s1	0
bakb_Ocymyrmex_s0	pogo_Pogonomyrmex_s2	0
bakb_Ocymyrmex_s0	pogo_Pogonomyrmex_s3	0
bakb_Ocymyrmex_s0	pogo_Pogonomyrmex_s4	0
bakb_Ocymyrmex_s0	pseu2_Pseudomyrmex_s1	0
bakb_Ocymyrmex_s0	seco_Dilobocondyla_s0	0
bakb_Ocymyrmex_s0	seri_Sericomyrmex_s1	0
bakb_Ocymyrmex_s0	sten_Novomessor_s0	0
bakb_Ocymyrmex_s0	tapi_Tapinoma_s0	0
bakb_Ocymyrmex_s0	temn_Temnothorax_s1	0
bakb_Ocymyrmex_s0	temn_Temnothorax_s3	0
bakb_Ocymyrmex_s0	temn_Temnothorax_s5	0
bakb_Ocymyrmex_s0	temn_Temnothorax_s7	0
bakb_Ocymyrmex_s0	temn_Temnothorax_s8	0
bakb_Ocymyrmex_s0	vero_Veromessor_s1	0
bakb_Ocymyrmex_s0	vero_Veromessor_s2	0
bakb_Kartidris_s0	bakb_Ancyridris_s0	0
bakb_Kartidris_s0	bakb_Harpagoxenus_s0	0
bakb_Kartidris_s0	bakb_Romblonella_s0	0
bakb_Kartidris_s0	bakb_Cyphoidris_s0	0
bakb_Kartidris_s0	bakb_Diplomorium_s0	0
bakb_Kartidris_s0	bakb_Goniomma_s0	0
bakb_Kartidris_s0	bakb_Zatania_s0	0
bakb_Kartidris_s0	bakb_Opisthopsis_s0	0
bakb_Kartidris_s0	bakb_Polyrhachis_s0	0
bakb_Kartidris_s0	bakb_Echinopla_s0	0
bakb_Kartidris_s0	bakb_Oecophylla_s0	0
bakb_Kartidris_s0	bakb_Formica_s0	0
bakb_Kartidris_s0	bakb_Cataglyphis_s0	0
bakb_Kartidris_s0	bakb_Stigmacros_s0	0
bakb_Kartidris_s0	bakb_Pseudomyrmex_s0	0
bakb_Kartidris_s0	bakb_Anonychomyrma_s0	0
bakb_Kartidris_s0	bakb_Froggattella_s0	0
bakb_Kartidris_s0	bakb_Dorymyrmex_s0	0
bakb_Kartidris_s0	bakb_Technomyrmex_s0	0
bakb_Kartidris_s0	bakb_Cheliomyrmex_s0	0
bakb_Kartidris_s0	bakb_Dinoponera_s0	0
bakb_Kartidris_s0	bakb_Adetomyrma_s0	0
bakb_Kartidris_s0	bakb_Onychomyrmex_s0	0
bakb_Kartidris_s0	brach_Brachymyrmex_s1	0
bakb_Kartidris_s0	cata_Cataglyphis_s1	0
bakb_Kartidris_s0	ceph_Cephalotes_s1	0
bakb_Kartidris_s0	ceph_Cephalotes_s2	0
bakb_Kartidris_s0	crea_Crematogaster_s1	0
bakb_Kartidris_s0	crea_Crematogaster_s2	0
bakb_Kartidris_s0	cren_Crematogaster_s1	0
bakb_Kartidris_s0	cres_Crematogaster_s0	0
bakb_Kartidris_s0	cret_Crematogaster_s1	0
bakb_Kartidris_s0	cret_Crematogaster_s2	0
bakb_Kartidris_s0	doli_Technomyrmex_s1	0
bakb_Kartidris_s0	doli_Bothriomyrmex_s1	0
bakb_Kartidris_s0	doli_Azteca_s1	0
bakb_Kartidris_s0	doli_Linepithema_s0	0
bakb_Kartidris_s0	doli_Anonychomyrma_s1	0
bakb_Kartidris_s0	doli_Froggattella_s0	0
bakb_Kartidris_s0	dory_Acanthostichus_s0	0
bakb_Kartidris_s0	dory_Eciton_s1	0
bakb_Kartidris_s0	dory_Dorylus_s2	0
bakb_Kartidris_s0	dory_Dorylus_s3	0
bakb_Kartidris_s0	dory_Ooceraea_s1	0
bakb_Kartidris_s0	dory_Parasyscia_s1	0
bakb_Kartidris_s0	ecta_Poneracantha_s1	0
bakb_Kartidris_s0	fori_Formica_s1	0
bakb_Kartidris_s0	fori_Acropyga_s0	0
bakb_Kartidris_s0	fori_Tapinolepis_s0	0
bakb_Kartidris_s0	fori_Calomyrmex_s1	0
bakb_Kartidris_s0	fori_Camponotus_s1	0
bakb_Kartidris_s0	fori_Camponotus_s3	0
bakb_Kartidris_s0	fori_Camponotus_s4	0
bakb_Kartidris_s0	fori_Colobopsis_s1	0
bakb_Kartidris_s0	fori_Oecophylla_s1	0
bakb_Kartidris_s0	fori_Lasius_s1	0
bakb_Kartidris_s0	form_Formica_s1	0
bakb_Kartidris_s0	lasi_Myrmecocystus_s1	0
bakb_Kartidris_s0	lasi_Paraparatrechina_s1	0
bakb_Kartidris_s0	lasi_Nylanderia_s2	0
bakb_Kartidris_s0	lasi_Nylanderia_s3	0
bakb_Kartidris_s0	lasi2_Lasius_s0	0
bakb_Kartidris_s0	lasi2_Nylanderia_s1	0
bakb_Kartidris_s0	lasi2_Nylanderia_s5	0
bakb_Kartidris_s0	lasi2_Nylanderia_s6	0
bakb_Kartidris_s0	lasi2_Nylanderia_s7	0
bakb_Kartidris_s0	lasi2_Nylanderia_s8	0
bakb_Kartidris_s0	lasi2_Nylanderia_s9	0
bakb_Kartidris_s0	melo_s0	0
bakb_Kartidris_s0	mycr_Mycocepurus_s0	0
bakb_Kartidris_s0	mycr_Myrmicocrypta_s1	0
bakb_Kartidris_s0	mymi_Myrmica_s13	0
bakb_Kartidris_s0	mymi_Myrmica_s14	0
bakb_Kartidris_s0	mymi_Myrmica_s3	0
bakb_Kartidris_s0	mymi_Myrmica_s7	0
bakb_Kartidris_s0	mymi_Myrmica_s8	0
bakb_Kartidris_s0	mymi_Myrmica_s9	0
bakb_Kartidris_s0	mymi_Myrmica_s11	0
bakb_Kartidris_s0	mymi_Myrmica_s12	0
bakb_Kartidris_s0	myre_Myrmecia_s1	0
bakb_Kartidris_s0	myre_Myrmecia_s2	0
bakb_Kartidris_s0	myre_Myrmecia_s3	0
bakb_Kartidris_s0	myre_Myrmecia_s5	0
bakb_Kartidris_s0	myre_Myrmecia_s6	0
bakb_Kartidris_s0	myre_Myrmecia_s7	0
bakb_Kartidris_s0	myrm_Myrmica_s1	0
bakb_Kartidris_s0	myrm_Myrmica_s2	0
bakb_Kartidris_s0	myrm_Pogonomyrmex_s1	0
bakb_Kartidris_s0	myrm_Pogonomyrmex_s2	0
bakb_Kartidris_s0	myrm_Monomorium_s0	0
bakb_Kartidris_s0	myrm_Cyphomyrmex_s0	0
bakb_Kartidris_s0	myrm_Basiceros_s0	0
bakb_Kartidris_s0	myrm_Pheidole_s1	0
bakb_Kartidris_s0	myrm_Ocymyrmex_s0	0
bakb_Kartidris_s0	myrm_Nesomyrmex_s0	0
bakb_Kartidris_s0	myrm_Cataulacus_s0	0
bakb_Kartidris_s0	myrm_Carebara_s0	0
bakb_Kartidris_s0	myrm_Cyphoidris_s0	0
bakb_Kartidris_s0	myrm_Tetramorium_s0	0
bakb_Kartidris_s0	myrm_Crematogaster_s1	0
bakb_Kartidris_s0	myrm_Adlerzia_s0	0
bakb_Kartidris_s0	myrm_Pristomyrmex_s0	0
bakb_Kartidris_s0	myrm_Poecilomyrma_s0	0
bakb_Kartidris_s0	myrm_Vombisidris_s0	0
bakb_Kartidris_s0	myrm_Harpagoxenus_s0	0
bakb_Kartidris_s0	ocym_Ocymyrmex_s1	0
bakb_Kartidris_s0	pogo_Pogonomyrmex_s1	0
bakb_Kartidris_s0	pogo_Pogonomyrmex_s2	0
bakb_Kartidris_s0	pogo_Pogonomyrmex_s3	0
bakb_Kartidris_s0	pogo_Pogonomyrmex_s4	0
bakb_Kartidris_s0	pseu2_Pseudomyrmex_s1	0
bakb_Kartidris_s0	seco_Dilobocondyla_s0	0
bakb_Kartidris_s0	seri_Sericomyrmex_s1	0
bakb_Kartidris_s0	sten_Novomessor_s0	0
bakb_Kartidris_s0	tapi_Tapinoma_s0	0
bakb_Kartidris_s0	temn_Temnothorax_s1	0
bakb_Kartidris_s0	temn_Temnothorax_s3	0
bakb_Kartidris_s0	temn_Temnothorax_s5	0
bakb_Kartidris_s0	temn_Temnothorax_s7	0
bakb_Kartidris_s0	temn_Temnothorax_s8	0
bakb_Kartidris_s0	vero_Veromessor_s1	0
bakb_Kartidris_s0	vero_Veromessor_s2	0
bakb_Ancyridris_s0	bakb_Harpagoxenus_s0	0
bakb_Ancyridris_s0	bakb_Romblonella_s0	0
bakb_Ancyridris_s0	bakb_Cyphoidris_s0	0
bakb_Ancyridris_s0	bakb_Diplomorium_s0	0
bakb_Ancyridris_s0	bakb_Goniomma_s0	0
bakb_Ancyridris_s0	bakb_Zatania_s0	0
bakb_Ancyridris_s0	bakb_Opisthopsis_s0	0
bakb_Ancyridris_s0	bakb_Polyrhachis_s0	0
bakb_Ancyridris_s0	bakb_Echinopla_s0	0
bakb_Ancyridris_s0	bakb_Oecophylla_s0	0
bakb_Ancyridris_s0	bakb_Formica_s0	0
bakb_Ancyridris_s0	bakb_Cataglyphis_s0	0
bakb_Ancyridris_s0	bakb_Stigmacros_s0	0
bakb_Ancyridris_s0	bakb_Pseudomyrmex_s0	0
bakb_Ancyridris_s0	bakb_Anonychomyrma_s0	0
bakb_Ancyridris_s0	bakb_Froggattella_s0	0
bakb_Ancyridris_s0	bakb_Dorymyrmex_s0	0
bakb_Ancyridris_s0	bakb_Technomyrmex_s0	0
bakb_Ancyridris_s0	bakb_Cheliomyrmex_s0	0
bakb_Ancyridris_s0	bakb_Dinoponera_s0	0
bakb_Ancyridris_s0	bakb_Adetomyrma_s0	0
bakb_Ancyridris_s0	bakb_Onychomyrmex_s0	0
bakb_Ancyridris_s0	brach_Brachymyrmex_s1	0
bakb_Ancyridris_s0	cata_Cataglyphis_s1	0
bakb_Ancyridris_s0	ceph_Cephalotes_s1	0
bakb_Ancyridris_s0	ceph_Cephalotes_s2	0
bakb_Ancyridris_s0	crea_Crematogaster_s1	0
bakb_Ancyridris_s0	crea_Crematogaster_s2	0
bakb_Ancyridris_s0	cren_Crematogaster_s1	0
bakb_Ancyridris_s0	cres_Crematogaster_s0	0
bakb_Ancyridris_s0	cret_Crematogaster_s1	0
bakb_Ancyridris_s0	cret_Crematogaster_s2	0
bakb_Ancyridris_s0	doli_Technomyrmex_s1	0
bakb_Ancyridris_s0	doli_Bothriomyrmex_s1	0
bakb_Ancyridris_s0	doli_Azteca_s1	0
bakb_Ancyridris_s0	doli_Linepithema_s0	0
bakb_Ancyridris_s0	doli_Anonychomyrma_s1	0
bakb_Ancyridris_s0	doli_Froggattella_s0	0
bakb_Ancyridris_s0	dory_Acanthostichus_s0	0
bakb_Ancyridris_s0	dory_Eciton_s1	0
bakb_Ancyridris_s0	dory_Dorylus_s2	0
bakb_Ancyridris_s0	dory_Dorylus_s3	0
bakb_Ancyridris_s0	dory_Ooceraea_s1	0
bakb_Ancyridris_s0	dory_Parasyscia_s1	0
bakb_Ancyridris_s0	ecta_Poneracantha_s1	0
bakb_Ancyridris_s0	fori_Formica_s1	0
bakb_Ancyridris_s0	fori_Acropyga_s0	0
bakb_Ancyridris_s0	fori_Tapinolepis_s0	0
bakb_Ancyridris_s0	fori_Calomyrmex_s1	0
bakb_Ancyridris_s0	fori_Camponotus_s1	0
bakb_Ancyridris_s0	fori_Camponotus_s3	0
bakb_Ancyridris_s0	fori_Camponotus_s4	0
bakb_Ancyridris_s0	fori_Colobopsis_s1	0
bakb_Ancyridris_s0	fori_Oecophylla_s1	0
bakb_Ancyridris_s0	fori_Lasius_s1	0
bakb_Ancyridris_s0	form_Formica_s1	0
bakb_Ancyridris_s0	lasi_Myrmecocystus_s1	0
bakb_Ancyridris_s0	lasi_Paraparatrechina_s1	0
bakb_Ancyridris_s0	lasi_Nylanderia_s2	0
bakb_Ancyridris_s0	lasi_Nylanderia_s3	0
bakb_Ancyridris_s0	lasi2_Lasius_s0	0
bakb_Ancyridris_s0	lasi2_Nylanderia_s1	0
bakb_Ancyridris_s0	lasi2_Nylanderia_s5	0
bakb_Ancyridris_s0	lasi2_Nylanderia_s6	0
bakb_Ancyridris_s0	lasi2_Nylanderia_s7	0
bakb_Ancyridris_s0	lasi2_Nylanderia_s8	0
bakb_Ancyridris_s0	lasi2_Nylanderia_s9	0
bakb_Ancyridris_s0	melo_s0	0
bakb_Ancyridris_s0	mycr_Mycocepurus_s0	0
bakb_Ancyridris_s0	mycr_Myrmicocrypta_s1	0
bakb_Ancyridris_s0	mymi_Myrmica_s13	0
bakb_Ancyridris_s0	mymi_Myrmica_s14	0
bakb_Ancyridris_s0	mymi_Myrmica_s3	0
bakb_Ancyridris_s0	mymi_Myrmica_s7	0
bakb_Ancyridris_s0	mymi_Myrmica_s8	0
bakb_Ancyridris_s0	mymi_Myrmica_s9	0
bakb_Ancyridris_s0	mymi_Myrmica_s11	0
bakb_Ancyridris_s0	mymi_Myrmica_s12	0
bakb_Ancyridris_s0	myre_Myrmecia_s1	0
bakb_Ancyridris_s0	myre_Myrmecia_s2	0
bakb_Ancyridris_s0	myre_Myrmecia_s3	0
bakb_Ancyridris_s0	myre_Myrmecia_s5	0
bakb_Ancyridris_s0	myre_Myrmecia_s6	0
bakb_Ancyridris_s0	myre_Myrmecia_s7	0
bakb_Ancyridris_s0	myrm_Myrmica_s1	0
bakb_Ancyridris_s0	myrm_Myrmica_s2	0
bakb_Ancyridris_s0	myrm_Pogonomyrmex_s1	0
bakb_Ancyridris_s0	myrm_Pogonomyrmex_s2	0
bakb_Ancyridris_s0	myrm_Monomorium_s0	0
bakb_Ancyridris_s0	myrm_Cyphomyrmex_s0	0
bakb_Ancyridris_s0	myrm_Basiceros_s0	0
bakb_Ancyridris_s0	myrm_Pheidole_s1	0
bakb_Ancyridris_s0	myrm_Ocymyrmex_s0	0
bakb_Ancyridris_s0	myrm_Nesomyrmex_s0	0
bakb_Ancyridris_s0	myrm_Cataulacus_s0	0
bakb_Ancyridris_s0	myrm_Carebara_s0	0
bakb_Ancyridris_s0	myrm_Cyphoidris_s0	0
bakb_Ancyridris_s0	myrm_Tetramorium_s0	0
bakb_Ancyridris_s0	myrm_Crematogaster_s1	0
bakb_Ancyridris_s0	myrm_Adlerzia_s0	0
bakb_Ancyridris_s0	myrm_Pristomyrmex_s0	0
bakb_Ancyridris_s0	myrm_Poecilomyrma_s0	0
bakb_Ancyridris_s0	myrm_Vombisidris_s0	0
bakb_Ancyridris_s0	myrm_Harpagoxenus_s0	0
bakb_Ancyridris_s0	ocym_Ocymyrmex_s1	0
bakb_Ancyridris_s0	pogo_Pogonomyrmex_s1	0
bakb_Ancyridris_s0	pogo_Pogonomyrmex_s2	0
bakb_Ancyridris_s0	pogo_Pogonomyrmex_s3	0
bakb_Ancyridris_s0	pogo_Pogonomyrmex_s4	0
bakb_Ancyridris_s0	pseu2_Pseudomyrmex_s1	0
bakb_Ancyridris_s0	seco_Dilobocondyla_s0	0
bakb_Ancyridris_s0	seri_Sericomyrmex_s1	0
bakb_Ancyridris_s0	sten_Novomessor_s0	0
bakb_Ancyridris_s0	tapi_Tapinoma_s0	0
bakb_Ancyridris_s0	temn_Temnothorax_s1	0
bakb_Ancyridris_s0	temn_Temnothorax_s3	0
bakb_Ancyridris_s0	temn_Temnothorax_s5	0
bakb_Ancyridris_s0	temn_Temnothorax_s7	0
bakb_Ancyridris_s0	temn_Temnothorax_s8	0
bakb_Ancyridris_s0	vero_Veromessor_s1	0
bakb_Ancyridris_s0	vero_Veromessor_s2	0
bakb_Harpagoxenus_s0	bakb_Romblonella_s0	0
bakb_Harpagoxenus_s0	bakb_Cyphoidris_s0	0
bakb_Harpagoxenus_s0	bakb_Diplomorium_s0	0
bakb_Harpagoxenus_s0	bakb_Goniomma_s0	0
bakb_Harpagoxenus_s0	bakb_Zatania_s0	0
bakb_Harpagoxenus_s0	bakb_Opisthopsis_s0	0
bakb_Harpagoxenus_s0	bakb_Polyrhachis_s0	0
bakb_Harpagoxenus_s0	bakb_Echinopla_s0	0
bakb_Harpagoxenus_s0	bakb_Oecophylla_s0	0
bakb_Harpagoxenus_s0	bakb_Formica_s0	0
bakb_Harpagoxenus_s0	bakb_Cataglyphis_s0	0
bakb_Harpagoxenus_s0	bakb_Stigmacros_s0	0
bakb_Harpagoxenus_s0	bakb_Pseudomyrmex_s0	0
bakb_Harpagoxenus_s0	bakb_Anonychomyrma_s0	0
bakb_Harpagoxenus_s0	bakb_Froggattella_s0	0
bakb_Harpagoxenus_s0	bakb_Dorymyrmex_s0	0
bakb_Harpagoxenus_s0	bakb_Technomyrmex_s0	0
bakb_Harpagoxenus_s0	bakb_Cheliomyrmex_s0	0
bakb_Harpagoxenus_s0	bakb_Dinoponera_s0	0
bakb_Harpagoxenus_s0	bakb_Adetomyrma_s0	0
bakb_Harpagoxenus_s0	bakb_Onychomyrmex_s0	0
bakb_Harpagoxenus_s0	brach_Brachymyrmex_s1	0
bakb_Harpagoxenus_s0	cata_Cataglyphis_s1	0
bakb_Harpagoxenus_s0	ceph_Cephalotes_s1	0
bakb_Harpagoxenus_s0	ceph_Cephalotes_s2	0
bakb_Harpagoxenus_s0	crea_Crematogaster_s1	0
bakb_Harpagoxenus_s0	crea_Crematogaster_s2	0
bakb_Harpagoxenus_s0	cren_Crematogaster_s1	0
bakb_Harpagoxenus_s0	cres_Crematogaster_s0	0
bakb_Harpagoxenus_s0	cret_Crematogaster_s1	0
bakb_Harpagoxenus_s0	cret_Crematogaster_s2	0
bakb_Harpagoxenus_s0	doli_Technomyrmex_s1	0
bakb_Harpagoxenus_s0	doli_Bothriomyrmex_s1	0
bakb_Harpagoxenus_s0	doli_Azteca_s1	0
bakb_Harpagoxenus_s0	doli_Linepithema_s0	0
bakb_Harpagoxenus_s0	doli_Anonychomyrma_s1	0
bakb_Harpagoxenus_s0	doli_Froggattella_s0	0
bakb_Harpagoxenus_s0	dory_Acanthostichus_s0	0
bakb_Harpagoxenus_s0	dory_Eciton_s1	0
bakb_Harpagoxenus_s0	dory_Dorylus_s2	0
bakb_Harpagoxenus_s0	dory_Dorylus_s3	0
bakb_Harpagoxenus_s0	dory_Ooceraea_s1	0
bakb_Harpagoxenus_s0	dory_Parasyscia_s1	0
bakb_Harpagoxenus_s0	ecta_Poneracantha_s1	0
bakb_Harpagoxenus_s0	fori_Formica_s1	0
bakb_Harpagoxenus_s0	fori_Acropyga_s0	0
bakb_Harpagoxenus_s0	fori_Tapinolepis_s0	0
bakb_Harpagoxenus_s0	fori_Calomyrmex_s1	0
bakb_Harpagoxenus_s0	fori_Camponotus_s1	0
bakb_Harpagoxenus_s0	fori_Camponotus_s3	0
bakb_Harpagoxenus_s0	fori_Camponotus_s4	0
bakb_Harpagoxenus_s0	fori_Colobopsis_s1	0
bakb_Harpagoxenus_s0	fori_Oecophylla_s1	0
bakb_Harpagoxenus_s0	fori_Lasius_s1	0
bakb_Harpagoxenus_s0	form_Formica_s1	0
bakb_Harpagoxenus_s0	lasi_Myrmecocystus_s1	0
bakb_Harpagoxenus_s0	lasi_Paraparatrechina_s1	0
bakb_Harpagoxenus_s0	lasi_Nylanderia_s2	0
bakb_Harpagoxenus_s0	lasi_Nylanderia_s3	0
bakb_Harpagoxenus_s0	lasi2_Lasius_s0	0
bakb_Harpagoxenus_s0	lasi2_Nylanderia_s1	0
bakb_Harpagoxenus_s0	lasi2_Nylanderia_s5	0
bakb_Harpagoxenus_s0	lasi2_Nylanderia_s6	0
bakb_Harpagoxenus_s0	lasi2_Nylanderia_s7	0
bakb_Harpagoxenus_s0	lasi2_Nylanderia_s8	0
bakb_Harpagoxenus_s0	lasi2_Nylanderia_s9	0
bakb_Harpagoxenus_s0	melo_s0	0
bakb_Harpagoxenus_s0	mycr_Mycocepurus_s0	0
bakb_Harpagoxenus_s0	mycr_Myrmicocrypta_s1	0
bakb_Harpagoxenus_s0	mymi_Myrmica_s13	0
bakb_Harpagoxenus_s0	mymi_Myrmica_s14	0
bakb_Harpagoxenus_s0	mymi_Myrmica_s3	0
bakb_Harpagoxenus_s0	mymi_Myrmica_s7	0
bakb_Harpagoxenus_s0	mymi_Myrmica_s8	0
bakb_Harpagoxenus_s0	mymi_Myrmica_s9	0
bakb_Harpagoxenus_s0	mymi_Myrmica_s11	0
bakb_Harpagoxenus_s0	mymi_Myrmica_s12	0
bakb_Harpagoxenus_s0	myre_Myrmecia_s1	0
bakb_Harpagoxenus_s0	myre_Myrmecia_s2	0
bakb_Harpagoxenus_s0	myre_Myrmecia_s3	0
bakb_Harpagoxenus_s0	myre_Myrmecia_s5	0
bakb_Harpagoxenus_s0	myre_Myrmecia_s6	0
bakb_Harpagoxenus_s0	myre_Myrmecia_s7	0
bakb_Harpagoxenus_s0	myrm_Myrmica_s1	0
bakb_Harpagoxenus_s0	myrm_Myrmica_s2	0
bakb_Harpagoxenus_s0	myrm_Pogonomyrmex_s1	0
bakb_Harpagoxenus_s0	myrm_Pogonomyrmex_s2	0
bakb_Harpagoxenus_s0	myrm_Monomorium_s0	0
bakb_Harpagoxenus_s0	myrm_Cyphomyrmex_s0	0
bakb_Harpagoxenus_s0	myrm_Basiceros_s0	0
bakb_Harpagoxenus_s0	myrm_Pheidole_s1	0
bakb_Harpagoxenus_s0	myrm_Ocymyrmex_s0	0
bakb_Harpagoxenus_s0	myrm_Nesomyrmex_s0	0
bakb_Harpagoxenus_s0	myrm_Cataulacus_s0	0
bakb_Harpagoxenus_s0	myrm_Carebara_s0	0
bakb_Harpagoxenus_s0	myrm_Cyphoidris_s0	0
bakb_Harpagoxenus_s0	myrm_Tetramorium_s0	0
bakb_Harpagoxenus_s0	myrm_Crematogaster_s1	0
bakb_Harpagoxenus_s0	myrm_Adlerzia_s0	0
bakb_Harpagoxenus_s0	myrm_Pristomyrmex_s0	0
bakb_Harpagoxenus_s0	myrm_Poecilomyrma_s0	0
bakb_Harpagoxenus_s0	myrm_Vombisidris_s0	0
bakb_Harpagoxenus_s0	myrm_Harpagoxenus_s0	1
bakb_Harpagoxenus_s0	ocym_Ocymyrmex_s1	0
bakb_Harpagoxenus_s0	pogo_Pogonomyrmex_s1	0
bakb_Harpagoxenus_s0	pogo_Pogonomyrmex_s2	0
bakb_Harpagoxenus_s0	pogo_Pogonomyrmex_s3	0
bakb_Harpagoxenus_s0	pogo_Pogonomyrmex_s4	0
bakb_Harpagoxenus_s0	pseu2_Pseudomyrmex_s1	0
bakb_Harpagoxenus_s0	seco_Dilobocondyla_s0	0
bakb_Harpagoxenus_s0	seri_Sericomyrmex_s1	0
bakb_Harpagoxenus_s0	sten_Novomessor_s0	0
bakb_Harpagoxenus_s0	tapi_Tapinoma_s0	0
bakb_Harpagoxenus_s0	temn_Temnothorax_s1	0
bakb_Harpagoxenus_s0	temn_Temnothorax_s3	0
bakb_Harpagoxenus_s0	temn_Temnothorax_s5	0
bakb_Harpagoxenus_s0	temn_Temnothorax_s7	0
bakb_Harpagoxenus_s0	temn_Temnothorax_s8	0
bakb_Harpagoxenus_s0	vero_Veromessor_s1	0
bakb_Harpagoxenus_s0	vero_Veromessor_s2	0
bakb_Romblonella_s0	bakb_Cyphoidris_s0	0
bakb_Romblonella_s0	bakb_Diplomorium_s0	0
bakb_Romblonella_s0	bakb_Goniomma_s0	0
bakb_Romblonella_s0	bakb_Zatania_s0	0
bakb_Romblonella_s0	bakb_Opisthopsis_s0	0
bakb_Romblonella_s0	bakb_Polyrhachis_s0	0
bakb_Romblonella_s0	bakb_Echinopla_s0	0
bakb_Romblonella_s0	bakb_Oecophylla_s0	0
bakb_Romblonella_s0	bakb_Formica_s0	0
bakb_Romblonella_s0	bakb_Cataglyphis_s0	0
bakb_Romblonella_s0	bakb_Stigmacros_s0	0
bakb_Romblonella_s0	bakb_Pseudomyrmex_s0	0
bakb_Romblonella_s0	bakb_Anonychomyrma_s0	0
bakb_Romblonella_s0	bakb_Froggattella_s0	0
bakb_Romblonella_s0	bakb_Dorymyrmex_s0	0
bakb_Romblonella_s0	bakb_Technomyrmex_s0	0
bakb_Romblonella_s0	bakb_Cheliomyrmex_s0	0
bakb_Romblonella_s0	bakb_Dinoponera_s0	0
bakb_Romblonella_s0	bakb_Adetomyrma_s0	0
bakb_Romblonella_s0	bakb_Onychomyrmex_s0	0
bakb_Romblonella_s0	brach_Brachymyrmex_s1	0
bakb_Romblonella_s0	cata_Cataglyphis_s1	0
bakb_Romblonella_s0	ceph_Cephalotes_s1	0
bakb_Romblonella_s0	ceph_Cephalotes_s2	0
bakb_Romblonella_s0	crea_Crematogaster_s1	0
bakb_Romblonella_s0	crea_Crematogaster_s2	0
bakb_Romblonella_s0	cren_Crematogaster_s1	0
bakb_Romblonella_s0	cres_Crematogaster_s0	0
bakb_Romblonella_s0	cret_Crematogaster_s1	0
bakb_Romblonella_s0	cret_Crematogaster_s2	0
bakb_Romblonella_s0	doli_Technomyrmex_s1	0
bakb_Romblonella_s0	doli_Bothriomyrmex_s1	0
bakb_Romblonella_s0	doli_Azteca_s1	0
bakb_Romblonella_s0	doli_Linepithema_s0	0
bakb_Romblonella_s0	doli_Anonychomyrma_s1	0
bakb_Romblonella_s0	doli_Froggattella_s0	0
bakb_Romblonella_s0	dory_Acanthostichus_s0	0
bakb_Romblonella_s0	dory_Eciton_s1	0
bakb_Romblonella_s0	dory_Dorylus_s2	0
bakb_Romblonella_s0	dory_Dorylus_s3	0
bakb_Romblonella_s0	dory_Ooceraea_s1	0
bakb_Romblonella_s0	dory_Parasyscia_s1	0
bakb_Romblonella_s0	ecta_Poneracantha_s1	0
bakb_Romblonella_s0	fori_Formica_s1	0
bakb_Romblonella_s0	fori_Acropyga_s0	0
bakb_Romblonella_s0	fori_Tapinolepis_s0	0
bakb_Romblonella_s0	fori_Calomyrmex_s1	0
bakb_Romblonella_s0	fori_Camponotus_s1	0
bakb_Romblonella_s0	fori_Camponotus_s3	0
bakb_Romblonella_s0	fori_Camponotus_s4	0
bakb_Romblonella_s0	fori_Colobopsis_s1	0
bakb_Romblonella_s0	fori_Oecophylla_s1	0
bakb_Romblonella_s0	fori_Lasius_s1	0
bakb_Romblonella_s0	form_Formica_s1	0
bakb_Romblonella_s0	lasi_Myrmecocystus_s1	0
bakb_Romblonella_s0	lasi_Paraparatrechina_s1	0
bakb_Romblonella_s0	lasi_Nylanderia_s2	0
bakb_Romblonella_s0	lasi_Nylanderia_s3	0
bakb_Romblonella_s0	lasi2_Lasius_s0	0
bakb_Romblonella_s0	lasi2_Nylanderia_s1	0
bakb_Romblonella_s0	lasi2_Nylanderia_s5	0
bakb_Romblonella_s0	lasi2_Nylanderia_s6	0
bakb_Romblonella_s0	lasi2_Nylanderia_s7	0
bakb_Romblonella_s0	lasi2_Nylanderia_s8	0
bakb_Romblonella_s0	lasi2_Nylanderia_s9	0
bakb_Romblonella_s0	melo_s0	0
bakb_Romblonella_s0	mycr_Mycocepurus_s0	0
bakb_Romblonella_s0	mycr_Myrmicocrypta_s1	0
bakb_Romblonella_s0	mymi_Myrmica_s13	0
bakb_Romblonella_s0	mymi_Myrmica_s14	0
bakb_Romblonella_s0	mymi_Myrmica_s3	0
bakb_Romblonella_s0	mymi_Myrmica_s7	0
bakb_Romblonella_s0	mymi_Myrmica_s8	0
bakb_Romblonella_s0	mymi_Myrmica_s9	0
bakb_Romblonella_s0	mymi_Myrmica_s11	0
bakb_Romblonella_s0	mymi_Myrmica_s12	0
bakb_Romblonella_s0	myre_Myrmecia_s1	0
bakb_Romblonella_s0	myre_Myrmecia_s2	0
bakb_Romblonella_s0	myre_Myrmecia_s3	0
bakb_Romblonella_s0	myre_Myrmecia_s5	0
bakb_Romblonella_s0	myre_Myrmecia_s6	0
bakb_Romblonella_s0	myre_Myrmecia_s7	0
bakb_Romblonella_s0	myrm_Myrmica_s1	0
bakb_Romblonella_s0	myrm_Myrmica_s2	0
bakb_Romblonella_s0	myrm_Pogonomyrmex_s1	0
bakb_Romblonella_s0	myrm_Pogonomyrmex_s2	0
bakb_Romblonella_s0	myrm_Monomorium_s0	0
bakb_Romblonella_s0	myrm_Cyphomyrmex_s0	0
bakb_Romblonella_s0	myrm_Basiceros_s0	0
bakb_Romblonella_s0	myrm_Pheidole_s1	0
bakb_Romblonella_s0	myrm_Ocymyrmex_s0	0
bakb_Romblonella_s0	myrm_Nesomyrmex_s0	0
bakb_Romblonella_s0	myrm_Cataulacus_s0	0
bakb_Romblonella_s0	myrm_Carebara_s0	0
bakb_Romblonella_s0	myrm_Cyphoidris_s0	0
bakb_Romblonella_s0	myrm_Tetramorium_s0	0
bakb_Romblonella_s0	myrm_Crematogaster_s1	0
bakb_Romblonella_s0	myrm_Adlerzia_s0	0
bakb_Romblonella_s0	myrm_Pristomyrmex_s0	0
bakb_Romblonella_s0	myrm_Poecilomyrma_s0	0
bakb_Romblonella_s0	myrm_Vombisidris_s0	0
bakb_Romblonella_s0	myrm_Harpagoxenus_s0	0
bakb_Romblonella_s0	ocym_Ocymyrmex_s1	0
bakb_Romblonella_s0	pogo_Pogonomyrmex_s1	0
bakb_Romblonella_s0	pogo_Pogonomyrmex_s2	0
bakb_Romblonella_s0	pogo_Pogonomyrmex_s3	0
bakb_Romblonella_s0	pogo_Pogonomyrmex_s4	0
bakb_Romblonella_s0	pseu2_Pseudomyrmex_s1	0
bakb_Romblonella_s0	seco_Dilobocondyla_s0	0
bakb_Romblonella_s0	seri_Sericomyrmex_s1	0
bakb_Romblonella_s0	sten_Novomessor_s0	0
bakb_Romblonella_s0	tapi_Tapinoma_s0	0
bakb_Romblonella_s0	temn_Temnothorax_s1	0
bakb_Romblonella_s0	temn_Temnothorax_s3	0
bakb_Romblonella_s0	temn_Temnothorax_s5	0
bakb_Romblonella_s0	temn_Temnothorax_s7	0
bakb_Romblonella_s0	temn_Temnothorax_s8	0
bakb_Romblonella_s0	vero_Veromessor_s1	0
bakb_Romblonella_s0	vero_Veromessor_s2	0
bakb_Cyphoidris_s0	bakb_Diplomorium_s0	0
bakb_Cyphoidris_s0	bakb_Goniomma_s0	0
bakb_Cyphoidris_s0	bakb_Zatania_s0	0
bakb_Cyphoidris_s0	bakb_Opisthopsis_s0	0
bakb_Cyphoidris_s0	bakb_Polyrhachis_s0	0
bakb_Cyphoidris_s0	bakb_Echinopla_s0	0
bakb_Cyphoidris_s0	bakb_Oecophylla_s0	0
bakb_Cyphoidris_s0	bakb_Formica_s0	0
bakb_Cyphoidris_s0	bakb_Cataglyphis_s0	0
bakb_Cyphoidris_s0	bakb_Stigmacros_s0	0
bakb_Cyphoidris_s0	bakb_Pseudomyrmex_s0	0
bakb_Cyphoidris_s0	bakb_Anonychomyrma_s0	0
bakb_Cyphoidris_s0	bakb_Froggattella_s0	0
bakb_Cyphoidris_s0	bakb_Dorymyrmex_s0	0
bakb_Cyphoidris_s0	bakb_Technomyrmex_s0	0
bakb_Cyphoidris_s0	bakb_Cheliomyrmex_s0	0
bakb_Cyphoidris_s0	bakb_Dinoponera_s0	0
bakb_Cyphoidris_s0	bakb_Adetomyrma_s0	0
bakb_Cyphoidris_s0	bakb_Onychomyrmex_s0	0
bakb_Cyphoidris_s0	brach_Brachymyrmex_s1	0
bakb_Cyphoidris_s0	cata_Cataglyphis_s1	0
bakb_Cyphoidris_s0	ceph_Cephalotes_s1	0
bakb_Cyphoidris_s0	ceph_Cephalotes_s2	0
bakb_Cyphoidris_s0	crea_Crematogaster_s1	0
bakb_Cyphoidris_s0	crea_Crematogaster_s2	0
bakb_Cyphoidris_s0	cren_Crematogaster_s1	0
bakb_Cyphoidris_s0	cres_Crematogaster_s0	0
bakb_Cyphoidris_s0	cret_Crematogaster_s1	0
bakb_Cyphoidris_s0	cret_Crematogaster_s2	0
bakb_Cyphoidris_s0	doli_Technomyrmex_s1	0
bakb_Cyphoidris_s0	doli_Bothriomyrmex_s1	0
bakb_Cyphoidris_s0	doli_Azteca_s1	0
bakb_Cyphoidris_s0	doli_Linepithema_s0	0
bakb_Cyphoidris_s0	doli_Anonychomyrma_s1	0
bakb_Cyphoidris_s0	doli_Froggattella_s0	0
bakb_Cyphoidris_s0	dory_Acanthostichus_s0	0
bakb_Cyphoidris_s0	dory_Eciton_s1	0
bakb_Cyphoidris_s0	dory_Dorylus_s2	0
bakb_Cyphoidris_s0	dory_Dorylus_s3	0
bakb_Cyphoidris_s0	dory_Ooceraea_s1	0
bakb_Cyphoidris_s0	dory_Parasyscia_s1	0
bakb_Cyphoidris_s0	ecta_Poneracantha_s1	0
bakb_Cyphoidris_s0	fori_Formica_s1	0
bakb_Cyphoidris_s0	fori_Acropyga_s0	0
bakb_Cyphoidris_s0	fori_Tapinolepis_s0	0
bakb_Cyphoidris_s0	fori_Calomyrmex_s1	0
bakb_Cyphoidris_s0	fori_Camponotus_s1	0
bakb_Cyphoidris_s0	fori_Camponotus_s3	0
bakb_Cyphoidris_s0	fori_Camponotus_s4	0
bakb_Cyphoidris_s0	fori_Colobopsis_s1	0
bakb_Cyphoidris_s0	fori_Oecophylla_s1	0
bakb_Cyphoidris_s0	fori_Lasius_s1	0
bakb_Cyphoidris_s0	form_Formica_s1	0
bakb_Cyphoidris_s0	lasi_Myrmecocystus_s1	0
bakb_Cyphoidris_s0	lasi_Paraparatrechina_s1	0
bakb_Cyphoidris_s0	lasi_Nylanderia_s2	0
bakb_Cyphoidris_s0	lasi_Nylanderia_s3	0
bakb_Cyphoidris_s0	lasi2_Lasius_s0	0
bakb_Cyphoidris_s0	lasi2_Nylanderia_s1	0
bakb_Cyphoidris_s0	lasi2_Nylanderia_s5	0
bakb_Cyphoidris_s0	lasi2_Nylanderia_s6	0
bakb_Cyphoidris_s0	lasi2_Nylanderia_s7	0
bakb_Cyphoidris_s0	lasi2_Nylanderia_s8	0
bakb_Cyphoidris_s0	lasi2_Nylanderia_s9	0
bakb_Cyphoidris_s0	melo_s0	0
bakb_Cyphoidris_s0	mycr_Mycocepurus_s0	0
bakb_Cyphoidris_s0	mycr_Myrmicocrypta_s1	0
bakb_Cyphoidris_s0	mymi_Myrmica_s13	0
bakb_Cyphoidris_s0	mymi_Myrmica_s14	0
bakb_Cyphoidris_s0	mymi_Myrmica_s3	0
bakb_Cyphoidris_s0	mymi_Myrmica_s7	0
bakb_Cyphoidris_s0	mymi_Myrmica_s8	0
bakb_Cyphoidris_s0	mymi_Myrmica_s9	0
bakb_Cyphoidris_s0	mymi_Myrmica_s11	0
bakb_Cyphoidris_s0	mymi_Myrmica_s12	0
bakb_Cyphoidris_s0	myre_Myrmecia_s1	0
bakb_Cyphoidris_s0	myre_Myrmecia_s2	0
bakb_Cyphoidris_s0	myre_Myrmecia_s3	0
bakb_Cyphoidris_s0	myre_Myrmecia_s5	0
bakb_Cyphoidris_s0	myre_Myrmecia_s6	0
bakb_Cyphoidris_s0	myre_Myrmecia_s7	0
bakb_Cyphoidris_s0	myrm_Myrmica_s1	0
bakb_Cyphoidris_s0	myrm_Myrmica_s2	0
bakb_Cyphoidris_s0	myrm_Pogonomyrmex_s1	0
bakb_Cyphoidris_s0	myrm_Pogonomyrmex_s2	0
bakb_Cyphoidris_s0	myrm_Monomorium_s0	0
bakb_Cyphoidris_s0	myrm_Cyphomyrmex_s0	0
bakb_Cyphoidris_s0	myrm_Basiceros_s0	0
bakb_Cyphoidris_s0	myrm_Pheidole_s1	0
bakb_Cyphoidris_s0	myrm_Ocymyrmex_s0	0
bakb_Cyphoidris_s0	myrm_Nesomyrmex_s0	0
bakb_Cyphoidris_s0	myrm_Cataulacus_s0	0
bakb_Cyphoidris_s0	myrm_Carebara_s0	0
bakb_Cyphoidris_s0	myrm_Cyphoidris_s0	1
bakb_Cyphoidris_s0	myrm_Tetramorium_s0	1
bakb_Cyphoidris_s0	myrm_Crematogaster_s1	0
bakb_Cyphoidris_s0	myrm_Adlerzia_s0	0
bakb_Cyphoidris_s0	myrm_Pristomyrmex_s0	0
bakb_Cyphoidris_s0	myrm_Poecilomyrma_s0	0
bakb_Cyphoidris_s0	myrm_Vombisidris_s0	0
bakb_Cyphoidris_s0	myrm_Harpagoxenus_s0	0
bakb_Cyphoidris_s0	ocym_Ocymyrmex_s1	0
bakb_Cyphoidris_s0	pogo_Pogonomyrmex_s1	0
bakb_Cyphoidris_s0	pogo_Pogonomyrmex_s2	0
bakb_Cyphoidris_s0	pogo_Pogonomyrmex_s3	0
bakb_Cyphoidris_s0	pogo_Pogonomyrmex_s4	0
bakb_Cyphoidris_s0	pseu2_Pseudomyrmex_s1	0
bakb_Cyphoidris_s0	seco_Dilobocondyla_s0	0
bakb_Cyphoidris_s0	seri_Sericomyrmex_s1	0
bakb_Cyphoidris_s0	sten_Novomessor_s0	0
bakb_Cyphoidris_s0	tapi_Tapinoma_s0	0
bakb_Cyphoidris_s0	temn_Temnothorax_s1	0
bakb_Cyphoidris_s0	temn_Temnothorax_s3	0
bakb_Cyphoidris_s0	temn_Temnothorax_s5	0
bakb_Cyphoidris_s0	temn_Temnothorax_s7	0
bakb_Cyphoidris_s0	temn_Temnothorax_s8	0
bakb_Cyphoidris_s0	vero_Veromessor_s1	0
bakb_Cyphoidris_s0	vero_Veromessor_s2	0
bakb_Diplomorium_s0	bakb_Goniomma_s0	0
bakb_Diplomorium_s0	bakb_Zatania_s0	0
bakb_Diplomorium_s0	bakb_Opisthopsis_s0	0
bakb_Diplomorium_s0	bakb_Polyrhachis_s0	0
bakb_Diplomorium_s0	bakb_Echinopla_s0	0
bakb_Diplomorium_s0	bakb_Oecophylla_s0	0
bakb_Diplomorium_s0	bakb_Formica_s0	0
bakb_Diplomorium_s0	bakb_Cataglyphis_s0	0
bakb_Diplomorium_s0	bakb_Stigmacros_s0	0
bakb_Diplomorium_s0	bakb_Pseudomyrmex_s0	0
bakb_Diplomorium_s0	bakb_Anonychomyrma_s0	0
bakb_Diplomorium_s0	bakb_Froggattella_s0	0
bakb_Diplomorium_s0	bakb_Dorymyrmex_s0	0
bakb_Diplomorium_s0	bakb_Technomyrmex_s0	0
bakb_Diplomorium_s0	bakb_Cheliomyrmex_s0	0
bakb_Diplomorium_s0	bakb_Dinoponera_s0	0
bakb_Diplomorium_s0	bakb_Adetomyrma_s0	0
bakb_Diplomorium_s0	bakb_Onychomyrmex_s0	0
bakb_Diplomorium_s0	brach_Brachymyrmex_s1	0
bakb_Diplomorium_s0	cata_Cataglyphis_s1	0
bakb_Diplomorium_s0	ceph_Cephalotes_s1	0
bakb_Diplomorium_s0	ceph_Cephalotes_s2	0
bakb_Diplomorium_s0	crea_Crematogaster_s1	0
bakb_Diplomorium_s0	crea_Crematogaster_s2	0
bakb_Diplomorium_s0	cren_Crematogaster_s1	0
bakb_Diplomorium_s0	cres_Crematogaster_s0	0
bakb_Diplomorium_s0	cret_Crematogaster_s1	0
bakb_Diplomorium_s0	cret_Crematogaster_s2	0
bakb_Diplomorium_s0	doli_Technomyrmex_s1	0
bakb_Diplomorium_s0	doli_Bothriomyrmex_s1	0
bakb_Diplomorium_s0	doli_Azteca_s1	0
bakb_Diplomorium_s0	doli_Linepithema_s0	0
bakb_Diplomorium_s0	doli_Anonychomyrma_s1	0
bakb_Diplomorium_s0	doli_Froggattella_s0	0
bakb_Diplomorium_s0	dory_Acanthostichus_s0	0
bakb_Diplomorium_s0	dory_Eciton_s1	0
bakb_Diplomorium_s0	dory_Dorylus_s2	0
bakb_Diplomorium_s0	dory_Dorylus_s3	0
bakb_Diplomorium_s0	dory_Ooceraea_s1	0
bakb_Diplomorium_s0	dory_Parasyscia_s1	0
bakb_Diplomorium_s0	ecta_Poneracantha_s1	0
bakb_Diplomorium_s0	fori_Formica_s1	0
bakb_Diplomorium_s0	fori_Acropyga_s0	0
bakb_Diplomorium_s0	fori_Tapinolepis_s0	0
bakb_Diplomorium_s0	fori_Calomyrmex_s1	0
bakb_Diplomorium_s0	fori_Camponotus_s1	0
bakb_Diplomorium_s0	fori_Camponotus_s3	0
bakb_Diplomorium_s0	fori_Camponotus_s4	0
bakb_Diplomorium_s0	fori_Colobopsis_s1	0
bakb_Diplomorium_s0	fori_Oecophylla_s1	0
bakb_Diplomorium_s0	fori_Lasius_s1	0
bakb_Diplomorium_s0	form_Formica_s1	0
bakb_Diplomorium_s0	lasi_Myrmecocystus_s1	0
bakb_Diplomorium_s0	lasi_Paraparatrechina_s1	0
bakb_Diplomorium_s0	lasi_Nylanderia_s2	0
bakb_Diplomorium_s0	lasi_Nylanderia_s3	0
bakb_Diplomorium_s0	lasi2_Lasius_s0	0
bakb_Diplomorium_s0	lasi2_Nylanderia_s1	0
bakb_Diplomorium_s0	lasi2_Nylanderia_s5	0
bakb_Diplomorium_s0	lasi2_Nylanderia_s6	0
bakb_Diplomorium_s0	lasi2_Nylanderia_s7	0
bakb_Diplomorium_s0	lasi2_Nylanderia_s8	0
bakb_Diplomorium_s0	lasi2_Nylanderia_s9	0
bakb_Diplomorium_s0	melo_s0	0
bakb_Diplomorium_s0	mycr_Mycocepurus_s0	0
bakb_Diplomorium_s0	mycr_Myrmicocrypta_s1	0
bakb_Diplomorium_s0	mymi_Myrmica_s13	0
bakb_Diplomorium_s0	mymi_Myrmica_s14	0
bakb_Diplomorium_s0	mymi_Myrmica_s3	0
bakb_Diplomorium_s0	mymi_Myrmica_s7	0
bakb_Diplomorium_s0	mymi_Myrmica_s8	0
bakb_Diplomorium_s0	mymi_Myrmica_s9	0
bakb_Diplomorium_s0	mymi_Myrmica_s11	0
bakb_Diplomorium_s0	mymi_Myrmica_s12	0
bakb_Diplomorium_s0	myre_Myrmecia_s1	0
bakb_Diplomorium_s0	myre_Myrmecia_s2	0
bakb_Diplomorium_s0	myre_Myrmecia_s3	0
bakb_Diplomorium_s0	myre_Myrmecia_s5	0
bakb_Diplomorium_s0	myre_Myrmecia_s6	0
bakb_Diplomorium_s0	myre_Myrmecia_s7	0
bakb_Diplomorium_s0	myrm_Myrmica_s1	0
bakb_Diplomorium_s0	myrm_Myrmica_s2	0
bakb_Diplomorium_s0	myrm_Pogonomyrmex_s1	0
bakb_Diplomorium_s0	myrm_Pogonomyrmex_s2	0
bakb_Diplomorium_s0	myrm_Monomorium_s0	0
bakb_Diplomorium_s0	myrm_Cyphomyrmex_s0	0
bakb_Diplomorium_s0	myrm_Basiceros_s0	0
bakb_Diplomorium_s0	myrm_Pheidole_s1	0
bakb_Diplomorium_s0	myrm_Ocymyrmex_s0	0
bakb_Diplomorium_s0	myrm_Nesomyrmex_s0	0
bakb_Diplomorium_s0	myrm_Cataulacus_s0	0
bakb_Diplomorium_s0	myrm_Carebara_s0	0
bakb_Diplomorium_s0	myrm_Cyphoidris_s0	0
bakb_Diplomorium_s0	myrm_Tetramorium_s0	0
bakb_Diplomorium_s0	myrm_Crematogaster_s1	0
bakb_Diplomorium_s0	myrm_Adlerzia_s0	0
bakb_Diplomorium_s0	myrm_Pristomyrmex_s0	0
bakb_Diplomorium_s0	myrm_Poecilomyrma_s0	0
bakb_Diplomorium_s0	myrm_Vombisidris_s0	0
bakb_Diplomorium_s0	myrm_Harpagoxenus_s0	0
bakb_Diplomorium_s0	ocym_Ocymyrmex_s1	0
bakb_Diplomorium_s0	pogo_Pogonomyrmex_s1	0
bakb_Diplomorium_s0	pogo_Pogonomyrmex_s2	0
bakb_Diplomorium_s0	pogo_Pogonomyrmex_s3	0
bakb_Diplomorium_s0	pogo_Pogonomyrmex_s4	0
bakb_Diplomorium_s0	pseu2_Pseudomyrmex_s1	0
bakb_Diplomorium_s0	seco_Dilobocondyla_s0	0
bakb_Diplomorium_s0	seri_Sericomyrmex_s1	0
bakb_Diplomorium_s0	sten_Novomessor_s0	0
bakb_Diplomorium_s0	tapi_Tapinoma_s0	0
bakb_Diplomorium_s0	temn_Temnothorax_s1	0
bakb_Diplomorium_s0	temn_Temnothorax_s3	0
bakb_Diplomorium_s0	temn_Temnothorax_s5	0
bakb_Diplomorium_s0	temn_Temnothorax_s7	0
bakb_Diplomorium_s0	temn_Temnothorax_s8	0
bakb_Diplomorium_s0	vero_Veromessor_s1	0
bakb_Diplomorium_s0	vero_Veromessor_s2	0
bakb_Goniomma_s0	bakb_Zatania_s0	0
bakb_Goniomma_s0	bakb_Opisthopsis_s0	0
bakb_Goniomma_s0	bakb_Polyrhachis_s0	0
bakb_Goniomma_s0	bakb_Echinopla_s0	0
bakb_Goniomma_s0	bakb_Oecophylla_s0	0
bakb_Goniomma_s0	bakb_Formica_s0	0
bakb_Goniomma_s0	bakb_Cataglyphis_s0	0
bakb_Goniomma_s0	bakb_Stigmacros_s0	0
bakb_Goniomma_s0	bakb_Pseudomyrmex_s0	0
bakb_Goniomma_s0	bakb_Anonychomyrma_s0	0
bakb_Goniomma_s0	bakb_Froggattella_s0	0
bakb_Goniomma_s0	bakb_Dorymyrmex_s0	0
bakb_Goniomma_s0	bakb_Technomyrmex_s0	0
bakb_Goniomma_s0	bakb_Cheliomyrmex_s0	0
bakb_Goniomma_s0	bakb_Dinoponera_s0	0
bakb_Goniomma_s0	bakb_Adetomyrma_s0	0
bakb_Goniomma_s0	bakb_Onychomyrmex_s0	0
bakb_Goniomma_s0	brach_Brachymyrmex_s1	0
bakb_Goniomma_s0	cata_Cataglyphis_s1	0
bakb_Goniomma_s0	ceph_Cephalotes_s1	0
bakb_Goniomma_s0	ceph_Cephalotes_s2	0
bakb_Goniomma_s0	crea_Crematogaster_s1	0
bakb_Goniomma_s0	crea_Crematogaster_s2	0
bakb_Goniomma_s0	cren_Crematogaster_s1	0
bakb_Goniomma_s0	cres_Crematogaster_s0	0
bakb_Goniomma_s0	cret_Crematogaster_s1	0
bakb_Goniomma_s0	cret_Crematogaster_s2	0
bakb_Goniomma_s0	doli_Technomyrmex_s1	0
bakb_Goniomma_s0	doli_Bothriomyrmex_s1	0
bakb_Goniomma_s0	doli_Azteca_s1	0
bakb_Goniomma_s0	doli_Linepithema_s0	0
bakb_Goniomma_s0	doli_Anonychomyrma_s1	0
bakb_Goniomma_s0	doli_Froggattella_s0	0
bakb_Goniomma_s0	dory_Acanthostichus_s0	0
bakb_Goniomma_s0	dory_Eciton_s1	0
bakb_Goniomma_s0	dory_Dorylus_s2	0
bakb_Goniomma_s0	dory_Dorylus_s3	0
bakb_Goniomma_s0	dory_Ooceraea_s1	0
bakb_Goniomma_s0	dory_Parasyscia_s1	0
bakb_Goniomma_s0	ecta_Poneracantha_s1	0
bakb_Goniomma_s0	fori_Formica_s1	0
bakb_Goniomma_s0	fori_Acropyga_s0	0
bakb_Goniomma_s0	fori_Tapinolepis_s0	0
bakb_Goniomma_s0	fori_Calomyrmex_s1	0
bakb_Goniomma_s0	fori_Camponotus_s1	0
bakb_Goniomma_s0	fori_Camponotus_s3	0
bakb_Goniomma_s0	fori_Camponotus_s4	0
bakb_Goniomma_s0	fori_Colobopsis_s1	0
bakb_Goniomma_s0	fori_Oecophylla_s1	0
bakb_Goniomma_s0	fori_Lasius_s1	0
bakb_Goniomma_s0	form_Formica_s1	0
bakb_Goniomma_s0	lasi_Myrmecocystus_s1	0
bakb_Goniomma_s0	lasi_Paraparatrechina_s1	0
bakb_Goniomma_s0	lasi_Nylanderia_s2	0
bakb_Goniomma_s0	lasi_Nylanderia_s3	0
bakb_Goniomma_s0	lasi2_Lasius_s0	0
bakb_Goniomma_s0	lasi2_Nylanderia_s1	0
bakb_Goniomma_s0	lasi2_Nylanderia_s5	0
bakb_Goniomma_s0	lasi2_Nylanderia_s6	0
bakb_Goniomma_s0	lasi2_Nylanderia_s7	0
bakb_Goniomma_s0	lasi2_Nylanderia_s8	0
bakb_Goniomma_s0	lasi2_Nylanderia_s9	0
bakb_Goniomma_s0	melo_s0	0
bakb_Goniomma_s0	mycr_Mycocepurus_s0	0
bakb_Goniomma_s0	mycr_Myrmicocrypta_s1	0
bakb_Goniomma_s0	mymi_Myrmica_s13	0
bakb_Goniomma_s0	mymi_Myrmica_s14	0
bakb_Goniomma_s0	mymi_Myrmica_s3	0
bakb_Goniomma_s0	mymi_Myrmica_s7	0
bakb_Goniomma_s0	mymi_Myrmica_s8	0
bakb_Goniomma_s0	mymi_Myrmica_s9	0
bakb_Goniomma_s0	mymi_Myrmica_s11	0
bakb_Goniomma_s0	mymi_Myrmica_s12	0
bakb_Goniomma_s0	myre_Myrmecia_s1	0
bakb_Goniomma_s0	myre_Myrmecia_s2	0
bakb_Goniomma_s0	myre_Myrmecia_s3	0
bakb_Goniomma_s0	myre_Myrmecia_s5	0
bakb_Goniomma_s0	myre_Myrmecia_s6	0
bakb_Goniomma_s0	myre_Myrmecia_s7	0
bakb_Goniomma_s0	myrm_Myrmica_s1	0
bakb_Goniomma_s0	myrm_Myrmica_s2	0
bakb_Goniomma_s0	myrm_Pogonomyrmex_s1	0
bakb_Goniomma_s0	myrm_Pogonomyrmex_s2	0
bakb_Goniomma_s0	myrm_Monomorium_s0	0
bakb_Goniomma_s0	myrm_Cyphomyrmex_s0	0
bakb_Goniomma_s0	myrm_Basiceros_s0	0
bakb_Goniomma_s0	myrm_Pheidole_s1	0
bakb_Goniomma_s0	myrm_Ocymyrmex_s0	0
bakb_Goniomma_s0	myrm_Nesomyrmex_s0	0
bakb_Goniomma_s0	myrm_Cataulacus_s0	0
bakb_Goniomma_s0	myrm_Carebara_s0	0
bakb_Goniomma_s0	myrm_Cyphoidris_s0	0
bakb_Goniomma_s0	myrm_Tetramorium_s0	0
bakb_Goniomma_s0	myrm_Crematogaster_s1	0
bakb_Goniomma_s0	myrm_Adlerzia_s0	0
bakb_Goniomma_s0	myrm_Pristomyrmex_s0	0
bakb_Goniomma_s0	myrm_Poecilomyrma_s0	0
bakb_Goniomma_s0	myrm_Vombisidris_s0	0
bakb_Goniomma_s0	myrm_Harpagoxenus_s0	0
bakb_Goniomma_s0	ocym_Ocymyrmex_s1	0
bakb_Goniomma_s0	pogo_Pogonomyrmex_s1	0
bakb_Goniomma_s0	pogo_Pogonomyrmex_s2	0
bakb_Goniomma_s0	pogo_Pogonomyrmex_s3	0
bakb_Goniomma_s0	pogo_Pogonomyrmex_s4	0
bakb_Goniomma_s0	pseu2_Pseudomyrmex_s1	0
bakb_Goniomma_s0	seco_Dilobocondyla_s0	0
bakb_Goniomma_s0	seri_Sericomyrmex_s1	0
bakb_Goniomma_s0	sten_Novomessor_s0	0
bakb_Goniomma_s0	tapi_Tapinoma_s0	0
bakb_Goniomma_s0	temn_Temnothorax_s1	0
bakb_Goniomma_s0	temn_Temnothorax_s3	0
bakb_Goniomma_s0	temn_Temnothorax_s5	0
bakb_Goniomma_s0	temn_Temnothorax_s7	0
bakb_Goniomma_s0	temn_Temnothorax_s8	0
bakb_Goniomma_s0	vero_Veromessor_s1	0
bakb_Goniomma_s0	vero_Veromessor_s2	0
bakb_Zatania_s0	bakb_Opisthopsis_s0	0
bakb_Zatania_s0	bakb_Polyrhachis_s0	0
bakb_Zatania_s0	bakb_Echinopla_s0	0
bakb_Zatania_s0	bakb_Oecophylla_s0	0
bakb_Zatania_s0	bakb_Formica_s0	0
bakb_Zatania_s0	bakb_Cataglyphis_s0	0
bakb_Zatania_s0	bakb_Stigmacros_s0	0
bakb_Zatania_s0	bakb_Pseudomyrmex_s0	0
bakb_Zatania_s0	bakb_Anonychomyrma_s0	0
bakb_Zatania_s0	bakb_Froggattella_s0	0
bakb_Zatania_s0	bakb_Dorymyrmex_s0	0
bakb_Zatania_s0	bakb_Technomyrmex_s0	0
bakb_Zatania_s0	bakb_Cheliomyrmex_s0	0
bakb_Zatania_s0	bakb_Dinoponera_s0	0
bakb_Zatania_s0	bakb_Adetomyrma_s0	0
bakb_Zatania_s0	bakb_Onychomyrmex_s0	0
bakb_Zatania_s0	brach_Brachymyrmex_s1	0
bakb_Zatania_s0	cata_Cataglyphis_s1	0
bakb_Zatania_s0	ceph_Cephalotes_s1	0
bakb_Zatania_s0	ceph_Cephalotes_s2	0
bakb_Zatania_s0	crea_Crematogaster_s1	0
bakb_Zatania_s0	crea_Crematogaster_s2	0
bakb_Zatania_s0	cren_Crematogaster_s1	0
bakb_Zatania_s0	cres_Crematogaster_s0	0
bakb_Zatania_s0	cret_Crematogaster_s1	0
bakb_Zatania_s0	cret_Crematogaster_s2	0
bakb_Zatania_s0	doli_Technomyrmex_s1	0
bakb_Zatania_s0	doli_Bothriomyrmex_s1	0
bakb_Zatania_s0	doli_Azteca_s1	0
bakb_Zatania_s0	doli_Linepithema_s0	0
bakb_Zatania_s0	doli_Anonychomyrma_s1	0
bakb_Zatania_s0	doli_Froggattella_s0	0
bakb_Zatania_s0	dory_Acanthostichus_s0	0
bakb_Zatania_s0	dory_Eciton_s1	0
bakb_Zatania_s0	dory_Dorylus_s2	0
bakb_Zatania_s0	dory_Dorylus_s3	0
bakb_Zatania_s0	dory_Ooceraea_s1	0
bakb_Zatania_s0	dory_Parasyscia_s1	0
bakb_Zatania_s0	ecta_Poneracantha_s1	0
bakb_Zatania_s0	fori_Formica_s1	0
bakb_Zatania_s0	fori_Acropyga_s0	0
bakb_Zatania_s0	fori_Tapinolepis_s0	0
bakb_Zatania_s0	fori_Calomyrmex_s1	0
bakb_Zatania_s0	fori_Camponotus_s1	0
bakb_Zatania_s0	fori_Camponotus_s3	0
bakb_Zatania_s0	fori_Camponotus_s4	0
bakb_Zatania_s0	fori_Colobopsis_s1	0
bakb_Zatania_s0	fori_Oecophylla_s1	0
bakb_Zatania_s0	fori_Lasius_s1	1
bakb_Zatania_s0	form_Formica_s1	0
bakb_Zatania_s0	lasi_Myrmecocystus_s1	1
bakb_Zatania_s0	lasi_Paraparatrechina_s1	0
bakb_Zatania_s0	lasi_Nylanderia_s2	0
bakb_Zatania_s0	lasi_Nylanderia_s3	0
bakb_Zatania_s0	lasi2_Lasius_s0	1
bakb_Zatania_s0	lasi2_Nylanderia_s1	0
bakb_Zatania_s0	lasi2_Nylanderia_s5	0
bakb_Zatania_s0	lasi2_Nylanderia_s6	0
bakb_Zatania_s0	lasi2_Nylanderia_s7	0
bakb_Zatania_s0	lasi2_Nylanderia_s8	0
bakb_Zatania_s0	lasi2_Nylanderia_s9	0
bakb_Zatania_s0	melo_s0	0
bakb_Zatania_s0	mycr_Mycocepurus_s0	0
bakb_Zatania_s0	mycr_Myrmicocrypta_s1	0
bakb_Zatania_s0	mymi_Myrmica_s13	0
bakb_Zatania_s0	mymi_Myrmica_s14	0
bakb_Zatania_s0	mymi_Myrmica_s3	0
bakb_Zatania_s0	mymi_Myrmica_s7	0
bakb_Zatania_s0	mymi_Myrmica_s8	0
bakb_Zatania_s0	mymi_Myrmica_s9	0
bakb_Zatania_s0	mymi_Myrmica_s11	0
bakb_Zatania_s0	mymi_Myrmica_s12	0
bakb_Zatania_s0	myre_Myrmecia_s1	0
bakb_Zatania_s0	myre_Myrmecia_s2	0
bakb_Zatania_s0	myre_Myrmecia_s3	0
bakb_Zatania_s0	myre_Myrmecia_s5	0
bakb_Zatania_s0	myre_Myrmecia_s6	0
bakb_Zatania_s0	myre_Myrmecia_s7	0
bakb_Zatania_s0	myrm_Myrmica_s1	0
bakb_Zatania_s0	myrm_Myrmica_s2	0
bakb_Zatania_s0	myrm_Pogonomyrmex_s1	0
bakb_Zatania_s0	myrm_Pogonomyrmex_s2	0
bakb_Zatania_s0	myrm_Monomorium_s0	0
bakb_Zatania_s0	myrm_Cyphomyrmex_s0	0
bakb_Zatania_s0	myrm_Basiceros_s0	0
bakb_Zatania_s0	myrm_Pheidole_s1	0
bakb_Zatania_s0	myrm_Ocymyrmex_s0	0
bakb_Zatania_s0	myrm_Nesomyrmex_s0	0
bakb_Zatania_s0	myrm_Cataulacus_s0	0
bakb_Zatania_s0	myrm_Carebara_s0	0
bakb_Zatania_s0	myrm_Cyphoidris_s0	0
bakb_Zatania_s0	myrm_Tetramorium_s0	0
bakb_Zatania_s0	myrm_Crematogaster_s1	0
bakb_Zatania_s0	myrm_Adlerzia_s0	0
bakb_Zatania_s0	myrm_Pristomyrmex_s0	0
bakb_Zatania_s0	myrm_Poecilomyrma_s0	0
bakb_Zatania_s0	myrm_Vombisidris_s0	0
bakb_Zatania_s0	myrm_Harpagoxenus_s0	0
bakb_Zatania_s0	ocym_Ocymyrmex_s1	0
bakb_Zatania_s0	pogo_Pogonomyrmex_s1	0
bakb_Zatania_s0	pogo_Pogonomyrmex_s2	0
bakb_Zatania_s0	pogo_Pogonomyrmex_s3	0
bakb_Zatania_s0	pogo_Pogonomyrmex_s4	0
bakb_Zatania_s0	pseu2_Pseudomyrmex_s1	0
bakb_Zatania_s0	seco_Dilobocondyla_s0	0
bakb_Zatania_s0	seri_Sericomyrmex_s1	0
bakb_Zatania_s0	sten_Novomessor_s0	0
bakb_Zatania_s0	tapi_Tapinoma_s0	0
bakb_Zatania_s0	temn_Temnothorax_s1	0
bakb_Zatania_s0	temn_Temnothorax_s3	0
bakb_Zatania_s0	temn_Temnothorax_s5	0
bakb_Zatania_s0	temn_Temnothorax_s7	0
bakb_Zatania_s0	temn_Temnothorax_s8	0
bakb_Zatania_s0	vero_Veromessor_s1	0
bakb_Zatania_s0	vero_Veromessor_s2	0
bakb_Opisthopsis_s0	bakb_Polyrhachis_s0	0
bakb_Opisthopsis_s0	bakb_Echinopla_s0	0
bakb_Opisthopsis_s0	bakb_Oecophylla_s0	0
bakb_Opisthopsis_s0	bakb_Formica_s0	0
bakb_Opisthopsis_s0	bakb_Cataglyphis_s0	0
bakb_Opisthopsis_s0	bakb_Stigmacros_s0	0
bakb_Opisthopsis_s0	bakb_Pseudomyrmex_s0	0
bakb_Opisthopsis_s0	bakb_Anonychomyrma_s0	0
bakb_Opisthopsis_s0	bakb_Froggattella_s0	0
bakb_Opisthopsis_s0	bakb_Dorymyrmex_s0	0
bakb_Opisthopsis_s0	bakb_Technomyrmex_s0	0
bakb_Opisthopsis_s0	bakb_Cheliomyrmex_s0	0
bakb_Opisthopsis_s0	bakb_Dinoponera_s0	0
bakb_Opisthopsis_s0	bakb_Adetomyrma_s0	0
bakb_Opisthopsis_s0	bakb_Onychomyrmex_s0	0
bakb_Opisthopsis_s0	brach_Brachymyrmex_s1	0
bakb_Opisthopsis_s0	cata_Cataglyphis_s1	0
bakb_Opisthopsis_s0	ceph_Cephalotes_s1	0
bakb_Opisthopsis_s0	ceph_Cephalotes_s2	0
bakb_Opisthopsis_s0	crea_Crematogaster_s1	0
bakb_Opisthopsis_s0	crea_Crematogaster_s2	0
bakb_Opisthopsis_s0	cren_Crematogaster_s1	0
bakb_Opisthopsis_s0	cres_Crematogaster_s0	0
bakb_Opisthopsis_s0	cret_Crematogaster_s1	0
bakb_Opisthopsis_s0	cret_Crematogaster_s2	0
bakb_Opisthopsis_s0	doli_Technomyrmex_s1	0
bakb_Opisthopsis_s0	doli_Bothriomyrmex_s1	0
bakb_Opisthopsis_s0	doli_Azteca_s1	0
bakb_Opisthopsis_s0	doli_Linepithema_s0	0
bakb_Opisthopsis_s0	doli_Anonychomyrma_s1	0
bakb_Opisthopsis_s0	doli_Froggattella_s0	0
bakb_Opisthopsis_s0	dory_Acanthostichus_s0	0
bakb_Opisthopsis_s0	dory_Eciton_s1	0
bakb_Opisthopsis_s0	dory_Dorylus_s2	0
bakb_Opisthopsis_s0	dory_Dorylus_s3	0
bakb_Opisthopsis_s0	dory_Ooceraea_s1	0
bakb_Opisthopsis_s0	dory_Parasyscia_s1	0
bakb_Opisthopsis_s0	ecta_Poneracantha_s1	0
bakb_Opisthopsis_s0	fori_Formica_s1	1
bakb_Opisthopsis_s0	fori_Acropyga_s0	0
bakb_Opisthopsis_s0	fori_Tapinolepis_s0	0
bakb_Opisthopsis_s0	fori_Calomyrmex_s1	0
bakb_Opisthopsis_s0	fori_Camponotus_s1	0
bakb_Opisthopsis_s0	fori_Camponotus_s3	0
bakb_Opisthopsis_s0	fori_Camponotus_s4	0
bakb_Opisthopsis_s0	fori_Colobopsis_s1	0
bakb_Opisthopsis_s0	fori_Oecophylla_s1	1
bakb_Opisthopsis_s0	fori_Lasius_s1	0
bakb_Opisthopsis_s0	form_Formica_s1	0
bakb_Opisthopsis_s0	lasi_Myrmecocystus_s1	0
bakb_Opisthopsis_s0	lasi_Paraparatrechina_s1	0
bakb_Opisthopsis_s0	lasi_Nylanderia_s2	0
bakb_Opisthopsis_s0	lasi_Nylanderia_s3	0
bakb_Opisthopsis_s0	lasi2_Lasius_s0	0
bakb_Opisthopsis_s0	lasi2_Nylanderia_s1	0
bakb_Opisthopsis_s0	lasi2_Nylanderia_s5	0
bakb_Opisthopsis_s0	lasi2_Nylanderia_s6	0
bakb_Opisthopsis_s0	lasi2_Nylanderia_s7	0
bakb_Opisthopsis_s0	lasi2_Nylanderia_s8	0
bakb_Opisthopsis_s0	lasi2_Nylanderia_s9	0
bakb_Opisthopsis_s0	melo_s0	0
bakb_Opisthopsis_s0	mycr_Mycocepurus_s0	0
bakb_Opisthopsis_s0	mycr_Myrmicocrypta_s1	0
bakb_Opisthopsis_s0	mymi_Myrmica_s13	0
bakb_Opisthopsis_s0	mymi_Myrmica_s14	0
bakb_Opisthopsis_s0	mymi_Myrmica_s3	0
bakb_Opisthopsis_s0	mymi_Myrmica_s7	0
bakb_Opisthopsis_s0	mymi_Myrmica_s8	0
bakb_Opisthopsis_s0	mymi_Myrmica_s9	0
bakb_Opisthopsis_s0	mymi_Myrmica_s11	0
bakb_Opisthopsis_s0	mymi_Myrmica_s12	0
bakb_Opisthopsis_s0	myre_Myrmecia_s1	0
bakb_Opisthopsis_s0	myre_Myrmecia_s2	0
bakb_Opisthopsis_s0	myre_Myrmecia_s3	0
bakb_Opisthopsis_s0	myre_Myrmecia_s5	0
bakb_Opisthopsis_s0	myre_Myrmecia_s6	0
bakb_Opisthopsis_s0	myre_Myrmecia_s7	0
bakb_Opisthopsis_s0	myrm_Myrmica_s1	0
bakb_Opisthopsis_s0	myrm_Myrmica_s2	0
bakb_Opisthopsis_s0	myrm_Pogonomyrmex_s1	0
bakb_Opisthopsis_s0	myrm_Pogonomyrmex_s2	0
bakb_Opisthopsis_s0	myrm_Monomorium_s0	0
bakb_Opisthopsis_s0	myrm_Cyphomyrmex_s0	0
bakb_Opisthopsis_s0	myrm_Basiceros_s0	0
bakb_Opisthopsis_s0	myrm_Pheidole_s1	0
bakb_Opisthopsis_s0	myrm_Ocymyrmex_s0	0
bakb_Opisthopsis_s0	myrm_Nesomyrmex_s0	0
bakb_Opisthopsis_s0	myrm_Cataulacus_s0	0
bakb_Opisthopsis_s0	myrm_Carebara_s0	0
bakb_Opisthopsis_s0	myrm_Cyphoidris_s0	0
bakb_Opisthopsis_s0	myrm_Tetramorium_s0	0
bakb_Opisthopsis_s0	myrm_Crematogaster_s1	0
bakb_Opisthopsis_s0	myrm_Adlerzia_s0	0
bakb_Opisthopsis_s0	myrm_Pristomyrmex_s0	0
bakb_Opisthopsis_s0	myrm_Poecilomyrma_s0	0
bakb_Opisthopsis_s0	myrm_Vombisidris_s0	0
bakb_Opisthopsis_s0	myrm_Harpagoxenus_s0	0
bakb_Opisthopsis_s0	ocym_Ocymyrmex_s1	0
bakb_Opisthopsis_s0	pogo_Pogonomyrmex_s1	0
bakb_Opisthopsis_s0	pogo_Pogonomyrmex_s2	0
bakb_Opisthopsis_s0	pogo_Pogonomyrmex_s3	0
bakb_Opisthopsis_s0	pogo_Pogonomyrmex_s4	0
bakb_Opisthopsis_s0	pseu2_Pseudomyrmex_s1	0
bakb_Opisthopsis_s0	seco_Dilobocondyla_s0	0
bakb_Opisthopsis_s0	seri_Sericomyrmex_s1	0
bakb_Opisthopsis_s0	sten_Novomessor_s0	0
bakb_Opisthopsis_s0	tapi_Tapinoma_s0	0
bakb_Opisthopsis_s0	temn_Temnothorax_s1	0
bakb_Opisthopsis_s0	temn_Temnothorax_s3	0
bakb_Opisthopsis_s0	temn_Temnothorax_s5	0
bakb_Opisthopsis_s0	temn_Temnothorax_s7	0
bakb_Opisthopsis_s0	temn_Temnothorax_s8	0
bakb_Opisthopsis_s0	vero_Veromessor_s1	0
bakb_Opisthopsis_s0	vero_Veromessor_s2	0
bakb_Polyrhachis_s0	bakb_Echinopla_s0	0
bakb_Polyrhachis_s0	bakb_Oecophylla_s0	0
bakb_Polyrhachis_s0	bakb_Formica_s0	0
bakb_Polyrhachis_s0	bakb_Cataglyphis_s0	0
bakb_Polyrhachis_s0	bakb_Stigmacros_s0	0
bakb_Polyrhachis_s0	bakb_Pseudomyrmex_s0	0
bakb_Polyrhachis_s0	bakb_Anonychomyrma_s0	0
bakb_Polyrhachis_s0	bakb_Froggattella_s0	0
bakb_Polyrhachis_s0	bakb_Dorymyrmex_s0	0
bakb_Polyrhachis_s0	bakb_Technomyrmex_s0	0
bakb_Polyrhachis_s0	bakb_Cheliomyrmex_s0	0
bakb_Polyrhachis_s0	bakb_Dinoponera_s0	0
bakb_Polyrhachis_s0	bakb_Adetomyrma_s0	0
bakb_Polyrhachis_s0	bakb_Onychomyrmex_s0	0
bakb_Polyrhachis_s0	brach_Brachymyrmex_s1	0
bakb_Polyrhachis_s0	cata_Cataglyphis_s1	0
bakb_Polyrhachis_s0	ceph_Cephalotes_s1	0
bakb_Polyrhachis_s0	ceph_Cephalotes_s2	0
bakb_Polyrhachis_s0	crea_Crematogaster_s1	0
bakb_Polyrhachis_s0	crea_Crematogaster_s2	0
bakb_Polyrhachis_s0	cren_Crematogaster_s1	0
bakb_Polyrhachis_s0	cres_Crematogaster_s0	0
bakb_Polyrhachis_s0	cret_Crematogaster_s1	0
bakb_Polyrhachis_s0	cret_Crematogaster_s2	0
bakb_Polyrhachis_s0	doli_Technomyrmex_s1	0
bakb_Polyrhachis_s0	doli_Bothriomyrmex_s1	0
bakb_Polyrhachis_s0	doli_Azteca_s1	0
bakb_Polyrhachis_s0	doli_Linepithema_s0	0
bakb_Polyrhachis_s0	doli_Anonychomyrma_s1	0
bakb_Polyrhachis_s0	doli_Froggattella_s0	0
bakb_Polyrhachis_s0	dory_Acanthostichus_s0	0
bakb_Polyrhachis_s0	dory_Eciton_s1	0
bakb_Polyrhachis_s0	dory_Dorylus_s2	0
bakb_Polyrhachis_s0	dory_Dorylus_s3	0
bakb_Polyrhachis_s0	dory_Ooceraea_s1	0
bakb_Polyrhachis_s0	dory_Parasyscia_s1	0
bakb_Polyrhachis_s0	ecta_Poneracantha_s1	0
bakb_Polyrhachis_s0	fori_Formica_s1	0
bakb_Polyrhachis_s0	fori_Acropyga_s0	0
bakb_Polyrhachis_s0	fori_Tapinolepis_s0	0
bakb_Polyrhachis_s0	fori_Calomyrmex_s1	0
bakb_Polyrhachis_s0	fori_Camponotus_s1	0
bakb_Polyrhachis_s0	fori_Camponotus_s3	0
bakb_Polyrhachis_s0	fori_Camponotus_s4	0
bakb_Polyrhachis_s0	fori_Colobopsis_s1	0
bakb_Polyrhachis_s0	fori_Oecophylla_s1	0
bakb_Polyrhachis_s0	fori_Lasius_s1	0
bakb_Polyrhachis_s0	form_Formica_s1	0
bakb_Polyrhachis_s0	lasi_Myrmecocystus_s1	0
bakb_Polyrhachis_s0	lasi_Paraparatrechina_s1	0
bakb_Polyrhachis_s0	lasi_Nylanderia_s2	0
bakb_Polyrhachis_s0	lasi_Nylanderia_s3	0
bakb_Polyrhachis_s0	lasi2_Lasius_s0	0
bakb_Polyrhachis_s0	lasi2_Nylanderia_s1	0
bakb_Polyrhachis_s0	lasi2_Nylanderia_s5	0
bakb_Polyrhachis_s0	lasi2_Nylanderia_s6	0
bakb_Polyrhachis_s0	lasi2_Nylanderia_s7	0
bakb_Polyrhachis_s0	lasi2_Nylanderia_s8	0
bakb_Polyrhachis_s0	lasi2_Nylanderia_s9	0
bakb_Polyrhachis_s0	melo_s0	0
bakb_Polyrhachis_s0	mycr_Mycocepurus_s0	0
bakb_Polyrhachis_s0	mycr_Myrmicocrypta_s1	0
bakb_Polyrhachis_s0	mymi_Myrmica_s13	0
bakb_Polyrhachis_s0	mymi_Myrmica_s14	0
bakb_Polyrhachis_s0	mymi_Myrmica_s3	0
bakb_Polyrhachis_s0	mymi_Myrmica_s7	0
bakb_Polyrhachis_s0	mymi_Myrmica_s8	0
bakb_Polyrhachis_s0	mymi_Myrmica_s9	0
bakb_Polyrhachis_s0	mymi_Myrmica_s11	0
bakb_Polyrhachis_s0	mymi_Myrmica_s12	0
bakb_Polyrhachis_s0	myre_Myrmecia_s1	0
bakb_Polyrhachis_s0	myre_Myrmecia_s2	0
bakb_Polyrhachis_s0	myre_Myrmecia_s3	0
bakb_Polyrhachis_s0	myre_Myrmecia_s5	0
bakb_Polyrhachis_s0	myre_Myrmecia_s6	0
bakb_Polyrhachis_s0	myre_Myrmecia_s7	0
bakb_Polyrhachis_s0	myrm_Myrmica_s1	0
bakb_Polyrhachis_s0	myrm_Myrmica_s2	0
bakb_Polyrhachis_s0	myrm_Pogonomyrmex_s1	0
bakb_Polyrhachis_s0	myrm_Pogonomyrmex_s2	0
bakb_Polyrhachis_s0	myrm_Monomorium_s0	0
bakb_Polyrhachis_s0	myrm_Cyphomyrmex_s0	0
bakb_Polyrhachis_s0	myrm_Basiceros_s0	0
bakb_Polyrhachis_s0	myrm_Pheidole_s1	0
bakb_Polyrhachis_s0	myrm_Ocymyrmex_s0	0
bakb_Polyrhachis_s0	myrm_Nesomyrmex_s0	0
bakb_Polyrhachis_s0	myrm_Cataulacus_s0	0
bakb_Polyrhachis_s0	myrm_Carebara_s0	0
bakb_Polyrhachis_s0	myrm_Cyphoidris_s0	0
bakb_Polyrhachis_s0	myrm_Tetramorium_s0	0
bakb_Polyrhachis_s0	myrm_Crematogaster_s1	0
bakb_Polyrhachis_s0	myrm_Adlerzia_s0	0
bakb_Polyrhachis_s0	myrm_Pristomyrmex_s0	0
bakb_Polyrhachis_s0	myrm_Poecilomyrma_s0	0
bakb_Polyrhachis_s0	myrm_Vombisidris_s0	0
bakb_Polyrhachis_s0	myrm_Harpagoxenus_s0	0
bakb_Polyrhachis_s0	ocym_Ocymyrmex_s1	0
bakb_Polyrhachis_s0	pogo_Pogonomyrmex_s1	0
bakb_Polyrhachis_s0	pogo_Pogonomyrmex_s2	0
bakb_Polyrhachis_s0	pogo_Pogonomyrmex_s3	0
bakb_Polyrhachis_s0	pogo_Pogonomyrmex_s4	0
bakb_Polyrhachis_s0	pseu2_Pseudomyrmex_s1	0
bakb_Polyrhachis_s0	seco_Dilobocondyla_s0	0
bakb_Polyrhachis_s0	seri_Sericomyrmex_s1	0
bakb_Polyrhachis_s0	sten_Novomessor_s0	0
bakb_Polyrhachis_s0	tapi_Tapinoma_s0	0
bakb_Polyrhachis_s0	temn_Temnothorax_s1	0
bakb_Polyrhachis_s0	temn_Temnothorax_s3	0
bakb_Polyrhachis_s0	temn_Temnothorax_s5	0
bakb_Polyrhachis_s0	temn_Temnothorax_s7	0
bakb_Polyrhachis_s0	temn_Temnothorax_s8	0
bakb_Polyrhachis_s0	vero_Veromessor_s1	0
bakb_Polyrhachis_s0	vero_Veromessor_s2	0
bakb_Echinopla_s0	bakb_Oecophylla_s0	0
bakb_Echinopla_s0	bakb_Formica_s0	0
bakb_Echinopla_s0	bakb_Cataglyphis_s0	0
bakb_Echinopla_s0	bakb_Stigmacros_s0	0
bakb_Echinopla_s0	bakb_Pseudomyrmex_s0	0
bakb_Echinopla_s0	bakb_Anonychomyrma_s0	0
bakb_Echinopla_s0	bakb_Froggattella_s0	0
bakb_Echinopla_s0	bakb_Dorymyrmex_s0	0
bakb_Echinopla_s0	bakb_Technomyrmex_s0	0
bakb_Echinopla_s0	bakb_Cheliomyrmex_s0	0
bakb_Echinopla_s0	bakb_Dinoponera_s0	0
bakb_Echinopla_s0	bakb_Adetomyrma_s0	0
bakb_Echinopla_s0	bakb_Onychomyrmex_s0	0
bakb_Echinopla_s0	brach_Brachymyrmex_s1	0
bakb_Echinopla_s0	cata_Cataglyphis_s1	0
bakb_Echinopla_s0	ceph_Cephalotes_s1	0
bakb_Echinopla_s0	ceph_Cephalotes_s2	0
bakb_Echinopla_s0	crea_Crematogaster_s1	0
bakb_Echinopla_s0	crea_Crematogaster_s2	0
bakb_Echinopla_s0	cren_Crematogaster_s1	0
bakb_Echinopla_s0	cres_Crematogaster_s0	0
bakb_Echinopla_s0	cret_Crematogaster_s1	0
bakb_Echinopla_s0	cret_Crematogaster_s2	0
bakb_Echinopla_s0	doli_Technomyrmex_s1	0
bakb_Echinopla_s0	doli_Bothriomyrmex_s1	0
bakb_Echinopla_s0	doli_Azteca_s1	0
bakb_Echinopla_s0	doli_Linepithema_s0	0
bakb_Echinopla_s0	doli_Anonychomyrma_s1	0
bakb_Echinopla_s0	doli_Froggattella_s0	0
bakb_Echinopla_s0	dory_Acanthostichus_s0	0
bakb_Echinopla_s0	dory_Eciton_s1	0
bakb_Echinopla_s0	dory_Dorylus_s2	0
bakb_Echinopla_s0	dory_Dorylus_s3	0
bakb_Echinopla_s0	dory_Ooceraea_s1	0
bakb_Echinopla_s0	dory_Parasyscia_s1	0
bakb_Echinopla_s0	ecta_Poneracantha_s1	0
bakb_Echinopla_s0	fori_Formica_s1	0
bakb_Echinopla_s0	fori_Acropyga_s0	0
bakb_Echinopla_s0	fori_Tapinolepis_s0	0
bakb_Echinopla_s0	fori_Calomyrmex_s1	0
bakb_Echinopla_s0	fori_Camponotus_s1	0
bakb_Echinopla_s0	fori_Camponotus_s3	0
bakb_Echinopla_s0	fori_Camponotus_s4	0
bakb_Echinopla_s0	fori_Colobopsis_s1	0
bakb_Echinopla_s0	fori_Oecophylla_s1	0
bakb_Echinopla_s0	fori_Lasius_s1	0
bakb_Echinopla_s0	form_Formica_s1	0
bakb_Echinopla_s0	lasi_Myrmecocystus_s1	0
bakb_Echinopla_s0	lasi_Paraparatrechina_s1	0
bakb_Echinopla_s0	lasi_Nylanderia_s2	0
bakb_Echinopla_s0	lasi_Nylanderia_s3	0
bakb_Echinopla_s0	lasi2_Lasius_s0	0
bakb_Echinopla_s0	lasi2_Nylanderia_s1	0
bakb_Echinopla_s0	lasi2_Nylanderia_s5	0
bakb_Echinopla_s0	lasi2_Nylanderia_s6	0
bakb_Echinopla_s0	lasi2_Nylanderia_s7	0
bakb_Echinopla_s0	lasi2_Nylanderia_s8	0
bakb_Echinopla_s0	lasi2_Nylanderia_s9	0
bakb_Echinopla_s0	melo_s0	0
bakb_Echinopla_s0	mycr_Mycocepurus_s0	0
bakb_Echinopla_s0	mycr_Myrmicocrypta_s1	0
bakb_Echinopla_s0	mymi_Myrmica_s13	0
bakb_Echinopla_s0	mymi_Myrmica_s14	0
bakb_Echinopla_s0	mymi_Myrmica_s3	0
bakb_Echinopla_s0	mymi_Myrmica_s7	0
bakb_Echinopla_s0	mymi_Myrmica_s8	0
bakb_Echinopla_s0	mymi_Myrmica_s9	0
bakb_Echinopla_s0	mymi_Myrmica_s11	0
bakb_Echinopla_s0	mymi_Myrmica_s12	0
bakb_Echinopla_s0	myre_Myrmecia_s1	0
bakb_Echinopla_s0	myre_Myrmecia_s2	0
bakb_Echinopla_s0	myre_Myrmecia_s3	0
bakb_Echinopla_s0	myre_Myrmecia_s5	0
bakb_Echinopla_s0	myre_Myrmecia_s6	0
bakb_Echinopla_s0	myre_Myrmecia_s7	0
bakb_Echinopla_s0	myrm_Myrmica_s1	0
bakb_Echinopla_s0	myrm_Myrmica_s2	0
bakb_Echinopla_s0	myrm_Pogonomyrmex_s1	0
bakb_Echinopla_s0	myrm_Pogonomyrmex_s2	0
bakb_Echinopla_s0	myrm_Monomorium_s0	0
bakb_Echinopla_s0	myrm_Cyphomyrmex_s0	0
bakb_Echinopla_s0	myrm_Basiceros_s0	0
bakb_Echinopla_s0	myrm_Pheidole_s1	0
bakb_Echinopla_s0	myrm_Ocymyrmex_s0	0
bakb_Echinopla_s0	myrm_Nesomyrmex_s0	0
bakb_Echinopla_s0	myrm_Cataulacus_s0	0
bakb_Echinopla_s0	myrm_Carebara_s0	0
bakb_Echinopla_s0	myrm_Cyphoidris_s0	0
bakb_Echinopla_s0	myrm_Tetramorium_s0	0
bakb_Echinopla_s0	myrm_Crematogaster_s1	0
bakb_Echinopla_s0	myrm_Adlerzia_s0	0
bakb_Echinopla_s0	myrm_Pristomyrmex_s0	0
bakb_Echinopla_s0	myrm_Poecilomyrma_s0	0
bakb_Echinopla_s0	myrm_Vombisidris_s0	0
bakb_Echinopla_s0	myrm_Harpagoxenus_s0	0
bakb_Echinopla_s0	ocym_Ocymyrmex_s1	0
bakb_Echinopla_s0	pogo_Pogonomyrmex_s1	0
bakb_Echinopla_s0	pogo_Pogonomyrmex_s2	0
bakb_Echinopla_s0	pogo_Pogonomyrmex_s3	0
bakb_Echinopla_s0	pogo_Pogonomyrmex_s4	0
bakb_Echinopla_s0	pseu2_Pseudomyrmex_s1	0
bakb_Echinopla_s0	seco_Dilobocondyla_s0	0
bakb_Echinopla_s0	seri_Sericomyrmex_s1	0
bakb_Echinopla_s0	sten_Novomessor_s0	0
bakb_Echinopla_s0	tapi_Tapinoma_s0	0
bakb_Echinopla_s0	temn_Temnothorax_s1	0
bakb_Echinopla_s0	temn_Temnothorax_s3	0
bakb_Echinopla_s0	temn_Temnothorax_s5	0
bakb_Echinopla_s0	temn_Temnothorax_s7	0
bakb_Echinopla_s0	temn_Temnothorax_s8	0
bakb_Echinopla_s0	vero_Veromessor_s1	0
bakb_Echinopla_s0	vero_Veromessor_s2	0
bakb_Oecophylla_s0	bakb_Formica_s0	0
bakb_Oecophylla_s0	bakb_Cataglyphis_s0	0
bakb_Oecophylla_s0	bakb_Stigmacros_s0	0
bakb_Oecophylla_s0	bakb_Pseudomyrmex_s0	0
bakb_Oecophylla_s0	bakb_Anonychomyrma_s0	0
bakb_Oecophylla_s0	bakb_Froggattella_s0	0
bakb_Oecophylla_s0	bakb_Dorymyrmex_s0	0
bakb_Oecophylla_s0	bakb_Technomyrmex_s0	0
bakb_Oecophylla_s0	bakb_Cheliomyrmex_s0	0
bakb_Oecophylla_s0	bakb_Dinoponera_s0	0
bakb_Oecophylla_s0	bakb_Adetomyrma_s0	0
bakb_Oecophylla_s0	bakb_Onychomyrmex_s0	0
bakb_Oecophylla_s0	brach_Brachymyrmex_s1	0
bakb_Oecophylla_s0	cata_Cataglyphis_s1	0
bakb_Oecophylla_s0	ceph_Cephalotes_s1	0
bakb_Oecophylla_s0	ceph_Cephalotes_s2	0
bakb_Oecophylla_s0	crea_Crematogaster_s1	0
bakb_Oecophylla_s0	crea_Crematogaster_s2	0
bakb_Oecophylla_s0	cren_Crematogaster_s1	0
bakb_Oecophylla_s0	cres_Crematogaster_s0	0
bakb_Oecophylla_s0	cret_Crematogaster_s1	0
bakb_Oecophylla_s0	cret_Crematogaster_s2	0
bakb_Oecophylla_s0	doli_Technomyrmex_s1	0
bakb_Oecophylla_s0	doli_Bothriomyrmex_s1	0
bakb_Oecophylla_s0	doli_Azteca_s1	0
bakb_Oecophylla_s0	doli_Linepithema_s0	0
bakb_Oecophylla_s0	doli_Anonychomyrma_s1	0
bakb_Oecophylla_s0	doli_Froggattella_s0	0
bakb_Oecophylla_s0	dory_Acanthostichus_s0	0
bakb_Oecophylla_s0	dory_Eciton_s1	0
bakb_Oecophylla_s0	dory_Dorylus_s2	0
bakb_Oecophylla_s0	dory_Dorylus_s3	0
bakb_Oecophylla_s0	dory_Ooceraea_s1	0
bakb_Oecophylla_s0	dory_Parasyscia_s1	0
bakb_Oecophylla_s0	ecta_Poneracantha_s1	0
bakb_Oecophylla_s0	fori_Formica_s1	0
bakb_Oecophylla_s0	fori_Acropyga_s0	2
bakb_Oecophylla_s0	fori_Tapinolepis_s0	2
bakb_Oecophylla_s0	fori_Calomyrmex_s1	0
bakb_Oecophylla_s0	fori_Camponotus_s1	0
bakb_Oecophylla_s0	fori_Camponotus_s3	0
bakb_Oecophylla_s0	fori_Camponotus_s4	0
bakb_Oecophylla_s0	fori_Colobopsis_s1	0
bakb_Oecophylla_s0	fori_Oecophylla_s1	0
bakb_Oecophylla_s0	fori_Lasius_s1	0
bakb_Oecophylla_s0	form_Formica_s1	0
bakb_Oecophylla_s0	lasi_Myrmecocystus_s1	0
bakb_Oecophylla_s0	lasi_Paraparatrechina_s1	0
bakb_Oecophylla_s0	lasi_Nylanderia_s2	0
bakb_Oecophylla_s0	lasi_Nylanderia_s3	0
bakb_Oecophylla_s0	lasi2_Lasius_s0	0
bakb_Oecophylla_s0	lasi2_Nylanderia_s1	0
bakb_Oecophylla_s0	lasi2_Nylanderia_s5	0
bakb_Oecophylla_s0	lasi2_Nylanderia_s6	0
bakb_Oecophylla_s0	lasi2_Nylanderia_s7	0
bakb_Oecophylla_s0	lasi2_Nylanderia_s8	0
bakb_Oecophylla_s0	lasi2_Nylanderia_s9	0
bakb_Oecophylla_s0	melo_s0	0
bakb_Oecophylla_s0	mycr_Mycocepurus_s0	0
bakb_Oecophylla_s0	mycr_Myrmicocrypta_s1	0
bakb_Oecophylla_s0	mymi_Myrmica_s13	0
bakb_Oecophylla_s0	mymi_Myrmica_s14	0
bakb_Oecophylla_s0	mymi_Myrmica_s3	0
bakb_Oecophylla_s0	mymi_Myrmica_s7	0
bakb_Oecophylla_s0	mymi_Myrmica_s8	0
bakb_Oecophylla_s0	mymi_Myrmica_s9	0
bakb_Oecophylla_s0	mymi_Myrmica_s11	0
bakb_Oecophylla_s0	mymi_Myrmica_s12	0
bakb_Oecophylla_s0	myre_Myrmecia_s1	0
bakb_Oecophylla_s0	myre_Myrmecia_s2	0
bakb_Oecophylla_s0	myre_Myrmecia_s3	0
bakb_Oecophylla_s0	myre_Myrmecia_s5	0
bakb_Oecophylla_s0	myre_Myrmecia_s6	0
bakb_Oecophylla_s0	myre_Myrmecia_s7	0
bakb_Oecophylla_s0	myrm_Myrmica_s1	0
bakb_Oecophylla_s0	myrm_Myrmica_s2	0
bakb_Oecophylla_s0	myrm_Pogonomyrmex_s1	0
bakb_Oecophylla_s0	myrm_Pogonomyrmex_s2	0
bakb_Oecophylla_s0	myrm_Monomorium_s0	0
bakb_Oecophylla_s0	myrm_Cyphomyrmex_s0	0
bakb_Oecophylla_s0	myrm_Basiceros_s0	0
bakb_Oecophylla_s0	myrm_Pheidole_s1	0
bakb_Oecophylla_s0	myrm_Ocymyrmex_s0	0
bakb_Oecophylla_s0	myrm_Nesomyrmex_s0	0
bakb_Oecophylla_s0	myrm_Cataulacus_s0	0
bakb_Oecophylla_s0	myrm_Carebara_s0	0
bakb_Oecophylla_s0	myrm_Cyphoidris_s0	0
bakb_Oecophylla_s0	myrm_Tetramorium_s0	0
bakb_Oecophylla_s0	myrm_Crematogaster_s1	0
bakb_Oecophylla_s0	myrm_Adlerzia_s0	0
bakb_Oecophylla_s0	myrm_Pristomyrmex_s0	0
bakb_Oecophylla_s0	myrm_Poecilomyrma_s0	0
bakb_Oecophylla_s0	myrm_Vombisidris_s0	0
bakb_Oecophylla_s0	myrm_Harpagoxenus_s0	0
bakb_Oecophylla_s0	ocym_Ocymyrmex_s1	0
bakb_Oecophylla_s0	pogo_Pogonomyrmex_s1	0
bakb_Oecophylla_s0	pogo_Pogonomyrmex_s2	0
bakb_Oecophylla_s0	pogo_Pogonomyrmex_s3	0
bakb_Oecophylla_s0	pogo_Pogonomyrmex_s4	0
bakb_Oecophylla_s0	pseu2_Pseudomyrmex_s1	0
bakb_Oecophylla_s0	seco_Dilobocondyla_s0	0
bakb_Oecophylla_s0	seri_Sericomyrmex_s1	0
bakb_Oecophylla_s0	sten_Novomessor_s0	0
bakb_Oecophylla_s0	tapi_Tapinoma_s0	0
bakb_Oecophylla_s0	temn_Temnothorax_s1	0
bakb_Oecophylla_s0	temn_Temnothorax_s3	0
bakb_Oecophylla_s0	temn_Temnothorax_s5	0
bakb_Oecophylla_s0	temn_Temnothorax_s7	0
bakb_Oecophylla_s0	temn_Temnothorax_s8	0
bakb_Oecophylla_s0	vero_Veromessor_s1	0
bakb_Oecophylla_s0	vero_Veromessor_s2	0
bakb_Formica_s0	bakb_Cataglyphis_s0	0
bakb_Formica_s0	bakb_Stigmacros_s0	0
bakb_Formica_s0	bakb_Pseudomyrmex_s0	0
bakb_Formica_s0	bakb_Anonychomyrma_s0	0
bakb_Formica_s0	bakb_Froggattella_s0	0
bakb_Formica_s0	bakb_Dorymyrmex_s0	0
bakb_Formica_s0	bakb_Technomyrmex_s0	0
bakb_Formica_s0	bakb_Cheliomyrmex_s0	0
bakb_Formica_s0	bakb_Dinoponera_s0	0
bakb_Formica_s0	bakb_Adetomyrma_s0	0
bakb_Formica_s0	bakb_Onychomyrmex_s0	0
bakb_Formica_s0	brach_Brachymyrmex_s1	0
bakb_Formica_s0	cata_Cataglyphis_s1	0
bakb_Formica_s0	ceph_Cephalotes_s1	0
bakb_Formica_s0	ceph_Cephalotes_s2	0
bakb_Formica_s0	crea_Crematogaster_s1	0
bakb_Formica_s0	crea_Crematogaster_s2	0
bakb_Formica_s0	cren_Crematogaster_s1	0
bakb_Formica_s0	cres_Crematogaster_s0	0
bakb_Formica_s0	cret_Crematogaster_s1	0
bakb_Formica_s0	cret_Crematogaster_s2	0
bakb_Formica_s0	doli_Technomyrmex_s1	0
bakb_Formica_s0	doli_Bothriomyrmex_s1	0
bakb_Formica_s0	doli_Azteca_s1	0
bakb_Formica_s0	doli_Linepithema_s0	0
bakb_Formica_s0	doli_Anonychomyrma_s1	0
bakb_Formica_s0	doli_Froggattella_s0	0
bakb_Formica_s0	dory_Acanthostichus_s0	0
bakb_Formica_s0	dory_Eciton_s1	0
bakb_Formica_s0	dory_Dorylus_s2	0
bakb_Formica_s0	dory_Dorylus_s3	0
bakb_Formica_s0	dory_Ooceraea_s1	0
bakb_Formica_s0	dory_Parasyscia_s1	0
bakb_Formica_s0	ecta_Poneracantha_s1	0
bakb_Formica_s0	fori_Formica_s1	1
bakb_Formica_s0	fori_Acropyga_s0	0
bakb_Formica_s0	fori_Tapinolepis_s0	0
bakb_Formica_s0	fori_Calomyrmex_s1	0
bakb_Formica_s0	fori_Camponotus_s1	0
bakb_Formica_s0	fori_Camponotus_s3	0
bakb_Formica_s0	fori_Camponotus_s4	0
bakb_Formica_s0	fori_Colobopsis_s1	0
bakb_Formica_s0	fori_Oecophylla_s1	0
bakb_Formica_s0	fori_Lasius_s1	0
bakb_Formica_s0	form_Formica_s1	2
bakb_Formica_s0	lasi_Myrmecocystus_s1	0
bakb_Formica_s0	lasi_Paraparatrechina_s1	0
bakb_Formica_s0	lasi_Nylanderia_s2	0
bakb_Formica_s0	lasi_Nylanderia_s3	0
bakb_Formica_s0	lasi2_Lasius_s0	0
bakb_Formica_s0	lasi2_Nylanderia_s1	0
bakb_Formica_s0	lasi2_Nylanderia_s5	0
bakb_Formica_s0	lasi2_Nylanderia_s6	0
bakb_Formica_s0	lasi2_Nylanderia_s7	0
bakb_Formica_s0	lasi2_Nylanderia_s8	0
bakb_Formica_s0	lasi2_Nylanderia_s9	0
bakb_Formica_s0	melo_s0	0
bakb_Formica_s0	mycr_Mycocepurus_s0	0
bakb_Formica_s0	mycr_Myrmicocrypta_s1	0
bakb_Formica_s0	mymi_Myrmica_s13	0
bakb_Formica_s0	mymi_Myrmica_s14	0
bakb_Formica_s0	mymi_Myrmica_s3	0
bakb_Formica_s0	mymi_Myrmica_s7	0
bakb_Formica_s0	mymi_Myrmica_s8	0
bakb_Formica_s0	mymi_Myrmica_s9	0
bakb_Formica_s0	mymi_Myrmica_s11	0
bakb_Formica_s0	mymi_Myrmica_s12	0
bakb_Formica_s0	myre_Myrmecia_s1	0
bakb_Formica_s0	myre_Myrmecia_s2	0
bakb_Formica_s0	myre_Myrmecia_s3	0
bakb_Formica_s0	myre_Myrmecia_s5	0
bakb_Formica_s0	myre_Myrmecia_s6	0
bakb_Formica_s0	myre_Myrmecia_s7	0
bakb_Formica_s0	myrm_Myrmica_s1	0
bakb_Formica_s0	myrm_Myrmica_s2	0
bakb_Formica_s0	myrm_Pogonomyrmex_s1	0
bakb_Formica_s0	myrm_Pogonomyrmex_s2	0
bakb_Formica_s0	myrm_Monomorium_s0	0
bakb_Formica_s0	myrm_Cyphomyrmex_s0	0
bakb_Formica_s0	myrm_Basiceros_s0	0
bakb_Formica_s0	myrm_Pheidole_s1	0
bakb_Formica_s0	myrm_Ocymyrmex_s0	0
bakb_Formica_s0	myrm_Nesomyrmex_s0	0
bakb_Formica_s0	myrm_Cataulacus_s0	0
bakb_Formica_s0	myrm_Carebara_s0	0
bakb_Formica_s0	myrm_Cyphoidris_s0	0
bakb_Formica_s0	myrm_Tetramorium_s0	0
bakb_Formica_s0	myrm_Crematogaster_s1	0
bakb_Formica_s0	myrm_Adlerzia_s0	0
bakb_Formica_s0	myrm_Pristomyrmex_s0	0
bakb_Formica_s0	myrm_Poecilomyrma_s0	0
bakb_Formica_s0	myrm_Vombisidris_s0	0
bakb_Formica_s0	myrm_Harpagoxenus_s0	0
bakb_Formica_s0	ocym_Ocymyrmex_s1	0
bakb_Formica_s0	pogo_Pogonomyrmex_s1	0
bakb_Formica_s0	pogo_Pogonomyrmex_s2	0
bakb_Formica_s0	pogo_Pogonomyrmex_s3	0
bakb_Formica_s0	pogo_Pogonomyrmex_s4	0
bakb_Formica_s0	pseu2_Pseudomyrmex_s1	0
bakb_Formica_s0	seco_Dilobocondyla_s0	0
bakb_Formica_s0	seri_Sericomyrmex_s1	0
bakb_Formica_s0	sten_Novomessor_s0	0
bakb_Formica_s0	tapi_Tapinoma_s0	0
bakb_Formica_s0	temn_Temnothorax_s1	0
bakb_Formica_s0	temn_Temnothorax_s3	0
bakb_Formica_s0	temn_Temnothorax_s5	0
bakb_Formica_s0	temn_Temnothorax_s7	0
bakb_Formica_s0	temn_Temnothorax_s8	0
bakb_Formica_s0	vero_Veromessor_s1	0
bakb_Formica_s0	vero_Veromessor_s2	0
bakb_Cataglyphis_s0	bakb_Stigmacros_s0	0
bakb_Cataglyphis_s0	bakb_Pseudomyrmex_s0	0
bakb_Cataglyphis_s0	bakb_Anonychomyrma_s0	0
bakb_Cataglyphis_s0	bakb_Froggattella_s0	0
bakb_Cataglyphis_s0	bakb_Dorymyrmex_s0	0
bakb_Cataglyphis_s0	bakb_Technomyrmex_s0	0
bakb_Cataglyphis_s0	bakb_Cheliomyrmex_s0	0
bakb_Cataglyphis_s0	bakb_Dinoponera_s0	0
bakb_Cataglyphis_s0	bakb_Adetomyrma_s0	0
bakb_Cataglyphis_s0	bakb_Onychomyrmex_s0	0
bakb_Cataglyphis_s0	brach_Brachymyrmex_s1	0
bakb_Cataglyphis_s0	cata_Cataglyphis_s1	0
bakb_Cataglyphis_s0	ceph_Cephalotes_s1	0
bakb_Cataglyphis_s0	ceph_Cephalotes_s2	0
bakb_Cataglyphis_s0	crea_Crematogaster_s1	0
bakb_Cataglyphis_s0	crea_Crematogaster_s2	0
bakb_Cataglyphis_s0	cren_Crematogaster_s1	0
bakb_Cataglyphis_s0	cres_Crematogaster_s0	0
bakb_Cataglyphis_s0	cret_Crematogaster_s1	0
bakb_Cataglyphis_s0	cret_Crematogaster_s2	0
bakb_Cataglyphis_s0	doli_Technomyrmex_s1	0
bakb_Cataglyphis_s0	doli_Bothriomyrmex_s1	0
bakb_Cataglyphis_s0	doli_Azteca_s1	0
bakb_Cataglyphis_s0	doli_Linepithema_s0	0
bakb_Cataglyphis_s0	doli_Anonychomyrma_s1	0
bakb_Cataglyphis_s0	doli_Froggattella_s0	0
bakb_Cataglyphis_s0	dory_Acanthostichus_s0	0
bakb_Cataglyphis_s0	dory_Eciton_s1	0
bakb_Cataglyphis_s0	dory_Dorylus_s2	0
bakb_Cataglyphis_s0	dory_Dorylus_s3	0
bakb_Cataglyphis_s0	dory_Ooceraea_s1	0
bakb_Cataglyphis_s0	dory_Parasyscia_s1	0
bakb_Cataglyphis_s0	ecta_Poneracantha_s1	0
bakb_Cataglyphis_s0	fori_Formica_s1	2
bakb_Cataglyphis_s0	fori_Acropyga_s0	0
bakb_Cataglyphis_s0	fori_Tapinolepis_s0	0
bakb_Cataglyphis_s0	fori_Calomyrmex_s1	0
bakb_Cataglyphis_s0	fori_Camponotus_s1	0
bakb_Cataglyphis_s0	fori_Camponotus_s3	0
bakb_Cataglyphis_s0	fori_Camponotus_s4	0
bakb_Cataglyphis_s0	fori_Colobopsis_s1	0
bakb_Cataglyphis_s0	fori_Oecophylla_s1	0
bakb_Cataglyphis_s0	fori_Lasius_s1	0
bakb_Cataglyphis_s0	form_Formica_s1	0
bakb_Cataglyphis_s0	lasi_Myrmecocystus_s1	0
bakb_Cataglyphis_s0	lasi_Paraparatrechina_s1	0
bakb_Cataglyphis_s0	lasi_Nylanderia_s2	0
bakb_Cataglyphis_s0	lasi_Nylanderia_s3	0
bakb_Cataglyphis_s0	lasi2_Lasius_s0	0
bakb_Cataglyphis_s0	lasi2_Nylanderia_s1	0
bakb_Cataglyphis_s0	lasi2_Nylanderia_s5	0
bakb_Cataglyphis_s0	lasi2_Nylanderia_s6	0
bakb_Cataglyphis_s0	lasi2_Nylanderia_s7	0
bakb_Cataglyphis_s0	lasi2_Nylanderia_s8	0
bakb_Cataglyphis_s0	lasi2_Nylanderia_s9	0
bakb_Cataglyphis_s0	melo_s0	0
bakb_Cataglyphis_s0	mycr_Mycocepurus_s0	0
bakb_Cataglyphis_s0	mycr_Myrmicocrypta_s1	0
bakb_Cataglyphis_s0	mymi_Myrmica_s13	0
bakb_Cataglyphis_s0	mymi_Myrmica_s14	0
bakb_Cataglyphis_s0	mymi_Myrmica_s3	0
bakb_Cataglyphis_s0	mymi_Myrmica_s7	0
bakb_Cataglyphis_s0	mymi_Myrmica_s8	0
bakb_Cataglyphis_s0	mymi_Myrmica_s9	0
bakb_Cataglyphis_s0	mymi_Myrmica_s11	0
bakb_Cataglyphis_s0	mymi_Myrmica_s12	0
bakb_Cataglyphis_s0	myre_Myrmecia_s1	0
bakb_Cataglyphis_s0	myre_Myrmecia_s2	0
bakb_Cataglyphis_s0	myre_Myrmecia_s3	0
bakb_Cataglyphis_s0	myre_Myrmecia_s5	0
bakb_Cataglyphis_s0	myre_Myrmecia_s6	0
bakb_Cataglyphis_s0	myre_Myrmecia_s7	0
bakb_Cataglyphis_s0	myrm_Myrmica_s1	0
bakb_Cataglyphis_s0	myrm_Myrmica_s2	0
bakb_Cataglyphis_s0	myrm_Pogonomyrmex_s1	0
bakb_Cataglyphis_s0	myrm_Pogonomyrmex_s2	0
bakb_Cataglyphis_s0	myrm_Monomorium_s0	0
bakb_Cataglyphis_s0	myrm_Cyphomyrmex_s0	0
bakb_Cataglyphis_s0	myrm_Basiceros_s0	0
bakb_Cataglyphis_s0	myrm_Pheidole_s1	0
bakb_Cataglyphis_s0	myrm_Ocymyrmex_s0	0
bakb_Cataglyphis_s0	myrm_Nesomyrmex_s0	0
bakb_Cataglyphis_s0	myrm_Cataulacus_s0	0
bakb_Cataglyphis_s0	myrm_Carebara_s0	0
bakb_Cataglyphis_s0	myrm_Cyphoidris_s0	0
bakb_Cataglyphis_s0	myrm_Tetramorium_s0	0
bakb_Cataglyphis_s0	myrm_Crematogaster_s1	0
bakb_Cataglyphis_s0	myrm_Adlerzia_s0	0
bakb_Cataglyphis_s0	myrm_Pristomyrmex_s0	0
bakb_Cataglyphis_s0	myrm_Poecilomyrma_s0	0
bakb_Cataglyphis_s0	myrm_Vombisidris_s0	0
bakb_Cataglyphis_s0	myrm_Harpagoxenus_s0	0
bakb_Cataglyphis_s0	ocym_Ocymyrmex_s1	0
bakb_Cataglyphis_s0	pogo_Pogonomyrmex_s1	0
bakb_Cataglyphis_s0	pogo_Pogonomyrmex_s2	0
bakb_Cataglyphis_s0	pogo_Pogonomyrmex_s3	0
bakb_Cataglyphis_s0	pogo_Pogonomyrmex_s4	0
bakb_Cataglyphis_s0	pseu2_Pseudomyrmex_s1	0
bakb_Cataglyphis_s0	seco_Dilobocondyla_s0	0
bakb_Cataglyphis_s0	seri_Sericomyrmex_s1	0
bakb_Cataglyphis_s0	sten_Novomessor_s0	0
bakb_Cataglyphis_s0	tapi_Tapinoma_s0	0
bakb_Cataglyphis_s0	temn_Temnothorax_s1	0
bakb_Cataglyphis_s0	temn_Temnothorax_s3	0
bakb_Cataglyphis_s0	temn_Temnothorax_s5	0
bakb_Cataglyphis_s0	temn_Temnothorax_s7	0
bakb_Cataglyphis_s0	temn_Temnothorax_s8	0
bakb_Cataglyphis_s0	vero_Veromessor_s1	0
bakb_Cataglyphis_s0	vero_Veromessor_s2	0
bakb_Stigmacros_s0	bakb_Pseudomyrmex_s0	0
bakb_Stigmacros_s0	bakb_Anonychomyrma_s0	0
bakb_Stigmacros_s0	bakb_Froggattella_s0	0
bakb_Stigmacros_s0	bakb_Dorymyrmex_s0	0
bakb_Stigmacros_s0	bakb_Technomyrmex_s0	0
bakb_Stigmacros_s0	bakb_Cheliomyrmex_s0	0
bakb_Stigmacros_s0	bakb_Dinoponera_s0	0
bakb_Stigmacros_s0	bakb_Adetomyrma_s0	0
bakb_Stigmacros_s0	bakb_Onychomyrmex_s0	0
bakb_Stigmacros_s0	brach_Brachymyrmex_s1	0
bakb_Stigmacros_s0	cata_Cataglyphis_s1	0
bakb_Stigmacros_s0	ceph_Cephalotes_s1	0
bakb_Stigmacros_s0	ceph_Cephalotes_s2	0
bakb_Stigmacros_s0	crea_Crematogaster_s1	0
bakb_Stigmacros_s0	crea_Crematogaster_s2	0
bakb_Stigmacros_s0	cren_Crematogaster_s1	0
bakb_Stigmacros_s0	cres_Crematogaster_s0	0
bakb_Stigmacros_s0	cret_Crematogaster_s1	0
bakb_Stigmacros_s0	cret_Crematogaster_s2	0
bakb_Stigmacros_s0	doli_Technomyrmex_s1	0
bakb_Stigmacros_s0	doli_Bothriomyrmex_s1	0
bakb_Stigmacros_s0	doli_Azteca_s1	0
bakb_Stigmacros_s0	doli_Linepithema_s0	0
bakb_Stigmacros_s0	doli_Anonychomyrma_s1	0
bakb_Stigmacros_s0	doli_Froggattella_s0	0
bakb_Stigmacros_s0	dory_Acanthostichus_s0	0
bakb_Stigmacros_s0	dory_Eciton_s1	0
bakb_Stigmacros_s0	dory_Dorylus_s2	0
bakb_Stigmacros_s0	dory_Dorylus_s3	0
bakb_Stigmacros_s0	dory_Ooceraea_s1	0
bakb_Stigmacros_s0	dory_Parasyscia_s1	0
bakb_Stigmacros_s0	ecta_Poneracantha_s1	0
bakb_Stigmacros_s0	fori_Formica_s1	5
bakb_Stigmacros_s0	fori_Acropyga_s0	0
bakb_Stigmacros_s0	fori_Tapinolepis_s0	0
bakb_Stigmacros_s0	fori_Calomyrmex_s1	0
bakb_Stigmacros_s0	fori_Camponotus_s1	0
bakb_Stigmacros_s0	fori_Camponotus_s3	0
bakb_Stigmacros_s0	fori_Camponotus_s4	0
bakb_Stigmacros_s0	fori_Colobopsis_s1	0
bakb_Stigmacros_s0	fori_Oecophylla_s1	0
bakb_Stigmacros_s0	fori_Lasius_s1	0
bakb_Stigmacros_s0	form_Formica_s1	0
bakb_Stigmacros_s0	lasi_Myrmecocystus_s1	0
bakb_Stigmacros_s0	lasi_Paraparatrechina_s1	0
bakb_Stigmacros_s0	lasi_Nylanderia_s2	0
bakb_Stigmacros_s0	lasi_Nylanderia_s3	0
bakb_Stigmacros_s0	lasi2_Lasius_s0	0
bakb_Stigmacros_s0	lasi2_Nylanderia_s1	0
bakb_Stigmacros_s0	lasi2_Nylanderia_s5	0
bakb_Stigmacros_s0	lasi2_Nylanderia_s6	0
bakb_Stigmacros_s0	lasi2_Nylanderia_s7	0
bakb_Stigmacros_s0	lasi2_Nylanderia_s8	0
bakb_Stigmacros_s0	lasi2_Nylanderia_s9	0
bakb_Stigmacros_s0	melo_s0	0
bakb_Stigmacros_s0	mycr_Mycocepurus_s0	0
bakb_Stigmacros_s0	mycr_Myrmicocrypta_s1	0
bakb_Stigmacros_s0	mymi_Myrmica_s13	0
bakb_Stigmacros_s0	mymi_Myrmica_s14	0
bakb_Stigmacros_s0	mymi_Myrmica_s3	0
bakb_Stigmacros_s0	mymi_Myrmica_s7	0
bakb_Stigmacros_s0	mymi_Myrmica_s8	0
bakb_Stigmacros_s0	mymi_Myrmica_s9	0
bakb_Stigmacros_s0	mymi_Myrmica_s11	0
bakb_Stigmacros_s0	mymi_Myrmica_s12	0
bakb_Stigmacros_s0	myre_Myrmecia_s1	0
bakb_Stigmacros_s0	myre_Myrmecia_s2	0
bakb_Stigmacros_s0	myre_Myrmecia_s3	0
bakb_Stigmacros_s0	myre_Myrmecia_s5	0
bakb_Stigmacros_s0	myre_Myrmecia_s6	0
bakb_Stigmacros_s0	myre_Myrmecia_s7	0
bakb_Stigmacros_s0	myrm_Myrmica_s1	0
bakb_Stigmacros_s0	myrm_Myrmica_s2	0
bakb_Stigmacros_s0	myrm_Pogonomyrmex_s1	0
bakb_Stigmacros_s0	myrm_Pogonomyrmex_s2	0
bakb_Stigmacros_s0	myrm_Monomorium_s0	0
bakb_Stigmacros_s0	myrm_Cyphomyrmex_s0	0
bakb_Stigmacros_s0	myrm_Basiceros_s0	0
bakb_Stigmacros_s0	myrm_Pheidole_s1	0
bakb_Stigmacros_s0	myrm_Ocymyrmex_s0	0
bakb_Stigmacros_s0	myrm_Nesomyrmex_s0	0
bakb_Stigmacros_s0	myrm_Cataulacus_s0	0
bakb_Stigmacros_s0	myrm_Carebara_s0	0
bakb_Stigmacros_s0	myrm_Cyphoidris_s0	0
bakb_Stigmacros_s0	myrm_Tetramorium_s0	0
bakb_Stigmacros_s0	myrm_Crematogaster_s1	0
bakb_Stigmacros_s0	myrm_Adlerzia_s0	0
bakb_Stigmacros_s0	myrm_Pristomyrmex_s0	0
bakb_Stigmacros_s0	myrm_Poecilomyrma_s0	0
bakb_Stigmacros_s0	myrm_Vombisidris_s0	0
bakb_Stigmacros_s0	myrm_Harpagoxenus_s0	0
bakb_Stigmacros_s0	ocym_Ocymyrmex_s1	0
bakb_Stigmacros_s0	pogo_Pogonomyrmex_s1	0
bakb_Stigmacros_s0	pogo_Pogonomyrmex_s2	0
bakb_Stigmacros_s0	pogo_Pogonomyrmex_s3	0
bakb_Stigmacros_s0	pogo_Pogonomyrmex_s4	0
bakb_Stigmacros_s0	pseu2_Pseudomyrmex_s1	0
bakb_Stigmacros_s0	seco_Dilobocondyla_s0	0
bakb_Stigmacros_s0	seri_Sericomyrmex_s1	0
bakb_Stigmacros_s0	sten_Novomessor_s0	0
bakb_Stigmacros_s0	tapi_Tapinoma_s0	0
bakb_Stigmacros_s0	temn_Temnothorax_s1	0
bakb_Stigmacros_s0	temn_Temnothorax_s3	0
bakb_Stigmacros_s0	temn_Temnothorax_s5	0
bakb_Stigmacros_s0	temn_Temnothorax_s7	0
bakb_Stigmacros_s0	temn_Temnothorax_s8	0
bakb_Stigmacros_s0	vero_Veromessor_s1	0
bakb_Stigmacros_s0	vero_Veromessor_s2	0
bakb_Pseudomyrmex_s0	bakb_Anonychomyrma_s0	0
bakb_Pseudomyrmex_s0	bakb_Froggattella_s0	0
bakb_Pseudomyrmex_s0	bakb_Dorymyrmex_s0	0
bakb_Pseudomyrmex_s0	bakb_Technomyrmex_s0	0
bakb_Pseudomyrmex_s0	bakb_Cheliomyrmex_s0	0
bakb_Pseudomyrmex_s0	bakb_Dinoponera_s0	0
bakb_Pseudomyrmex_s0	bakb_Adetomyrma_s0	0
bakb_Pseudomyrmex_s0	bakb_Onychomyrmex_s0	0
bakb_Pseudomyrmex_s0	brach_Brachymyrmex_s1	0
bakb_Pseudomyrmex_s0	cata_Cataglyphis_s1	0
bakb_Pseudomyrmex_s0	ceph_Cephalotes_s1	0
bakb_Pseudomyrmex_s0	ceph_Cephalotes_s2	0
bakb_Pseudomyrmex_s0	crea_Crematogaster_s1	0
bakb_Pseudomyrmex_s0	crea_Crematogaster_s2	0
bakb_Pseudomyrmex_s0	cren_Crematogaster_s1	0
bakb_Pseudomyrmex_s0	cres_Crematogaster_s0	0
bakb_Pseudomyrmex_s0	cret_Crematogaster_s1	0
bakb_Pseudomyrmex_s0	cret_Crematogaster_s2	0
bakb_Pseudomyrmex_s0	doli_Technomyrmex_s1	0
bakb_Pseudomyrmex_s0	doli_Bothriomyrmex_s1	0
bakb_Pseudomyrmex_s0	doli_Azteca_s1	0
bakb_Pseudomyrmex_s0	doli_Linepithema_s0	0
bakb_Pseudomyrmex_s0	doli_Anonychomyrma_s1	0
bakb_Pseudomyrmex_s0	doli_Froggattella_s0	0
bakb_Pseudomyrmex_s0	dory_Acanthostichus_s0	0
bakb_Pseudomyrmex_s0	dory_Eciton_s1	0
bakb_Pseudomyrmex_s0	dory_Dorylus_s2	0
bakb_Pseudomyrmex_s0	dory_Dorylus_s3	0
bakb_Pseudomyrmex_s0	dory_Ooceraea_s1	0
bakb_Pseudomyrmex_s0	dory_Parasyscia_s1	0
bakb_Pseudomyrmex_s0	ecta_Poneracantha_s1	0
bakb_Pseudomyrmex_s0	fori_Formica_s1	0
bakb_Pseudomyrmex_s0	fori_Acropyga_s0	0
bakb_Pseudomyrmex_s0	fori_Tapinolepis_s0	0
bakb_Pseudomyrmex_s0	fori_Calomyrmex_s1	0
bakb_Pseudomyrmex_s0	fori_Camponotus_s1	0
bakb_Pseudomyrmex_s0	fori_Camponotus_s3	0
bakb_Pseudomyrmex_s0	fori_Camponotus_s4	0
bakb_Pseudomyrmex_s0	fori_Colobopsis_s1	0
bakb_Pseudomyrmex_s0	fori_Oecophylla_s1	0
bakb_Pseudomyrmex_s0	fori_Lasius_s1	0
bakb_Pseudomyrmex_s0	form_Formica_s1	0
bakb_Pseudomyrmex_s0	lasi_Myrmecocystus_s1	0
bakb_Pseudomyrmex_s0	lasi_Paraparatrechina_s1	0
bakb_Pseudomyrmex_s0	lasi_Nylanderia_s2	0
bakb_Pseudomyrmex_s0	lasi_Nylanderia_s3	0
bakb_Pseudomyrmex_s0	lasi2_Lasius_s0	0
bakb_Pseudomyrmex_s0	lasi2_Nylanderia_s1	0
bakb_Pseudomyrmex_s0	lasi2_Nylanderia_s5	0
bakb_Pseudomyrmex_s0	lasi2_Nylanderia_s6	0
bakb_Pseudomyrmex_s0	lasi2_Nylanderia_s7	0
bakb_Pseudomyrmex_s0	lasi2_Nylanderia_s8	0
bakb_Pseudomyrmex_s0	lasi2_Nylanderia_s9	0
bakb_Pseudomyrmex_s0	melo_s0	0
bakb_Pseudomyrmex_s0	mycr_Mycocepurus_s0	0
bakb_Pseudomyrmex_s0	mycr_Myrmicocrypta_s1	0
bakb_Pseudomyrmex_s0	mymi_Myrmica_s13	0
bakb_Pseudomyrmex_s0	mymi_Myrmica_s14	0
bakb_Pseudomyrmex_s0	mymi_Myrmica_s3	0
bakb_Pseudomyrmex_s0	mymi_Myrmica_s7	0
bakb_Pseudomyrmex_s0	mymi_Myrmica_s8	0
bakb_Pseudomyrmex_s0	mymi_Myrmica_s9	0
bakb_Pseudomyrmex_s0	mymi_Myrmica_s11	0
bakb_Pseudomyrmex_s0	mymi_Myrmica_s12	0
bakb_Pseudomyrmex_s0	myre_Myrmecia_s1	0
bakb_Pseudomyrmex_s0	myre_Myrmecia_s2	0
bakb_Pseudomyrmex_s0	myre_Myrmecia_s3	0
bakb_Pseudomyrmex_s0	myre_Myrmecia_s5	0
bakb_Pseudomyrmex_s0	myre_Myrmecia_s6	1
bakb_Pseudomyrmex_s0	myre_Myrmecia_s7	1
bakb_Pseudomyrmex_s0	myrm_Myrmica_s1	0
bakb_Pseudomyrmex_s0	myrm_Myrmica_s2	0
bakb_Pseudomyrmex_s0	myrm_Pogonomyrmex_s1	0
bakb_Pseudomyrmex_s0	myrm_Pogonomyrmex_s2	0
bakb_Pseudomyrmex_s0	myrm_Monomorium_s0	0
bakb_Pseudomyrmex_s0	myrm_Cyphomyrmex_s0	0
bakb_Pseudomyrmex_s0	myrm_Basiceros_s0	0
bakb_Pseudomyrmex_s0	myrm_Pheidole_s1	0
bakb_Pseudomyrmex_s0	myrm_Ocymyrmex_s0	0
bakb_Pseudomyrmex_s0	myrm_Nesomyrmex_s0	0
bakb_Pseudomyrmex_s0	myrm_Cataulacus_s0	0
bakb_Pseudomyrmex_s0	myrm_Carebara_s0	0
bakb_Pseudomyrmex_s0	myrm_Cyphoidris_s0	0
bakb_Pseudomyrmex_s0	myrm_Tetramorium_s0	0
bakb_Pseudomyrmex_s0	myrm_Crematogaster_s1	0
bakb_Pseudomyrmex_s0	myrm_Adlerzia_s0	0
bakb_Pseudomyrmex_s0	myrm_Pristomyrmex_s0	0
bakb_Pseudomyrmex_s0	myrm_Poecilomyrma_s0	0
bakb_Pseudomyrmex_s0	myrm_Vombisidris_s0	0
bakb_Pseudomyrmex_s0	myrm_Harpagoxenus_s0	0
bakb_Pseudomyrmex_s0	ocym_Ocymyrmex_s1	0
bakb_Pseudomyrmex_s0	pogo_Pogonomyrmex_s1	0
bakb_Pseudomyrmex_s0	pogo_Pogonomyrmex_s2	0
bakb_Pseudomyrmex_s0	pogo_Pogonomyrmex_s3	0
bakb_Pseudomyrmex_s0	pogo_Pogonomyrmex_s4	0
bakb_Pseudomyrmex_s0	pseu2_Pseudomyrmex_s1	0
bakb_Pseudomyrmex_s0	seco_Dilobocondyla_s0	0
bakb_Pseudomyrmex_s0	seri_Sericomyrmex_s1	0
bakb_Pseudomyrmex_s0	sten_Novomessor_s0	0
bakb_Pseudomyrmex_s0	tapi_Tapinoma_s0	0
bakb_Pseudomyrmex_s0	temn_Temnothorax_s1	0
bakb_Pseudomyrmex_s0	temn_Temnothorax_s3	0
bakb_Pseudomyrmex_s0	temn_Temnothorax_s5	0
bakb_Pseudomyrmex_s0	temn_Temnothorax_s7	0
bakb_Pseudomyrmex_s0	temn_Temnothorax_s8	0
bakb_Pseudomyrmex_s0	vero_Veromessor_s1	0
bakb_Pseudomyrmex_s0	vero_Veromessor_s2	0
bakb_Anonychomyrma_s0	bakb_Froggattella_s0	0
bakb_Anonychomyrma_s0	bakb_Dorymyrmex_s0	0
bakb_Anonychomyrma_s0	bakb_Technomyrmex_s0	0
bakb_Anonychomyrma_s0	bakb_Cheliomyrmex_s0	0
bakb_Anonychomyrma_s0	bakb_Dinoponera_s0	0
bakb_Anonychomyrma_s0	bakb_Adetomyrma_s0	0
bakb_Anonychomyrma_s0	bakb_Onychomyrmex_s0	0
bakb_Anonychomyrma_s0	brach_Brachymyrmex_s1	0
bakb_Anonychomyrma_s0	cata_Cataglyphis_s1	0
bakb_Anonychomyrma_s0	ceph_Cephalotes_s1	0
bakb_Anonychomyrma_s0	ceph_Cephalotes_s2	0
bakb_Anonychomyrma_s0	crea_Crematogaster_s1	0
bakb_Anonychomyrma_s0	crea_Crematogaster_s2	0
bakb_Anonychomyrma_s0	cren_Crematogaster_s1	0
bakb_Anonychomyrma_s0	cres_Crematogaster_s0	0
bakb_Anonychomyrma_s0	cret_Crematogaster_s1	0
bakb_Anonychomyrma_s0	cret_Crematogaster_s2	0
bakb_Anonychomyrma_s0	doli_Technomyrmex_s1	0
bakb_Anonychomyrma_s0	doli_Bothriomyrmex_s1	0
bakb_Anonychomyrma_s0	doli_Azteca_s1	0
bakb_Anonychomyrma_s0	doli_Linepithema_s0	1
bakb_Anonychomyrma_s0	doli_Anonychomyrma_s1	0
bakb_Anonychomyrma_s0	doli_Froggattella_s0	0
bakb_Anonychomyrma_s0	dory_Acanthostichus_s0	0
bakb_Anonychomyrma_s0	dory_Eciton_s1	0
bakb_Anonychomyrma_s0	dory_Dorylus_s2	0
bakb_Anonychomyrma_s0	dory_Dorylus_s3	0
bakb_Anonychomyrma_s0	dory_Ooceraea_s1	0
bakb_Anonychomyrma_s0	dory_Parasyscia_s1	0
bakb_Anonychomyrma_s0	ecta_Poneracantha_s1	0
bakb_Anonychomyrma_s0	fori_Formica_s1	0
bakb_Anonychomyrma_s0	fori_Acropyga_s0	0
bakb_Anonychomyrma_s0	fori_Tapinolepis_s0	0
bakb_Anonychomyrma_s0	fori_Calomyrmex_s1	0
bakb_Anonychomyrma_s0	fori_Camponotus_s1	0
bakb_Anonychomyrma_s0	fori_Camponotus_s3	0
bakb_Anonychomyrma_s0	fori_Camponotus_s4	0
bakb_Anonychomyrma_s0	fori_Colobopsis_s1	0
bakb_Anonychomyrma_s0	fori_Oecophylla_s1	0
bakb_Anonychomyrma_s0	fori_Lasius_s1	0
bakb_Anonychomyrma_s0	form_Formica_s1	0
bakb_Anonychomyrma_s0	lasi_Myrmecocystus_s1	0
bakb_Anonychomyrma_s0	lasi_Paraparatrechina_s1	0
bakb_Anonychomyrma_s0	lasi_Nylanderia_s2	0
bakb_Anonychomyrma_s0	lasi_Nylanderia_s3	0
bakb_Anonychomyrma_s0	lasi2_Lasius_s0	0
bakb_Anonychomyrma_s0	lasi2_Nylanderia_s1	0
bakb_Anonychomyrma_s0	lasi2_Nylanderia_s5	0
bakb_Anonychomyrma_s0	lasi2_Nylanderia_s6	0
bakb_Anonychomyrma_s0	lasi2_Nylanderia_s7	0
bakb_Anonychomyrma_s0	lasi2_Nylanderia_s8	0
bakb_Anonychomyrma_s0	lasi2_Nylanderia_s9	0
bakb_Anonychomyrma_s0	melo_s0	0
bakb_Anonychomyrma_s0	mycr_Mycocepurus_s0	0
bakb_Anonychomyrma_s0	mycr_Myrmicocrypta_s1	0
bakb_Anonychomyrma_s0	mymi_Myrmica_s13	0
bakb_Anonychomyrma_s0	mymi_Myrmica_s14	0
bakb_Anonychomyrma_s0	mymi_Myrmica_s3	0
bakb_Anonychomyrma_s0	mymi_Myrmica_s7	0
bakb_Anonychomyrma_s0	mymi_Myrmica_s8	0
bakb_Anonychomyrma_s0	mymi_Myrmica_s9	0
bakb_Anonychomyrma_s0	mymi_Myrmica_s11	0
bakb_Anonychomyrma_s0	mymi_Myrmica_s12	0
bakb_Anonychomyrma_s0	myre_Myrmecia_s1	0
bakb_Anonychomyrma_s0	myre_Myrmecia_s2	0
bakb_Anonychomyrma_s0	myre_Myrmecia_s3	0
bakb_Anonychomyrma_s0	myre_Myrmecia_s5	0
bakb_Anonychomyrma_s0	myre_Myrmecia_s6	0
bakb_Anonychomyrma_s0	myre_Myrmecia_s7	0
bakb_Anonychomyrma_s0	myrm_Myrmica_s1	0
bakb_Anonychomyrma_s0	myrm_Myrmica_s2	0
bakb_Anonychomyrma_s0	myrm_Pogonomyrmex_s1	0
bakb_Anonychomyrma_s0	myrm_Pogonomyrmex_s2	0
bakb_Anonychomyrma_s0	myrm_Monomorium_s0	0
bakb_Anonychomyrma_s0	myrm_Cyphomyrmex_s0	0
bakb_Anonychomyrma_s0	myrm_Basiceros_s0	0
bakb_Anonychomyrma_s0	myrm_Pheidole_s1	0
bakb_Anonychomyrma_s0	myrm_Ocymyrmex_s0	0
bakb_Anonychomyrma_s0	myrm_Nesomyrmex_s0	0
bakb_Anonychomyrma_s0	myrm_Cataulacus_s0	0
bakb_Anonychomyrma_s0	myrm_Carebara_s0	0
bakb_Anonychomyrma_s0	myrm_Cyphoidris_s0	0
bakb_Anonychomyrma_s0	myrm_Tetramorium_s0	0
bakb_Anonychomyrma_s0	myrm_Crematogaster_s1	0
bakb_Anonychomyrma_s0	myrm_Adlerzia_s0	0
bakb_Anonychomyrma_s0	myrm_Pristomyrmex_s0	0
bakb_Anonychomyrma_s0	myrm_Poecilomyrma_s0	0
bakb_Anonychomyrma_s0	myrm_Vombisidris_s0	0
bakb_Anonychomyrma_s0	myrm_Harpagoxenus_s0	0
bakb_Anonychomyrma_s0	ocym_Ocymyrmex_s1	0
bakb_Anonychomyrma_s0	pogo_Pogonomyrmex_s1	0
bakb_Anonychomyrma_s0	pogo_Pogonomyrmex_s2	0
bakb_Anonychomyrma_s0	pogo_Pogonomyrmex_s3	0
bakb_Anonychomyrma_s0	pogo_Pogonomyrmex_s4	0
bakb_Anonychomyrma_s0	pseu2_Pseudomyrmex_s1	0
bakb_Anonychomyrma_s0	seco_Dilobocondyla_s0	0
bakb_Anonychomyrma_s0	seri_Sericomyrmex_s1	0
bakb_Anonychomyrma_s0	sten_Novomessor_s0	0
bakb_Anonychomyrma_s0	tapi_Tapinoma_s0	0
bakb_Anonychomyrma_s0	temn_Temnothorax_s1	0
bakb_Anonychomyrma_s0	temn_Temnothorax_s3	0
bakb_Anonychomyrma_s0	temn_Temnothorax_s5	0
bakb_Anonychomyrma_s0	temn_Temnothorax_s7	0
bakb_Anonychomyrma_s0	temn_Temnothorax_s8	0
bakb_Anonychomyrma_s0	vero_Veromessor_s1	0
bakb_Anonychomyrma_s0	vero_Veromessor_s2	0
bakb_Froggattella_s0	bakb_Dorymyrmex_s0	0
bakb_Froggattella_s0	bakb_Technomyrmex_s0	0
bakb_Froggattella_s0	bakb_Cheliomyrmex_s0	0
bakb_Froggattella_s0	bakb_Dinoponera_s0	0
bakb_Froggattella_s0	bakb_Adetomyrma_s0	0
bakb_Froggattella_s0	bakb_Onychomyrmex_s0	0
bakb_Froggattella_s0	brach_Brachymyrmex_s1	0
bakb_Froggattella_s0	cata_Cataglyphis_s1	0
bakb_Froggattella_s0	ceph_Cephalotes_s1	0
bakb_Froggattella_s0	ceph_Cephalotes_s2	0
bakb_Froggattella_s0	crea_Crematogaster_s1	0
bakb_Froggattella_s0	crea_Crematogaster_s2	0
bakb_Froggattella_s0	cren_Crematogaster_s1	0
bakb_Froggattella_s0	cres_Crematogaster_s0	0
bakb_Froggattella_s0	cret_Crematogaster_s1	0
bakb_Froggattella_s0	cret_Crematogaster_s2	0
bakb_Froggattella_s0	doli_Technomyrmex_s1	0
bakb_Froggattella_s0	doli_Bothriomyrmex_s1	0
bakb_Froggattella_s0	doli_Azteca_s1	0
bakb_Froggattella_s0	doli_Linepithema_s0	0
bakb_Froggattella_s0	doli_Anonychomyrma_s1	0
bakb_Froggattella_s0	doli_Froggattella_s0	3
bakb_Froggattella_s0	dory_Acanthostichus_s0	0
bakb_Froggattella_s0	dory_Eciton_s1	0
bakb_Froggattella_s0	dory_Dorylus_s2	0
bakb_Froggattella_s0	dory_Dorylus_s3	0
bakb_Froggattella_s0	dory_Ooceraea_s1	0
bakb_Froggattella_s0	dory_Parasyscia_s1	0
bakb_Froggattella_s0	ecta_Poneracantha_s1	0
bakb_Froggattella_s0	fori_Formica_s1	0
bakb_Froggattella_s0	fori_Acropyga_s0	0
bakb_Froggattella_s0	fori_Tapinolepis_s0	0
bakb_Froggattella_s0	fori_Calomyrmex_s1	0
bakb_Froggattella_s0	fori_Camponotus_s1	0
bakb_Froggattella_s0	fori_Camponotus_s3	0
bakb_Froggattella_s0	fori_Camponotus_s4	0
bakb_Froggattella_s0	fori_Colobopsis_s1	0
bakb_Froggattella_s0	fori_Oecophylla_s1	0
bakb_Froggattella_s0	fori_Lasius_s1	0
bakb_Froggattella_s0	form_Formica_s1	0
bakb_Froggattella_s0	lasi_Myrmecocystus_s1	0
bakb_Froggattella_s0	lasi_Paraparatrechina_s1	0
bakb_Froggattella_s0	lasi_Nylanderia_s2	0
bakb_Froggattella_s0	lasi_Nylanderia_s3	0
bakb_Froggattella_s0	lasi2_Lasius_s0	0
bakb_Froggattella_s0	lasi2_Nylanderia_s1	0
bakb_Froggattella_s0	lasi2_Nylanderia_s5	0
bakb_Froggattella_s0	lasi2_Nylanderia_s6	0
bakb_Froggattella_s0	lasi2_Nylanderia_s7	0
bakb_Froggattella_s0	lasi2_Nylanderia_s8	0
bakb_Froggattella_s0	lasi2_Nylanderia_s9	0
bakb_Froggattella_s0	melo_s0	0
bakb_Froggattella_s0	mycr_Mycocepurus_s0	0
bakb_Froggattella_s0	mycr_Myrmicocrypta_s1	0
bakb_Froggattella_s0	mymi_Myrmica_s13	0
bakb_Froggattella_s0	mymi_Myrmica_s14	0
bakb_Froggattella_s0	mymi_Myrmica_s3	0
bakb_Froggattella_s0	mymi_Myrmica_s7	0
bakb_Froggattella_s0	mymi_Myrmica_s8	0
bakb_Froggattella_s0	mymi_Myrmica_s9	0
bakb_Froggattella_s0	mymi_Myrmica_s11	0
bakb_Froggattella_s0	mymi_Myrmica_s12	0
bakb_Froggattella_s0	myre_Myrmecia_s1	0
bakb_Froggattella_s0	myre_Myrmecia_s2	0
bakb_Froggattella_s0	myre_Myrmecia_s3	0
bakb_Froggattella_s0	myre_Myrmecia_s5	0
bakb_Froggattella_s0	myre_Myrmecia_s6	0
bakb_Froggattella_s0	myre_Myrmecia_s7	0
bakb_Froggattella_s0	myrm_Myrmica_s1	0
bakb_Froggattella_s0	myrm_Myrmica_s2	0
bakb_Froggattella_s0	myrm_Pogonomyrmex_s1	0
bakb_Froggattella_s0	myrm_Pogonomyrmex_s2	0
bakb_Froggattella_s0	myrm_Monomorium_s0	0
bakb_Froggattella_s0	myrm_Cyphomyrmex_s0	0
bakb_Froggattella_s0	myrm_Basiceros_s0	0
bakb_Froggattella_s0	myrm_Pheidole_s1	0
bakb_Froggattella_s0	myrm_Ocymyrmex_s0	0
bakb_Froggattella_s0	myrm_Nesomyrmex_s0	0
bakb_Froggattella_s0	myrm_Cataulacus_s0	0
bakb_Froggattella_s0	myrm_Carebara_s0	0
bakb_Froggattella_s0	myrm_Cyphoidris_s0	0
bakb_Froggattella_s0	myrm_Tetramorium_s0	0
bakb_Froggattella_s0	myrm_Crematogaster_s1	0
bakb_Froggattella_s0	myrm_Adlerzia_s0	0
bakb_Froggattella_s0	myrm_Pristomyrmex_s0	0
bakb_Froggattella_s0	myrm_Poecilomyrma_s0	0
bakb_Froggattella_s0	myrm_Vombisidris_s0	0
bakb_Froggattella_s0	myrm_Harpagoxenus_s0	0
bakb_Froggattella_s0	ocym_Ocymyrmex_s1	0
bakb_Froggattella_s0	pogo_Pogonomyrmex_s1	0
bakb_Froggattella_s0	pogo_Pogonomyrmex_s2	0
bakb_Froggattella_s0	pogo_Pogonomyrmex_s3	0
bakb_Froggattella_s0	pogo_Pogonomyrmex_s4	0
bakb_Froggattella_s0	pseu2_Pseudomyrmex_s1	0
bakb_Froggattella_s0	seco_Dilobocondyla_s0	0
bakb_Froggattella_s0	seri_Sericomyrmex_s1	0
bakb_Froggattella_s0	sten_Novomessor_s0	0
bakb_Froggattella_s0	tapi_Tapinoma_s0	0
bakb_Froggattella_s0	temn_Temnothorax_s1	0
bakb_Froggattella_s0	temn_Temnothorax_s3	0
bakb_Froggattella_s0	temn_Temnothorax_s5	0
bakb_Froggattella_s0	temn_Temnothorax_s7	0
bakb_Froggattella_s0	temn_Temnothorax_s8	0
bakb_Froggattella_s0	vero_Veromessor_s1	0
bakb_Froggattella_s0	vero_Veromessor_s2	0
bakb_Dorymyrmex_s0	bakb_Technomyrmex_s0	0
bakb_Dorymyrmex_s0	bakb_Cheliomyrmex_s0	0
bakb_Dorymyrmex_s0	bakb_Dinoponera_s0	0
bakb_Dorymyrmex_s0	bakb_Adetomyrma_s0	0
bakb_Dorymyrmex_s0	bakb_Onychomyrmex_s0	0
bakb_Dorymyrmex_s0	brach_Brachymyrmex_s1	0
bakb_Dorymyrmex_s0	cata_Cataglyphis_s1	0
bakb_Dorymyrmex_s0	ceph_Cephalotes_s1	0
bakb_Dorymyrmex_s0	ceph_Cephalotes_s2	0
bakb_Dorymyrmex_s0	crea_Crematogaster_s1	0
bakb_Dorymyrmex_s0	crea_Crematogaster_s2	0
bakb_Dorymyrmex_s0	cren_Crematogaster_s1	0
bakb_Dorymyrmex_s0	cres_Crematogaster_s0	0
bakb_Dorymyrmex_s0	cret_Crematogaster_s1	0
bakb_Dorymyrmex_s0	cret_Crematogaster_s2	0
bakb_Dorymyrmex_s0	doli_Technomyrmex_s1	0
bakb_Dorymyrmex_s0	doli_Bothriomyrmex_s1	0
bakb_Dorymyrmex_s0	doli_Azteca_s1	0
bakb_Dorymyrmex_s0	doli_Linepithema_s0	0
bakb_Dorymyrmex_s0	doli_Anonychomyrma_s1	0
bakb_Dorymyrmex_s0	doli_Froggattella_s0	0
bakb_Dorymyrmex_s0	dory_Acanthostichus_s0	0
bakb_Dorymyrmex_s0	dory_Eciton_s1	0
bakb_Dorymyrmex_s0	dory_Dorylus_s2	0
bakb_Dorymyrmex_s0	dory_Dorylus_s3	0
bakb_Dorymyrmex_s0	dory_Ooceraea_s1	0
bakb_Dorymyrmex_s0	dory_Parasyscia_s1	0
bakb_Dorymyrmex_s0	ecta_Poneracantha_s1	0
bakb_Dorymyrmex_s0	fori_Formica_s1	0
bakb_Dorymyrmex_s0	fori_Acropyga_s0	0
bakb_Dorymyrmex_s0	fori_Tapinolepis_s0	0
bakb_Dorymyrmex_s0	fori_Calomyrmex_s1	0
bakb_Dorymyrmex_s0	fori_Camponotus_s1	0
bakb_Dorymyrmex_s0	fori_Camponotus_s3	0
bakb_Dorymyrmex_s0	fori_Camponotus_s4	0
bakb_Dorymyrmex_s0	fori_Colobopsis_s1	0
bakb_Dorymyrmex_s0	fori_Oecophylla_s1	0
bakb_Dorymyrmex_s0	fori_Lasius_s1	0
bakb_Dorymyrmex_s0	form_Formica_s1	0
bakb_Dorymyrmex_s0	lasi_Myrmecocystus_s1	0
bakb_Dorymyrmex_s0	lasi_Paraparatrechina_s1	0
bakb_Dorymyrmex_s0	lasi_Nylanderia_s2	0
bakb_Dorymyrmex_s0	lasi_Nylanderia_s3	0
bakb_Dorymyrmex_s0	lasi2_Lasius_s0	0
bakb_Dorymyrmex_s0	lasi2_Nylanderia_s1	0
bakb_Dorymyrmex_s0	lasi2_Nylanderia_s5	0
bakb_Dorymyrmex_s0	lasi2_Nylanderia_s6	0
bakb_Dorymyrmex_s0	lasi2_Nylanderia_s7	0
bakb_Dorymyrmex_s0	lasi2_Nylanderia_s8	0
bakb_Dorymyrmex_s0	lasi2_Nylanderia_s9	0
bakb_Dorymyrmex_s0	melo_s0	0
bakb_Dorymyrmex_s0	mycr_Mycocepurus_s0	0
bakb_Dorymyrmex_s0	mycr_Myrmicocrypta_s1	0
bakb_Dorymyrmex_s0	mymi_Myrmica_s13	0
bakb_Dorymyrmex_s0	mymi_Myrmica_s14	0
bakb_Dorymyrmex_s0	mymi_Myrmica_s3	0
bakb_Dorymyrmex_s0	mymi_Myrmica_s7	0
bakb_Dorymyrmex_s0	mymi_Myrmica_s8	0
bakb_Dorymyrmex_s0	mymi_Myrmica_s9	0
bakb_Dorymyrmex_s0	mymi_Myrmica_s11	0
bakb_Dorymyrmex_s0	mymi_Myrmica_s12	0
bakb_Dorymyrmex_s0	myre_Myrmecia_s1	0
bakb_Dorymyrmex_s0	myre_Myrmecia_s2	0
bakb_Dorymyrmex_s0	myre_Myrmecia_s3	0
bakb_Dorymyrmex_s0	myre_Myrmecia_s5	0
bakb_Dorymyrmex_s0	myre_Myrmecia_s6	0
bakb_Dorymyrmex_s0	myre_Myrmecia_s7	0
bakb_Dorymyrmex_s0	myrm_Myrmica_s1	0
bakb_Dorymyrmex_s0	myrm_Myrmica_s2	0
bakb_Dorymyrmex_s0	myrm_Pogonomyrmex_s1	0
bakb_Dorymyrmex_s0	myrm_Pogonomyrmex_s2	0
bakb_Dorymyrmex_s0	myrm_Monomorium_s0	0
bakb_Dorymyrmex_s0	myrm_Cyphomyrmex_s0	0
bakb_Dorymyrmex_s0	myrm_Basiceros_s0	0
bakb_Dorymyrmex_s0	myrm_Pheidole_s1	0
bakb_Dorymyrmex_s0	myrm_Ocymyrmex_s0	0
bakb_Dorymyrmex_s0	myrm_Nesomyrmex_s0	0
bakb_Dorymyrmex_s0	myrm_Cataulacus_s0	0
bakb_Dorymyrmex_s0	myrm_Carebara_s0	0
bakb_Dorymyrmex_s0	myrm_Cyphoidris_s0	0
bakb_Dorymyrmex_s0	myrm_Tetramorium_s0	0
bakb_Dorymyrmex_s0	myrm_Crematogaster_s1	0
bakb_Dorymyrmex_s0	myrm_Adlerzia_s0	0
bakb_Dorymyrmex_s0	myrm_Pristomyrmex_s0	0
bakb_Dorymyrmex_s0	myrm_Poecilomyrma_s0	0
bakb_Dorymyrmex_s0	myrm_Vombisidris_s0	0
bakb_Dorymyrmex_s0	myrm_Harpagoxenus_s0	0
bakb_Dorymyrmex_s0	ocym_Ocymyrmex_s1	0
bakb_Dorymyrmex_s0	pogo_Pogonomyrmex_s1	0
bakb_Dorymyrmex_s0	pogo_Pogonomyrmex_s2	0
bakb_Dorymyrmex_s0	pogo_Pogonomyrmex_s3	0
bakb_Dorymyrmex_s0	pogo_Pogonomyrmex_s4	0
bakb_Dorymyrmex_s0	pseu2_Pseudomyrmex_s1	0
bakb_Dorymyrmex_s0	seco_Dilobocondyla_s0	0
bakb_Dorymyrmex_s0	seri_Sericomyrmex_s1	0
bakb_Dorymyrmex_s0	sten_Novomessor_s0	0
bakb_Dorymyrmex_s0	tapi_Tapinoma_s0	0
bakb_Dorymyrmex_s0	temn_Temnothorax_s1	0
bakb_Dorymyrmex_s0	temn_Temnothorax_s3	0
bakb_Dorymyrmex_s0	temn_Temnothorax_s5	0
bakb_Dorymyrmex_s0	temn_Temnothorax_s7	0
bakb_Dorymyrmex_s0	temn_Temnothorax_s8	0
bakb_Dorymyrmex_s0	vero_Veromessor_s1	0
bakb_Dorymyrmex_s0	vero_Veromessor_s2	0
bakb_Technomyrmex_s0	bakb_Cheliomyrmex_s0	0
bakb_Technomyrmex_s0	bakb_Dinoponera_s0	0
bakb_Technomyrmex_s0	bakb_Adetomyrma_s0	0
bakb_Technomyrmex_s0	bakb_Onychomyrmex_s0	0
bakb_Technomyrmex_s0	brach_Brachymyrmex_s1	0
bakb_Technomyrmex_s0	cata_Cataglyphis_s1	0
bakb_Technomyrmex_s0	ceph_Cephalotes_s1	0
bakb_Technomyrmex_s0	ceph_Cephalotes_s2	0
bakb_Technomyrmex_s0	crea_Crematogaster_s1	0
bakb_Technomyrmex_s0	crea_Crematogaster_s2	0
bakb_Technomyrmex_s0	cren_Crematogaster_s1	0
bakb_Technomyrmex_s0	cres_Crematogaster_s0	0
bakb_Technomyrmex_s0	cret_Crematogaster_s1	0
bakb_Technomyrmex_s0	cret_Crematogaster_s2	0
bakb_Technomyrmex_s0	doli_Technomyrmex_s1	0
bakb_Technomyrmex_s0	doli_Bothriomyrmex_s1	0
bakb_Technomyrmex_s0	doli_Azteca_s1	0
bakb_Technomyrmex_s0	doli_Linepithema_s0	0
bakb_Technomyrmex_s0	doli_Anonychomyrma_s1	0
bakb_Technomyrmex_s0	doli_Froggattella_s0	0
bakb_Technomyrmex_s0	dory_Acanthostichus_s0	0
bakb_Technomyrmex_s0	dory_Eciton_s1	0
bakb_Technomyrmex_s0	dory_Dorylus_s2	0
bakb_Technomyrmex_s0	dory_Dorylus_s3	0
bakb_Technomyrmex_s0	dory_Ooceraea_s1	0
bakb_Technomyrmex_s0	dory_Parasyscia_s1	0
bakb_Technomyrmex_s0	ecta_Poneracantha_s1	0
bakb_Technomyrmex_s0	fori_Formica_s1	0
bakb_Technomyrmex_s0	fori_Acropyga_s0	0
bakb_Technomyrmex_s0	fori_Tapinolepis_s0	0
bakb_Technomyrmex_s0	fori_Calomyrmex_s1	0
bakb_Technomyrmex_s0	fori_Camponotus_s1	0
bakb_Technomyrmex_s0	fori_Camponotus_s3	0
bakb_Technomyrmex_s0	fori_Camponotus_s4	0
bakb_Technomyrmex_s0	fori_Colobopsis_s1	0
bakb_Technomyrmex_s0	fori_Oecophylla_s1	0
bakb_Technomyrmex_s0	fori_Lasius_s1	0
bakb_Technomyrmex_s0	form_Formica_s1	0
bakb_Technomyrmex_s0	lasi_Myrmecocystus_s1	0
bakb_Technomyrmex_s0	lasi_Paraparatrechina_s1	0
bakb_Technomyrmex_s0	lasi_Nylanderia_s2	0
bakb_Technomyrmex_s0	lasi_Nylanderia_s3	0
bakb_Technomyrmex_s0	lasi2_Lasius_s0	0
bakb_Technomyrmex_s0	lasi2_Nylanderia_s1	0
bakb_Technomyrmex_s0	lasi2_Nylanderia_s5	0
bakb_Technomyrmex_s0	lasi2_Nylanderia_s6	0
bakb_Technomyrmex_s0	lasi2_Nylanderia_s7	0
bakb_Technomyrmex_s0	lasi2_Nylanderia_s8	0
bakb_Technomyrmex_s0	lasi2_Nylanderia_s9	0
bakb_Technomyrmex_s0	melo_s0	0
bakb_Technomyrmex_s0	mycr_Mycocepurus_s0	0
bakb_Technomyrmex_s0	mycr_Myrmicocrypta_s1	0
bakb_Technomyrmex_s0	mymi_Myrmica_s13	0
bakb_Technomyrmex_s0	mymi_Myrmica_s14	0
bakb_Technomyrmex_s0	mymi_Myrmica_s3	0
bakb_Technomyrmex_s0	mymi_Myrmica_s7	0
bakb_Technomyrmex_s0	mymi_Myrmica_s8	0
bakb_Technomyrmex_s0	mymi_Myrmica_s9	0
bakb_Technomyrmex_s0	mymi_Myrmica_s11	0
bakb_Technomyrmex_s0	mymi_Myrmica_s12	0
bakb_Technomyrmex_s0	myre_Myrmecia_s1	0
bakb_Technomyrmex_s0	myre_Myrmecia_s2	0
bakb_Technomyrmex_s0	myre_Myrmecia_s3	0
bakb_Technomyrmex_s0	myre_Myrmecia_s5	0
bakb_Technomyrmex_s0	myre_Myrmecia_s6	0
bakb_Technomyrmex_s0	myre_Myrmecia_s7	0
bakb_Technomyrmex_s0	myrm_Myrmica_s1	0
bakb_Technomyrmex_s0	myrm_Myrmica_s2	0
bakb_Technomyrmex_s0	myrm_Pogonomyrmex_s1	0
bakb_Technomyrmex_s0	myrm_Pogonomyrmex_s2	0
bakb_Technomyrmex_s0	myrm_Monomorium_s0	0
bakb_Technomyrmex_s0	myrm_Cyphomyrmex_s0	0
bakb_Technomyrmex_s0	myrm_Basiceros_s0	0
bakb_Technomyrmex_s0	myrm_Pheidole_s1	0
bakb_Technomyrmex_s0	myrm_Ocymyrmex_s0	0
bakb_Technomyrmex_s0	myrm_Nesomyrmex_s0	0
bakb_Technomyrmex_s0	myrm_Cataulacus_s0	0
bakb_Technomyrmex_s0	myrm_Carebara_s0	0
bakb_Technomyrmex_s0	myrm_Cyphoidris_s0	0
bakb_Technomyrmex_s0	myrm_Tetramorium_s0	0
bakb_Technomyrmex_s0	myrm_Crematogaster_s1	0
bakb_Technomyrmex_s0	myrm_Adlerzia_s0	0
bakb_Technomyrmex_s0	myrm_Pristomyrmex_s0	0
bakb_Technomyrmex_s0	myrm_Poecilomyrma_s0	0
bakb_Technomyrmex_s0	myrm_Vombisidris_s0	0
bakb_Technomyrmex_s0	myrm_Harpagoxenus_s0	0
bakb_Technomyrmex_s0	ocym_Ocymyrmex_s1	0
bakb_Technomyrmex_s0	pogo_Pogonomyrmex_s1	0
bakb_Technomyrmex_s0	pogo_Pogonomyrmex_s2	0
bakb_Technomyrmex_s0	pogo_Pogonomyrmex_s3	0
bakb_Technomyrmex_s0	pogo_Pogonomyrmex_s4	0
bakb_Technomyrmex_s0	pseu2_Pseudomyrmex_s1	0
bakb_Technomyrmex_s0	seco_Dilobocondyla_s0	0
bakb_Technomyrmex_s0	seri_Sericomyrmex_s1	0
bakb_Technomyrmex_s0	sten_Novomessor_s0	0
bakb_Technomyrmex_s0	tapi_Tapinoma_s0	0
bakb_Technomyrmex_s0	temn_Temnothorax_s1	0
bakb_Technomyrmex_s0	temn_Temnothorax_s3	0
bakb_Technomyrmex_s0	temn_Temnothorax_s5	0
bakb_Technomyrmex_s0	temn_Temnothorax_s7	0
bakb_Technomyrmex_s0	temn_Temnothorax_s8	0
bakb_Technomyrmex_s0	vero_Veromessor_s1	0
bakb_Technomyrmex_s0	vero_Veromessor_s2	0
bakb_Cheliomyrmex_s0	bakb_Dinoponera_s0	0
bakb_Cheliomyrmex_s0	bakb_Adetomyrma_s0	0
bakb_Cheliomyrmex_s0	bakb_Onychomyrmex_s0	0
bakb_Cheliomyrmex_s0	brach_Brachymyrmex_s1	0
bakb_Cheliomyrmex_s0	cata_Cataglyphis_s1	0
bakb_Cheliomyrmex_s0	ceph_Cephalotes_s1	0
bakb_Cheliomyrmex_s0	ceph_Cephalotes_s2	0
bakb_Cheliomyrmex_s0	crea_Crematogaster_s1	0
bakb_Cheliomyrmex_s0	crea_Crematogaster_s2	0
bakb_Cheliomyrmex_s0	cren_Crematogaster_s1	0
bakb_Cheliomyrmex_s0	cres_Crematogaster_s0	0
bakb_Cheliomyrmex_s0	cret_Crematogaster_s1	0
bakb_Cheliomyrmex_s0	cret_Crematogaster_s2	0
bakb_Cheliomyrmex_s0	doli_Technomyrmex_s1	0
bakb_Cheliomyrmex_s0	doli_Bothriomyrmex_s1	0
bakb_Cheliomyrmex_s0	doli_Azteca_s1	0
bakb_Cheliomyrmex_s0	doli_Linepithema_s0	0
bakb_Cheliomyrmex_s0	doli_Anonychomyrma_s1	0
bakb_Cheliomyrmex_s0	doli_Froggattella_s0	0
bakb_Cheliomyrmex_s0	dory_Acanthostichus_s0	0
bakb_Cheliomyrmex_s0	dory_Eciton_s1	0
bakb_Cheliomyrmex_s0	dory_Dorylus_s2	0
bakb_Cheliomyrmex_s0	dory_Dorylus_s3	0
bakb_Cheliomyrmex_s0	dory_Ooceraea_s1	0
bakb_Cheliomyrmex_s0	dory_Parasyscia_s1	0
bakb_Cheliomyrmex_s0	ecta_Poneracantha_s1	0
bakb_Cheliomyrmex_s0	fori_Formica_s1	0
bakb_Cheliomyrmex_s0	fori_Acropyga_s0	0
bakb_Cheliomyrmex_s0	fori_Tapinolepis_s0	0
bakb_Cheliomyrmex_s0	fori_Calomyrmex_s1	0
bakb_Cheliomyrmex_s0	fori_Camponotus_s1	0
bakb_Cheliomyrmex_s0	fori_Camponotus_s3	0
bakb_Cheliomyrmex_s0	fori_Camponotus_s4	0
bakb_Cheliomyrmex_s0	fori_Colobopsis_s1	0
bakb_Cheliomyrmex_s0	fori_Oecophylla_s1	0
bakb_Cheliomyrmex_s0	fori_Lasius_s1	0
bakb_Cheliomyrmex_s0	form_Formica_s1	0
bakb_Cheliomyrmex_s0	lasi_Myrmecocystus_s1	0
bakb_Cheliomyrmex_s0	lasi_Paraparatrechina_s1	0
bakb_Cheliomyrmex_s0	lasi_Nylanderia_s2	0
bakb_Cheliomyrmex_s0	lasi_Nylanderia_s3	0
bakb_Cheliomyrmex_s0	lasi2_Lasius_s0	0
bakb_Cheliomyrmex_s0	lasi2_Nylanderia_s1	0
bakb_Cheliomyrmex_s0	lasi2_Nylanderia_s5	0
bakb_Cheliomyrmex_s0	lasi2_Nylanderia_s6	0
bakb_Cheliomyrmex_s0	lasi2_Nylanderia_s7	0
bakb_Cheliomyrmex_s0	lasi2_Nylanderia_s8	0
bakb_Cheliomyrmex_s0	lasi2_Nylanderia_s9	0
bakb_Cheliomyrmex_s0	melo_s0	0
bakb_Cheliomyrmex_s0	mycr_Mycocepurus_s0	0
bakb_Cheliomyrmex_s0	mycr_Myrmicocrypta_s1	0
bakb_Cheliomyrmex_s0	mymi_Myrmica_s13	0
bakb_Cheliomyrmex_s0	mymi_Myrmica_s14	0
bakb_Cheliomyrmex_s0	mymi_Myrmica_s3	0
bakb_Cheliomyrmex_s0	mymi_Myrmica_s7	0
bakb_Cheliomyrmex_s0	mymi_Myrmica_s8	0
bakb_Cheliomyrmex_s0	mymi_Myrmica_s9	0
bakb_Cheliomyrmex_s0	mymi_Myrmica_s11	0
bakb_Cheliomyrmex_s0	mymi_Myrmica_s12	0
bakb_Cheliomyrmex_s0	myre_Myrmecia_s1	0
bakb_Cheliomyrmex_s0	myre_Myrmecia_s2	0
bakb_Cheliomyrmex_s0	myre_Myrmecia_s3	0
bakb_Cheliomyrmex_s0	myre_Myrmecia_s5	0
bakb_Cheliomyrmex_s0	myre_Myrmecia_s6	0
bakb_Cheliomyrmex_s0	myre_Myrmecia_s7	0
bakb_Cheliomyrmex_s0	myrm_Myrmica_s1	0
bakb_Cheliomyrmex_s0	myrm_Myrmica_s2	0
bakb_Cheliomyrmex_s0	myrm_Pogonomyrmex_s1	0
bakb_Cheliomyrmex_s0	myrm_Pogonomyrmex_s2	0
bakb_Cheliomyrmex_s0	myrm_Monomorium_s0	0
bakb_Cheliomyrmex_s0	myrm_Cyphomyrmex_s0	0
bakb_Cheliomyrmex_s0	myrm_Basiceros_s0	0
bakb_Cheliomyrmex_s0	myrm_Pheidole_s1	0
bakb_Cheliomyrmex_s0	myrm_Ocymyrmex_s0	0
bakb_Cheliomyrmex_s0	myrm_Nesomyrmex_s0	0
bakb_Cheliomyrmex_s0	myrm_Cataulacus_s0	0
bakb_Cheliomyrmex_s0	myrm_Carebara_s0	0
bakb_Cheliomyrmex_s0	myrm_Cyphoidris_s0	0
bakb_Cheliomyrmex_s0	myrm_Tetramorium_s0	0
bakb_Cheliomyrmex_s0	myrm_Crematogaster_s1	0
bakb_Cheliomyrmex_s0	myrm_Adlerzia_s0	0
bakb_Cheliomyrmex_s0	myrm_Pristomyrmex_s0	0
bakb_Cheliomyrmex_s0	myrm_Poecilomyrma_s0	0
bakb_Cheliomyrmex_s0	myrm_Vombisidris_s0	0
bakb_Cheliomyrmex_s0	myrm_Harpagoxenus_s0	0
bakb_Cheliomyrmex_s0	ocym_Ocymyrmex_s1	0
bakb_Cheliomyrmex_s0	pogo_Pogonomyrmex_s1	0
bakb_Cheliomyrmex_s0	pogo_Pogonomyrmex_s2	0
bakb_Cheliomyrmex_s0	pogo_Pogonomyrmex_s3	0
bakb_Cheliomyrmex_s0	pogo_Pogonomyrmex_s4	0
bakb_Cheliomyrmex_s0	pseu2_Pseudomyrmex_s1	0
bakb_Cheliomyrmex_s0	seco_Dilobocondyla_s0	0
bakb_Cheliomyrmex_s0	seri_Sericomyrmex_s1	0
bakb_Cheliomyrmex_s0	sten_Novomessor_s0	0
bakb_Cheliomyrmex_s0	tapi_Tapinoma_s0	0
bakb_Cheliomyrmex_s0	temn_Temnothorax_s1	0
bakb_Cheliomyrmex_s0	temn_Temnothorax_s3	0
bakb_Cheliomyrmex_s0	temn_Temnothorax_s5	0
bakb_Cheliomyrmex_s0	temn_Temnothorax_s7	0
bakb_Cheliomyrmex_s0	temn_Temnothorax_s8	0
bakb_Cheliomyrmex_s0	vero_Veromessor_s1	0
bakb_Cheliomyrmex_s0	vero_Veromessor_s2	0
bakb_Dinoponera_s0	bakb_Adetomyrma_s0	0
bakb_Dinoponera_s0	bakb_Onychomyrmex_s0	0
bakb_Dinoponera_s0	brach_Brachymyrmex_s1	0
bakb_Dinoponera_s0	cata_Cataglyphis_s1	0
bakb_Dinoponera_s0	ceph_Cephalotes_s1	0
bakb_Dinoponera_s0	ceph_Cephalotes_s2	0
bakb_Dinoponera_s0	crea_Crematogaster_s1	0
bakb_Dinoponera_s0	crea_Crematogaster_s2	0
bakb_Dinoponera_s0	cren_Crematogaster_s1	0
bakb_Dinoponera_s0	cres_Crematogaster_s0	0
bakb_Dinoponera_s0	cret_Crematogaster_s1	0
bakb_Dinoponera_s0	cret_Crematogaster_s2	0
bakb_Dinoponera_s0	doli_Technomyrmex_s1	0
bakb_Dinoponera_s0	doli_Bothriomyrmex_s1	0
bakb_Dinoponera_s0	doli_Azteca_s1	0
bakb_Dinoponera_s0	doli_Linepithema_s0	0
bakb_Dinoponera_s0	doli_Anonychomyrma_s1	0
bakb_Dinoponera_s0	doli_Froggattella_s0	0
bakb_Dinoponera_s0	dory_Acanthostichus_s0	0
bakb_Dinoponera_s0	dory_Eciton_s1	0
bakb_Dinoponera_s0	dory_Dorylus_s2	0
bakb_Dinoponera_s0	dory_Dorylus_s3	0
bakb_Dinoponera_s0	dory_Ooceraea_s1	0
bakb_Dinoponera_s0	dory_Parasyscia_s1	0
bakb_Dinoponera_s0	ecta_Poneracantha_s1	0
bakb_Dinoponera_s0	fori_Formica_s1	0
bakb_Dinoponera_s0	fori_Acropyga_s0	0
bakb_Dinoponera_s0	fori_Tapinolepis_s0	0
bakb_Dinoponera_s0	fori_Calomyrmex_s1	0
bakb_Dinoponera_s0	fori_Camponotus_s1	0
bakb_Dinoponera_s0	fori_Camponotus_s3	0
bakb_Dinoponera_s0	fori_Camponotus_s4	0
bakb_Dinoponera_s0	fori_Colobopsis_s1	0
bakb_Dinoponera_s0	fori_Oecophylla_s1	0
bakb_Dinoponera_s0	fori_Lasius_s1	0
bakb_Dinoponera_s0	form_Formica_s1	0
bakb_Dinoponera_s0	lasi_Myrmecocystus_s1	0
bakb_Dinoponera_s0	lasi_Paraparatrechina_s1	0
bakb_Dinoponera_s0	lasi_Nylanderia_s2	0
bakb_Dinoponera_s0	lasi_Nylanderia_s3	0
bakb_Dinoponera_s0	lasi2_Lasius_s0	0
bakb_Dinoponera_s0	lasi2_Nylanderia_s1	0
bakb_Dinoponera_s0	lasi2_Nylanderia_s5	0
bakb_Dinoponera_s0	lasi2_Nylanderia_s6	0
bakb_Dinoponera_s0	lasi2_Nylanderia_s7	0
bakb_Dinoponera_s0	lasi2_Nylanderia_s8	0
bakb_Dinoponera_s0	lasi2_Nylanderia_s9	0
bakb_Dinoponera_s0	melo_s0	0
bakb_Dinoponera_s0	mycr_Mycocepurus_s0	0
bakb_Dinoponera_s0	mycr_Myrmicocrypta_s1	0
bakb_Dinoponera_s0	mymi_Myrmica_s13	0
bakb_Dinoponera_s0	mymi_Myrmica_s14	0
bakb_Dinoponera_s0	mymi_Myrmica_s3	0
bakb_Dinoponera_s0	mymi_Myrmica_s7	0
bakb_Dinoponera_s0	mymi_Myrmica_s8	0
bakb_Dinoponera_s0	mymi_Myrmica_s9	0
bakb_Dinoponera_s0	mymi_Myrmica_s11	0
bakb_Dinoponera_s0	mymi_Myrmica_s12	0
bakb_Dinoponera_s0	myre_Myrmecia_s1	0
bakb_Dinoponera_s0	myre_Myrmecia_s2	0
bakb_Dinoponera_s0	myre_Myrmecia_s3	0
bakb_Dinoponera_s0	myre_Myrmecia_s5	0
bakb_Dinoponera_s0	myre_Myrmecia_s6	0
bakb_Dinoponera_s0	myre_Myrmecia_s7	0
bakb_Dinoponera_s0	myrm_Myrmica_s1	0
bakb_Dinoponera_s0	myrm_Myrmica_s2	0
bakb_Dinoponera_s0	myrm_Pogonomyrmex_s1	0
bakb_Dinoponera_s0	myrm_Pogonomyrmex_s2	0
bakb_Dinoponera_s0	myrm_Monomorium_s0	0
bakb_Dinoponera_s0	myrm_Cyphomyrmex_s0	0
bakb_Dinoponera_s0	myrm_Basiceros_s0	0
bakb_Dinoponera_s0	myrm_Pheidole_s1	0
bakb_Dinoponera_s0	myrm_Ocymyrmex_s0	0
bakb_Dinoponera_s0	myrm_Nesomyrmex_s0	0
bakb_Dinoponera_s0	myrm_Cataulacus_s0	0
bakb_Dinoponera_s0	myrm_Carebara_s0	0
bakb_Dinoponera_s0	myrm_Cyphoidris_s0	0
bakb_Dinoponera_s0	myrm_Tetramorium_s0	0
bakb_Dinoponera_s0	myrm_Crematogaster_s1	0
bakb_Dinoponera_s0	myrm_Adlerzia_s0	0
bakb_Dinoponera_s0	myrm_Pristomyrmex_s0	0
bakb_Dinoponera_s0	myrm_Poecilomyrma_s0	0
bakb_Dinoponera_s0	myrm_Vombisidris_s0	0
bakb_Dinoponera_s0	myrm_Harpagoxenus_s0	0
bakb_Dinoponera_s0	ocym_Ocymyrmex_s1	0
bakb_Dinoponera_s0	pogo_Pogonomyrmex_s1	0
bakb_Dinoponera_s0	pogo_Pogonomyrmex_s2	0
bakb_Dinoponera_s0	pogo_Pogonomyrmex_s3	0
bakb_Dinoponera_s0	pogo_Pogonomyrmex_s4	0
bakb_Dinoponera_s0	pseu2_Pseudomyrmex_s1	0
bakb_Dinoponera_s0	seco_Dilobocondyla_s0	0
bakb_Dinoponera_s0	seri_Sericomyrmex_s1	0
bakb_Dinoponera_s0	sten_Novomessor_s0	0
bakb_Dinoponera_s0	tapi_Tapinoma_s0	0
bakb_Dinoponera_s0	temn_Temnothorax_s1	0
bakb_Dinoponera_s0	temn_Temnothorax_s3	0
bakb_Dinoponera_s0	temn_Temnothorax_s5	0
bakb_Dinoponera_s0	temn_Temnothorax_s7	0
bakb_Dinoponera_s0	temn_Temnothorax_s8	0
bakb_Dinoponera_s0	vero_Veromessor_s1	0
bakb_Dinoponera_s0	vero_Veromessor_s2	0
bakb_Adetomyrma_s0	bakb_Onychomyrmex_s0	0
bakb_Adetomyrma_s0	brach_Brachymyrmex_s1	0
bakb_Adetomyrma_s0	cata_Cataglyphis_s1	0
bakb_Adetomyrma_s0	ceph_Cephalotes_s1	0
bakb_Adetomyrma_s0	ceph_Cephalotes_s2	0
bakb_Adetomyrma_s0	crea_Crematogaster_s1	0
bakb_Adetomyrma_s0	crea_Crematogaster_s2	0
bakb_Adetomyrma_s0	cren_Crematogaster_s1	0
bakb_Adetomyrma_s0	cres_Crematogaster_s0	0
bakb_Adetomyrma_s0	cret_Crematogaster_s1	0
bakb_Adetomyrma_s0	cret_Crematogaster_s2	0
bakb_Adetomyrma_s0	doli_Technomyrmex_s1	0
bakb_Adetomyrma_s0	doli_Bothriomyrmex_s1	0
bakb_Adetomyrma_s0	doli_Azteca_s1	0
bakb_Adetomyrma_s0	doli_Linepithema_s0	0
bakb_Adetomyrma_s0	doli_Anonychomyrma_s1	0
bakb_Adetomyrma_s0	doli_Froggattella_s0	0
bakb_Adetomyrma_s0	dory_Acanthostichus_s0	0
bakb_Adetomyrma_s0	dory_Eciton_s1	0
bakb_Adetomyrma_s0	dory_Dorylus_s2	0
bakb_Adetomyrma_s0	dory_Dorylus_s3	0
bakb_Adetomyrma_s0	dory_Ooceraea_s1	0
bakb_Adetomyrma_s0	dory_Parasyscia_s1	0
bakb_Adetomyrma_s0	ecta_Poneracantha_s1	0
bakb_Adetomyrma_s0	fori_Formica_s1	0
bakb_Adetomyrma_s0	fori_Acropyga_s0	0
bakb_Adetomyrma_s0	fori_Tapinolepis_s0	0
bakb_Adetomyrma_s0	fori_Calomyrmex_s1	0
bakb_Adetomyrma_s0	fori_Camponotus_s1	0
bakb_Adetomyrma_s0	fori_Camponotus_s3	0
bakb_Adetomyrma_s0	fori_Camponotus_s4	0
bakb_Adetomyrma_s0	fori_Colobopsis_s1	0
bakb_Adetomyrma_s0	fori_Oecophylla_s1	0
bakb_Adetomyrma_s0	fori_Lasius_s1	0
bakb_Adetomyrma_s0	form_Formica_s1	0
bakb_Adetomyrma_s0	lasi_Myrmecocystus_s1	0
bakb_Adetomyrma_s0	lasi_Paraparatrechina_s1	0
bakb_Adetomyrma_s0	lasi_Nylanderia_s2	0
bakb_Adetomyrma_s0	lasi_Nylanderia_s3	0
bakb_Adetomyrma_s0	lasi2_Lasius_s0	0
bakb_Adetomyrma_s0	lasi2_Nylanderia_s1	0
bakb_Adetomyrma_s0	lasi2_Nylanderia_s5	0
bakb_Adetomyrma_s0	lasi2_Nylanderia_s6	0
bakb_Adetomyrma_s0	lasi2_Nylanderia_s7	0
bakb_Adetomyrma_s0	lasi2_Nylanderia_s8	0
bakb_Adetomyrma_s0	lasi2_Nylanderia_s9	0
bakb_Adetomyrma_s0	melo_s0	0
bakb_Adetomyrma_s0	mycr_Mycocepurus_s0	0
bakb_Adetomyrma_s0	mycr_Myrmicocrypta_s1	0
bakb_Adetomyrma_s0	mymi_Myrmica_s13	0
bakb_Adetomyrma_s0	mymi_Myrmica_s14	0
bakb_Adetomyrma_s0	mymi_Myrmica_s3	0
bakb_Adetomyrma_s0	mymi_Myrmica_s7	0
bakb_Adetomyrma_s0	mymi_Myrmica_s8	0
bakb_Adetomyrma_s0	mymi_Myrmica_s9	0
bakb_Adetomyrma_s0	mymi_Myrmica_s11	0
bakb_Adetomyrma_s0	mymi_Myrmica_s12	0
bakb_Adetomyrma_s0	myre_Myrmecia_s1	0
bakb_Adetomyrma_s0	myre_Myrmecia_s2	0
bakb_Adetomyrma_s0	myre_Myrmecia_s3	0
bakb_Adetomyrma_s0	myre_Myrmecia_s5	0
bakb_Adetomyrma_s0	myre_Myrmecia_s6	0
bakb_Adetomyrma_s0	myre_Myrmecia_s7	0
bakb_Adetomyrma_s0	myrm_Myrmica_s1	0
bakb_Adetomyrma_s0	myrm_Myrmica_s2	0
bakb_Adetomyrma_s0	myrm_Pogonomyrmex_s1	0
bakb_Adetomyrma_s0	myrm_Pogonomyrmex_s2	0
bakb_Adetomyrma_s0	myrm_Monomorium_s0	0
bakb_Adetomyrma_s0	myrm_Cyphomyrmex_s0	0
bakb_Adetomyrma_s0	myrm_Basiceros_s0	0
bakb_Adetomyrma_s0	myrm_Pheidole_s1	0
bakb_Adetomyrma_s0	myrm_Ocymyrmex_s0	0
bakb_Adetomyrma_s0	myrm_Nesomyrmex_s0	0
bakb_Adetomyrma_s0	myrm_Cataulacus_s0	0
bakb_Adetomyrma_s0	myrm_Carebara_s0	0
bakb_Adetomyrma_s0	myrm_Cyphoidris_s0	0
bakb_Adetomyrma_s0	myrm_Tetramorium_s0	0
bakb_Adetomyrma_s0	myrm_Crematogaster_s1	0
bakb_Adetomyrma_s0	myrm_Adlerzia_s0	0
bakb_Adetomyrma_s0	myrm_Pristomyrmex_s0	0
bakb_Adetomyrma_s0	myrm_Poecilomyrma_s0	0
bakb_Adetomyrma_s0	myrm_Vombisidris_s0	0
bakb_Adetomyrma_s0	myrm_Harpagoxenus_s0	0
bakb_Adetomyrma_s0	ocym_Ocymyrmex_s1	0
bakb_Adetomyrma_s0	pogo_Pogonomyrmex_s1	0
bakb_Adetomyrma_s0	pogo_Pogonomyrmex_s2	0
bakb_Adetomyrma_s0	pogo_Pogonomyrmex_s3	0
bakb_Adetomyrma_s0	pogo_Pogonomyrmex_s4	0
bakb_Adetomyrma_s0	pseu2_Pseudomyrmex_s1	0
bakb_Adetomyrma_s0	seco_Dilobocondyla_s0	0
bakb_Adetomyrma_s0	seri_Sericomyrmex_s1	0
bakb_Adetomyrma_s0	sten_Novomessor_s0	0
bakb_Adetomyrma_s0	tapi_Tapinoma_s0	0
bakb_Adetomyrma_s0	temn_Temnothorax_s1	0
bakb_Adetomyrma_s0	temn_Temnothorax_s3	0
bakb_Adetomyrma_s0	temn_Temnothorax_s5	0
bakb_Adetomyrma_s0	temn_Temnothorax_s7	0
bakb_Adetomyrma_s0	temn_Temnothorax_s8	0
bakb_Adetomyrma_s0	vero_Veromessor_s1	0
bakb_Adetomyrma_s0	vero_Veromessor_s2	0
bakb_Onychomyrmex_s0	brach_Brachymyrmex_s1	0
bakb_Onychomyrmex_s0	cata_Cataglyphis_s1	0
bakb_Onychomyrmex_s0	ceph_Cephalotes_s1	0
bakb_Onychomyrmex_s0	ceph_Cephalotes_s2	0
bakb_Onychomyrmex_s0	crea_Crematogaster_s1	0
bakb_Onychomyrmex_s0	crea_Crematogaster_s2	0
bakb_Onychomyrmex_s0	cren_Crematogaster_s1	0
bakb_Onychomyrmex_s0	cres_Crematogaster_s0	0
bakb_Onychomyrmex_s0	cret_Crematogaster_s1	0
bakb_Onychomyrmex_s0	cret_Crematogaster_s2	0
bakb_Onychomyrmex_s0	doli_Technomyrmex_s1	0
bakb_Onychomyrmex_s0	doli_Bothriomyrmex_s1	0
bakb_Onychomyrmex_s0	doli_Azteca_s1	0
bakb_Onychomyrmex_s0	doli_Linepithema_s0	0
bakb_Onychomyrmex_s0	doli_Anonychomyrma_s1	0
bakb_Onychomyrmex_s0	doli_Froggattella_s0	0
bakb_Onychomyrmex_s0	dory_Acanthostichus_s0	0
bakb_Onychomyrmex_s0	dory_Eciton_s1	0
bakb_Onychomyrmex_s0	dory_Dorylus_s2	0
bakb_Onychomyrmex_s0	dory_Dorylus_s3	0
bakb_Onychomyrmex_s0	dory_Ooceraea_s1	0
bakb_Onychomyrmex_s0	dory_Parasyscia_s1	0
bakb_Onychomyrmex_s0	ecta_Poneracantha_s1	0
bakb_Onychomyrmex_s0	fori_Formica_s1	0
bakb_Onychomyrmex_s0	fori_Acropyga_s0	0
bakb_Onychomyrmex_s0	fori_Tapinolepis_s0	0
bakb_Onychomyrmex_s0	fori_Calomyrmex_s1	0
bakb_Onychomyrmex_s0	fori_Camponotus_s1	0
bakb_Onychomyrmex_s0	fori_Camponotus_s3	0
bakb_Onychomyrmex_s0	fori_Camponotus_s4	0
bakb_Onychomyrmex_s0	fori_Colobopsis_s1	0
bakb_Onychomyrmex_s0	fori_Oecophylla_s1	0
bakb_Onychomyrmex_s0	fori_Lasius_s1	0
bakb_Onychomyrmex_s0	form_Formica_s1	0
bakb_Onychomyrmex_s0	lasi_Myrmecocystus_s1	0
bakb_Onychomyrmex_s0	lasi_Paraparatrechina_s1	0
bakb_Onychomyrmex_s0	lasi_Nylanderia_s2	0
bakb_Onychomyrmex_s0	lasi_Nylanderia_s3	0
bakb_Onychomyrmex_s0	lasi2_Lasius_s0	0
bakb_Onychomyrmex_s0	lasi2_Nylanderia_s1	0
bakb_Onychomyrmex_s0	lasi2_Nylanderia_s5	0
bakb_Onychomyrmex_s0	lasi2_Nylanderia_s6	0
bakb_Onychomyrmex_s0	lasi2_Nylanderia_s7	0
bakb_Onychomyrmex_s0	lasi2_Nylanderia_s8	0
bakb_Onychomyrmex_s0	lasi2_Nylanderia_s9	0
bakb_Onychomyrmex_s0	melo_s0	0
bakb_Onychomyrmex_s0	mycr_Mycocepurus_s0	0
bakb_Onychomyrmex_s0	mycr_Myrmicocrypta_s1	0
bakb_Onychomyrmex_s0	mymi_Myrmica_s13	0
bakb_Onychomyrmex_s0	mymi_Myrmica_s14	0
bakb_Onychomyrmex_s0	mymi_Myrmica_s3	0
bakb_Onychomyrmex_s0	mymi_Myrmica_s7	0
bakb_Onychomyrmex_s0	mymi_Myrmica_s8	0
bakb_Onychomyrmex_s0	mymi_Myrmica_s9	0
bakb_Onychomyrmex_s0	mymi_Myrmica_s11	0
bakb_Onychomyrmex_s0	mymi_Myrmica_s12	0
bakb_Onychomyrmex_s0	myre_Myrmecia_s1	0
bakb_Onychomyrmex_s0	myre_Myrmecia_s2	0
bakb_Onychomyrmex_s0	myre_Myrmecia_s3	0
bakb_Onychomyrmex_s0	myre_Myrmecia_s5	0
bakb_Onychomyrmex_s0	myre_Myrmecia_s6	0
bakb_Onychomyrmex_s0	myre_Myrmecia_s7	0
bakb_Onychomyrmex_s0	myrm_Myrmica_s1	0
bakb_Onychomyrmex_s0	myrm_Myrmica_s2	0
bakb_Onychomyrmex_s0	myrm_Pogonomyrmex_s1	0
bakb_Onychomyrmex_s0	myrm_Pogonomyrmex_s2	0
bakb_Onychomyrmex_s0	myrm_Monomorium_s0	0
bakb_Onychomyrmex_s0	myrm_Cyphomyrmex_s0	0
bakb_Onychomyrmex_s0	myrm_Basiceros_s0	0
bakb_Onychomyrmex_s0	myrm_Pheidole_s1	0
bakb_Onychomyrmex_s0	myrm_Ocymyrmex_s0	0
bakb_Onychomyrmex_s0	myrm_Nesomyrmex_s0	0
bakb_Onychomyrmex_s0	myrm_Cataulacus_s0	0
bakb_Onychomyrmex_s0	myrm_Carebara_s0	0
bakb_Onychomyrmex_s0	myrm_Cyphoidris_s0	0
bakb_Onychomyrmex_s0	myrm_Tetramorium_s0	0
bakb_Onychomyrmex_s0	myrm_Crematogaster_s1	0
bakb_Onychomyrmex_s0	myrm_Adlerzia_s0	0
bakb_Onychomyrmex_s0	myrm_Pristomyrmex_s0	0
bakb_Onychomyrmex_s0	myrm_Poecilomyrma_s0	0
bakb_Onychomyrmex_s0	myrm_Vombisidris_s0	0
bakb_Onychomyrmex_s0	myrm_Harpagoxenus_s0	0
bakb_Onychomyrmex_s0	ocym_Ocymyrmex_s1	0
bakb_Onychomyrmex_s0	pogo_Pogonomyrmex_s1	0
bakb_Onychomyrmex_s0	pogo_Pogonomyrmex_s2	0
bakb_Onychomyrmex_s0	pogo_Pogonomyrmex_s3	0
bakb_Onychomyrmex_s0	pogo_Pogonomyrmex_s4	0
bakb_Onychomyrmex_s0	pseu2_Pseudomyrmex_s1	0
bakb_Onychomyrmex_s0	seco_Dilobocondyla_s0	0
bakb_Onychomyrmex_s0	seri_Sericomyrmex_s1	0
bakb_Onychomyrmex_s0	sten_Novomessor_s0	0
bakb_Onychomyrmex_s0	tapi_Tapinoma_s0	0
bakb_Onychomyrmex_s0	temn_Temnothorax_s1	0
bakb_Onychomyrmex_s0	temn_Temnothorax_s3	0
bakb_Onychomyrmex_s0	temn_Temnothorax_s5	0
bakb_Onychomyrmex_s0	temn_Temnothorax_s7	0
bakb_Onychomyrmex_s0	temn_Temnothorax_s8	0
bakb_Onychomyrmex_s0	vero_Veromessor_s1	0
bakb_Onychomyrmex_s0	vero_Veromessor_s2	0
brach_Brachymyrmex_s1	cata_Cataglyphis_s1	0
brach_Brachymyrmex_s1	ceph_Cephalotes_s1	0
brach_Brachymyrmex_s1	ceph_Cephalotes_s2	0
brach_Brachymyrmex_s1	crea_Crematogaster_s1	0
brach_Brachymyrmex_s1	crea_Crematogaster_s2	0
brach_Brachymyrmex_s1	cren_Crematogaster_s1	0
brach_Brachymyrmex_s1	cres_Crematogaster_s0	0
brach_Brachymyrmex_s1	cret_Crematogaster_s1	0
brach_Brachymyrmex_s1	cret_Crematogaster_s2	0
brach_Brachymyrmex_s1	doli_Technomyrmex_s1	0
brach_Brachymyrmex_s1	doli_Bothriomyrmex_s1	0
brach_Brachymyrmex_s1	doli_Azteca_s1	0
brach_Brachymyrmex_s1	doli_Linepithema_s0	0
brach_Brachymyrmex_s1	doli_Anonychomyrma_s1	0
brach_Brachymyrmex_s1	doli_Froggattella_s0	0
brach_Brachymyrmex_s1	dory_Acanthostichus_s0	0
brach_Brachymyrmex_s1	dory_Eciton_s1	0
brach_Brachymyrmex_s1	dory_Dorylus_s2	0
brach_Brachymyrmex_s1	dory_Dorylus_s3	0
brach_Brachymyrmex_s1	dory_Ooceraea_s1	0
brach_Brachymyrmex_s1	dory_Parasyscia_s1	0
brach_Brachymyrmex_s1	ecta_Poneracantha_s1	0
brach_Brachymyrmex_s1	fori_Formica_s1	0
brach_Brachymyrmex_s1	fori_Acropyga_s0	0
brach_Brachymyrmex_s1	fori_Tapinolepis_s0	0
brach_Brachymyrmex_s1	fori_Calomyrmex_s1	0
brach_Brachymyrmex_s1	fori_Camponotus_s1	0
brach_Brachymyrmex_s1	fori_Camponotus_s3	0
brach_Brachymyrmex_s1	fori_Camponotus_s4	0
brach_Brachymyrmex_s1	fori_Colobopsis_s1	0
brach_Brachymyrmex_s1	fori_Oecophylla_s1	0
brach_Brachymyrmex_s1	fori_Lasius_s1	0
brach_Brachymyrmex_s1	form_Formica_s1	0
brach_Brachymyrmex_s1	lasi_Myrmecocystus_s1	0
brach_Brachymyrmex_s1	lasi_Paraparatrechina_s1	0
brach_Brachymyrmex_s1	lasi_Nylanderia_s2	0
brach_Brachymyrmex_s1	lasi_Nylanderia_s3	0
brach_Brachymyrmex_s1	lasi2_Lasius_s0	0
brach_Brachymyrmex_s1	lasi2_Nylanderia_s1	0
brach_Brachymyrmex_s1	lasi2_Nylanderia_s5	0
brach_Brachymyrmex_s1	lasi2_Nylanderia_s6	0
brach_Brachymyrmex_s1	lasi2_Nylanderia_s7	0
brach_Brachymyrmex_s1	lasi2_Nylanderia_s8	0
brach_Brachymyrmex_s1	lasi2_Nylanderia_s9	0
brach_Brachymyrmex_s1	melo_s0	0
brach_Brachymyrmex_s1	mycr_Mycocepurus_s0	0
brach_Brachymyrmex_s1	mycr_Myrmicocrypta_s1	0
brach_Brachymyrmex_s1	mymi_Myrmica_s13	0
brach_Brachymyrmex_s1	mymi_Myrmica_s14	0
brach_Brachymyrmex_s1	mymi_Myrmica_s3	0
brach_Brachymyrmex_s1	mymi_Myrmica_s7	0
brach_Brachymyrmex_s1	mymi_Myrmica_s8	0
brach_Brachymyrmex_s1	mymi_Myrmica_s9	0
brach_Brachymyrmex_s1	mymi_Myrmica_s11	0
brach_Brachymyrmex_s1	mymi_Myrmica_s12	0
brach_Brachymyrmex_s1	myre_Myrmecia_s1	0
brach_Brachymyrmex_s1	myre_Myrmecia_s2	0
brach_Brachymyrmex_s1	myre_Myrmecia_s3	0
brach_Brachymyrmex_s1	myre_Myrmecia_s5	0
brach_Brachymyrmex_s1	myre_Myrmecia_s6	0
brach_Brachymyrmex_s1	myre_Myrmecia_s7	0
brach_Brachymyrmex_s1	myrm_Myrmica_s1	0
brach_Brachymyrmex_s1	myrm_Myrmica_s2	0
brach_Brachymyrmex_s1	myrm_Pogonomyrmex_s1	0
brach_Brachymyrmex_s1	myrm_Pogonomyrmex_s2	0
brach_Brachymyrmex_s1	myrm_Monomorium_s0	0
brach_Brachymyrmex_s1	myrm_Cyphomyrmex_s0	0
brach_Brachymyrmex_s1	myrm_Basiceros_s0	0
brach_Brachymyrmex_s1	myrm_Pheidole_s1	0
brach_Brachymyrmex_s1	myrm_Ocymyrmex_s0	0
brach_Brachymyrmex_s1	myrm_Nesomyrmex_s0	0
brach_Brachymyrmex_s1	myrm_Cataulacus_s0	0
brach_Brachymyrmex_s1	myrm_Carebara_s0	0
brach_Brachymyrmex_s1	myrm_Cyphoidris_s0	0
brach_Brachymyrmex_s1	myrm_Tetramorium_s0	0
brach_Brachymyrmex_s1	myrm_Crematogaster_s1	0
brach_Brachymyrmex_s1	myrm_Adlerzia_s0	0
brach_Brachymyrmex_s1	myrm_Pristomyrmex_s0	0
brach_Brachymyrmex_s1	myrm_Poecilomyrma_s0	0
brach_Brachymyrmex_s1	myrm_Vombisidris_s0	0
brach_Brachymyrmex_s1	myrm_Harpagoxenus_s0	0
brach_Brachymyrmex_s1	ocym_Ocymyrmex_s1	0
brach_Brachymyrmex_s1	pogo_Pogonomyrmex_s1	0
brach_Brachymyrmex_s1	pogo_Pogonomyrmex_s2	0
brach_Brachymyrmex_s1	pogo_Pogonomyrmex_s3	0
brach_Brachymyrmex_s1	pogo_Pogonomyrmex_s4	0
brach_Brachymyrmex_s1	pseu2_Pseudomyrmex_s1	0
brach_Brachymyrmex_s1	seco_Dilobocondyla_s0	0
brach_Brachymyrmex_s1	seri_Sericomyrmex_s1	0
brach_Brachymyrmex_s1	sten_Novomessor_s0	0
brach_Brachymyrmex_s1	tapi_Tapinoma_s0	0
brach_Brachymyrmex_s1	temn_Temnothorax_s1	0
brach_Brachymyrmex_s1	temn_Temnothorax_s3	0
brach_Brachymyrmex_s1	temn_Temnothorax_s5	0
brach_Brachymyrmex_s1	temn_Temnothorax_s7	0
brach_Brachymyrmex_s1	temn_Temnothorax_s8	0
brach_Brachymyrmex_s1	vero_Veromessor_s1	0
brach_Brachymyrmex_s1	vero_Veromessor_s2	0
cata_Cataglyphis_s1	ceph_Cephalotes_s1	0
cata_Cataglyphis_s1	ceph_Cephalotes_s2	0
cata_Cataglyphis_s1	crea_Crematogaster_s1	0
cata_Cataglyphis_s1	crea_Crematogaster_s2	0
cata_Cataglyphis_s1	cren_Crematogaster_s1	0
cata_Cataglyphis_s1	cres_Crematogaster_s0	0
cata_Cataglyphis_s1	cret_Crematogaster_s1	0
cata_Cataglyphis_s1	cret_Crematogaster_s2	0
cata_Cataglyphis_s1	doli_Technomyrmex_s1	0
cata_Cataglyphis_s1	doli_Bothriomyrmex_s1	0
cata_Cataglyphis_s1	doli_Azteca_s1	0
cata_Cataglyphis_s1	doli_Linepithema_s0	0
cata_Cataglyphis_s1	doli_Anonychomyrma_s1	0
cata_Cataglyphis_s1	doli_Froggattella_s0	0
cata_Cataglyphis_s1	dory_Acanthostichus_s0	0
cata_Cataglyphis_s1	dory_Eciton_s1	0
cata_Cataglyphis_s1	dory_Dorylus_s2	0
cata_Cataglyphis_s1	dory_Dorylus_s3	0
cata_Cataglyphis_s1	dory_Ooceraea_s1	0
cata_Cataglyphis_s1	dory_Parasyscia_s1	0
cata_Cataglyphis_s1	ecta_Poneracantha_s1	0
cata_Cataglyphis_s1	fori_Formica_s1	1
cata_Cataglyphis_s1	fori_Acropyga_s0	0
cata_Cataglyphis_s1	fori_Tapinolepis_s0	0
cata_Cataglyphis_s1	fori_Calomyrmex_s1	0
cata_Cataglyphis_s1	fori_Camponotus_s1	0
cata_Cataglyphis_s1	fori_Camponotus_s3	0
cata_Cataglyphis_s1	fori_Camponotus_s4	0
cata_Cataglyphis_s1	fori_Colobopsis_s1	0
cata_Cataglyphis_s1	fori_Oecophylla_s1	0
cata_Cataglyphis_s1	fori_Lasius_s1	0
cata_Cataglyphis_s1	form_Formica_s1	0
cata_Cataglyphis_s1	lasi_Myrmecocystus_s1	0
cata_Cataglyphis_s1	lasi_Paraparatrechina_s1	0
cata_Cataglyphis_s1	lasi_Nylanderia_s2	0
cata_Cataglyphis_s1	lasi_Nylanderia_s3	0
cata_Cataglyphis_s1	lasi2_Lasius_s0	0
cata_Cataglyphis_s1	lasi2_Nylanderia_s1	0
cata_Cataglyphis_s1	lasi2_Nylanderia_s5	0
cata_Cataglyphis_s1	lasi2_Nylanderia_s6	0
cata_Cataglyphis_s1	lasi2_Nylanderia_s7	0
cata_Cataglyphis_s1	lasi2_Nylanderia_s8	0
cata_Cataglyphis_s1	lasi2_Nylanderia_s9	0
cata_Cataglyphis_s1	melo_s0	0
cata_Cataglyphis_s1	mycr_Mycocepurus_s0	0
cata_Cataglyphis_s1	mycr_Myrmicocrypta_s1	0
cata_Cataglyphis_s1	mymi_Myrmica_s13	0
cata_Cataglyphis_s1	mymi_Myrmica_s14	0
cata_Cataglyphis_s1	mymi_Myrmica_s3	0
cata_Cataglyphis_s1	mymi_Myrmica_s7	0
cata_Cataglyphis_s1	mymi_Myrmica_s8	0
cata_Cataglyphis_s1	mymi_Myrmica_s9	0
cata_Cataglyphis_s1	mymi_Myrmica_s11	0
cata_Cataglyphis_s1	mymi_Myrmica_s12	0
cata_Cataglyphis_s1	myre_Myrmecia_s1	0
cata_Cataglyphis_s1	myre_Myrmecia_s2	0
cata_Cataglyphis_s1	myre_Myrmecia_s3	0
cata_Cataglyphis_s1	myre_Myrmecia_s5	0
cata_Cataglyphis_s1	myre_Myrmecia_s6	0
cata_Cataglyphis_s1	myre_Myrmecia_s7	0
cata_Cataglyphis_s1	myrm_Myrmica_s1	0
cata_Cataglyphis_s1	myrm_Myrmica_s2	0
cata_Cataglyphis_s1	myrm_Pogonomyrmex_s1	0
cata_Cataglyphis_s1	myrm_Pogonomyrmex_s2	0
cata_Cataglyphis_s1	myrm_Monomorium_s0	0
cata_Cataglyphis_s1	myrm_Cyphomyrmex_s0	0
cata_Cataglyphis_s1	myrm_Basiceros_s0	0
cata_Cataglyphis_s1	myrm_Pheidole_s1	0
cata_Cataglyphis_s1	myrm_Ocymyrmex_s0	0
cata_Cataglyphis_s1	myrm_Nesomyrmex_s0	0
cata_Cataglyphis_s1	myrm_Cataulacus_s0	0
cata_Cataglyphis_s1	myrm_Carebara_s0	0
cata_Cataglyphis_s1	myrm_Cyphoidris_s0	0
cata_Cataglyphis_s1	myrm_Tetramorium_s0	0
cata_Cataglyphis_s1	myrm_Crematogaster_s1	0
cata_Cataglyphis_s1	myrm_Adlerzia_s0	0
cata_Cataglyphis_s1	myrm_Pristomyrmex_s0	0
cata_Cataglyphis_s1	myrm_Poecilomyrma_s0	0
cata_Cataglyphis_s1	myrm_Vombisidris_s0	0
cata_Cataglyphis_s1	myrm_Harpagoxenus_s0	0
cata_Cataglyphis_s1	ocym_Ocymyrmex_s1	0
cata_Cataglyphis_s1	pogo_Pogonomyrmex_s1	0
cata_Cataglyphis_s1	pogo_Pogonomyrmex_s2	0
cata_Cataglyphis_s1	pogo_Pogonomyrmex_s3	0
cata_Cataglyphis_s1	pogo_Pogonomyrmex_s4	0
cata_Cataglyphis_s1	pseu2_Pseudomyrmex_s1	0
cata_Cataglyphis_s1	seco_Dilobocondyla_s0	0
cata_Cataglyphis_s1	seri_Sericomyrmex_s1	0
cata_Cataglyphis_s1	sten_Novomessor_s0	0
cata_Cataglyphis_s1	tapi_Tapinoma_s0	0
cata_Cataglyphis_s1	temn_Temnothorax_s1	0
cata_Cataglyphis_s1	temn_Temnothorax_s3	0
cata_Cataglyphis_s1	temn_Temnothorax_s5	0
cata_Cataglyphis_s1	temn_Temnothorax_s7	0
cata_Cataglyphis_s1	temn_Temnothorax_s8	0
cata_Cataglyphis_s1	vero_Veromessor_s1	0
cata_Cataglyphis_s1	vero_Veromessor_s2	0
ceph_Cephalotes_s1	ceph_Cephalotes_s2	0
ceph_Cephalotes_s1	crea_Crematogaster_s1	0
ceph_Cephalotes_s1	crea_Crematogaster_s2	0
ceph_Cephalotes_s1	cren_Crematogaster_s1	0
ceph_Cephalotes_s1	cres_Crematogaster_s0	0
ceph_Cephalotes_s1	cret_Crematogaster_s1	0
ceph_Cephalotes_s1	cret_Crematogaster_s2	0
ceph_Cephalotes_s1	doli_Technomyrmex_s1	0
ceph_Cephalotes_s1	doli_Bothriomyrmex_s1	0
ceph_Cephalotes_s1	doli_Azteca_s1	0
ceph_Cephalotes_s1	doli_Linepithema_s0	0
ceph_Cephalotes_s1	doli_Anonychomyrma_s1	0
ceph_Cephalotes_s1	doli_Froggattella_s0	0
ceph_Cephalotes_s1	dory_Acanthostichus_s0	0
ceph_Cephalotes_s1	dory_Eciton_s1	0
ceph_Cephalotes_s1	dory_Dorylus_s2	0
ceph_Cephalotes_s1	dory_Dorylus_s3	0
ceph_Cephalotes_s1	dory_Ooceraea_s1	0
ceph_Cephalotes_s1	dory_Parasyscia_s1	0
ceph_Cephalotes_s1	ecta_Poneracantha_s1	0
ceph_Cephalotes_s1	fori_Formica_s1	0
ceph_Cephalotes_s1	fori_Acropyga_s0	0
ceph_Cephalotes_s1	fori_Tapinolepis_s0	0
ceph_Cephalotes_s1	fori_Calomyrmex_s1	0
ceph_Cephalotes_s1	fori_Camponotus_s1	0
ceph_Cephalotes_s1	fori_Camponotus_s3	0
ceph_Cephalotes_s1	fori_Camponotus_s4	0
ceph_Cephalotes_s1	fori_Colobopsis_s1	0
ceph_Cephalotes_s1	fori_Oecophylla_s1	0
ceph_Cephalotes_s1	fori_Lasius_s1	0
ceph_Cephalotes_s1	form_Formica_s1	0
ceph_Cephalotes_s1	lasi_Myrmecocystus_s1	0
ceph_Cephalotes_s1	lasi_Paraparatrechina_s1	0
ceph_Cephalotes_s1	lasi_Nylanderia_s2	0
ceph_Cephalotes_s1	lasi_Nylanderia_s3	0
ceph_Cephalotes_s1	lasi2_Lasius_s0	0
ceph_Cephalotes_s1	lasi2_Nylanderia_s1	0
ceph_Cephalotes_s1	lasi2_Nylanderia_s5	0
ceph_Cephalotes_s1	lasi2_Nylanderia_s6	0
ceph_Cephalotes_s1	lasi2_Nylanderia_s7	0
ceph_Cephalotes_s1	lasi2_Nylanderia_s8	0
ceph_Cephalotes_s1	lasi2_Nylanderia_s9	0
ceph_Cephalotes_s1	melo_s0	0
ceph_Cephalotes_s1	mycr_Mycocepurus_s0	0
ceph_Cephalotes_s1	mycr_Myrmicocrypta_s1	0
ceph_Cephalotes_s1	mymi_Myrmica_s13	0
ceph_Cephalotes_s1	mymi_Myrmica_s14	0
ceph_Cephalotes_s1	mymi_Myrmica_s3	0
ceph_Cephalotes_s1	mymi_Myrmica_s7	0
ceph_Cephalotes_s1	mymi_Myrmica_s8	0
ceph_Cephalotes_s1	mymi_Myrmica_s9	0
ceph_Cephalotes_s1	mymi_Myrmica_s11	0
ceph_Cephalotes_s1	mymi_Myrmica_s12	0
ceph_Cephalotes_s1	myre_Myrmecia_s1	0
ceph_Cephalotes_s1	myre_Myrmecia_s2	0
ceph_Cephalotes_s1	myre_Myrmecia_s3	0
ceph_Cephalotes_s1	myre_Myrmecia_s5	0
ceph_Cephalotes_s1	myre_Myrmecia_s6	0
ceph_Cephalotes_s1	myre_Myrmecia_s7	0
ceph_Cephalotes_s1	myrm_Myrmica_s1	0
ceph_Cephalotes_s1	myrm_Myrmica_s2	0
ceph_Cephalotes_s1	myrm_Pogonomyrmex_s1	0
ceph_Cephalotes_s1	myrm_Pogonomyrmex_s2	0
ceph_Cephalotes_s1	myrm_Monomorium_s0	0
ceph_Cephalotes_s1	myrm_Cyphomyrmex_s0	0
ceph_Cephalotes_s1	myrm_Basiceros_s0	0
ceph_Cephalotes_s1	myrm_Pheidole_s1	0
ceph_Cephalotes_s1	myrm_Ocymyrmex_s0	0
ceph_Cephalotes_s1	myrm_Nesomyrmex_s0	0
ceph_Cephalotes_s1	myrm_Cataulacus_s0	0
ceph_Cephalotes_s1	myrm_Carebara_s0	0
ceph_Cephalotes_s1	myrm_Cyphoidris_s0	0
ceph_Cephalotes_s1	myrm_Tetramorium_s0	0
ceph_Cephalotes_s1	myrm_Crematogaster_s1	0
ceph_Cephalotes_s1	myrm_Adlerzia_s0	0
ceph_Cephalotes_s1	myrm_Pristomyrmex_s0	0
ceph_Cephalotes_s1	myrm_Poecilomyrma_s0	0
ceph_Cephalotes_s1	myrm_Vombisidris_s0	0
ceph_Cephalotes_s1	myrm_Harpagoxenus_s0	0
ceph_Cephalotes_s1	ocym_Ocymyrmex_s1	0
ceph_Cephalotes_s1	pogo_Pogonomyrmex_s1	0
ceph_Cephalotes_s1	pogo_Pogonomyrmex_s2	0
ceph_Cephalotes_s1	pogo_Pogonomyrmex_s3	0
ceph_Cephalotes_s1	pogo_Pogonomyrmex_s4	0
ceph_Cephalotes_s1	pseu2_Pseudomyrmex_s1	0
ceph_Cephalotes_s1	seco_Dilobocondyla_s0	0
ceph_Cephalotes_s1	seri_Sericomyrmex_s1	0
ceph_Cephalotes_s1	sten_Novomessor_s0	0
ceph_Cephalotes_s1	tapi_Tapinoma_s0	0
ceph_Cephalotes_s1	temn_Temnothorax_s1	0
ceph_Cephalotes_s1	temn_Temnothorax_s3	0
ceph_Cephalotes_s1	temn_Temnothorax_s5	0
ceph_Cephalotes_s1	temn_Temnothorax_s7	0
ceph_Cephalotes_s1	temn_Temnothorax_s8	0
ceph_Cephalotes_s1	vero_Veromessor_s1	0
ceph_Cephalotes_s1	vero_Veromessor_s2	0
ceph_Cephalotes_s2	crea_Crematogaster_s1	0
ceph_Cephalotes_s2	crea_Crematogaster_s2	0
ceph_Cephalotes_s2	cren_Crematogaster_s1	0
ceph_Cephalotes_s2	cres_Crematogaster_s0	0
ceph_Cephalotes_s2	cret_Crematogaster_s1	0
ceph_Cephalotes_s2	cret_Crematogaster_s2	0
ceph_Cephalotes_s2	doli_Technomyrmex_s1	0
ceph_Cephalotes_s2	doli_Bothriomyrmex_s1	0
ceph_Cephalotes_s2	doli_Azteca_s1	0
ceph_Cephalotes_s2	doli_Linepithema_s0	0
ceph_Cephalotes_s2	doli_Anonychomyrma_s1	0
ceph_Cephalotes_s2	doli_Froggattella_s0	0
ceph_Cephalotes_s2	dory_Acanthostichus_s0	0
ceph_Cephalotes_s2	dory_Eciton_s1	0
ceph_Cephalotes_s2	dory_Dorylus_s2	0
ceph_Cephalotes_s2	dory_Dorylus_s3	0
ceph_Cephalotes_s2	dory_Ooceraea_s1	0
ceph_Cephalotes_s2	dory_Parasyscia_s1	0
ceph_Cephalotes_s2	ecta_Poneracantha_s1	0
ceph_Cephalotes_s2	fori_Formica_s1	0
ceph_Cephalotes_s2	fori_Acropyga_s0	0
ceph_Cephalotes_s2	fori_Tapinolepis_s0	0
ceph_Cephalotes_s2	fori_Calomyrmex_s1	0
ceph_Cephalotes_s2	fori_Camponotus_s1	0
ceph_Cephalotes_s2	fori_Camponotus_s3	0
ceph_Cephalotes_s2	fori_Camponotus_s4	0
ceph_Cephalotes_s2	fori_Colobopsis_s1	0
ceph_Cephalotes_s2	fori_Oecophylla_s1	0
ceph_Cephalotes_s2	fori_Lasius_s1	0
ceph_Cephalotes_s2	form_Formica_s1	0
ceph_Cephalotes_s2	lasi_Myrmecocystus_s1	0
ceph_Cephalotes_s2	lasi_Paraparatrechina_s1	0
ceph_Cephalotes_s2	lasi_Nylanderia_s2	0
ceph_Cephalotes_s2	lasi_Nylanderia_s3	0
ceph_Cephalotes_s2	lasi2_Lasius_s0	0
ceph_Cephalotes_s2	lasi2_Nylanderia_s1	0
ceph_Cephalotes_s2	lasi2_Nylanderia_s5	0
ceph_Cephalotes_s2	lasi2_Nylanderia_s6	0
ceph_Cephalotes_s2	lasi2_Nylanderia_s7	0
ceph_Cephalotes_s2	lasi2_Nylanderia_s8	0
ceph_Cephalotes_s2	lasi2_Nylanderia_s9	0
ceph_Cephalotes_s2	melo_s0	0
ceph_Cephalotes_s2	mycr_Mycocepurus_s0	0
ceph_Cephalotes_s2	mycr_Myrmicocrypta_s1	0
ceph_Cephalotes_s2	mymi_Myrmica_s13	0
ceph_Cephalotes_s2	mymi_Myrmica_s14	0
ceph_Cephalotes_s2	mymi_Myrmica_s3	0
ceph_Cephalotes_s2	mymi_Myrmica_s7	0
ceph_Cephalotes_s2	mymi_Myrmica_s8	0
ceph_Cephalotes_s2	mymi_Myrmica_s9	0
ceph_Cephalotes_s2	mymi_Myrmica_s11	0
ceph_Cephalotes_s2	mymi_Myrmica_s12	0
ceph_Cephalotes_s2	myre_Myrmecia_s1	0
ceph_Cephalotes_s2	myre_Myrmecia_s2	0
ceph_Cephalotes_s2	myre_Myrmecia_s3	0
ceph_Cephalotes_s2	myre_Myrmecia_s5	0
ceph_Cephalotes_s2	myre_Myrmecia_s6	0
ceph_Cephalotes_s2	myre_Myrmecia_s7	0
ceph_Cephalotes_s2	myrm_Myrmica_s1	0
ceph_Cephalotes_s2	myrm_Myrmica_s2	0
ceph_Cephalotes_s2	myrm_Pogonomyrmex_s1	0
ceph_Cephalotes_s2	myrm_Pogonomyrmex_s2	0
ceph_Cephalotes_s2	myrm_Monomorium_s0	0
ceph_Cephalotes_s2	myrm_Cyphomyrmex_s0	0
ceph_Cephalotes_s2	myrm_Basiceros_s0	0
ceph_Cephalotes_s2	myrm_Pheidole_s1	0
ceph_Cephalotes_s2	myrm_Ocymyrmex_s0	0
ceph_Cephalotes_s2	myrm_Nesomyrmex_s0	0
ceph_Cephalotes_s2	myrm_Cataulacus_s0	0
ceph_Cephalotes_s2	myrm_Carebara_s0	0
ceph_Cephalotes_s2	myrm_Cyphoidris_s0	0
ceph_Cephalotes_s2	myrm_Tetramorium_s0	0
ceph_Cephalotes_s2	myrm_Crematogaster_s1	0
ceph_Cephalotes_s2	myrm_Adlerzia_s0	0
ceph_Cephalotes_s2	myrm_Pristomyrmex_s0	0
ceph_Cephalotes_s2	myrm_Poecilomyrma_s0	0
ceph_Cephalotes_s2	myrm_Vombisidris_s0	0
ceph_Cephalotes_s2	myrm_Harpagoxenus_s0	0
ceph_Cephalotes_s2	ocym_Ocymyrmex_s1	0
ceph_Cephalotes_s2	pogo_Pogonomyrmex_s1	0
ceph_Cephalotes_s2	pogo_Pogonomyrmex_s2	0
ceph_Cephalotes_s2	pogo_Pogonomyrmex_s3	0
ceph_Cephalotes_s2	pogo_Pogonomyrmex_s4	0
ceph_Cephalotes_s2	pseu2_Pseudomyrmex_s1	0
ceph_Cephalotes_s2	seco_Dilobocondyla_s0	0
ceph_Cephalotes_s2	seri_Sericomyrmex_s1	0
ceph_Cephalotes_s2	sten_Novomessor_s0	0
ceph_Cephalotes_s2	tapi_Tapinoma_s0	0
ceph_Cephalotes_s2	temn_Temnothorax_s1	0
ceph_Cephalotes_s2	temn_Temnothorax_s3	0
ceph_Cephalotes_s2	temn_Temnothorax_s5	0
ceph_Cephalotes_s2	temn_Temnothorax_s7	0
ceph_Cephalotes_s2	temn_Temnothorax_s8	0
ceph_Cephalotes_s2	vero_Veromessor_s1	0
ceph_Cephalotes_s2	vero_Veromessor_s2	0
crea_Crematogaster_s1	crea_Crematogaster_s2	0
crea_Crematogaster_s1	cren_Crematogaster_s1	0
crea_Crematogaster_s1	cres_Crematogaster_s0	0
crea_Crematogaster_s1	cret_Crematogaster_s1	0
crea_Crematogaster_s1	cret_Crematogaster_s2	0
crea_Crematogaster_s1	doli_Technomyrmex_s1	0
crea_Crematogaster_s1	doli_Bothriomyrmex_s1	0
crea_Crematogaster_s1	doli_Azteca_s1	0
crea_Crematogaster_s1	doli_Linepithema_s0	0
crea_Crematogaster_s1	doli_Anonychomyrma_s1	0
crea_Crematogaster_s1	doli_Froggattella_s0	0
crea_Crematogaster_s1	dory_Acanthostichus_s0	0
crea_Crematogaster_s1	dory_Eciton_s1	0
crea_Crematogaster_s1	dory_Dorylus_s2	0
crea_Crematogaster_s1	dory_Dorylus_s3	0
crea_Crematogaster_s1	dory_Ooceraea_s1	0
crea_Crematogaster_s1	dory_Parasyscia_s1	0
crea_Crematogaster_s1	ecta_Poneracantha_s1	0
crea_Crematogaster_s1	fori_Formica_s1	0
crea_Crematogaster_s1	fori_Acropyga_s0	0
crea_Crematogaster_s1	fori_Tapinolepis_s0	0
crea_Crematogaster_s1	fori_Calomyrmex_s1	0
crea_Crematogaster_s1	fori_Camponotus_s1	0
crea_Crematogaster_s1	fori_Camponotus_s3	0
crea_Crematogaster_s1	fori_Camponotus_s4	0
crea_Crematogaster_s1	fori_Colobopsis_s1	0
crea_Crematogaster_s1	fori_Oecophylla_s1	0
crea_Crematogaster_s1	fori_Lasius_s1	0
crea_Crematogaster_s1	form_Formica_s1	0
crea_Crematogaster_s1	lasi_Myrmecocystus_s1	0
crea_Crematogaster_s1	lasi_Paraparatrechina_s1	0
crea_Crematogaster_s1	lasi_Nylanderia_s2	0
crea_Crematogaster_s1	lasi_Nylanderia_s3	0
crea_Crematogaster_s1	lasi2_Lasius_s0	0
crea_Crematogaster_s1	lasi2_Nylanderia_s1	0
crea_Crematogaster_s1	lasi2_Nylanderia_s5	0
crea_Crematogaster_s1	lasi2_Nylanderia_s6	0
crea_Crematogaster_s1	lasi2_Nylanderia_s7	0
crea_Crematogaster_s1	lasi2_Nylanderia_s8	0
crea_Crematogaster_s1	lasi2_Nylanderia_s9	0
crea_Crematogaster_s1	melo_s0	0
crea_Crematogaster_s1	mycr_Mycocepurus_s0	0
crea_Crematogaster_s1	mycr_Myrmicocrypta_s1	0
crea_Crematogaster_s1	mymi_Myrmica_s13	0
crea_Crematogaster_s1	mymi_Myrmica_s14	0
crea_Crematogaster_s1	mymi_Myrmica_s3	0
crea_Crematogaster_s1	mymi_Myrmica_s7	0
crea_Crematogaster_s1	mymi_Myrmica_s8	0
crea_Crematogaster_s1	mymi_Myrmica_s9	0
crea_Crematogaster_s1	mymi_Myrmica_s11	0
crea_Crematogaster_s1	mymi_Myrmica_s12	0
crea_Crematogaster_s1	myre_Myrmecia_s1	0
crea_Crematogaster_s1	myre_Myrmecia_s2	0
crea_Crematogaster_s1	myre_Myrmecia_s3	0
crea_Crematogaster_s1	myre_Myrmecia_s5	0
crea_Crematogaster_s1	myre_Myrmecia_s6	0
crea_Crematogaster_s1	myre_Myrmecia_s7	0
crea_Crematogaster_s1	myrm_Myrmica_s1	0
crea_Crematogaster_s1	myrm_Myrmica_s2	0
crea_Crematogaster_s1	myrm_Pogonomyrmex_s1	0
crea_Crematogaster_s1	myrm_Pogonomyrmex_s2	0
crea_Crematogaster_s1	myrm_Monomorium_s0	0
crea_Crematogaster_s1	myrm_Cyphomyrmex_s0	0
crea_Crematogaster_s1	myrm_Basiceros_s0	0
crea_Crematogaster_s1	myrm_Pheidole_s1	0
crea_Crematogaster_s1	myrm_Ocymyrmex_s0	0
crea_Crematogaster_s1	myrm_Nesomyrmex_s0	0
crea_Crematogaster_s1	myrm_Cataulacus_s0	0
crea_Crematogaster_s1	myrm_Carebara_s0	0
crea_Crematogaster_s1	myrm_Cyphoidris_s0	0
crea_Crematogaster_s1	myrm_Tetramorium_s0	0
crea_Crematogaster_s1	myrm_Crematogaster_s1	0
crea_Crematogaster_s1	myrm_Adlerzia_s0	0
crea_Crematogaster_s1	myrm_Pristomyrmex_s0	0
crea_Crematogaster_s1	myrm_Poecilomyrma_s0	0
crea_Crematogaster_s1	myrm_Vombisidris_s0	0
crea_Crematogaster_s1	myrm_Harpagoxenus_s0	0
crea_Crematogaster_s1	ocym_Ocymyrmex_s1	0
crea_Crematogaster_s1	pogo_Pogonomyrmex_s1	0
crea_Crematogaster_s1	pogo_Pogonomyrmex_s2	0
crea_Crematogaster_s1	pogo_Pogonomyrmex_s3	0
crea_Crematogaster_s1	pogo_Pogonomyrmex_s4	0
crea_Crematogaster_s1	pseu2_Pseudomyrmex_s1	0
crea_Crematogaster_s1	seco_Dilobocondyla_s0	0
crea_Crematogaster_s1	seri_Sericomyrmex_s1	0
crea_Crematogaster_s1	sten_Novomessor_s0	0
crea_Crematogaster_s1	tapi_Tapinoma_s0	0
crea_Crematogaster_s1	temn_Temnothorax_s1	0
crea_Crematogaster_s1	temn_Temnothorax_s3	0
crea_Crematogaster_s1	temn_Temnothorax_s5	0
crea_Crematogaster_s1	temn_Temnothorax_s7	0
crea_Crematogaster_s1	temn_Temnothorax_s8	0
crea_Crematogaster_s1	vero_Veromessor_s1	0
crea_Crematogaster_s1	vero_Veromessor_s2	0
crea_Crematogaster_s2	cren_Crematogaster_s1	0
crea_Crematogaster_s2	cres_Crematogaster_s0	0
crea_Crematogaster_s2	cret_Crematogaster_s1	0
crea_Crematogaster_s2	cret_Crematogaster_s2	0
crea_Crematogaster_s2	doli_Technomyrmex_s1	0
crea_Crematogaster_s2	doli_Bothriomyrmex_s1	0
crea_Crematogaster_s2	doli_Azteca_s1	0
crea_Crematogaster_s2	doli_Linepithema_s0	0
crea_Crematogaster_s2	doli_Anonychomyrma_s1	0
crea_Crematogaster_s2	doli_Froggattella_s0	0
crea_Crematogaster_s2	dory_Acanthostichus_s0	0
crea_Crematogaster_s2	dory_Eciton_s1	0
crea_Crematogaster_s2	dory_Dorylus_s2	0
crea_Crematogaster_s2	dory_Dorylus_s3	0
crea_Crematogaster_s2	dory_Ooceraea_s1	0
crea_Crematogaster_s2	dory_Parasyscia_s1	0
crea_Crematogaster_s2	ecta_Poneracantha_s1	0
crea_Crematogaster_s2	fori_Formica_s1	0
crea_Crematogaster_s2	fori_Acropyga_s0	0
crea_Crematogaster_s2	fori_Tapinolepis_s0	0
crea_Crematogaster_s2	fori_Calomyrmex_s1	0
crea_Crematogaster_s2	fori_Camponotus_s1	0
crea_Crematogaster_s2	fori_Camponotus_s3	0
crea_Crematogaster_s2	fori_Camponotus_s4	0
crea_Crematogaster_s2	fori_Colobopsis_s1	0
crea_Crematogaster_s2	fori_Oecophylla_s1	0
crea_Crematogaster_s2	fori_Lasius_s1	0
crea_Crematogaster_s2	form_Formica_s1	0
crea_Crematogaster_s2	lasi_Myrmecocystus_s1	0
crea_Crematogaster_s2	lasi_Paraparatrechina_s1	0
crea_Crematogaster_s2	lasi_Nylanderia_s2	0
crea_Crematogaster_s2	lasi_Nylanderia_s3	0
crea_Crematogaster_s2	lasi2_Lasius_s0	0
crea_Crematogaster_s2	lasi2_Nylanderia_s1	0
crea_Crematogaster_s2	lasi2_Nylanderia_s5	0
crea_Crematogaster_s2	lasi2_Nylanderia_s6	0
crea_Crematogaster_s2	lasi2_Nylanderia_s7	0
crea_Crematogaster_s2	lasi2_Nylanderia_s8	0
crea_Crematogaster_s2	lasi2_Nylanderia_s9	0
crea_Crematogaster_s2	melo_s0	0
crea_Crematogaster_s2	mycr_Mycocepurus_s0	0
crea_Crematogaster_s2	mycr_Myrmicocrypta_s1	0
crea_Crematogaster_s2	mymi_Myrmica_s13	0
crea_Crematogaster_s2	mymi_Myrmica_s14	0
crea_Crematogaster_s2	mymi_Myrmica_s3	0
crea_Crematogaster_s2	mymi_Myrmica_s7	0
crea_Crematogaster_s2	mymi_Myrmica_s8	0
crea_Crematogaster_s2	mymi_Myrmica_s9	0
crea_Crematogaster_s2	mymi_Myrmica_s11	0
crea_Crematogaster_s2	mymi_Myrmica_s12	0
crea_Crematogaster_s2	myre_Myrmecia_s1	0
crea_Crematogaster_s2	myre_Myrmecia_s2	0
crea_Crematogaster_s2	myre_Myrmecia_s3	0
crea_Crematogaster_s2	myre_Myrmecia_s5	0
crea_Crematogaster_s2	myre_Myrmecia_s6	0
crea_Crematogaster_s2	myre_Myrmecia_s7	0
crea_Crematogaster_s2	myrm_Myrmica_s1	0
crea_Crematogaster_s2	myrm_Myrmica_s2	0
crea_Crematogaster_s2	myrm_Pogonomyrmex_s1	0
crea_Crematogaster_s2	myrm_Pogonomyrmex_s2	0
crea_Crematogaster_s2	myrm_Monomorium_s0	0
crea_Crematogaster_s2	myrm_Cyphomyrmex_s0	0
crea_Crematogaster_s2	myrm_Basiceros_s0	0
crea_Crematogaster_s2	myrm_Pheidole_s1	0
crea_Crematogaster_s2	myrm_Ocymyrmex_s0	0
crea_Crematogaster_s2	myrm_Nesomyrmex_s0	0
crea_Crematogaster_s2	myrm_Cataulacus_s0	0
crea_Crematogaster_s2	myrm_Carebara_s0	0
crea_Crematogaster_s2	myrm_Cyphoidris_s0	0
crea_Crematogaster_s2	myrm_Tetramorium_s0	0
crea_Crematogaster_s2	myrm_Crematogaster_s1	0
crea_Crematogaster_s2	myrm_Adlerzia_s0	0
crea_Crematogaster_s2	myrm_Pristomyrmex_s0	0
crea_Crematogaster_s2	myrm_Poecilomyrma_s0	0
crea_Crematogaster_s2	myrm_Vombisidris_s0	0
crea_Crematogaster_s2	myrm_Harpagoxenus_s0	0
crea_Crematogaster_s2	ocym_Ocymyrmex_s1	0
crea_Crematogaster_s2	pogo_Pogonomyrmex_s1	0
crea_Crematogaster_s2	pogo_Pogonomyrmex_s2	0
crea_Crematogaster_s2	pogo_Pogonomyrmex_s3	0
crea_Crematogaster_s2	pogo_Pogonomyrmex_s4	0
crea_Crematogaster_s2	pseu2_Pseudomyrmex_s1	0
crea_Crematogaster_s2	seco_Dilobocondyla_s0	0
crea_Crematogaster_s2	seri_Sericomyrmex_s1	0
crea_Crematogaster_s2	sten_Novomessor_s0	0
crea_Crematogaster_s2	tapi_Tapinoma_s0	0
crea_Crematogaster_s2	temn_Temnothorax_s1	0
crea_Crematogaster_s2	temn_Temnothorax_s3	0
crea_Crematogaster_s2	temn_Temnothorax_s5	0
crea_Crematogaster_s2	temn_Temnothorax_s7	0
crea_Crematogaster_s2	temn_Temnothorax_s8	0
crea_Crematogaster_s2	vero_Veromessor_s1	0
crea_Crematogaster_s2	vero_Veromessor_s2	0
cren_Crematogaster_s1	cres_Crematogaster_s0	0
cren_Crematogaster_s1	cret_Crematogaster_s1	0
cren_Crematogaster_s1	cret_Crematogaster_s2	0
cren_Crematogaster_s1	doli_Technomyrmex_s1	0
cren_Crematogaster_s1	doli_Bothriomyrmex_s1	0
cren_Crematogaster_s1	doli_Azteca_s1	0
cren_Crematogaster_s1	doli_Linepithema_s0	0
cren_Crematogaster_s1	doli_Anonychomyrma_s1	0
cren_Crematogaster_s1	doli_Froggattella_s0	0
cren_Crematogaster_s1	dory_Acanthostichus_s0	0
cren_Crematogaster_s1	dory_Eciton_s1	0
cren_Crematogaster_s1	dory_Dorylus_s2	0
cren_Crematogaster_s1	dory_Dorylus_s3	0
cren_Crematogaster_s1	dory_Ooceraea_s1	0
cren_Crematogaster_s1	dory_Parasyscia_s1	0
cren_Crematogaster_s1	ecta_Poneracantha_s1	0
cren_Crematogaster_s1	fori_Formica_s1	0
cren_Crematogaster_s1	fori_Acropyga_s0	0
cren_Crematogaster_s1	fori_Tapinolepis_s0	0
cren_Crematogaster_s1	fori_Calomyrmex_s1	0
cren_Crematogaster_s1	fori_Camponotus_s1	0
cren_Crematogaster_s1	fori_Camponotus_s3	0
cren_Crematogaster_s1	fori_Camponotus_s4	0
cren_Crematogaster_s1	fori_Colobopsis_s1	0
cren_Crematogaster_s1	fori_Oecophylla_s1	0
cren_Crematogaster_s1	fori_Lasius_s1	0
cren_Crematogaster_s1	form_Formica_s1	0
cren_Crematogaster_s1	lasi_Myrmecocystus_s1	0
cren_Crematogaster_s1	lasi_Paraparatrechina_s1	0
cren_Crematogaster_s1	lasi_Nylanderia_s2	0
cren_Crematogaster_s1	lasi_Nylanderia_s3	0
cren_Crematogaster_s1	lasi2_Lasius_s0	0
cren_Crematogaster_s1	lasi2_Nylanderia_s1	0
cren_Crematogaster_s1	lasi2_Nylanderia_s5	0
cren_Crematogaster_s1	lasi2_Nylanderia_s6	0
cren_Crematogaster_s1	lasi2_Nylanderia_s7	0
cren_Crematogaster_s1	lasi2_Nylanderia_s8	0
cren_Crematogaster_s1	lasi2_Nylanderia_s9	0
cren_Crematogaster_s1	melo_s0	0
cren_Crematogaster_s1	mycr_Mycocepurus_s0	0
cren_Crematogaster_s1	mycr_Myrmicocrypta_s1	0
cren_Crematogaster_s1	mymi_Myrmica_s13	0
cren_Crematogaster_s1	mymi_Myrmica_s14	0
cren_Crematogaster_s1	mymi_Myrmica_s3	0
cren_Crematogaster_s1	mymi_Myrmica_s7	0
cren_Crematogaster_s1	mymi_Myrmica_s8	0
cren_Crematogaster_s1	mymi_Myrmica_s9	0
cren_Crematogaster_s1	mymi_Myrmica_s11	0
cren_Crematogaster_s1	mymi_Myrmica_s12	0
cren_Crematogaster_s1	myre_Myrmecia_s1	0
cren_Crematogaster_s1	myre_Myrmecia_s2	0
cren_Crematogaster_s1	myre_Myrmecia_s3	0
cren_Crematogaster_s1	myre_Myrmecia_s5	0
cren_Crematogaster_s1	myre_Myrmecia_s6	0
cren_Crematogaster_s1	myre_Myrmecia_s7	0
cren_Crematogaster_s1	myrm_Myrmica_s1	0
cren_Crematogaster_s1	myrm_Myrmica_s2	0
cren_Crematogaster_s1	myrm_Pogonomyrmex_s1	0
cren_Crematogaster_s1	myrm_Pogonomyrmex_s2	0
cren_Crematogaster_s1	myrm_Monomorium_s0	0
cren_Crematogaster_s1	myrm_Cyphomyrmex_s0	0
cren_Crematogaster_s1	myrm_Basiceros_s0	0
cren_Crematogaster_s1	myrm_Pheidole_s1	0
cren_Crematogaster_s1	myrm_Ocymyrmex_s0	0
cren_Crematogaster_s1	myrm_Nesomyrmex_s0	0
cren_Crematogaster_s1	myrm_Cataulacus_s0	0
cren_Crematogaster_s1	myrm_Carebara_s0	0
cren_Crematogaster_s1	myrm_Cyphoidris_s0	0
cren_Crematogaster_s1	myrm_Tetramorium_s0	0
cren_Crematogaster_s1	myrm_Crematogaster_s1	0
cren_Crematogaster_s1	myrm_Adlerzia_s0	0
cren_Crematogaster_s1	myrm_Pristomyrmex_s0	0
cren_Crematogaster_s1	myrm_Poecilomyrma_s0	0
cren_Crematogaster_s1	myrm_Vombisidris_s0	0
cren_Crematogaster_s1	myrm_Harpagoxenus_s0	0
cren_Crematogaster_s1	ocym_Ocymyrmex_s1	0
cren_Crematogaster_s1	pogo_Pogonomyrmex_s1	0
cren_Crematogaster_s1	pogo_Pogonomyrmex_s2	0
cren_Crematogaster_s1	pogo_Pogonomyrmex_s3	0
cren_Crematogaster_s1	pogo_Pogonomyrmex_s4	0
cren_Crematogaster_s1	pseu2_Pseudomyrmex_s1	0
cren_Crematogaster_s1	seco_Dilobocondyla_s0	0
cren_Crematogaster_s1	seri_Sericomyrmex_s1	0
cren_Crematogaster_s1	sten_Novomessor_s0	0
cren_Crematogaster_s1	tapi_Tapinoma_s0	0
cren_Crematogaster_s1	temn_Temnothorax_s1	0
cren_Crematogaster_s1	temn_Temnothorax_s3	0
cren_Crematogaster_s1	temn_Temnothorax_s5	0
cren_Crematogaster_s1	temn_Temnothorax_s7	0
cren_Crematogaster_s1	temn_Temnothorax_s8	0
cren_Crematogaster_s1	vero_Veromessor_s1	0
cren_Crematogaster_s1	vero_Veromessor_s2	0
cres_Crematogaster_s0	cret_Crematogaster_s1	0
cres_Crematogaster_s0	cret_Crematogaster_s2	0
cres_Crematogaster_s0	doli_Technomyrmex_s1	0
cres_Crematogaster_s0	doli_Bothriomyrmex_s1	0
cres_Crematogaster_s0	doli_Azteca_s1	0
cres_Crematogaster_s0	doli_Linepithema_s0	0
cres_Crematogaster_s0	doli_Anonychomyrma_s1	0
cres_Crematogaster_s0	doli_Froggattella_s0	0
cres_Crematogaster_s0	dory_Acanthostichus_s0	0
cres_Crematogaster_s0	dory_Eciton_s1	0
cres_Crematogaster_s0	dory_Dorylus_s2	0
cres_Crematogaster_s0	dory_Dorylus_s3	0
cres_Crematogaster_s0	dory_Ooceraea_s1	0
cres_Crematogaster_s0	dory_Parasyscia_s1	0
cres_Crematogaster_s0	ecta_Poneracantha_s1	0
cres_Crematogaster_s0	fori_Formica_s1	0
cres_Crematogaster_s0	fori_Acropyga_s0	0
cres_Crematogaster_s0	fori_Tapinolepis_s0	0
cres_Crematogaster_s0	fori_Calomyrmex_s1	0
cres_Crematogaster_s0	fori_Camponotus_s1	0
cres_Crematogaster_s0	fori_Camponotus_s3	0
cres_Crematogaster_s0	fori_Camponotus_s4	0
cres_Crematogaster_s0	fori_Colobopsis_s1	0
cres_Crematogaster_s0	fori_Oecophylla_s1	0
cres_Crematogaster_s0	fori_Lasius_s1	0
cres_Crematogaster_s0	form_Formica_s1	0
cres_Crematogaster_s0	lasi_Myrmecocystus_s1	0
cres_Crematogaster_s0	lasi_Paraparatrechina_s1	0
cres_Crematogaster_s0	lasi_Nylanderia_s2	0
cres_Crematogaster_s0	lasi_Nylanderia_s3	0
cres_Crematogaster_s0	lasi2_Lasius_s0	0
cres_Crematogaster_s0	lasi2_Nylanderia_s1	0
cres_Crematogaster_s0	lasi2_Nylanderia_s5	0
cres_Crematogaster_s0	lasi2_Nylanderia_s6	0
cres_Crematogaster_s0	lasi2_Nylanderia_s7	0
cres_Crematogaster_s0	lasi2_Nylanderia_s8	0
cres_Crematogaster_s0	lasi2_Nylanderia_s9	0
cres_Crematogaster_s0	melo_s0	0
cres_Crematogaster_s0	mycr_Mycocepurus_s0	0
cres_Crematogaster_s0	mycr_Myrmicocrypta_s1	0
cres_Crematogaster_s0	mymi_Myrmica_s13	0
cres_Crematogaster_s0	mymi_Myrmica_s14	0
cres_Crematogaster_s0	mymi_Myrmica_s3	0
cres_Crematogaster_s0	mymi_Myrmica_s7	0
cres_Crematogaster_s0	mymi_Myrmica_s8	0
cres_Crematogaster_s0	mymi_Myrmica_s9	0
cres_Crematogaster_s0	mymi_Myrmica_s11	0
cres_Crematogaster_s0	mymi_Myrmica_s12	0
cres_Crematogaster_s0	myre_Myrmecia_s1	0
cres_Crematogaster_s0	myre_Myrmecia_s2	0
cres_Crematogaster_s0	myre_Myrmecia_s3	0
cres_Crematogaster_s0	myre_Myrmecia_s5	0
cres_Crematogaster_s0	myre_Myrmecia_s6	0
cres_Crematogaster_s0	myre_Myrmecia_s7	0
cres_Crematogaster_s0	myrm_Myrmica_s1	0
cres_Crematogaster_s0	myrm_Myrmica_s2	0
cres_Crematogaster_s0	myrm_Pogonomyrmex_s1	0
cres_Crematogaster_s0	myrm_Pogonomyrmex_s2	0
cres_Crematogaster_s0	myrm_Monomorium_s0	0
cres_Crematogaster_s0	myrm_Cyphomyrmex_s0	0
cres_Crematogaster_s0	myrm_Basiceros_s0	0
cres_Crematogaster_s0	myrm_Pheidole_s1	0
cres_Crematogaster_s0	myrm_Ocymyrmex_s0	0
cres_Crematogaster_s0	myrm_Nesomyrmex_s0	0
cres_Crematogaster_s0	myrm_Cataulacus_s0	0
cres_Crematogaster_s0	myrm_Carebara_s0	0
cres_Crematogaster_s0	myrm_Cyphoidris_s0	0
cres_Crematogaster_s0	myrm_Tetramorium_s0	0
cres_Crematogaster_s0	myrm_Crematogaster_s1	0
cres_Crematogaster_s0	myrm_Adlerzia_s0	0
cres_Crematogaster_s0	myrm_Pristomyrmex_s0	0
cres_Crematogaster_s0	myrm_Poecilomyrma_s0	0
cres_Crematogaster_s0	myrm_Vombisidris_s0	0
cres_Crematogaster_s0	myrm_Harpagoxenus_s0	0
cres_Crematogaster_s0	ocym_Ocymyrmex_s1	0
cres_Crematogaster_s0	pogo_Pogonomyrmex_s1	0
cres_Crematogaster_s0	pogo_Pogonomyrmex_s2	0
cres_Crematogaster_s0	pogo_Pogonomyrmex_s3	0
cres_Crematogaster_s0	pogo_Pogonomyrmex_s4	0
cres_Crematogaster_s0	pseu2_Pseudomyrmex_s1	0
cres_Crematogaster_s0	seco_Dilobocondyla_s0	0
cres_Crematogaster_s0	seri_Sericomyrmex_s1	0
cres_Crematogaster_s0	sten_Novomessor_s0	0
cres_Crematogaster_s0	tapi_Tapinoma_s0	0
cres_Crematogaster_s0	temn_Temnothorax_s1	0
cres_Crematogaster_s0	temn_Temnothorax_s3	0
cres_Crematogaster_s0	temn_Temnothorax_s5	0
cres_Crematogaster_s0	temn_Temnothorax_s7	0
cres_Crematogaster_s0	temn_Temnothorax_s8	0
cres_Crematogaster_s0	vero_Veromessor_s1	0
cres_Crematogaster_s0	vero_Veromessor_s2	0
cret_Crematogaster_s1	cret_Crematogaster_s2	0
cret_Crematogaster_s1	doli_Technomyrmex_s1	0
cret_Crematogaster_s1	doli_Bothriomyrmex_s1	0
cret_Crematogaster_s1	doli_Azteca_s1	0
cret_Crematogaster_s1	doli_Linepithema_s0	0
cret_Crematogaster_s1	doli_Anonychomyrma_s1	0
cret_Crematogaster_s1	doli_Froggattella_s0	0
cret_Crematogaster_s1	dory_Acanthostichus_s0	0
cret_Crematogaster_s1	dory_Eciton_s1	0
cret_Crematogaster_s1	dory_Dorylus_s2	0
cret_Crematogaster_s1	dory_Dorylus_s3	0
cret_Crematogaster_s1	dory_Ooceraea_s1	0
cret_Crematogaster_s1	dory_Parasyscia_s1	0
cret_Crematogaster_s1	ecta_Poneracantha_s1	0
cret_Crematogaster_s1	fori_Formica_s1	0
cret_Crematogaster_s1	fori_Acropyga_s0	0
cret_Crematogaster_s1	fori_Tapinolepis_s0	0
cret_Crematogaster_s1	fori_Calomyrmex_s1	0
cret_Crematogaster_s1	fori_Camponotus_s1	0
cret_Crematogaster_s1	fori_Camponotus_s3	0
cret_Crematogaster_s1	fori_Camponotus_s4	0
cret_Crematogaster_s1	fori_Colobopsis_s1	0
cret_Crematogaster_s1	fori_Oecophylla_s1	0
cret_Crematogaster_s1	fori_Lasius_s1	0
cret_Crematogaster_s1	form_Formica_s1	0
cret_Crematogaster_s1	lasi_Myrmecocystus_s1	0
cret_Crematogaster_s1	lasi_Paraparatrechina_s1	0
cret_Crematogaster_s1	lasi_Nylanderia_s2	0
cret_Crematogaster_s1	lasi_Nylanderia_s3	0
cret_Crematogaster_s1	lasi2_Lasius_s0	0
cret_Crematogaster_s1	lasi2_Nylanderia_s1	0
cret_Crematogaster_s1	lasi2_Nylanderia_s5	0
cret_Crematogaster_s1	lasi2_Nylanderia_s6	0
cret_Crematogaster_s1	lasi2_Nylanderia_s7	0
cret_Crematogaster_s1	lasi2_Nylanderia_s8	0
cret_Crematogaster_s1	lasi2_Nylanderia_s9	0
cret_Crematogaster_s1	melo_s0	0
cret_Crematogaster_s1	mycr_Mycocepurus_s0	0
cret_Crematogaster_s1	mycr_Myrmicocrypta_s1	0
cret_Crematogaster_s1	mymi_Myrmica_s13	0
cret_Crematogaster_s1	mymi_Myrmica_s14	0
cret_Crematogaster_s1	mymi_Myrmica_s3	0
cret_Crematogaster_s1	mymi_Myrmica_s7	0
cret_Crematogaster_s1	mymi_Myrmica_s8	0
cret_Crematogaster_s1	mymi_Myrmica_s9	0
cret_Crematogaster_s1	mymi_Myrmica_s11	0
cret_Crematogaster_s1	mymi_Myrmica_s12	0
cret_Crematogaster_s1	myre_Myrmecia_s1	0
cret_Crematogaster_s1	myre_Myrmecia_s2	0
cret_Crematogaster_s1	myre_Myrmecia_s3	0
cret_Crematogaster_s1	myre_Myrmecia_s5	0
cret_Crematogaster_s1	myre_Myrmecia_s6	0
cret_Crematogaster_s1	myre_Myrmecia_s7	0
cret_Crematogaster_s1	myrm_Myrmica_s1	0
cret_Crematogaster_s1	myrm_Myrmica_s2	0
cret_Crematogaster_s1	myrm_Pogonomyrmex_s1	0
cret_Crematogaster_s1	myrm_Pogonomyrmex_s2	0
cret_Crematogaster_s1	myrm_Monomorium_s0	0
cret_Crematogaster_s1	myrm_Cyphomyrmex_s0	0
cret_Crematogaster_s1	myrm_Basiceros_s0	0
cret_Crematogaster_s1	myrm_Pheidole_s1	0
cret_Crematogaster_s1	myrm_Ocymyrmex_s0	0
cret_Crematogaster_s1	myrm_Nesomyrmex_s0	0
cret_Crematogaster_s1	myrm_Cataulacus_s0	0
cret_Crematogaster_s1	myrm_Carebara_s0	0
cret_Crematogaster_s1	myrm_Cyphoidris_s0	0
cret_Crematogaster_s1	myrm_Tetramorium_s0	0
cret_Crematogaster_s1	myrm_Crematogaster_s1	0
cret_Crematogaster_s1	myrm_Adlerzia_s0	0
cret_Crematogaster_s1	myrm_Pristomyrmex_s0	0
cret_Crematogaster_s1	myrm_Poecilomyrma_s0	0
cret_Crematogaster_s1	myrm_Vombisidris_s0	0
cret_Crematogaster_s1	myrm_Harpagoxenus_s0	0
cret_Crematogaster_s1	ocym_Ocymyrmex_s1	0
cret_Crematogaster_s1	pogo_Pogonomyrmex_s1	0
cret_Crematogaster_s1	pogo_Pogonomyrmex_s2	0
cret_Crematogaster_s1	pogo_Pogonomyrmex_s3	0
cret_Crematogaster_s1	pogo_Pogonomyrmex_s4	0
cret_Crematogaster_s1	pseu2_Pseudomyrmex_s1	0
cret_Crematogaster_s1	seco_Dilobocondyla_s0	0
cret_Crematogaster_s1	seri_Sericomyrmex_s1	0
cret_Crematogaster_s1	sten_Novomessor_s0	0
cret_Crematogaster_s1	tapi_Tapinoma_s0	0
cret_Crematogaster_s1	temn_Temnothorax_s1	0
cret_Crematogaster_s1	temn_Temnothorax_s3	0
cret_Crematogaster_s1	temn_Temnothorax_s5	0
cret_Crematogaster_s1	temn_Temnothorax_s7	0
cret_Crematogaster_s1	temn_Temnothorax_s8	0
cret_Crematogaster_s1	vero_Veromessor_s1	0
cret_Crematogaster_s1	vero_Veromessor_s2	0
cret_Crematogaster_s2	doli_Technomyrmex_s1	0
cret_Crematogaster_s2	doli_Bothriomyrmex_s1	0
cret_Crematogaster_s2	doli_Azteca_s1	0
cret_Crematogaster_s2	doli_Linepithema_s0	0
cret_Crematogaster_s2	doli_Anonychomyrma_s1	0
cret_Crematogaster_s2	doli_Froggattella_s0	0
cret_Crematogaster_s2	dory_Acanthostichus_s0	0
cret_Crematogaster_s2	dory_Eciton_s1	0
cret_Crematogaster_s2	dory_Dorylus_s2	0
cret_Crematogaster_s2	dory_Dorylus_s3	0
cret_Crematogaster_s2	dory_Ooceraea_s1	0
cret_Crematogaster_s2	dory_Parasyscia_s1	0
cret_Crematogaster_s2	ecta_Poneracantha_s1	0
cret_Crematogaster_s2	fori_Formica_s1	0
cret_Crematogaster_s2	fori_Acropyga_s0	0
cret_Crematogaster_s2	fori_Tapinolepis_s0	0
cret_Crematogaster_s2	fori_Calomyrmex_s1	0
cret_Crematogaster_s2	fori_Camponotus_s1	0
cret_Crematogaster_s2	fori_Camponotus_s3	0
cret_Crematogaster_s2	fori_Camponotus_s4	0
cret_Crematogaster_s2	fori_Colobopsis_s1	0
cret_Crematogaster_s2	fori_Oecophylla_s1	0
cret_Crematogaster_s2	fori_Lasius_s1	0
cret_Crematogaster_s2	form_Formica_s1	0
cret_Crematogaster_s2	lasi_Myrmecocystus_s1	0
cret_Crematogaster_s2	lasi_Paraparatrechina_s1	0
cret_Crematogaster_s2	lasi_Nylanderia_s2	0
cret_Crematogaster_s2	lasi_Nylanderia_s3	0
cret_Crematogaster_s2	lasi2_Lasius_s0	0
cret_Crematogaster_s2	lasi2_Nylanderia_s1	0
cret_Crematogaster_s2	lasi2_Nylanderia_s5	0
cret_Crematogaster_s2	lasi2_Nylanderia_s6	0
cret_Crematogaster_s2	lasi2_Nylanderia_s7	0
cret_Crematogaster_s2	lasi2_Nylanderia_s8	0
cret_Crematogaster_s2	lasi2_Nylanderia_s9	0
cret_Crematogaster_s2	melo_s0	0
cret_Crematogaster_s2	mycr_Mycocepurus_s0	0
cret_Crematogaster_s2	mycr_Myrmicocrypta_s1	0
cret_Crematogaster_s2	mymi_Myrmica_s13	0
cret_Crematogaster_s2	mymi_Myrmica_s14	0
cret_Crematogaster_s2	mymi_Myrmica_s3	0
cret_Crematogaster_s2	mymi_Myrmica_s7	0
cret_Crematogaster_s2	mymi_Myrmica_s8	0
cret_Crematogaster_s2	mymi_Myrmica_s9	0
cret_Crematogaster_s2	mymi_Myrmica_s11	0
cret_Crematogaster_s2	mymi_Myrmica_s12	0
cret_Crematogaster_s2	myre_Myrmecia_s1	0
cret_Crematogaster_s2	myre_Myrmecia_s2	0
cret_Crematogaster_s2	myre_Myrmecia_s3	0
cret_Crematogaster_s2	myre_Myrmecia_s5	0
cret_Crematogaster_s2	myre_Myrmecia_s6	0
cret_Crematogaster_s2	myre_Myrmecia_s7	0
cret_Crematogaster_s2	myrm_Myrmica_s1	0
cret_Crematogaster_s2	myrm_Myrmica_s2	0
cret_Crematogaster_s2	myrm_Pogonomyrmex_s1	0
cret_Crematogaster_s2	myrm_Pogonomyrmex_s2	0
cret_Crematogaster_s2	myrm_Monomorium_s0	0
cret_Crematogaster_s2	myrm_Cyphomyrmex_s0	0
cret_Crematogaster_s2	myrm_Basiceros_s0	0
cret_Crematogaster_s2	myrm_Pheidole_s1	0
cret_Crematogaster_s2	myrm_Ocymyrmex_s0	0
cret_Crematogaster_s2	myrm_Nesomyrmex_s0	0
cret_Crematogaster_s2	myrm_Cataulacus_s0	0
cret_Crematogaster_s2	myrm_Carebara_s0	0
cret_Crematogaster_s2	myrm_Cyphoidris_s0	0
cret_Crematogaster_s2	myrm_Tetramorium_s0	0
cret_Crematogaster_s2	myrm_Crematogaster_s1	1
cret_Crematogaster_s2	myrm_Adlerzia_s0	0
cret_Crematogaster_s2	myrm_Pristomyrmex_s0	0
cret_Crematogaster_s2	myrm_Poecilomyrma_s0	0
cret_Crematogaster_s2	myrm_Vombisidris_s0	0
cret_Crematogaster_s2	myrm_Harpagoxenus_s0	0
cret_Crematogaster_s2	ocym_Ocymyrmex_s1	0
cret_Crematogaster_s2	pogo_Pogonomyrmex_s1	0
cret_Crematogaster_s2	pogo_Pogonomyrmex_s2	0
cret_Crematogaster_s2	pogo_Pogonomyrmex_s3	0
cret_Crematogaster_s2	pogo_Pogonomyrmex_s4	0
cret_Crematogaster_s2	pseu2_Pseudomyrmex_s1	0
cret_Crematogaster_s2	seco_Dilobocondyla_s0	0
cret_Crematogaster_s2	seri_Sericomyrmex_s1	0
cret_Crematogaster_s2	sten_Novomessor_s0	0
cret_Crematogaster_s2	tapi_Tapinoma_s0	0
cret_Crematogaster_s2	temn_Temnothorax_s1	0
cret_Crematogaster_s2	temn_Temnothorax_s3	0
cret_Crematogaster_s2	temn_Temnothorax_s5	0
cret_Crematogaster_s2	temn_Temnothorax_s7	0
cret_Crematogaster_s2	temn_Temnothorax_s8	0
cret_Crematogaster_s2	vero_Veromessor_s1	0
cret_Crematogaster_s2	vero_Veromessor_s2	0
doli_Technomyrmex_s1	doli_Bothriomyrmex_s1	0
doli_Technomyrmex_s1	doli_Azteca_s1	0
doli_Technomyrmex_s1	doli_Linepithema_s0	0
doli_Technomyrmex_s1	doli_Anonychomyrma_s1	0
doli_Technomyrmex_s1	doli_Froggattella_s0	0
doli_Technomyrmex_s1	dory_Acanthostichus_s0	0
doli_Technomyrmex_s1	dory_Eciton_s1	0
doli_Technomyrmex_s1	dory_Dorylus_s2	0
doli_Technomyrmex_s1	dory_Dorylus_s3	0
doli_Technomyrmex_s1	dory_Ooceraea_s1	0
doli_Technomyrmex_s1	dory_Parasyscia_s1	0
doli_Technomyrmex_s1	ecta_Poneracantha_s1	0
doli_Technomyrmex_s1	fori_Formica_s1	0
doli_Technomyrmex_s1	fori_Acropyga_s0	0
doli_Technomyrmex_s1	fori_Tapinolepis_s0	0
doli_Technomyrmex_s1	fori_Calomyrmex_s1	0
doli_Technomyrmex_s1	fori_Camponotus_s1	0
doli_Technomyrmex_s1	fori_Camponotus_s3	0
doli_Technomyrmex_s1	fori_Camponotus_s4	0
doli_Technomyrmex_s1	fori_Colobopsis_s1	0
doli_Technomyrmex_s1	fori_Oecophylla_s1	0
doli_Technomyrmex_s1	fori_Lasius_s1	0
doli_Technomyrmex_s1	form_Formica_s1	0
doli_Technomyrmex_s1	lasi_Myrmecocystus_s1	0
doli_Technomyrmex_s1	lasi_Paraparatrechina_s1	0
doli_Technomyrmex_s1	lasi_Nylanderia_s2	0
doli_Technomyrmex_s1	lasi_Nylanderia_s3	0
doli_Technomyrmex_s1	lasi2_Lasius_s0	0
doli_Technomyrmex_s1	lasi2_Nylanderia_s1	0
doli_Technomyrmex_s1	lasi2_Nylanderia_s5	0
doli_Technomyrmex_s1	lasi2_Nylanderia_s6	0
doli_Technomyrmex_s1	lasi2_Nylanderia_s7	0
doli_Technomyrmex_s1	lasi2_Nylanderia_s8	0
doli_Technomyrmex_s1	lasi2_Nylanderia_s9	0
doli_Technomyrmex_s1	melo_s0	0
doli_Technomyrmex_s1	mycr_Mycocepurus_s0	0
doli_Technomyrmex_s1	mycr_Myrmicocrypta_s1	0
doli_Technomyrmex_s1	mymi_Myrmica_s13	0
doli_Technomyrmex_s1	mymi_Myrmica_s14	0
doli_Technomyrmex_s1	mymi_Myrmica_s3	0
doli_Technomyrmex_s1	mymi_Myrmica_s7	0
doli_Technomyrmex_s1	mymi_Myrmica_s8	0
doli_Technomyrmex_s1	mymi_Myrmica_s9	0
doli_Technomyrmex_s1	mymi_Myrmica_s11	0
doli_Technomyrmex_s1	mymi_Myrmica_s12	0
doli_Technomyrmex_s1	myre_Myrmecia_s1	0
doli_Technomyrmex_s1	myre_Myrmecia_s2	0
doli_Technomyrmex_s1	myre_Myrmecia_s3	0
doli_Technomyrmex_s1	myre_Myrmecia_s5	0
doli_Technomyrmex_s1	myre_Myrmecia_s6	0
doli_Technomyrmex_s1	myre_Myrmecia_s7	0
doli_Technomyrmex_s1	myrm_Myrmica_s1	0
doli_Technomyrmex_s1	myrm_Myrmica_s2	0
doli_Technomyrmex_s1	myrm_Pogonomyrmex_s1	0
doli_Technomyrmex_s1	myrm_Pogonomyrmex_s2	0
doli_Technomyrmex_s1	myrm_Monomorium_s0	0
doli_Technomyrmex_s1	myrm_Cyphomyrmex_s0	0
doli_Technomyrmex_s1	myrm_Basiceros_s0	0
doli_Technomyrmex_s1	myrm_Pheidole_s1	0
doli_Technomyrmex_s1	myrm_Ocymyrmex_s0	0
doli_Technomyrmex_s1	myrm_Nesomyrmex_s0	0
doli_Technomyrmex_s1	myrm_Cataulacus_s0	0
doli_Technomyrmex_s1	myrm_Carebara_s0	0
doli_Technomyrmex_s1	myrm_Cyphoidris_s0	0
doli_Technomyrmex_s1	myrm_Tetramorium_s0	0
doli_Technomyrmex_s1	myrm_Crematogaster_s1	0
doli_Technomyrmex_s1	myrm_Adlerzia_s0	0
doli_Technomyrmex_s1	myrm_Pristomyrmex_s0	0
doli_Technomyrmex_s1	myrm_Poecilomyrma_s0	0
doli_Technomyrmex_s1	myrm_Vombisidris_s0	0
doli_Technomyrmex_s1	myrm_Harpagoxenus_s0	0
doli_Technomyrmex_s1	ocym_Ocymyrmex_s1	0
doli_Technomyrmex_s1	pogo_Pogonomyrmex_s1	0
doli_Technomyrmex_s1	pogo_Pogonomyrmex_s2	0
doli_Technomyrmex_s1	pogo_Pogonomyrmex_s3	0
doli_Technomyrmex_s1	pogo_Pogonomyrmex_s4	0
doli_Technomyrmex_s1	pseu2_Pseudomyrmex_s1	0
doli_Technomyrmex_s1	seco_Dilobocondyla_s0	0
doli_Technomyrmex_s1	seri_Sericomyrmex_s1	0
doli_Technomyrmex_s1	sten_Novomessor_s0	0
doli_Technomyrmex_s1	tapi_Tapinoma_s0	0
doli_Technomyrmex_s1	temn_Temnothorax_s1	0
doli_Technomyrmex_s1	temn_Temnothorax_s3	0
doli_Technomyrmex_s1	temn_Temnothorax_s5	0
doli_Technomyrmex_s1	temn_Temnothorax_s7	0
doli_Technomyrmex_s1	temn_Temnothorax_s8	0
doli_Technomyrmex_s1	vero_Veromessor_s1	0
doli_Technomyrmex_s1	vero_Veromessor_s2	0
doli_Bothriomyrmex_s1	doli_Azteca_s1	0
doli_Bothriomyrmex_s1	doli_Linepithema_s0	0
doli_Bothriomyrmex_s1	doli_Anonychomyrma_s1	0
doli_Bothriomyrmex_s1	doli_Froggattella_s0	0
doli_Bothriomyrmex_s1	dory_Acanthostichus_s0	0
doli_Bothriomyrmex_s1	dory_Eciton_s1	0
doli_Bothriomyrmex_s1	dory_Dorylus_s2	0
doli_Bothriomyrmex_s1	dory_Dorylus_s3	0
doli_Bothriomyrmex_s1	dory_Ooceraea_s1	0
doli_Bothriomyrmex_s1	dory_Parasyscia_s1	0
doli_Bothriomyrmex_s1	ecta_Poneracantha_s1	0
doli_Bothriomyrmex_s1	fori_Formica_s1	0
doli_Bothriomyrmex_s1	fori_Acropyga_s0	0
doli_Bothriomyrmex_s1	fori_Tapinolepis_s0	0
doli_Bothriomyrmex_s1	fori_Calomyrmex_s1	0
doli_Bothriomyrmex_s1	fori_Camponotus_s1	0
doli_Bothriomyrmex_s1	fori_Camponotus_s3	0
doli_Bothriomyrmex_s1	fori_Camponotus_s4	0
doli_Bothriomyrmex_s1	fori_Colobopsis_s1	0
doli_Bothriomyrmex_s1	fori_Oecophylla_s1	0
doli_Bothriomyrmex_s1	fori_Lasius_s1	0
doli_Bothriomyrmex_s1	form_Formica_s1	0
doli_Bothriomyrmex_s1	lasi_Myrmecocystus_s1	0
doli_Bothriomyrmex_s1	lasi_Paraparatrechina_s1	0
doli_Bothriomyrmex_s1	lasi_Nylanderia_s2	0
doli_Bothriomyrmex_s1	lasi_Nylanderia_s3	0
doli_Bothriomyrmex_s1	lasi2_Lasius_s0	0
doli_Bothriomyrmex_s1	lasi2_Nylanderia_s1	0
doli_Bothriomyrmex_s1	lasi2_Nylanderia_s5	0
doli_Bothriomyrmex_s1	lasi2_Nylanderia_s6	0
doli_Bothriomyrmex_s1	lasi2_Nylanderia_s7	0
doli_Bothriomyrmex_s1	lasi2_Nylanderia_s8	0
doli_Bothriomyrmex_s1	lasi2_Nylanderia_s9	0
doli_Bothriomyrmex_s1	melo_s0	0
doli_Bothriomyrmex_s1	mycr_Mycocepurus_s0	0
doli_Bothriomyrmex_s1	mycr_Myrmicocrypta_s1	0
doli_Bothriomyrmex_s1	mymi_Myrmica_s13	0
doli_Bothriomyrmex_s1	mymi_Myrmica_s14	0
doli_Bothriomyrmex_s1	mymi_Myrmica_s3	0
doli_Bothriomyrmex_s1	mymi_Myrmica_s7	0
doli_Bothriomyrmex_s1	mymi_Myrmica_s8	0
doli_Bothriomyrmex_s1	mymi_Myrmica_s9	0
doli_Bothriomyrmex_s1	mymi_Myrmica_s11	0
doli_Bothriomyrmex_s1	mymi_Myrmica_s12	0
doli_Bothriomyrmex_s1	myre_Myrmecia_s1	0
doli_Bothriomyrmex_s1	myre_Myrmecia_s2	0
doli_Bothriomyrmex_s1	myre_Myrmecia_s3	0
doli_Bothriomyrmex_s1	myre_Myrmecia_s5	0
doli_Bothriomyrmex_s1	myre_Myrmecia_s6	0
doli_Bothriomyrmex_s1	myre_Myrmecia_s7	0
doli_Bothriomyrmex_s1	myrm_Myrmica_s1	0
doli_Bothriomyrmex_s1	myrm_Myrmica_s2	0
doli_Bothriomyrmex_s1	myrm_Pogonomyrmex_s1	0
doli_Bothriomyrmex_s1	myrm_Pogonomyrmex_s2	0
doli_Bothriomyrmex_s1	myrm_Monomorium_s0	0
doli_Bothriomyrmex_s1	myrm_Cyphomyrmex_s0	0
doli_Bothriomyrmex_s1	myrm_Basiceros_s0	0
doli_Bothriomyrmex_s1	myrm_Pheidole_s1	0
doli_Bothriomyrmex_s1	myrm_Ocymyrmex_s0	0
doli_Bothriomyrmex_s1	myrm_Nesomyrmex_s0	0
doli_Bothriomyrmex_s1	myrm_Cataulacus_s0	0
doli_Bothriomyrmex_s1	myrm_Carebara_s0	0
doli_Bothriomyrmex_s1	myrm_Cyphoidris_s0	0
doli_Bothriomyrmex_s1	myrm_Tetramorium_s0	0
doli_Bothriomyrmex_s1	myrm_Crematogaster_s1	0
doli_Bothriomyrmex_s1	myrm_Adlerzia_s0	0
doli_Bothriomyrmex_s1	myrm_Pristomyrmex_s0	0
doli_Bothriomyrmex_s1	myrm_Poecilomyrma_s0	0
doli_Bothriomyrmex_s1	myrm_Vombisidris_s0	0
doli_Bothriomyrmex_s1	myrm_Harpagoxenus_s0	0
doli_Bothriomyrmex_s1	ocym_Ocymyrmex_s1	0
doli_Bothriomyrmex_s1	pogo_Pogonomyrmex_s1	0
doli_Bothriomyrmex_s1	pogo_Pogonomyrmex_s2	0
doli_Bothriomyrmex_s1	pogo_Pogonomyrmex_s3	0
doli_Bothriomyrmex_s1	pogo_Pogonomyrmex_s4	0
doli_Bothriomyrmex_s1	pseu2_Pseudomyrmex_s1	0
doli_Bothriomyrmex_s1	seco_Dilobocondyla_s0	0
doli_Bothriomyrmex_s1	seri_Sericomyrmex_s1	0
doli_Bothriomyrmex_s1	sten_Novomessor_s0	0
doli_Bothriomyrmex_s1	tapi_Tapinoma_s0	0
doli_Bothriomyrmex_s1	temn_Temnothorax_s1	0
doli_Bothriomyrmex_s1	temn_Temnothorax_s3	0
doli_Bothriomyrmex_s1	temn_Temnothorax_s5	0
doli_Bothriomyrmex_s1	temn_Temnothorax_s7	0
doli_Bothriomyrmex_s1	temn_Temnothorax_s8	0
doli_Bothriomyrmex_s1	vero_Veromessor_s1	0
doli_Bothriomyrmex_s1	vero_Veromessor_s2	0
doli_Azteca_s1	doli_Linepithema_s0	0
doli_Azteca_s1	doli_Anonychomyrma_s1	0
doli_Azteca_s1	doli_Froggattella_s0	0
doli_Azteca_s1	dory_Acanthostichus_s0	0
doli_Azteca_s1	dory_Eciton_s1	0
doli_Azteca_s1	dory_Dorylus_s2	0
doli_Azteca_s1	dory_Dorylus_s3	0
doli_Azteca_s1	dory_Ooceraea_s1	0
doli_Azteca_s1	dory_Parasyscia_s1	0
doli_Azteca_s1	ecta_Poneracantha_s1	0
doli_Azteca_s1	fori_Formica_s1	0
doli_Azteca_s1	fori_Acropyga_s0	0
doli_Azteca_s1	fori_Tapinolepis_s0	0
doli_Azteca_s1	fori_Calomyrmex_s1	0
doli_Azteca_s1	fori_Camponotus_s1	0
doli_Azteca_s1	fori_Camponotus_s3	0
doli_Azteca_s1	fori_Camponotus_s4	0
doli_Azteca_s1	fori_Colobopsis_s1	0
doli_Azteca_s1	fori_Oecophylla_s1	0
doli_Azteca_s1	fori_Lasius_s1	0
doli_Azteca_s1	form_Formica_s1	0
doli_Azteca_s1	lasi_Myrmecocystus_s1	0
doli_Azteca_s1	lasi_Paraparatrechina_s1	0
doli_Azteca_s1	lasi_Nylanderia_s2	0
doli_Azteca_s1	lasi_Nylanderia_s3	0
doli_Azteca_s1	lasi2_Lasius_s0	0
doli_Azteca_s1	lasi2_Nylanderia_s1	0
doli_Azteca_s1	lasi2_Nylanderia_s5	0
doli_Azteca_s1	lasi2_Nylanderia_s6	0
doli_Azteca_s1	lasi2_Nylanderia_s7	0
doli_Azteca_s1	lasi2_Nylanderia_s8	0
doli_Azteca_s1	lasi2_Nylanderia_s9	0
doli_Azteca_s1	melo_s0	0
doli_Azteca_s1	mycr_Mycocepurus_s0	0
doli_Azteca_s1	mycr_Myrmicocrypta_s1	0
doli_Azteca_s1	mymi_Myrmica_s13	0
doli_Azteca_s1	mymi_Myrmica_s14	0
doli_Azteca_s1	mymi_Myrmica_s3	0
doli_Azteca_s1	mymi_Myrmica_s7	0
doli_Azteca_s1	mymi_Myrmica_s8	0
doli_Azteca_s1	mymi_Myrmica_s9	0
doli_Azteca_s1	mymi_Myrmica_s11	0
doli_Azteca_s1	mymi_Myrmica_s12	0
doli_Azteca_s1	myre_Myrmecia_s1	0
doli_Azteca_s1	myre_Myrmecia_s2	0
doli_Azteca_s1	myre_Myrmecia_s3	0
doli_Azteca_s1	myre_Myrmecia_s5	0
doli_Azteca_s1	myre_Myrmecia_s6	0
doli_Azteca_s1	myre_Myrmecia_s7	0
doli_Azteca_s1	myrm_Myrmica_s1	0
doli_Azteca_s1	myrm_Myrmica_s2	0
doli_Azteca_s1	myrm_Pogonomyrmex_s1	0
doli_Azteca_s1	myrm_Pogonomyrmex_s2	0
doli_Azteca_s1	myrm_Monomorium_s0	0
doli_Azteca_s1	myrm_Cyphomyrmex_s0	0
doli_Azteca_s1	myrm_Basiceros_s0	0
doli_Azteca_s1	myrm_Pheidole_s1	0
doli_Azteca_s1	myrm_Ocymyrmex_s0	0
doli_Azteca_s1	myrm_Nesomyrmex_s0	0
doli_Azteca_s1	myrm_Cataulacus_s0	0
doli_Azteca_s1	myrm_Carebara_s0	0
doli_Azteca_s1	myrm_Cyphoidris_s0	0
doli_Azteca_s1	myrm_Tetramorium_s0	0
doli_Azteca_s1	myrm_Crematogaster_s1	0
doli_Azteca_s1	myrm_Adlerzia_s0	0
doli_Azteca_s1	myrm_Pristomyrmex_s0	0
doli_Azteca_s1	myrm_Poecilomyrma_s0	0
doli_Azteca_s1	myrm_Vombisidris_s0	0
doli_Azteca_s1	myrm_Harpagoxenus_s0	0
doli_Azteca_s1	ocym_Ocymyrmex_s1	0
doli_Azteca_s1	pogo_Pogonomyrmex_s1	0
doli_Azteca_s1	pogo_Pogonomyrmex_s2	0
doli_Azteca_s1	pogo_Pogonomyrmex_s3	0
doli_Azteca_s1	pogo_Pogonomyrmex_s4	0
doli_Azteca_s1	pseu2_Pseudomyrmex_s1	0
doli_Azteca_s1	seco_Dilobocondyla_s0	0
doli_Azteca_s1	seri_Sericomyrmex_s1	0
doli_Azteca_s1	sten_Novomessor_s0	0
doli_Azteca_s1	tapi_Tapinoma_s0	0
doli_Azteca_s1	temn_Temnothorax_s1	0
doli_Azteca_s1	temn_Temnothorax_s3	0
doli_Azteca_s1	temn_Temnothorax_s5	0
doli_Azteca_s1	temn_Temnothorax_s7	0
doli_Azteca_s1	temn_Temnothorax_s8	0
doli_Azteca_s1	vero_Veromessor_s1	0
doli_Azteca_s1	vero_Veromessor_s2	0
doli_Linepithema_s0	doli_Anonychomyrma_s1	0
doli_Linepithema_s0	doli_Froggattella_s0	0
doli_Linepithema_s0	dory_Acanthostichus_s0	0
doli_Linepithema_s0	dory_Eciton_s1	0
doli_Linepithema_s0	dory_Dorylus_s2	0
doli_Linepithema_s0	dory_Dorylus_s3	0
doli_Linepithema_s0	dory_Ooceraea_s1	0
doli_Linepithema_s0	dory_Parasyscia_s1	0
doli_Linepithema_s0	ecta_Poneracantha_s1	0
doli_Linepithema_s0	fori_Formica_s1	0
doli_Linepithema_s0	fori_Acropyga_s0	0
doli_Linepithema_s0	fori_Tapinolepis_s0	0
doli_Linepithema_s0	fori_Calomyrmex_s1	0
doli_Linepithema_s0	fori_Camponotus_s1	0
doli_Linepithema_s0	fori_Camponotus_s3	0
doli_Linepithema_s0	fori_Camponotus_s4	0
doli_Linepithema_s0	fori_Colobopsis_s1	0
doli_Linepithema_s0	fori_Oecophylla_s1	0
doli_Linepithema_s0	fori_Lasius_s1	0
doli_Linepithema_s0	form_Formica_s1	0
doli_Linepithema_s0	lasi_Myrmecocystus_s1	0
doli_Linepithema_s0	lasi_Paraparatrechina_s1	0
doli_Linepithema_s0	lasi_Nylanderia_s2	0
doli_Linepithema_s0	lasi_Nylanderia_s3	0
doli_Linepithema_s0	lasi2_Lasius_s0	0
doli_Linepithema_s0	lasi2_Nylanderia_s1	0
doli_Linepithema_s0	lasi2_Nylanderia_s5	0
doli_Linepithema_s0	lasi2_Nylanderia_s6	0
doli_Linepithema_s0	lasi2_Nylanderia_s7	0
doli_Linepithema_s0	lasi2_Nylanderia_s8	0
doli_Linepithema_s0	lasi2_Nylanderia_s9	0
doli_Linepithema_s0	melo_s0	0
doli_Linepithema_s0	mycr_Mycocepurus_s0	0
doli_Linepithema_s0	mycr_Myrmicocrypta_s1	0
doli_Linepithema_s0	mymi_Myrmica_s13	0
doli_Linepithema_s0	mymi_Myrmica_s14	0
doli_Linepithema_s0	mymi_Myrmica_s3	0
doli_Linepithema_s0	mymi_Myrmica_s7	0
doli_Linepithema_s0	mymi_Myrmica_s8	0
doli_Linepithema_s0	mymi_Myrmica_s9	0
doli_Linepithema_s0	mymi_Myrmica_s11	0
doli_Linepithema_s0	mymi_Myrmica_s12	0
doli_Linepithema_s0	myre_Myrmecia_s1	0
doli_Linepithema_s0	myre_Myrmecia_s2	0
doli_Linepithema_s0	myre_Myrmecia_s3	0
doli_Linepithema_s0	myre_Myrmecia_s5	0
doli_Linepithema_s0	myre_Myrmecia_s6	0
doli_Linepithema_s0	myre_Myrmecia_s7	0
doli_Linepithema_s0	myrm_Myrmica_s1	0
doli_Linepithema_s0	myrm_Myrmica_s2	0
doli_Linepithema_s0	myrm_Pogonomyrmex_s1	0
doli_Linepithema_s0	myrm_Pogonomyrmex_s2	0
doli_Linepithema_s0	myrm_Monomorium_s0	0
doli_Linepithema_s0	myrm_Cyphomyrmex_s0	0
doli_Linepithema_s0	myrm_Basiceros_s0	0
doli_Linepithema_s0	myrm_Pheidole_s1	0
doli_Linepithema_s0	myrm_Ocymyrmex_s0	0
doli_Linepithema_s0	myrm_Nesomyrmex_s0	0
doli_Linepithema_s0	myrm_Cataulacus_s0	0
doli_Linepithema_s0	myrm_Carebara_s0	0
doli_Linepithema_s0	myrm_Cyphoidris_s0	0
doli_Linepithema_s0	myrm_Tetramorium_s0	0
doli_Linepithema_s0	myrm_Crematogaster_s1	0
doli_Linepithema_s0	myrm_Adlerzia_s0	0
doli_Linepithema_s0	myrm_Pristomyrmex_s0	0
doli_Linepithema_s0	myrm_Poecilomyrma_s0	0
doli_Linepithema_s0	myrm_Vombisidris_s0	0
doli_Linepithema_s0	myrm_Harpagoxenus_s0	0
doli_Linepithema_s0	ocym_Ocymyrmex_s1	0
doli_Linepithema_s0	pogo_Pogonomyrmex_s1	0
doli_Linepithema_s0	pogo_Pogonomyrmex_s2	0
doli_Linepithema_s0	pogo_Pogonomyrmex_s3	0
doli_Linepithema_s0	pogo_Pogonomyrmex_s4	0
doli_Linepithema_s0	pseu2_Pseudomyrmex_s1	0
doli_Linepithema_s0	seco_Dilobocondyla_s0	0
doli_Linepithema_s0	seri_Sericomyrmex_s1	0
doli_Linepithema_s0	sten_Novomessor_s0	0
doli_Linepithema_s0	tapi_Tapinoma_s0	0
doli_Linepithema_s0	temn_Temnothorax_s1	0
doli_Linepithema_s0	temn_Temnothorax_s3	0
doli_Linepithema_s0	temn_Temnothorax_s5	0
doli_Linepithema_s0	temn_Temnothorax_s7	0
doli_Linepithema_s0	temn_Temnothorax_s8	0
doli_Linepithema_s0	vero_Veromessor_s1	0
doli_Linepithema_s0	vero_Veromessor_s2	0
doli_Anonychomyrma_s1	doli_Froggattella_s0	0
doli_Anonychomyrma_s1	dory_Acanthostichus_s0	0
doli_Anonychomyrma_s1	dory_Eciton_s1	0
doli_Anonychomyrma_s1	dory_Dorylus_s2	0
doli_Anonychomyrma_s1	dory_Dorylus_s3	0
doli_Anonychomyrma_s1	dory_Ooceraea_s1	0
doli_Anonychomyrma_s1	dory_Parasyscia_s1	0
doli_Anonychomyrma_s1	ecta_Poneracantha_s1	0
doli_Anonychomyrma_s1	fori_Formica_s1	0
doli_Anonychomyrma_s1	fori_Acropyga_s0	0
doli_Anonychomyrma_s1	fori_Tapinolepis_s0	0
doli_Anonychomyrma_s1	fori_Calomyrmex_s1	0
doli_Anonychomyrma_s1	fori_Camponotus_s1	0
doli_Anonychomyrma_s1	fori_Camponotus_s3	0
doli_Anonychomyrma_s1	fori_Camponotus_s4	0
doli_Anonychomyrma_s1	fori_Colobopsis_s1	0
doli_Anonychomyrma_s1	fori_Oecophylla_s1	0
doli_Anonychomyrma_s1	fori_Lasius_s1	0
doli_Anonychomyrma_s1	form_Formica_s1	0
doli_Anonychomyrma_s1	lasi_Myrmecocystus_s1	0
doli_Anonychomyrma_s1	lasi_Paraparatrechina_s1	0
doli_Anonychomyrma_s1	lasi_Nylanderia_s2	0
doli_Anonychomyrma_s1	lasi_Nylanderia_s3	0
doli_Anonychomyrma_s1	lasi2_Lasius_s0	0
doli_Anonychomyrma_s1	lasi2_Nylanderia_s1	0
doli_Anonychomyrma_s1	lasi2_Nylanderia_s5	0
doli_Anonychomyrma_s1	lasi2_Nylanderia_s6	0
doli_Anonychomyrma_s1	lasi2_Nylanderia_s7	0
doli_Anonychomyrma_s1	lasi2_Nylanderia_s8	0
doli_Anonychomyrma_s1	lasi2_Nylanderia_s9	0
doli_Anonychomyrma_s1	melo_s0	0
doli_Anonychomyrma_s1	mycr_Mycocepurus_s0	0
doli_Anonychomyrma_s1	mycr_Myrmicocrypta_s1	0
doli_Anonychomyrma_s1	mymi_Myrmica_s13	0
doli_Anonychomyrma_s1	mymi_Myrmica_s14	0
doli_Anonychomyrma_s1	mymi_Myrmica_s3	0
doli_Anonychomyrma_s1	mymi_Myrmica_s7	0
doli_Anonychomyrma_s1	mymi_Myrmica_s8	0
doli_Anonychomyrma_s1	mymi_Myrmica_s9	0
doli_Anonychomyrma_s1	mymi_Myrmica_s11	0
doli_Anonychomyrma_s1	mymi_Myrmica_s12	0
doli_Anonychomyrma_s1	myre_Myrmecia_s1	0
doli_Anonychomyrma_s1	myre_Myrmecia_s2	0
doli_Anonychomyrma_s1	myre_Myrmecia_s3	0
doli_Anonychomyrma_s1	myre_Myrmecia_s5	0
doli_Anonychomyrma_s1	myre_Myrmecia_s6	0
doli_Anonychomyrma_s1	myre_Myrmecia_s7	0
doli_Anonychomyrma_s1	myrm_Myrmica_s1	0
doli_Anonychomyrma_s1	myrm_Myrmica_s2	0
doli_Anonychomyrma_s1	myrm_Pogonomyrmex_s1	0
doli_Anonychomyrma_s1	myrm_Pogonomyrmex_s2	0
doli_Anonychomyrma_s1	myrm_Monomorium_s0	0
doli_Anonychomyrma_s1	myrm_Cyphomyrmex_s0	0
doli_Anonychomyrma_s1	myrm_Basiceros_s0	0
doli_Anonychomyrma_s1	myrm_Pheidole_s1	0
doli_Anonychomyrma_s1	myrm_Ocymyrmex_s0	0
doli_Anonychomyrma_s1	myrm_Nesomyrmex_s0	0
doli_Anonychomyrma_s1	myrm_Cataulacus_s0	0
doli_Anonychomyrma_s1	myrm_Carebara_s0	0
doli_Anonychomyrma_s1	myrm_Cyphoidris_s0	0
doli_Anonychomyrma_s1	myrm_Tetramorium_s0	0
doli_Anonychomyrma_s1	myrm_Crematogaster_s1	0
doli_Anonychomyrma_s1	myrm_Adlerzia_s0	0
doli_Anonychomyrma_s1	myrm_Pristomyrmex_s0	0
doli_Anonychomyrma_s1	myrm_Poecilomyrma_s0	0
doli_Anonychomyrma_s1	myrm_Vombisidris_s0	0
doli_Anonychomyrma_s1	myrm_Harpagoxenus_s0	0
doli_Anonychomyrma_s1	ocym_Ocymyrmex_s1	0
doli_Anonychomyrma_s1	pogo_Pogonomyrmex_s1	0
doli_Anonychomyrma_s1	pogo_Pogonomyrmex_s2	0
doli_Anonychomyrma_s1	pogo_Pogonomyrmex_s3	0
doli_Anonychomyrma_s1	pogo_Pogonomyrmex_s4	0
doli_Anonychomyrma_s1	pseu2_Pseudomyrmex_s1	0
doli_Anonychomyrma_s1	seco_Dilobocondyla_s0	0
doli_Anonychomyrma_s1	seri_Sericomyrmex_s1	0
doli_Anonychomyrma_s1	sten_Novomessor_s0	0
doli_Anonychomyrma_s1	tapi_Tapinoma_s0	0
doli_Anonychomyrma_s1	temn_Temnothorax_s1	0
doli_Anonychomyrma_s1	temn_Temnothorax_s3	0
doli_Anonychomyrma_s1	temn_Temnothorax_s5	0
doli_Anonychomyrma_s1	temn_Temnothorax_s7	0
doli_Anonychomyrma_s1	temn_Temnothorax_s8	0
doli_Anonychomyrma_s1	vero_Veromessor_s1	0
doli_Anonychomyrma_s1	vero_Veromessor_s2	0
doli_Froggattella_s0	dory_Acanthostichus_s0	0
doli_Froggattella_s0	dory_Eciton_s1	0
doli_Froggattella_s0	dory_Dorylus_s2	0
doli_Froggattella_s0	dory_Dorylus_s3	0
doli_Froggattella_s0	dory_Ooceraea_s1	0
doli_Froggattella_s0	dory_Parasyscia_s1	0
doli_Froggattella_s0	ecta_Poneracantha_s1	0
doli_Froggattella_s0	fori_Formica_s1	0
doli_Froggattella_s0	fori_Acropyga_s0	0
doli_Froggattella_s0	fori_Tapinolepis_s0	0
doli_Froggattella_s0	fori_Calomyrmex_s1	0
doli_Froggattella_s0	fori_Camponotus_s1	0
doli_Froggattella_s0	fori_Camponotus_s3	0
doli_Froggattella_s0	fori_Camponotus_s4	0
doli_Froggattella_s0	fori_Colobopsis_s1	0
doli_Froggattella_s0	fori_Oecophylla_s1	0
doli_Froggattella_s0	fori_Lasius_s1	0
doli_Froggattella_s0	form_Formica_s1	0
doli_Froggattella_s0	lasi_Myrmecocystus_s1	0
doli_Froggattella_s0	lasi_Paraparatrechina_s1	0
doli_Froggattella_s0	lasi_Nylanderia_s2	0
doli_Froggattella_s0	lasi_Nylanderia_s3	0
doli_Froggattella_s0	lasi2_Lasius_s0	0
doli_Froggattella_s0	lasi2_Nylanderia_s1	0
doli_Froggattella_s0	lasi2_Nylanderia_s5	0
doli_Froggattella_s0	lasi2_Nylanderia_s6	0
doli_Froggattella_s0	lasi2_Nylanderia_s7	0
doli_Froggattella_s0	lasi2_Nylanderia_s8	0
doli_Froggattella_s0	lasi2_Nylanderia_s9	0
doli_Froggattella_s0	melo_s0	0
doli_Froggattella_s0	mycr_Mycocepurus_s0	0
doli_Froggattella_s0	mycr_Myrmicocrypta_s1	0
doli_Froggattella_s0	mymi_Myrmica_s13	0
doli_Froggattella_s0	mymi_Myrmica_s14	0
doli_Froggattella_s0	mymi_Myrmica_s3	0
doli_Froggattella_s0	mymi_Myrmica_s7	0
doli_Froggattella_s0	mymi_Myrmica_s8	0
doli_Froggattella_s0	mymi_Myrmica_s9	0
doli_Froggattella_s0	mymi_Myrmica_s11	0
doli_Froggattella_s0	mymi_Myrmica_s12	0
doli_Froggattella_s0	myre_Myrmecia_s1	0
doli_Froggattella_s0	myre_Myrmecia_s2	0
doli_Froggattella_s0	myre_Myrmecia_s3	0
doli_Froggattella_s0	myre_Myrmecia_s5	0
doli_Froggattella_s0	myre_Myrmecia_s6	0
doli_Froggattella_s0	myre_Myrmecia_s7	0
doli_Froggattella_s0	myrm_Myrmica_s1	0
doli_Froggattella_s0	myrm_Myrmica_s2	0
doli_Froggattella_s0	myrm_Pogonomyrmex_s1	0
doli_Froggattella_s0	myrm_Pogonomyrmex_s2	0
doli_Froggattella_s0	myrm_Monomorium_s0	0
doli_Froggattella_s0	myrm_Cyphomyrmex_s0	0
doli_Froggattella_s0	myrm_Basiceros_s0	0
doli_Froggattella_s0	myrm_Pheidole_s1	0
doli_Froggattella_s0	myrm_Ocymyrmex_s0	0
doli_Froggattella_s0	myrm_Nesomyrmex_s0	0
doli_Froggattella_s0	myrm_Cataulacus_s0	0
doli_Froggattella_s0	myrm_Carebara_s0	0
doli_Froggattella_s0	myrm_Cyphoidris_s0	0
doli_Froggattella_s0	myrm_Tetramorium_s0	0
doli_Froggattella_s0	myrm_Crematogaster_s1	0
doli_Froggattella_s0	myrm_Adlerzia_s0	0
doli_Froggattella_s0	myrm_Pristomyrmex_s0	0
doli_Froggattella_s0	myrm_Poecilomyrma_s0	0
doli_Froggattella_s0	myrm_Vombisidris_s0	0
doli_Froggattella_s0	myrm_Harpagoxenus_s0	0
doli_Froggattella_s0	ocym_Ocymyrmex_s1	0
doli_Froggattella_s0	pogo_Pogonomyrmex_s1	0
doli_Froggattella_s0	pogo_Pogonomyrmex_s2	0
doli_Froggattella_s0	pogo_Pogonomyrmex_s3	0
doli_Froggattella_s0	pogo_Pogonomyrmex_s4	0
doli_Froggattella_s0	pseu2_Pseudomyrmex_s1	0
doli_Froggattella_s0	seco_Dilobocondyla_s0	0
doli_Froggattella_s0	seri_Sericomyrmex_s1	0
doli_Froggattella_s0	sten_Novomessor_s0	0
doli_Froggattella_s0	tapi_Tapinoma_s0	0
doli_Froggattella_s0	temn_Temnothorax_s1	0
doli_Froggattella_s0	temn_Temnothorax_s3	0
doli_Froggattella_s0	temn_Temnothorax_s5	0
doli_Froggattella_s0	temn_Temnothorax_s7	0
doli_Froggattella_s0	temn_Temnothorax_s8	0
doli_Froggattella_s0	vero_Veromessor_s1	0
doli_Froggattella_s0	vero_Veromessor_s2	0
dory_Acanthostichus_s0	dory_Eciton_s1	0
dory_Acanthostichus_s0	dory_Dorylus_s2	0
dory_Acanthostichus_s0	dory_Dorylus_s3	0
dory_Acanthostichus_s0	dory_Ooceraea_s1	0
dory_Acanthostichus_s0	dory_Parasyscia_s1	0
dory_Acanthostichus_s0	ecta_Poneracantha_s1	0
dory_Acanthostichus_s0	fori_Formica_s1	0
dory_Acanthostichus_s0	fori_Acropyga_s0	0
dory_Acanthostichus_s0	fori_Tapinolepis_s0	0
dory_Acanthostichus_s0	fori_Calomyrmex_s1	0
dory_Acanthostichus_s0	fori_Camponotus_s1	0
dory_Acanthostichus_s0	fori_Camponotus_s3	0
dory_Acanthostichus_s0	fori_Camponotus_s4	0
dory_Acanthostichus_s0	fori_Colobopsis_s1	0
dory_Acanthostichus_s0	fori_Oecophylla_s1	0
dory_Acanthostichus_s0	fori_Lasius_s1	0
dory_Acanthostichus_s0	form_Formica_s1	0
dory_Acanthostichus_s0	lasi_Myrmecocystus_s1	0
dory_Acanthostichus_s0	lasi_Paraparatrechina_s1	0
dory_Acanthostichus_s0	lasi_Nylanderia_s2	0
dory_Acanthostichus_s0	lasi_Nylanderia_s3	0
dory_Acanthostichus_s0	lasi2_Lasius_s0	0
dory_Acanthostichus_s0	lasi2_Nylanderia_s1	0
dory_Acanthostichus_s0	lasi2_Nylanderia_s5	0
dory_Acanthostichus_s0	lasi2_Nylanderia_s6	0
dory_Acanthostichus_s0	lasi2_Nylanderia_s7	0
dory_Acanthostichus_s0	lasi2_Nylanderia_s8	0
dory_Acanthostichus_s0	lasi2_Nylanderia_s9	0
dory_Acanthostichus_s0	melo_s0	0
dory_Acanthostichus_s0	mycr_Mycocepurus_s0	0
dory_Acanthostichus_s0	mycr_Myrmicocrypta_s1	0
dory_Acanthostichus_s0	mymi_Myrmica_s13	0
dory_Acanthostichus_s0	mymi_Myrmica_s14	0
dory_Acanthostichus_s0	mymi_Myrmica_s3	0
dory_Acanthostichus_s0	mymi_Myrmica_s7	0
dory_Acanthostichus_s0	mymi_Myrmica_s8	0
dory_Acanthostichus_s0	mymi_Myrmica_s9	0
dory_Acanthostichus_s0	mymi_Myrmica_s11	0
dory_Acanthostichus_s0	mymi_Myrmica_s12	0
dory_Acanthostichus_s0	myre_Myrmecia_s1	0
dory_Acanthostichus_s0	myre_Myrmecia_s2	0
dory_Acanthostichus_s0	myre_Myrmecia_s3	0
dory_Acanthostichus_s0	myre_Myrmecia_s5	0
dory_Acanthostichus_s0	myre_Myrmecia_s6	0
dory_Acanthostichus_s0	myre_Myrmecia_s7	0
dory_Acanthostichus_s0	myrm_Myrmica_s1	0
dory_Acanthostichus_s0	myrm_Myrmica_s2	0
dory_Acanthostichus_s0	myrm_Pogonomyrmex_s1	0
dory_Acanthostichus_s0	myrm_Pogonomyrmex_s2	0
dory_Acanthostichus_s0	myrm_Monomorium_s0	0
dory_Acanthostichus_s0	myrm_Cyphomyrmex_s0	0
dory_Acanthostichus_s0	myrm_Basiceros_s0	0
dory_Acanthostichus_s0	myrm_Pheidole_s1	0
dory_Acanthostichus_s0	myrm_Ocymyrmex_s0	0
dory_Acanthostichus_s0	myrm_Nesomyrmex_s0	0
dory_Acanthostichus_s0	myrm_Cataulacus_s0	0
dory_Acanthostichus_s0	myrm_Carebara_s0	0
dory_Acanthostichus_s0	myrm_Cyphoidris_s0	0
dory_Acanthostichus_s0	myrm_Tetramorium_s0	0
dory_Acanthostichus_s0	myrm_Crematogaster_s1	0
dory_Acanthostichus_s0	myrm_Adlerzia_s0	0
dory_Acanthostichus_s0	myrm_Pristomyrmex_s0	0
dory_Acanthostichus_s0	myrm_Poecilomyrma_s0	0
dory_Acanthostichus_s0	myrm_Vombisidris_s0	0
dory_Acanthostichus_s0	myrm_Harpagoxenus_s0	0
dory_Acanthostichus_s0	ocym_Ocymyrmex_s1	0
dory_Acanthostichus_s0	pogo_Pogonomyrmex_s1	0
dory_Acanthostichus_s0	pogo_Pogonomyrmex_s2	0
dory_Acanthostichus_s0	pogo_Pogonomyrmex_s3	0
dory_Acanthostichus_s0	pogo_Pogonomyrmex_s4	0
dory_Acanthostichus_s0	pseu2_Pseudomyrmex_s1	0
dory_Acanthostichus_s0	seco_Dilobocondyla_s0	0
dory_Acanthostichus_s0	seri_Sericomyrmex_s1	0
dory_Acanthostichus_s0	sten_Novomessor_s0	0
dory_Acanthostichus_s0	tapi_Tapinoma_s0	0
dory_Acanthostichus_s0	temn_Temnothorax_s1	0
dory_Acanthostichus_s0	temn_Temnothorax_s3	0
dory_Acanthostichus_s0	temn_Temnothorax_s5	0
dory_Acanthostichus_s0	temn_Temnothorax_s7	0
dory_Acanthostichus_s0	temn_Temnothorax_s8	0
dory_Acanthostichus_s0	vero_Veromessor_s1	0
dory_Acanthostichus_s0	vero_Veromessor_s2	0
dory_Eciton_s1	dory_Dorylus_s2	0
dory_Eciton_s1	dory_Dorylus_s3	0
dory_Eciton_s1	dory_Ooceraea_s1	0
dory_Eciton_s1	dory_Parasyscia_s1	0
dory_Eciton_s1	ecta_Poneracantha_s1	0
dory_Eciton_s1	fori_Formica_s1	0
dory_Eciton_s1	fori_Acropyga_s0	0
dory_Eciton_s1	fori_Tapinolepis_s0	0
dory_Eciton_s1	fori_Calomyrmex_s1	0
dory_Eciton_s1	fori_Camponotus_s1	0
dory_Eciton_s1	fori_Camponotus_s3	0
dory_Eciton_s1	fori_Camponotus_s4	0
dory_Eciton_s1	fori_Colobopsis_s1	0
dory_Eciton_s1	fori_Oecophylla_s1	0
dory_Eciton_s1	fori_Lasius_s1	0
dory_Eciton_s1	form_Formica_s1	0
dory_Eciton_s1	lasi_Myrmecocystus_s1	0
dory_Eciton_s1	lasi_Paraparatrechina_s1	0
dory_Eciton_s1	lasi_Nylanderia_s2	0
dory_Eciton_s1	lasi_Nylanderia_s3	0
dory_Eciton_s1	lasi2_Lasius_s0	0
dory_Eciton_s1	lasi2_Nylanderia_s1	0
dory_Eciton_s1	lasi2_Nylanderia_s5	0
dory_Eciton_s1	lasi2_Nylanderia_s6	0
dory_Eciton_s1	lasi2_Nylanderia_s7	0
dory_Eciton_s1	lasi2_Nylanderia_s8	0
dory_Eciton_s1	lasi2_Nylanderia_s9	0
dory_Eciton_s1	melo_s0	0
dory_Eciton_s1	mycr_Mycocepurus_s0	0
dory_Eciton_s1	mycr_Myrmicocrypta_s1	0
dory_Eciton_s1	mymi_Myrmica_s13	0
dory_Eciton_s1	mymi_Myrmica_s14	0
dory_Eciton_s1	mymi_Myrmica_s3	0
dory_Eciton_s1	mymi_Myrmica_s7	0
dory_Eciton_s1	mymi_Myrmica_s8	0
dory_Eciton_s1	mymi_Myrmica_s9	0
dory_Eciton_s1	mymi_Myrmica_s11	0
dory_Eciton_s1	mymi_Myrmica_s12	0
dory_Eciton_s1	myre_Myrmecia_s1	0
dory_Eciton_s1	myre_Myrmecia_s2	0
dory_Eciton_s1	myre_Myrmecia_s3	0
dory_Eciton_s1	myre_Myrmecia_s5	0
dory_Eciton_s1	myre_Myrmecia_s6	0
dory_Eciton_s1	myre_Myrmecia_s7	0
dory_Eciton_s1	myrm_Myrmica_s1	0
dory_Eciton_s1	myrm_Myrmica_s2	0
dory_Eciton_s1	myrm_Pogonomyrmex_s1	0
dory_Eciton_s1	myrm_Pogonomyrmex_s2	0
dory_Eciton_s1	myrm_Monomorium_s0	0
dory_Eciton_s1	myrm_Cyphomyrmex_s0	0
dory_Eciton_s1	myrm_Basiceros_s0	0
dory_Eciton_s1	myrm_Pheidole_s1	0
dory_Eciton_s1	myrm_Ocymyrmex_s0	0
dory_Eciton_s1	myrm_Nesomyrmex_s0	0
dory_Eciton_s1	myrm_Cataulacus_s0	0
dory_Eciton_s1	myrm_Carebara_s0	0
dory_Eciton_s1	myrm_Cyphoidris_s0	0
dory_Eciton_s1	myrm_Tetramorium_s0	0
dory_Eciton_s1	myrm_Crematogaster_s1	0
dory_Eciton_s1	myrm_Adlerzia_s0	0
dory_Eciton_s1	myrm_Pristomyrmex_s0	0
dory_Eciton_s1	myrm_Poecilomyrma_s0	0
dory_Eciton_s1	myrm_Vombisidris_s0	0
dory_Eciton_s1	myrm_Harpagoxenus_s0	0
dory_Eciton_s1	ocym_Ocymyrmex_s1	0
dory_Eciton_s1	pogo_Pogonomyrmex_s1	0
dory_Eciton_s1	pogo_Pogonomyrmex_s2	0
dory_Eciton_s1	pogo_Pogonomyrmex_s3	0
dory_Eciton_s1	pogo_Pogonomyrmex_s4	0
dory_Eciton_s1	pseu2_Pseudomyrmex_s1	0
dory_Eciton_s1	seco_Dilobocondyla_s0	0
dory_Eciton_s1	seri_Sericomyrmex_s1	0
dory_Eciton_s1	sten_Novomessor_s0	0
dory_Eciton_s1	tapi_Tapinoma_s0	0
dory_Eciton_s1	temn_Temnothorax_s1	0
dory_Eciton_s1	temn_Temnothorax_s3	0
dory_Eciton_s1	temn_Temnothorax_s5	0
dory_Eciton_s1	temn_Temnothorax_s7	0
dory_Eciton_s1	temn_Temnothorax_s8	0
dory_Eciton_s1	vero_Veromessor_s1	0
dory_Eciton_s1	vero_Veromessor_s2	0
dory_Dorylus_s2	dory_Dorylus_s3	0
dory_Dorylus_s2	dory_Ooceraea_s1	0
dory_Dorylus_s2	dory_Parasyscia_s1	0
dory_Dorylus_s2	ecta_Poneracantha_s1	0
dory_Dorylus_s2	fori_Formica_s1	0
dory_Dorylus_s2	fori_Acropyga_s0	0
dory_Dorylus_s2	fori_Tapinolepis_s0	0
dory_Dorylus_s2	fori_Calomyrmex_s1	0
dory_Dorylus_s2	fori_Camponotus_s1	0
dory_Dorylus_s2	fori_Camponotus_s3	0
dory_Dorylus_s2	fori_Camponotus_s4	0
dory_Dorylus_s2	fori_Colobopsis_s1	0
dory_Dorylus_s2	fori_Oecophylla_s1	0
dory_Dorylus_s2	fori_Lasius_s1	0
dory_Dorylus_s2	form_Formica_s1	0
dory_Dorylus_s2	lasi_Myrmecocystus_s1	0
dory_Dorylus_s2	lasi_Paraparatrechina_s1	0
dory_Dorylus_s2	lasi_Nylanderia_s2	0
dory_Dorylus_s2	lasi_Nylanderia_s3	0
dory_Dorylus_s2	lasi2_Lasius_s0	0
dory_Dorylus_s2	lasi2_Nylanderia_s1	0
dory_Dorylus_s2	lasi2_Nylanderia_s5	0
dory_Dorylus_s2	lasi2_Nylanderia_s6	0
dory_Dorylus_s2	lasi2_Nylanderia_s7	0
dory_Dorylus_s2	lasi2_Nylanderia_s8	0
dory_Dorylus_s2	lasi2_Nylanderia_s9	0
dory_Dorylus_s2	melo_s0	0
dory_Dorylus_s2	mycr_Mycocepurus_s0	0
dory_Dorylus_s2	mycr_Myrmicocrypta_s1	0
dory_Dorylus_s2	mymi_Myrmica_s13	0
dory_Dorylus_s2	mymi_Myrmica_s14	0
dory_Dorylus_s2	mymi_Myrmica_s3	0
dory_Dorylus_s2	mymi_Myrmica_s7	0
dory_Dorylus_s2	mymi_Myrmica_s8	0
dory_Dorylus_s2	mymi_Myrmica_s9	0
dory_Dorylus_s2	mymi_Myrmica_s11	0
dory_Dorylus_s2	mymi_Myrmica_s12	0
dory_Dorylus_s2	myre_Myrmecia_s1	0
dory_Dorylus_s2	myre_Myrmecia_s2	0
dory_Dorylus_s2	myre_Myrmecia_s3	0
dory_Dorylus_s2	myre_Myrmecia_s5	0
dory_Dorylus_s2	myre_Myrmecia_s6	0
dory_Dorylus_s2	myre_Myrmecia_s7	0
dory_Dorylus_s2	myrm_Myrmica_s1	0
dory_Dorylus_s2	myrm_Myrmica_s2	0
dory_Dorylus_s2	myrm_Pogonomyrmex_s1	0
dory_Dorylus_s2	myrm_Pogonomyrmex_s2	0
dory_Dorylus_s2	myrm_Monomorium_s0	0
dory_Dorylus_s2	myrm_Cyphomyrmex_s0	0
dory_Dorylus_s2	myrm_Basiceros_s0	0
dory_Dorylus_s2	myrm_Pheidole_s1	0
dory_Dorylus_s2	myrm_Ocymyrmex_s0	0
dory_Dorylus_s2	myrm_Nesomyrmex_s0	0
dory_Dorylus_s2	myrm_Cataulacus_s0	0
dory_Dorylus_s2	myrm_Carebara_s0	0
dory_Dorylus_s2	myrm_Cyphoidris_s0	0
dory_Dorylus_s2	myrm_Tetramorium_s0	0
dory_Dorylus_s2	myrm_Crematogaster_s1	0
dory_Dorylus_s2	myrm_Adlerzia_s0	0
dory_Dorylus_s2	myrm_Pristomyrmex_s0	0
dory_Dorylus_s2	myrm_Poecilomyrma_s0	0
dory_Dorylus_s2	myrm_Vombisidris_s0	0
dory_Dorylus_s2	myrm_Harpagoxenus_s0	0
dory_Dorylus_s2	ocym_Ocymyrmex_s1	0
dory_Dorylus_s2	pogo_Pogonomyrmex_s1	0
dory_Dorylus_s2	pogo_Pogonomyrmex_s2	0
dory_Dorylus_s2	pogo_Pogonomyrmex_s3	0
dory_Dorylus_s2	pogo_Pogonomyrmex_s4	0
dory_Dorylus_s2	pseu2_Pseudomyrmex_s1	0
dory_Dorylus_s2	seco_Dilobocondyla_s0	0
dory_Dorylus_s2	seri_Sericomyrmex_s1	0
dory_Dorylus_s2	sten_Novomessor_s0	0
dory_Dorylus_s2	tapi_Tapinoma_s0	0
dory_Dorylus_s2	temn_Temnothorax_s1	0
dory_Dorylus_s2	temn_Temnothorax_s3	0
dory_Dorylus_s2	temn_Temnothorax_s5	0
dory_Dorylus_s2	temn_Temnothorax_s7	0
dory_Dorylus_s2	temn_Temnothorax_s8	0
dory_Dorylus_s2	vero_Veromessor_s1	0
dory_Dorylus_s2	vero_Veromessor_s2	0
dory_Dorylus_s3	dory_Ooceraea_s1	0
dory_Dorylus_s3	dory_Parasyscia_s1	0
dory_Dorylus_s3	ecta_Poneracantha_s1	0
dory_Dorylus_s3	fori_Formica_s1	0
dory_Dorylus_s3	fori_Acropyga_s0	0
dory_Dorylus_s3	fori_Tapinolepis_s0	0
dory_Dorylus_s3	fori_Calomyrmex_s1	0
dory_Dorylus_s3	fori_Camponotus_s1	0
dory_Dorylus_s3	fori_Camponotus_s3	0
dory_Dorylus_s3	fori_Camponotus_s4	0
dory_Dorylus_s3	fori_Colobopsis_s1	0
dory_Dorylus_s3	fori_Oecophylla_s1	0
dory_Dorylus_s3	fori_Lasius_s1	0
dory_Dorylus_s3	form_Formica_s1	0
dory_Dorylus_s3	lasi_Myrmecocystus_s1	0
dory_Dorylus_s3	lasi_Paraparatrechina_s1	0
dory_Dorylus_s3	lasi_Nylanderia_s2	0
dory_Dorylus_s3	lasi_Nylanderia_s3	0
dory_Dorylus_s3	lasi2_Lasius_s0	0
dory_Dorylus_s3	lasi2_Nylanderia_s1	0
dory_Dorylus_s3	lasi2_Nylanderia_s5	0
dory_Dorylus_s3	lasi2_Nylanderia_s6	0
dory_Dorylus_s3	lasi2_Nylanderia_s7	0
dory_Dorylus_s3	lasi2_Nylanderia_s8	0
dory_Dorylus_s3	lasi2_Nylanderia_s9	0
dory_Dorylus_s3	melo_s0	0
dory_Dorylus_s3	mycr_Mycocepurus_s0	0
dory_Dorylus_s3	mycr_Myrmicocrypta_s1	0
dory_Dorylus_s3	mymi_Myrmica_s13	0
dory_Dorylus_s3	mymi_Myrmica_s14	0
dory_Dorylus_s3	mymi_Myrmica_s3	0
dory_Dorylus_s3	mymi_Myrmica_s7	0
dory_Dorylus_s3	mymi_Myrmica_s8	0
dory_Dorylus_s3	mymi_Myrmica_s9	0
dory_Dorylus_s3	mymi_Myrmica_s11	0
dory_Dorylus_s3	mymi_Myrmica_s12	0
dory_Dorylus_s3	myre_Myrmecia_s1	0
dory_Dorylus_s3	myre_Myrmecia_s2	0
dory_Dorylus_s3	myre_Myrmecia_s3	0
dory_Dorylus_s3	myre_Myrmecia_s5	0
dory_Dorylus_s3	myre_Myrmecia_s6	0
dory_Dorylus_s3	myre_Myrmecia_s7	0
dory_Dorylus_s3	myrm_Myrmica_s1	0
dory_Dorylus_s3	myrm_Myrmica_s2	0
dory_Dorylus_s3	myrm_Pogonomyrmex_s1	0
dory_Dorylus_s3	myrm_Pogonomyrmex_s2	0
dory_Dorylus_s3	myrm_Monomorium_s0	0
dory_Dorylus_s3	myrm_Cyphomyrmex_s0	0
dory_Dorylus_s3	myrm_Basiceros_s0	0
dory_Dorylus_s3	myrm_Pheidole_s1	0
dory_Dorylus_s3	myrm_Ocymyrmex_s0	0
dory_Dorylus_s3	myrm_Nesomyrmex_s0	0
dory_Dorylus_s3	myrm_Cataulacus_s0	0
dory_Dorylus_s3	myrm_Carebara_s0	0
dory_Dorylus_s3	myrm_Cyphoidris_s0	0
dory_Dorylus_s3	myrm_Tetramorium_s0	0
dory_Dorylus_s3	myrm_Crematogaster_s1	0
dory_Dorylus_s3	myrm_Adlerzia_s0	0
dory_Dorylus_s3	myrm_Pristomyrmex_s0	0
dory_Dorylus_s3	myrm_Poecilomyrma_s0	0
dory_Dorylus_s3	myrm_Vombisidris_s0	0
dory_Dorylus_s3	myrm_Harpagoxenus_s0	0
dory_Dorylus_s3	ocym_Ocymyrmex_s1	0
dory_Dorylus_s3	pogo_Pogonomyrmex_s1	0
dory_Dorylus_s3	pogo_Pogonomyrmex_s2	0
dory_Dorylus_s3	pogo_Pogonomyrmex_s3	0
dory_Dorylus_s3	pogo_Pogonomyrmex_s4	0
dory_Dorylus_s3	pseu2_Pseudomyrmex_s1	0
dory_Dorylus_s3	seco_Dilobocondyla_s0	0
dory_Dorylus_s3	seri_Sericomyrmex_s1	0
dory_Dorylus_s3	sten_Novomessor_s0	0
dory_Dorylus_s3	tapi_Tapinoma_s0	0
dory_Dorylus_s3	temn_Temnothorax_s1	0
dory_Dorylus_s3	temn_Temnothorax_s3	0
dory_Dorylus_s3	temn_Temnothorax_s5	0
dory_Dorylus_s3	temn_Temnothorax_s7	0
dory_Dorylus_s3	temn_Temnothorax_s8	0
dory_Dorylus_s3	vero_Veromessor_s1	0
dory_Dorylus_s3	vero_Veromessor_s2	0
dory_Ooceraea_s1	dory_Parasyscia_s1	0
dory_Ooceraea_s1	ecta_Poneracantha_s1	0
dory_Ooceraea_s1	fori_Formica_s1	0
dory_Ooceraea_s1	fori_Acropyga_s0	0
dory_Ooceraea_s1	fori_Tapinolepis_s0	0
dory_Ooceraea_s1	fori_Calomyrmex_s1	0
dory_Ooceraea_s1	fori_Camponotus_s1	0
dory_Ooceraea_s1	fori_Camponotus_s3	0
dory_Ooceraea_s1	fori_Camponotus_s4	0
dory_Ooceraea_s1	fori_Colobopsis_s1	0
dory_Ooceraea_s1	fori_Oecophylla_s1	0
dory_Ooceraea_s1	fori_Lasius_s1	0
dory_Ooceraea_s1	form_Formica_s1	0
dory_Ooceraea_s1	lasi_Myrmecocystus_s1	0
dory_Ooceraea_s1	lasi_Paraparatrechina_s1	0
dory_Ooceraea_s1	lasi_Nylanderia_s2	0
dory_Ooceraea_s1	lasi_Nylanderia_s3	0
dory_Ooceraea_s1	lasi2_Lasius_s0	0
dory_Ooceraea_s1	lasi2_Nylanderia_s1	0
dory_Ooceraea_s1	lasi2_Nylanderia_s5	0
dory_Ooceraea_s1	lasi2_Nylanderia_s6	0
dory_Ooceraea_s1	lasi2_Nylanderia_s7	0
dory_Ooceraea_s1	lasi2_Nylanderia_s8	0
dory_Ooceraea_s1	lasi2_Nylanderia_s9	0
dory_Ooceraea_s1	melo_s0	0
dory_Ooceraea_s1	mycr_Mycocepurus_s0	0
dory_Ooceraea_s1	mycr_Myrmicocrypta_s1	0
dory_Ooceraea_s1	mymi_Myrmica_s13	0
dory_Ooceraea_s1	mymi_Myrmica_s14	0
dory_Ooceraea_s1	mymi_Myrmica_s3	0
dory_Ooceraea_s1	mymi_Myrmica_s7	0
dory_Ooceraea_s1	mymi_Myrmica_s8	0
dory_Ooceraea_s1	mymi_Myrmica_s9	0
dory_Ooceraea_s1	mymi_Myrmica_s11	0
dory_Ooceraea_s1	mymi_Myrmica_s12	0
dory_Ooceraea_s1	myre_Myrmecia_s1	0
dory_Ooceraea_s1	myre_Myrmecia_s2	0
dory_Ooceraea_s1	myre_Myrmecia_s3	0
dory_Ooceraea_s1	myre_Myrmecia_s5	0
dory_Ooceraea_s1	myre_Myrmecia_s6	0
dory_Ooceraea_s1	myre_Myrmecia_s7	0
dory_Ooceraea_s1	myrm_Myrmica_s1	0
dory_Ooceraea_s1	myrm_Myrmica_s2	0
dory_Ooceraea_s1	myrm_Pogonomyrmex_s1	0
dory_Ooceraea_s1	myrm_Pogonomyrmex_s2	0
dory_Ooceraea_s1	myrm_Monomorium_s0	0
dory_Ooceraea_s1	myrm_Cyphomyrmex_s0	0
dory_Ooceraea_s1	myrm_Basiceros_s0	0
dory_Ooceraea_s1	myrm_Pheidole_s1	0
dory_Ooceraea_s1	myrm_Ocymyrmex_s0	0
dory_Ooceraea_s1	myrm_Nesomyrmex_s0	0
dory_Ooceraea_s1	myrm_Cataulacus_s0	0
dory_Ooceraea_s1	myrm_Carebara_s0	0
dory_Ooceraea_s1	myrm_Cyphoidris_s0	0
dory_Ooceraea_s1	myrm_Tetramorium_s0	0
dory_Ooceraea_s1	myrm_Crematogaster_s1	0
dory_Ooceraea_s1	myrm_Adlerzia_s0	0
dory_Ooceraea_s1	myrm_Pristomyrmex_s0	0
dory_Ooceraea_s1	myrm_Poecilomyrma_s0	0
dory_Ooceraea_s1	myrm_Vombisidris_s0	0
dory_Ooceraea_s1	myrm_Harpagoxenus_s0	0
dory_Ooceraea_s1	ocym_Ocymyrmex_s1	0
dory_Ooceraea_s1	pogo_Pogonomyrmex_s1	0
dory_Ooceraea_s1	pogo_Pogonomyrmex_s2	0
dory_Ooceraea_s1	pogo_Pogonomyrmex_s3	0
dory_Ooceraea_s1	pogo_Pogonomyrmex_s4	0
dory_Ooceraea_s1	pseu2_Pseudomyrmex_s1	0
dory_Ooceraea_s1	seco_Dilobocondyla_s0	0
dory_Ooceraea_s1	seri_Sericomyrmex_s1	0
dory_Ooceraea_s1	sten_Novomessor_s0	0
dory_Ooceraea_s1	tapi_Tapinoma_s0	0
dory_Ooceraea_s1	temn_Temnothorax_s1	0
dory_Ooceraea_s1	temn_Temnothorax_s3	0
dory_Ooceraea_s1	temn_Temnothorax_s5	0
dory_Ooceraea_s1	temn_Temnothorax_s7	0
dory_Ooceraea_s1	temn_Temnothorax_s8	0
dory_Ooceraea_s1	vero_Veromessor_s1	0
dory_Ooceraea_s1	vero_Veromessor_s2	0
dory_Parasyscia_s1	ecta_Poneracantha_s1	0
dory_Parasyscia_s1	fori_Formica_s1	0
dory_Parasyscia_s1	fori_Acropyga_s0	0
dory_Parasyscia_s1	fori_Tapinolepis_s0	0
dory_Parasyscia_s1	fori_Calomyrmex_s1	0
dory_Parasyscia_s1	fori_Camponotus_s1	0
dory_Parasyscia_s1	fori_Camponotus_s3	0
dory_Parasyscia_s1	fori_Camponotus_s4	0
dory_Parasyscia_s1	fori_Colobopsis_s1	0
dory_Parasyscia_s1	fori_Oecophylla_s1	0
dory_Parasyscia_s1	fori_Lasius_s1	0
dory_Parasyscia_s1	form_Formica_s1	0
dory_Parasyscia_s1	lasi_Myrmecocystus_s1	0
dory_Parasyscia_s1	lasi_Paraparatrechina_s1	0
dory_Parasyscia_s1	lasi_Nylanderia_s2	0
dory_Parasyscia_s1	lasi_Nylanderia_s3	0
dory_Parasyscia_s1	lasi2_Lasius_s0	0
dory_Parasyscia_s1	lasi2_Nylanderia_s1	0
dory_Parasyscia_s1	lasi2_Nylanderia_s5	0
dory_Parasyscia_s1	lasi2_Nylanderia_s6	0
dory_Parasyscia_s1	lasi2_Nylanderia_s7	0
dory_Parasyscia_s1	lasi2_Nylanderia_s8	0
dory_Parasyscia_s1	lasi2_Nylanderia_s9	0
dory_Parasyscia_s1	melo_s0	0
dory_Parasyscia_s1	mycr_Mycocepurus_s0	0
dory_Parasyscia_s1	mycr_Myrmicocrypta_s1	0
dory_Parasyscia_s1	mymi_Myrmica_s13	0
dory_Parasyscia_s1	mymi_Myrmica_s14	0
dory_Parasyscia_s1	mymi_Myrmica_s3	0
dory_Parasyscia_s1	mymi_Myrmica_s7	0
dory_Parasyscia_s1	mymi_Myrmica_s8	0
dory_Parasyscia_s1	mymi_Myrmica_s9	0
dory_Parasyscia_s1	mymi_Myrmica_s11	0
dory_Parasyscia_s1	mymi_Myrmica_s12	0
dory_Parasyscia_s1	myre_Myrmecia_s1	0
dory_Parasyscia_s1	myre_Myrmecia_s2	0
dory_Parasyscia_s1	myre_Myrmecia_s3	0
dory_Parasyscia_s1	myre_Myrmecia_s5	0
dory_Parasyscia_s1	myre_Myrmecia_s6	0
dory_Parasyscia_s1	myre_Myrmecia_s7	0
dory_Parasyscia_s1	myrm_Myrmica_s1	0
dory_Parasyscia_s1	myrm_Myrmica_s2	0
dory_Parasyscia_s1	myrm_Pogonomyrmex_s1	0
dory_Parasyscia_s1	myrm_Pogonomyrmex_s2	0
dory_Parasyscia_s1	myrm_Monomorium_s0	0
dory_Parasyscia_s1	myrm_Cyphomyrmex_s0	0
dory_Parasyscia_s1	myrm_Basiceros_s0	0
dory_Parasyscia_s1	myrm_Pheidole_s1	0
dory_Parasyscia_s1	myrm_Ocymyrmex_s0	0
dory_Parasyscia_s1	myrm_Nesomyrmex_s0	0
dory_Parasyscia_s1	myrm_Cataulacus_s0	0
dory_Parasyscia_s1	myrm_Carebara_s0	0
dory_Parasyscia_s1	myrm_Cyphoidris_s0	0
dory_Parasyscia_s1	myrm_Tetramorium_s0	0
dory_Parasyscia_s1	myrm_Crematogaster_s1	0
dory_Parasyscia_s1	myrm_Adlerzia_s0	0
dory_Parasyscia_s1	myrm_Pristomyrmex_s0	0
dory_Parasyscia_s1	myrm_Poecilomyrma_s0	0
dory_Parasyscia_s1	myrm_Vombisidris_s0	0
dory_Parasyscia_s1	myrm_Harpagoxenus_s0	0
dory_Parasyscia_s1	ocym_Ocymyrmex_s1	0
dory_Parasyscia_s1	pogo_Pogonomyrmex_s1	0
dory_Parasyscia_s1	pogo_Pogonomyrmex_s2	0
dory_Parasyscia_s1	pogo_Pogonomyrmex_s3	0
dory_Parasyscia_s1	pogo_Pogonomyrmex_s4	0
dory_Parasyscia_s1	pseu2_Pseudomyrmex_s1	0
dory_Parasyscia_s1	seco_Dilobocondyla_s0	0
dory_Parasyscia_s1	seri_Sericomyrmex_s1	0
dory_Parasyscia_s1	sten_Novomessor_s0	0
dory_Parasyscia_s1	tapi_Tapinoma_s0	0
dory_Parasyscia_s1	temn_Temnothorax_s1	0
dory_Parasyscia_s1	temn_Temnothorax_s3	0
dory_Parasyscia_s1	temn_Temnothorax_s5	0
dory_Parasyscia_s1	temn_Temnothorax_s7	0
dory_Parasyscia_s1	temn_Temnothorax_s8	0
dory_Parasyscia_s1	vero_Veromessor_s1	0
dory_Parasyscia_s1	vero_Veromessor_s2	0
ecta_Poneracantha_s1	fori_Formica_s1	0
ecta_Poneracantha_s1	fori_Acropyga_s0	0
ecta_Poneracantha_s1	fori_Tapinolepis_s0	0
ecta_Poneracantha_s1	fori_Calomyrmex_s1	0
ecta_Poneracantha_s1	fori_Camponotus_s1	0
ecta_Poneracantha_s1	fori_Camponotus_s3	0
ecta_Poneracantha_s1	fori_Camponotus_s4	0
ecta_Poneracantha_s1	fori_Colobopsis_s1	0
ecta_Poneracantha_s1	fori_Oecophylla_s1	0
ecta_Poneracantha_s1	fori_Lasius_s1	0
ecta_Poneracantha_s1	form_Formica_s1	0
ecta_Poneracantha_s1	lasi_Myrmecocystus_s1	0
ecta_Poneracantha_s1	lasi_Paraparatrechina_s1	0
ecta_Poneracantha_s1	lasi_Nylanderia_s2	0
ecta_Poneracantha_s1	lasi_Nylanderia_s3	0
ecta_Poneracantha_s1	lasi2_Lasius_s0	0
ecta_Poneracantha_s1	lasi2_Nylanderia_s1	0
ecta_Poneracantha_s1	lasi2_Nylanderia_s5	0
ecta_Poneracantha_s1	lasi2_Nylanderia_s6	0
ecta_Poneracantha_s1	lasi2_Nylanderia_s7	0
ecta_Poneracantha_s1	lasi2_Nylanderia_s8	0
ecta_Poneracantha_s1	lasi2_Nylanderia_s9	0
ecta_Poneracantha_s1	melo_s0	0
ecta_Poneracantha_s1	mycr_Mycocepurus_s0	0
ecta_Poneracantha_s1	mycr_Myrmicocrypta_s1	0
ecta_Poneracantha_s1	mymi_Myrmica_s13	0
ecta_Poneracantha_s1	mymi_Myrmica_s14	0
ecta_Poneracantha_s1	mymi_Myrmica_s3	0
ecta_Poneracantha_s1	mymi_Myrmica_s7	0
ecta_Poneracantha_s1	mymi_Myrmica_s8	0
ecta_Poneracantha_s1	mymi_Myrmica_s9	0
ecta_Poneracantha_s1	mymi_Myrmica_s11	0
ecta_Poneracantha_s1	mymi_Myrmica_s12	0
ecta_Poneracantha_s1	myre_Myrmecia_s1	0
ecta_Poneracantha_s1	myre_Myrmecia_s2	0
ecta_Poneracantha_s1	myre_Myrmecia_s3	0
ecta_Poneracantha_s1	myre_Myrmecia_s5	0
ecta_Poneracantha_s1	myre_Myrmecia_s6	0
ecta_Poneracantha_s1	myre_Myrmecia_s7	0
ecta_Poneracantha_s1	myrm_Myrmica_s1	0
ecta_Poneracantha_s1	myrm_Myrmica_s2	0
ecta_Poneracantha_s1	myrm_Pogonomyrmex_s1	0
ecta_Poneracantha_s1	myrm_Pogonomyrmex_s2	0
ecta_Poneracantha_s1	myrm_Monomorium_s0	0
ecta_Poneracantha_s1	myrm_Cyphomyrmex_s0	0
ecta_Poneracantha_s1	myrm_Basiceros_s0	0
ecta_Poneracantha_s1	myrm_Pheidole_s1	0
ecta_Poneracantha_s1	myrm_Ocymyrmex_s0	0
ecta_Poneracantha_s1	myrm_Nesomyrmex_s0	0
ecta_Poneracantha_s1	myrm_Cataulacus_s0	0
ecta_Poneracantha_s1	myrm_Carebara_s0	0
ecta_Poneracantha_s1	myrm_Cyphoidris_s0	0
ecta_Poneracantha_s1	myrm_Tetramorium_s0	0
ecta_Poneracantha_s1	myrm_Crematogaster_s1	0
ecta_Poneracantha_s1	myrm_Adlerzia_s0	0
ecta_Poneracantha_s1	myrm_Pristomyrmex_s0	0
ecta_Poneracantha_s1	myrm_Poecilomyrma_s0	0
ecta_Poneracantha_s1	myrm_Vombisidris_s0	0
ecta_Poneracantha_s1	myrm_Harpagoxenus_s0	0
ecta_Poneracantha_s1	ocym_Ocymyrmex_s1	0
ecta_Poneracantha_s1	pogo_Pogonomyrmex_s1	0
ecta_Poneracantha_s1	pogo_Pogonomyrmex_s2	0
ecta_Poneracantha_s1	pogo_Pogonomyrmex_s3	0
ecta_Poneracantha_s1	pogo_Pogonomyrmex_s4	0
ecta_Poneracantha_s1	pseu2_Pseudomyrmex_s1	0
ecta_Poneracantha_s1	seco_Dilobocondyla_s0	0
ecta_Poneracantha_s1	seri_Sericomyrmex_s1	0
ecta_Poneracantha_s1	sten_Novomessor_s0	0
ecta_Poneracantha_s1	tapi_Tapinoma_s0	0
ecta_Poneracantha_s1	temn_Temnothorax_s1	0
ecta_Poneracantha_s1	temn_Temnothorax_s3	0
ecta_Poneracantha_s1	temn_Temnothorax_s5	0
ecta_Poneracantha_s1	temn_Temnothorax_s7	0
ecta_Poneracantha_s1	temn_Temnothorax_s8	0
ecta_Poneracantha_s1	vero_Veromessor_s1	0
ecta_Poneracantha_s1	vero_Veromessor_s2	0
fori_Formica_s1	fori_Acropyga_s0	0
fori_Formica_s1	fori_Tapinolepis_s0	0
fori_Formica_s1	fori_Calomyrmex_s1	0
fori_Formica_s1	fori_Camponotus_s1	0
fori_Formica_s1	fori_Camponotus_s3	0
fori_Formica_s1	fori_Camponotus_s4	0
fori_Formica_s1	fori_Colobopsis_s1	0
fori_Formica_s1	fori_Oecophylla_s1	0
fori_Formica_s1	fori_Lasius_s1	0
fori_Formica_s1	form_Formica_s1	1
fori_Formica_s1	lasi_Myrmecocystus_s1	0
fori_Formica_s1	lasi_Paraparatrechina_s1	0
fori_Formica_s1	lasi_Nylanderia_s2	0
fori_Formica_s1	lasi_Nylanderia_s3	0
fori_Formica_s1	lasi2_Lasius_s0	0
fori_Formica_s1	lasi2_Nylanderia_s1	0
fori_Formica_s1	lasi2_Nylanderia_s5	0
fori_Formica_s1	lasi2_Nylanderia_s6	0
fori_Formica_s1	lasi2_Nylanderia_s7	0
fori_Formica_s1	lasi2_Nylanderia_s8	0
fori_Formica_s1	lasi2_Nylanderia_s9	0
fori_Formica_s1	melo_s0	1
fori_Formica_s1	mycr_Mycocepurus_s0	0
fori_Formica_s1	mycr_Myrmicocrypta_s1	0
fori_Formica_s1	mymi_Myrmica_s13	0
fori_Formica_s1	mymi_Myrmica_s14	0
fori_Formica_s1	mymi_Myrmica_s3	0
fori_Formica_s1	mymi_Myrmica_s7	0
fori_Formica_s1	mymi_Myrmica_s8	0
fori_Formica_s1	mymi_Myrmica_s9	0
fori_Formica_s1	mymi_Myrmica_s11	0
fori_Formica_s1	mymi_Myrmica_s12	0
fori_Formica_s1	myre_Myrmecia_s1	0
fori_Formica_s1	myre_Myrmecia_s2	0
fori_Formica_s1	myre_Myrmecia_s3	0
fori_Formica_s1	myre_Myrmecia_s5	0
fori_Formica_s1	myre_Myrmecia_s6	0
fori_Formica_s1	myre_Myrmecia_s7	0
fori_Formica_s1	myrm_Myrmica_s1	0
fori_Formica_s1	myrm_Myrmica_s2	0
fori_Formica_s1	myrm_Pogonomyrmex_s1	0
fori_Formica_s1	myrm_Pogonomyrmex_s2	0
fori_Formica_s1	myrm_Monomorium_s0	0
fori_Formica_s1	myrm_Cyphomyrmex_s0	0
fori_Formica_s1	myrm_Basiceros_s0	0
fori_Formica_s1	myrm_Pheidole_s1	0
fori_Formica_s1	myrm_Ocymyrmex_s0	0
fori_Formica_s1	myrm_Nesomyrmex_s0	0
fori_Formica_s1	myrm_Cataulacus_s0	0
fori_Formica_s1	myrm_Carebara_s0	0
fori_Formica_s1	myrm_Cyphoidris_s0	0
fori_Formica_s1	myrm_Tetramorium_s0	0
fori_Formica_s1	myrm_Crematogaster_s1	0
fori_Formica_s1	myrm_Adlerzia_s0	0
fori_Formica_s1	myrm_Pristomyrmex_s0	0
fori_Formica_s1	myrm_Poecilomyrma_s0	0
fori_Formica_s1	myrm_Vombisidris_s0	0
fori_Formica_s1	myrm_Harpagoxenus_s0	0
fori_Formica_s1	ocym_Ocymyrmex_s1	0
fori_Formica_s1	pogo_Pogonomyrmex_s1	0
fori_Formica_s1	pogo_Pogonomyrmex_s2	0
fori_Formica_s1	pogo_Pogonomyrmex_s3	0
fori_Formica_s1	pogo_Pogonomyrmex_s4	0
fori_Formica_s1	pseu2_Pseudomyrmex_s1	0
fori_Formica_s1	seco_Dilobocondyla_s0	0
fori_Formica_s1	seri_Sericomyrmex_s1	0
fori_Formica_s1	sten_Novomessor_s0	0
fori_Formica_s1	tapi_Tapinoma_s0	0
fori_Formica_s1	temn_Temnothorax_s1	0
fori_Formica_s1	temn_Temnothorax_s3	0
fori_Formica_s1	temn_Temnothorax_s5	0
fori_Formica_s1	temn_Temnothorax_s7	0
fori_Formica_s1	temn_Temnothorax_s8	0
fori_Formica_s1	vero_Veromessor_s1	0
fori_Formica_s1	vero_Veromessor_s2	0
fori_Acropyga_s0	fori_Tapinolepis_s0	0
fori_Acropyga_s0	fori_Calomyrmex_s1	0
fori_Acropyga_s0	fori_Camponotus_s1	0
fori_Acropyga_s0	fori_Camponotus_s3	0
fori_Acropyga_s0	fori_Camponotus_s4	0
fori_Acropyga_s0	fori_Colobopsis_s1	0
fori_Acropyga_s0	fori_Oecophylla_s1	0
fori_Acropyga_s0	fori_Lasius_s1	0
fori_Acropyga_s0	form_Formica_s1	0
fori_Acropyga_s0	lasi_Myrmecocystus_s1	0
fori_Acropyga_s0	lasi_Paraparatrechina_s1	0
fori_Acropyga_s0	lasi_Nylanderia_s2	0
fori_Acropyga_s0	lasi_Nylanderia_s3	0
fori_Acropyga_s0	lasi2_Lasius_s0	0
fori_Acropyga_s0	lasi2_Nylanderia_s1	0
fori_Acropyga_s0	lasi2_Nylanderia_s5	0
fori_Acropyga_s0	lasi2_Nylanderia_s6	0
fori_Acropyga_s0	lasi2_Nylanderia_s7	0
fori_Acropyga_s0	lasi2_Nylanderia_s8	0
fori_Acropyga_s0	lasi2_Nylanderia_s9	0
fori_Acropyga_s0	melo_s0	0
fori_Acropyga_s0	mycr_Mycocepurus_s0	0
fori_Acropyga_s0	mycr_Myrmicocrypta_s1	0
fori_Acropyga_s0	mymi_Myrmica_s13	0
fori_Acropyga_s0	mymi_Myrmica_s14	0
fori_Acropyga_s0	mymi_Myrmica_s3	0
fori_Acropyga_s0	mymi_Myrmica_s7	0
fori_Acropyga_s0	mymi_Myrmica_s8	0
fori_Acropyga_s0	mymi_Myrmica_s9	0
fori_Acropyga_s0	mymi_Myrmica_s11	0
fori_Acropyga_s0	mymi_Myrmica_s12	0
fori_Acropyga_s0	myre_Myrmecia_s1	0
fori_Acropyga_s0	myre_Myrmecia_s2	0
fori_Acropyga_s0	myre_Myrmecia_s3	0
fori_Acropyga_s0	myre_Myrmecia_s5	0
fori_Acropyga_s0	myre_Myrmecia_s6	0
fori_Acropyga_s0	myre_Myrmecia_s7	0
fori_Acropyga_s0	myrm_Myrmica_s1	0
fori_Acropyga_s0	myrm_Myrmica_s2	0
fori_Acropyga_s0	myrm_Pogonomyrmex_s1	0
fori_Acropyga_s0	myrm_Pogonomyrmex_s2	0
fori_Acropyga_s0	myrm_Monomorium_s0	0
fori_Acropyga_s0	myrm_Cyphomyrmex_s0	0
fori_Acropyga_s0	myrm_Basiceros_s0	0
fori_Acropyga_s0	myrm_Pheidole_s1	0
fori_Acropyga_s0	myrm_Ocymyrmex_s0	0
fori_Acropyga_s0	myrm_Nesomyrmex_s0	0
fori_Acropyga_s0	myrm_Cataulacus_s0	0
fori_Acropyga_s0	myrm_Carebara_s0	0
fori_Acropyga_s0	myrm_Cyphoidris_s0	0
fori_Acropyga_s0	myrm_Tetramorium_s0	0
fori_Acropyga_s0	myrm_Crematogaster_s1	0
fori_Acropyga_s0	myrm_Adlerzia_s0	0
fori_Acropyga_s0	myrm_Pristomyrmex_s0	0
fori_Acropyga_s0	myrm_Poecilomyrma_s0	0
fori_Acropyga_s0	myrm_Vombisidris_s0	0
fori_Acropyga_s0	myrm_Harpagoxenus_s0	0
fori_Acropyga_s0	ocym_Ocymyrmex_s1	0
fori_Acropyga_s0	pogo_Pogonomyrmex_s1	0
fori_Acropyga_s0	pogo_Pogonomyrmex_s2	0
fori_Acropyga_s0	pogo_Pogonomyrmex_s3	0
fori_Acropyga_s0	pogo_Pogonomyrmex_s4	0
fori_Acropyga_s0	pseu2_Pseudomyrmex_s1	0
fori_Acropyga_s0	seco_Dilobocondyla_s0	0
fori_Acropyga_s0	seri_Sericomyrmex_s1	0
fori_Acropyga_s0	sten_Novomessor_s0	0
fori_Acropyga_s0	tapi_Tapinoma_s0	0
fori_Acropyga_s0	temn_Temnothorax_s1	0
fori_Acropyga_s0	temn_Temnothorax_s3	0
fori_Acropyga_s0	temn_Temnothorax_s5	0
fori_Acropyga_s0	temn_Temnothorax_s7	0
fori_Acropyga_s0	temn_Temnothorax_s8	0
fori_Acropyga_s0	vero_Veromessor_s1	0
fori_Acropyga_s0	vero_Veromessor_s2	0
fori_Tapinolepis_s0	fori_Calomyrmex_s1	0
fori_Tapinolepis_s0	fori_Camponotus_s1	0
fori_Tapinolepis_s0	fori_Camponotus_s3	0
fori_Tapinolepis_s0	fori_Camponotus_s4	0
fori_Tapinolepis_s0	fori_Colobopsis_s1	0
fori_Tapinolepis_s0	fori_Oecophylla_s1	0
fori_Tapinolepis_s0	fori_Lasius_s1	0
fori_Tapinolepis_s0	form_Formica_s1	0
fori_Tapinolepis_s0	lasi_Myrmecocystus_s1	0
fori_Tapinolepis_s0	lasi_Paraparatrechina_s1	0
fori_Tapinolepis_s0	lasi_Nylanderia_s2	0
fori_Tapinolepis_s0	lasi_Nylanderia_s3	0
fori_Tapinolepis_s0	lasi2_Lasius_s0	0
fori_Tapinolepis_s0	lasi2_Nylanderia_s1	0
fori_Tapinolepis_s0	lasi2_Nylanderia_s5	0
fori_Tapinolepis_s0	lasi2_Nylanderia_s6	0
fori_Tapinolepis_s0	lasi2_Nylanderia_s7	0
fori_Tapinolepis_s0	lasi2_Nylanderia_s8	0
fori_Tapinolepis_s0	lasi2_Nylanderia_s9	0
fori_Tapinolepis_s0	melo_s0	0
fori_Tapinolepis_s0	mycr_Mycocepurus_s0	0
fori_Tapinolepis_s0	mycr_Myrmicocrypta_s1	0
fori_Tapinolepis_s0	mymi_Myrmica_s13	0
fori_Tapinolepis_s0	mymi_Myrmica_s14	0
fori_Tapinolepis_s0	mymi_Myrmica_s3	0
fori_Tapinolepis_s0	mymi_Myrmica_s7	0
fori_Tapinolepis_s0	mymi_Myrmica_s8	0
fori_Tapinolepis_s0	mymi_Myrmica_s9	0
fori_Tapinolepis_s0	mymi_Myrmica_s11	0
fori_Tapinolepis_s0	mymi_Myrmica_s12	0
fori_Tapinolepis_s0	myre_Myrmecia_s1	0
fori_Tapinolepis_s0	myre_Myrmecia_s2	0
fori_Tapinolepis_s0	myre_Myrmecia_s3	0
fori_Tapinolepis_s0	myre_Myrmecia_s5	0
fori_Tapinolepis_s0	myre_Myrmecia_s6	0
fori_Tapinolepis_s0	myre_Myrmecia_s7	0
fori_Tapinolepis_s0	myrm_Myrmica_s1	0
fori_Tapinolepis_s0	myrm_Myrmica_s2	0
fori_Tapinolepis_s0	myrm_Pogonomyrmex_s1	0
fori_Tapinolepis_s0	myrm_Pogonomyrmex_s2	0
fori_Tapinolepis_s0	myrm_Monomorium_s0	0
fori_Tapinolepis_s0	myrm_Cyphomyrmex_s0	0
fori_Tapinolepis_s0	myrm_Basiceros_s0	0
fori_Tapinolepis_s0	myrm_Pheidole_s1	0
fori_Tapinolepis_s0	myrm_Ocymyrmex_s0	0
fori_Tapinolepis_s0	myrm_Nesomyrmex_s0	0
fori_Tapinolepis_s0	myrm_Cataulacus_s0	0
fori_Tapinolepis_s0	myrm_Carebara_s0	0
fori_Tapinolepis_s0	myrm_Cyphoidris_s0	0
fori_Tapinolepis_s0	myrm_Tetramorium_s0	0
fori_Tapinolepis_s0	myrm_Crematogaster_s1	0
fori_Tapinolepis_s0	myrm_Adlerzia_s0	0
fori_Tapinolepis_s0	myrm_Pristomyrmex_s0	0
fori_Tapinolepis_s0	myrm_Poecilomyrma_s0	0
fori_Tapinolepis_s0	myrm_Vombisidris_s0	0
fori_Tapinolepis_s0	myrm_Harpagoxenus_s0	0
fori_Tapinolepis_s0	ocym_Ocymyrmex_s1	0
fori_Tapinolepis_s0	pogo_Pogonomyrmex_s1	0
fori_Tapinolepis_s0	pogo_Pogonomyrmex_s2	0
fori_Tapinolepis_s0	pogo_Pogonomyrmex_s3	0
fori_Tapinolepis_s0	pogo_Pogonomyrmex_s4	0
fori_Tapinolepis_s0	pseu2_Pseudomyrmex_s1	0
fori_Tapinolepis_s0	seco_Dilobocondyla_s0	0
fori_Tapinolepis_s0	seri_Sericomyrmex_s1	0
fori_Tapinolepis_s0	sten_Novomessor_s0	0
fori_Tapinolepis_s0	tapi_Tapinoma_s0	0
fori_Tapinolepis_s0	temn_Temnothorax_s1	0
fori_Tapinolepis_s0	temn_Temnothorax_s3	0
fori_Tapinolepis_s0	temn_Temnothorax_s5	0
fori_Tapinolepis_s0	temn_Temnothorax_s7	0
fori_Tapinolepis_s0	temn_Temnothorax_s8	0
fori_Tapinolepis_s0	vero_Veromessor_s1	0
fori_Tapinolepis_s0	vero_Veromessor_s2	0
fori_Calomyrmex_s1	fori_Camponotus_s1	0
fori_Calomyrmex_s1	fori_Camponotus_s3	0
fori_Calomyrmex_s1	fori_Camponotus_s4	0
fori_Calomyrmex_s1	fori_Colobopsis_s1	0
fori_Calomyrmex_s1	fori_Oecophylla_s1	0
fori_Calomyrmex_s1	fori_Lasius_s1	0
fori_Calomyrmex_s1	form_Formica_s1	0
fori_Calomyrmex_s1	lasi_Myrmecocystus_s1	0
fori_Calomyrmex_s1	lasi_Paraparatrechina_s1	0
fori_Calomyrmex_s1	lasi_Nylanderia_s2	0
fori_Calomyrmex_s1	lasi_Nylanderia_s3	0
fori_Calomyrmex_s1	lasi2_Lasius_s0	0
fori_Calomyrmex_s1	lasi2_Nylanderia_s1	0
fori_Calomyrmex_s1	lasi2_Nylanderia_s5	0
fori_Calomyrmex_s1	lasi2_Nylanderia_s6	0
fori_Calomyrmex_s1	lasi2_Nylanderia_s7	0
fori_Calomyrmex_s1	lasi2_Nylanderia_s8	0
fori_Calomyrmex_s1	lasi2_Nylanderia_s9	0
fori_Calomyrmex_s1	melo_s0	0
fori_Calomyrmex_s1	mycr_Mycocepurus_s0	0
fori_Calomyrmex_s1	mycr_Myrmicocrypta_s1	0
fori_Calomyrmex_s1	mymi_Myrmica_s13	0
fori_Calomyrmex_s1	mymi_Myrmica_s14	0
fori_Calomyrmex_s1	mymi_Myrmica_s3	0
fori_Calomyrmex_s1	mymi_Myrmica_s7	0
fori_Calomyrmex_s1	mymi_Myrmica_s8	0
fori_Calomyrmex_s1	mymi_Myrmica_s9	0
fori_Calomyrmex_s1	mymi_Myrmica_s11	0
fori_Calomyrmex_s1	mymi_Myrmica_s12	0
fori_Calomyrmex_s1	myre_Myrmecia_s1	0
fori_Calomyrmex_s1	myre_Myrmecia_s2	0
fori_Calomyrmex_s1	myre_Myrmecia_s3	0
fori_Calomyrmex_s1	myre_Myrmecia_s5	0
fori_Calomyrmex_s1	myre_Myrmecia_s6	0
fori_Calomyrmex_s1	myre_Myrmecia_s7	0
fori_Calomyrmex_s1	myrm_Myrmica_s1	0
fori_Calomyrmex_s1	myrm_Myrmica_s2	0
fori_Calomyrmex_s1	myrm_Pogonomyrmex_s1	0
fori_Calomyrmex_s1	myrm_Pogonomyrmex_s2	0
fori_Calomyrmex_s1	myrm_Monomorium_s0	0
fori_Calomyrmex_s1	myrm_Cyphomyrmex_s0	0
fori_Calomyrmex_s1	myrm_Basiceros_s0	0
fori_Calomyrmex_s1	myrm_Pheidole_s1	0
fori_Calomyrmex_s1	myrm_Ocymyrmex_s0	0
fori_Calomyrmex_s1	myrm_Nesomyrmex_s0	0
fori_Calomyrmex_s1	myrm_Cataulacus_s0	0
fori_Calomyrmex_s1	myrm_Carebara_s0	0
fori_Calomyrmex_s1	myrm_Cyphoidris_s0	0
fori_Calomyrmex_s1	myrm_Tetramorium_s0	0
fori_Calomyrmex_s1	myrm_Crematogaster_s1	0
fori_Calomyrmex_s1	myrm_Adlerzia_s0	0
fori_Calomyrmex_s1	myrm_Pristomyrmex_s0	0
fori_Calomyrmex_s1	myrm_Poecilomyrma_s0	0
fori_Calomyrmex_s1	myrm_Vombisidris_s0	0
fori_Calomyrmex_s1	myrm_Harpagoxenus_s0	0
fori_Calomyrmex_s1	ocym_Ocymyrmex_s1	0
fori_Calomyrmex_s1	pogo_Pogonomyrmex_s1	0
fori_Calomyrmex_s1	pogo_Pogonomyrmex_s2	0
fori_Calomyrmex_s1	pogo_Pogonomyrmex_s3	0
fori_Calomyrmex_s1	pogo_Pogonomyrmex_s4	0
fori_Calomyrmex_s1	pseu2_Pseudomyrmex_s1	0
fori_Calomyrmex_s1	seco_Dilobocondyla_s0	0
fori_Calomyrmex_s1	seri_Sericomyrmex_s1	0
fori_Calomyrmex_s1	sten_Novomessor_s0	0
fori_Calomyrmex_s1	tapi_Tapinoma_s0	0
fori_Calomyrmex_s1	temn_Temnothorax_s1	0
fori_Calomyrmex_s1	temn_Temnothorax_s3	0
fori_Calomyrmex_s1	temn_Temnothorax_s5	0
fori_Calomyrmex_s1	temn_Temnothorax_s7	0
fori_Calomyrmex_s1	temn_Temnothorax_s8	0
fori_Calomyrmex_s1	vero_Veromessor_s1	0
fori_Calomyrmex_s1	vero_Veromessor_s2	0
fori_Camponotus_s1	fori_Camponotus_s3	1
fori_Camponotus_s1	fori_Camponotus_s4	1
fori_Camponotus_s1	fori_Colobopsis_s1	0
fori_Camponotus_s1	fori_Oecophylla_s1	0
fori_Camponotus_s1	fori_Lasius_s1	0
fori_Camponotus_s1	form_Formica_s1	0
fori_Camponotus_s1	lasi_Myrmecocystus_s1	0
fori_Camponotus_s1	lasi_Paraparatrechina_s1	0
fori_Camponotus_s1	lasi_Nylanderia_s2	0
fori_Camponotus_s1	lasi_Nylanderia_s3	0
fori_Camponotus_s1	lasi2_Lasius_s0	0
fori_Camponotus_s1	lasi2_Nylanderia_s1	0
fori_Camponotus_s1	lasi2_Nylanderia_s5	0
fori_Camponotus_s1	lasi2_Nylanderia_s6	0
fori_Camponotus_s1	lasi2_Nylanderia_s7	0
fori_Camponotus_s1	lasi2_Nylanderia_s8	0
fori_Camponotus_s1	lasi2_Nylanderia_s9	0
fori_Camponotus_s1	melo_s0	0
fori_Camponotus_s1	mycr_Mycocepurus_s0	0
fori_Camponotus_s1	mycr_Myrmicocrypta_s1	0
fori_Camponotus_s1	mymi_Myrmica_s13	0
fori_Camponotus_s1	mymi_Myrmica_s14	0
fori_Camponotus_s1	mymi_Myrmica_s3	0
fori_Camponotus_s1	mymi_Myrmica_s7	0
fori_Camponotus_s1	mymi_Myrmica_s8	0
fori_Camponotus_s1	mymi_Myrmica_s9	0
fori_Camponotus_s1	mymi_Myrmica_s11	0
fori_Camponotus_s1	mymi_Myrmica_s12	0
fori_Camponotus_s1	myre_Myrmecia_s1	0
fori_Camponotus_s1	myre_Myrmecia_s2	0
fori_Camponotus_s1	myre_Myrmecia_s3	0
fori_Camponotus_s1	myre_Myrmecia_s5	0
fori_Camponotus_s1	myre_Myrmecia_s6	0
fori_Camponotus_s1	myre_Myrmecia_s7	0
fori_Camponotus_s1	myrm_Myrmica_s1	0
fori_Camponotus_s1	myrm_Myrmica_s2	0
fori_Camponotus_s1	myrm_Pogonomyrmex_s1	0
fori_Camponotus_s1	myrm_Pogonomyrmex_s2	0
fori_Camponotus_s1	myrm_Monomorium_s0	0
fori_Camponotus_s1	myrm_Cyphomyrmex_s0	0
fori_Camponotus_s1	myrm_Basiceros_s0	0
fori_Camponotus_s1	myrm_Pheidole_s1	0
fori_Camponotus_s1	myrm_Ocymyrmex_s0	0
fori_Camponotus_s1	myrm_Nesomyrmex_s0	0
fori_Camponotus_s1	myrm_Cataulacus_s0	0
fori_Camponotus_s1	myrm_Carebara_s0	0
fori_Camponotus_s1	myrm_Cyphoidris_s0	0
fori_Camponotus_s1	myrm_Tetramorium_s0	0
fori_Camponotus_s1	myrm_Crematogaster_s1	0
fori_Camponotus_s1	myrm_Adlerzia_s0	0
fori_Camponotus_s1	myrm_Pristomyrmex_s0	0
fori_Camponotus_s1	myrm_Poecilomyrma_s0	0
fori_Camponotus_s1	myrm_Vombisidris_s0	0
fori_Camponotus_s1	myrm_Harpagoxenus_s0	0
fori_Camponotus_s1	ocym_Ocymyrmex_s1	0
fori_Camponotus_s1	pogo_Pogonomyrmex_s1	0
fori_Camponotus_s1	pogo_Pogonomyrmex_s2	0
fori_Camponotus_s1	pogo_Pogonomyrmex_s3	0
fori_Camponotus_s1	pogo_Pogonomyrmex_s4	0
fori_Camponotus_s1	pseu2_Pseudomyrmex_s1	0
fori_Camponotus_s1	seco_Dilobocondyla_s0	0
fori_Camponotus_s1	seri_Sericomyrmex_s1	0
fori_Camponotus_s1	sten_Novomessor_s0	0
fori_Camponotus_s1	tapi_Tapinoma_s0	0
fori_Camponotus_s1	temn_Temnothorax_s1	0
fori_Camponotus_s1	temn_Temnothorax_s3	0
fori_Camponotus_s1	temn_Temnothorax_s5	0
fori_Camponotus_s1	temn_Temnothorax_s7	0
fori_Camponotus_s1	temn_Temnothorax_s8	0
fori_Camponotus_s1	vero_Veromessor_s1	0
fori_Camponotus_s1	vero_Veromessor_s2	0
fori_Camponotus_s3	fori_Camponotus_s4	1
fori_Camponotus_s3	fori_Colobopsis_s1	0
fori_Camponotus_s3	fori_Oecophylla_s1	0
fori_Camponotus_s3	fori_Lasius_s1	0
fori_Camponotus_s3	form_Formica_s1	0
fori_Camponotus_s3	lasi_Myrmecocystus_s1	0
fori_Camponotus_s3	lasi_Paraparatrechina_s1	0
fori_Camponotus_s3	lasi_Nylanderia_s2	0
fori_Camponotus_s3	lasi_Nylanderia_s3	0
fori_Camponotus_s3	lasi2_Lasius_s0	0
fori_Camponotus_s3	lasi2_Nylanderia_s1	0
fori_Camponotus_s3	lasi2_Nylanderia_s5	0
fori_Camponotus_s3	lasi2_Nylanderia_s6	0
fori_Camponotus_s3	lasi2_Nylanderia_s7	0
fori_Camponotus_s3	lasi2_Nylanderia_s8	0
fori_Camponotus_s3	lasi2_Nylanderia_s9	0
fori_Camponotus_s3	melo_s0	0
fori_Camponotus_s3	mycr_Mycocepurus_s0	0
fori_Camponotus_s3	mycr_Myrmicocrypta_s1	0
fori_Camponotus_s3	mymi_Myrmica_s13	0
fori_Camponotus_s3	mymi_Myrmica_s14	0
fori_Camponotus_s3	mymi_Myrmica_s3	0
fori_Camponotus_s3	mymi_Myrmica_s7	0
fori_Camponotus_s3	mymi_Myrmica_s8	0
fori_Camponotus_s3	mymi_Myrmica_s9	0
fori_Camponotus_s3	mymi_Myrmica_s11	0
fori_Camponotus_s3	mymi_Myrmica_s12	0
fori_Camponotus_s3	myre_Myrmecia_s1	0
fori_Camponotus_s3	myre_Myrmecia_s2	0
fori_Camponotus_s3	myre_Myrmecia_s3	0
fori_Camponotus_s3	myre_Myrmecia_s5	0
fori_Camponotus_s3	myre_Myrmecia_s6	0
fori_Camponotus_s3	myre_Myrmecia_s7	0
fori_Camponotus_s3	myrm_Myrmica_s1	0
fori_Camponotus_s3	myrm_Myrmica_s2	0
fori_Camponotus_s3	myrm_Pogonomyrmex_s1	0
fori_Camponotus_s3	myrm_Pogonomyrmex_s2	0
fori_Camponotus_s3	myrm_Monomorium_s0	0
fori_Camponotus_s3	myrm_Cyphomyrmex_s0	0
fori_Camponotus_s3	myrm_Basiceros_s0	0
fori_Camponotus_s3	myrm_Pheidole_s1	0
fori_Camponotus_s3	myrm_Ocymyrmex_s0	0
fori_Camponotus_s3	myrm_Nesomyrmex_s0	0
fori_Camponotus_s3	myrm_Cataulacus_s0	0
fori_Camponotus_s3	myrm_Carebara_s0	0
fori_Camponotus_s3	myrm_Cyphoidris_s0	0
fori_Camponotus_s3	myrm_Tetramorium_s0	0
fori_Camponotus_s3	myrm_Crematogaster_s1	0
fori_Camponotus_s3	myrm_Adlerzia_s0	0
fori_Camponotus_s3	myrm_Pristomyrmex_s0	0
fori_Camponotus_s3	myrm_Poecilomyrma_s0	0
fori_Camponotus_s3	myrm_Vombisidris_s0	0
fori_Camponotus_s3	myrm_Harpagoxenus_s0	0
fori_Camponotus_s3	ocym_Ocymyrmex_s1	0
fori_Camponotus_s3	pogo_Pogonomyrmex_s1	0
fori_Camponotus_s3	pogo_Pogonomyrmex_s2	0
fori_Camponotus_s3	pogo_Pogonomyrmex_s3	0
fori_Camponotus_s3	pogo_Pogonomyrmex_s4	0
fori_Camponotus_s3	pseu2_Pseudomyrmex_s1	0
fori_Camponotus_s3	seco_Dilobocondyla_s0	0
fori_Camponotus_s3	seri_Sericomyrmex_s1	0
fori_Camponotus_s3	sten_Novomessor_s0	0
fori_Camponotus_s3	tapi_Tapinoma_s0	0
fori_Camponotus_s3	temn_Temnothorax_s1	0
fori_Camponotus_s3	temn_Temnothorax_s3	0
fori_Camponotus_s3	temn_Temnothorax_s5	0
fori_Camponotus_s3	temn_Temnothorax_s7	0
fori_Camponotus_s3	temn_Temnothorax_s8	0
fori_Camponotus_s3	vero_Veromessor_s1	0
fori_Camponotus_s3	vero_Veromessor_s2	0
fori_Camponotus_s4	fori_Colobopsis_s1	0
fori_Camponotus_s4	fori_Oecophylla_s1	0
fori_Camponotus_s4	fori_Lasius_s1	0
fori_Camponotus_s4	form_Formica_s1	0
fori_Camponotus_s4	lasi_Myrmecocystus_s1	0
fori_Camponotus_s4	lasi_Paraparatrechina_s1	0
fori_Camponotus_s4	lasi_Nylanderia_s2	0
fori_Camponotus_s4	lasi_Nylanderia_s3	0
fori_Camponotus_s4	lasi2_Lasius_s0	0
fori_Camponotus_s4	lasi2_Nylanderia_s1	0
fori_Camponotus_s4	lasi2_Nylanderia_s5	0
fori_Camponotus_s4	lasi2_Nylanderia_s6	0
fori_Camponotus_s4	lasi2_Nylanderia_s7	0
fori_Camponotus_s4	lasi2_Nylanderia_s8	0
fori_Camponotus_s4	lasi2_Nylanderia_s9	0
fori_Camponotus_s4	melo_s0	0
fori_Camponotus_s4	mycr_Mycocepurus_s0	0
fori_Camponotus_s4	mycr_Myrmicocrypta_s1	0
fori_Camponotus_s4	mymi_Myrmica_s13	0
fori_Camponotus_s4	mymi_Myrmica_s14	0
fori_Camponotus_s4	mymi_Myrmica_s3	0
fori_Camponotus_s4	mymi_Myrmica_s7	0
fori_Camponotus_s4	mymi_Myrmica_s8	0
fori_Camponotus_s4	mymi_Myrmica_s9	0
fori_Camponotus_s4	mymi_Myrmica_s11	0
fori_Camponotus_s4	mymi_Myrmica_s12	0
fori_Camponotus_s4	myre_Myrmecia_s1	0
fori_Camponotus_s4	myre_Myrmecia_s2	0
fori_Camponotus_s4	myre_Myrmecia_s3	0
fori_Camponotus_s4	myre_Myrmecia_s5	0
fori_Camponotus_s4	myre_Myrmecia_s6	0
fori_Camponotus_s4	myre_Myrmecia_s7	0
fori_Camponotus_s4	myrm_Myrmica_s1	0
fori_Camponotus_s4	myrm_Myrmica_s2	0
fori_Camponotus_s4	myrm_Pogonomyrmex_s1	0
fori_Camponotus_s4	myrm_Pogonomyrmex_s2	0
fori_Camponotus_s4	myrm_Monomorium_s0	0
fori_Camponotus_s4	myrm_Cyphomyrmex_s0	0
fori_Camponotus_s4	myrm_Basiceros_s0	0
fori_Camponotus_s4	myrm_Pheidole_s1	0
fori_Camponotus_s4	myrm_Ocymyrmex_s0	0
fori_Camponotus_s4	myrm_Nesomyrmex_s0	0
fori_Camponotus_s4	myrm_Cataulacus_s0	0
fori_Camponotus_s4	myrm_Carebara_s0	0
fori_Camponotus_s4	myrm_Cyphoidris_s0	0
fori_Camponotus_s4	myrm_Tetramorium_s0	0
fori_Camponotus_s4	myrm_Crematogaster_s1	0
fori_Camponotus_s4	myrm_Adlerzia_s0	0
fori_Camponotus_s4	myrm_Pristomyrmex_s0	0
fori_Camponotus_s4	myrm_Poecilomyrma_s0	0
fori_Camponotus_s4	myrm_Vombisidris_s0	0
fori_Camponotus_s4	myrm_Harpagoxenus_s0	0
fori_Camponotus_s4	ocym_Ocymyrmex_s1	0
fori_Camponotus_s4	pogo_Pogonomyrmex_s1	0
fori_Camponotus_s4	pogo_Pogonomyrmex_s2	0
fori_Camponotus_s4	pogo_Pogonomyrmex_s3	0
fori_Camponotus_s4	pogo_Pogonomyrmex_s4	0
fori_Camponotus_s4	pseu2_Pseudomyrmex_s1	0
fori_Camponotus_s4	seco_Dilobocondyla_s0	0
fori_Camponotus_s4	seri_Sericomyrmex_s1	0
fori_Camponotus_s4	sten_Novomessor_s0	0
fori_Camponotus_s4	tapi_Tapinoma_s0	0
fori_Camponotus_s4	temn_Temnothorax_s1	0
fori_Camponotus_s4	temn_Temnothorax_s3	0
fori_Camponotus_s4	temn_Temnothorax_s5	0
fori_Camponotus_s4	temn_Temnothorax_s7	0
fori_Camponotus_s4	temn_Temnothorax_s8	0
fori_Camponotus_s4	vero_Veromessor_s1	0
fori_Camponotus_s4	vero_Veromessor_s2	0
fori_Colobopsis_s1	fori_Oecophylla_s1	0
fori_Colobopsis_s1	fori_Lasius_s1	0
fori_Colobopsis_s1	form_Formica_s1	0
fori_Colobopsis_s1	lasi_Myrmecocystus_s1	0
fori_Colobopsis_s1	lasi_Paraparatrechina_s1	0
fori_Colobopsis_s1	lasi_Nylanderia_s2	0
fori_Colobopsis_s1	lasi_Nylanderia_s3	0
fori_Colobopsis_s1	lasi2_Lasius_s0	0
fori_Colobopsis_s1	lasi2_Nylanderia_s1	0
fori_Colobopsis_s1	lasi2_Nylanderia_s5	0
fori_Colobopsis_s1	lasi2_Nylanderia_s6	0
fori_Colobopsis_s1	lasi2_Nylanderia_s7	0
fori_Colobopsis_s1	lasi2_Nylanderia_s8	0
fori_Colobopsis_s1	lasi2_Nylanderia_s9	0
fori_Colobopsis_s1	melo_s0	0
fori_Colobopsis_s1	mycr_Mycocepurus_s0	0
fori_Colobopsis_s1	mycr_Myrmicocrypta_s1	0
fori_Colobopsis_s1	mymi_Myrmica_s13	0
fori_Colobopsis_s1	mymi_Myrmica_s14	0
fori_Colobopsis_s1	mymi_Myrmica_s3	0
fori_Colobopsis_s1	mymi_Myrmica_s7	0
fori_Colobopsis_s1	mymi_Myrmica_s8	0
fori_Colobopsis_s1	mymi_Myrmica_s9	0
fori_Colobopsis_s1	mymi_Myrmica_s11	0
fori_Colobopsis_s1	mymi_Myrmica_s12	0
fori_Colobopsis_s1	myre_Myrmecia_s1	0
fori_Colobopsis_s1	myre_Myrmecia_s2	0
fori_Colobopsis_s1	myre_Myrmecia_s3	0
fori_Colobopsis_s1	myre_Myrmecia_s5	0
fori_Colobopsis_s1	myre_Myrmecia_s6	0
fori_Colobopsis_s1	myre_Myrmecia_s7	0
fori_Colobopsis_s1	myrm_Myrmica_s1	0
fori_Colobopsis_s1	myrm_Myrmica_s2	0
fori_Colobopsis_s1	myrm_Pogonomyrmex_s1	0
fori_Colobopsis_s1	myrm_Pogonomyrmex_s2	0
fori_Colobopsis_s1	myrm_Monomorium_s0	0
fori_Colobopsis_s1	myrm_Cyphomyrmex_s0	0
fori_Colobopsis_s1	myrm_Basiceros_s0	0
fori_Colobopsis_s1	myrm_Pheidole_s1	0
fori_Colobopsis_s1	myrm_Ocymyrmex_s0	0
fori_Colobopsis_s1	myrm_Nesomyrmex_s0	0
fori_Colobopsis_s1	myrm_Cataulacus_s0	0
fori_Colobopsis_s1	myrm_Carebara_s0	0
fori_Colobopsis_s1	myrm_Cyphoidris_s0	0
fori_Colobopsis_s1	myrm_Tetramorium_s0	0
fori_Colobopsis_s1	myrm_Crematogaster_s1	0
fori_Colobopsis_s1	myrm_Adlerzia_s0	0
fori_Colobopsis_s1	myrm_Pristomyrmex_s0	0
fori_Colobopsis_s1	myrm_Poecilomyrma_s0	0
fori_Colobopsis_s1	myrm_Vombisidris_s0	0
fori_Colobopsis_s1	myrm_Harpagoxenus_s0	0
fori_Colobopsis_s1	ocym_Ocymyrmex_s1	0
fori_Colobopsis_s1	pogo_Pogonomyrmex_s1	0
fori_Colobopsis_s1	pogo_Pogonomyrmex_s2	0
fori_Colobopsis_s1	pogo_Pogonomyrmex_s3	0
fori_Colobopsis_s1	pogo_Pogonomyrmex_s4	0
fori_Colobopsis_s1	pseu2_Pseudomyrmex_s1	0
fori_Colobopsis_s1	seco_Dilobocondyla_s0	0
fori_Colobopsis_s1	seri_Sericomyrmex_s1	0
fori_Colobopsis_s1	sten_Novomessor_s0	0
fori_Colobopsis_s1	tapi_Tapinoma_s0	0
fori_Colobopsis_s1	temn_Temnothorax_s1	0
fori_Colobopsis_s1	temn_Temnothorax_s3	0
fori_Colobopsis_s1	temn_Temnothorax_s5	0
fori_Colobopsis_s1	temn_Temnothorax_s7	0
fori_Colobopsis_s1	temn_Temnothorax_s8	0
fori_Colobopsis_s1	vero_Veromessor_s1	0
fori_Colobopsis_s1	vero_Veromessor_s2	0
fori_Oecophylla_s1	fori_Lasius_s1	0
fori_Oecophylla_s1	form_Formica_s1	0
fori_Oecophylla_s1	lasi_Myrmecocystus_s1	0
fori_Oecophylla_s1	lasi_Paraparatrechina_s1	0
fori_Oecophylla_s1	lasi_Nylanderia_s2	0
fori_Oecophylla_s1	lasi_Nylanderia_s3	0
fori_Oecophylla_s1	lasi2_Lasius_s0	0
fori_Oecophylla_s1	lasi2_Nylanderia_s1	0
fori_Oecophylla_s1	lasi2_Nylanderia_s5	0
fori_Oecophylla_s1	lasi2_Nylanderia_s6	0
fori_Oecophylla_s1	lasi2_Nylanderia_s7	0
fori_Oecophylla_s1	lasi2_Nylanderia_s8	0
fori_Oecophylla_s1	lasi2_Nylanderia_s9	0
fori_Oecophylla_s1	melo_s0	0
fori_Oecophylla_s1	mycr_Mycocepurus_s0	0
fori_Oecophylla_s1	mycr_Myrmicocrypta_s1	0
fori_Oecophylla_s1	mymi_Myrmica_s13	0
fori_Oecophylla_s1	mymi_Myrmica_s14	0
fori_Oecophylla_s1	mymi_Myrmica_s3	0
fori_Oecophylla_s1	mymi_Myrmica_s7	0
fori_Oecophylla_s1	mymi_Myrmica_s8	0
fori_Oecophylla_s1	mymi_Myrmica_s9	0
fori_Oecophylla_s1	mymi_Myrmica_s11	0
fori_Oecophylla_s1	mymi_Myrmica_s12	0
fori_Oecophylla_s1	myre_Myrmecia_s1	0
fori_Oecophylla_s1	myre_Myrmecia_s2	0
fori_Oecophylla_s1	myre_Myrmecia_s3	0
fori_Oecophylla_s1	myre_Myrmecia_s5	0
fori_Oecophylla_s1	myre_Myrmecia_s6	0
fori_Oecophylla_s1	myre_Myrmecia_s7	0
fori_Oecophylla_s1	myrm_Myrmica_s1	0
fori_Oecophylla_s1	myrm_Myrmica_s2	0
fori_Oecophylla_s1	myrm_Pogonomyrmex_s1	0
fori_Oecophylla_s1	myrm_Pogonomyrmex_s2	0
fori_Oecophylla_s1	myrm_Monomorium_s0	0
fori_Oecophylla_s1	myrm_Cyphomyrmex_s0	0
fori_Oecophylla_s1	myrm_Basiceros_s0	0
fori_Oecophylla_s1	myrm_Pheidole_s1	0
fori_Oecophylla_s1	myrm_Ocymyrmex_s0	0
fori_Oecophylla_s1	myrm_Nesomyrmex_s0	0
fori_Oecophylla_s1	myrm_Cataulacus_s0	0
fori_Oecophylla_s1	myrm_Carebara_s0	0
fori_Oecophylla_s1	myrm_Cyphoidris_s0	0
fori_Oecophylla_s1	myrm_Tetramorium_s0	0
fori_Oecophylla_s1	myrm_Crematogaster_s1	0
fori_Oecophylla_s1	myrm_Adlerzia_s0	0
fori_Oecophylla_s1	myrm_Pristomyrmex_s0	0
fori_Oecophylla_s1	myrm_Poecilomyrma_s0	0
fori_Oecophylla_s1	myrm_Vombisidris_s0	0
fori_Oecophylla_s1	myrm_Harpagoxenus_s0	0
fori_Oecophylla_s1	ocym_Ocymyrmex_s1	0
fori_Oecophylla_s1	pogo_Pogonomyrmex_s1	0
fori_Oecophylla_s1	pogo_Pogonomyrmex_s2	0
fori_Oecophylla_s1	pogo_Pogonomyrmex_s3	0
fori_Oecophylla_s1	pogo_Pogonomyrmex_s4	0
fori_Oecophylla_s1	pseu2_Pseudomyrmex_s1	0
fori_Oecophylla_s1	seco_Dilobocondyla_s0	0
fori_Oecophylla_s1	seri_Sericomyrmex_s1	0
fori_Oecophylla_s1	sten_Novomessor_s0	0
fori_Oecophylla_s1	tapi_Tapinoma_s0	0
fori_Oecophylla_s1	temn_Temnothorax_s1	0
fori_Oecophylla_s1	temn_Temnothorax_s3	0
fori_Oecophylla_s1	temn_Temnothorax_s5	0
fori_Oecophylla_s1	temn_Temnothorax_s7	0
fori_Oecophylla_s1	temn_Temnothorax_s8	0
fori_Oecophylla_s1	vero_Veromessor_s1	0
fori_Oecophylla_s1	vero_Veromessor_s2	0
fori_Lasius_s1	form_Formica_s1	0
fori_Lasius_s1	lasi_Myrmecocystus_s1	1
fori_Lasius_s1	lasi_Paraparatrechina_s1	0
fori_Lasius_s1	lasi_Nylanderia_s2	0
fori_Lasius_s1	lasi_Nylanderia_s3	0
fori_Lasius_s1	lasi2_Lasius_s0	2
fori_Lasius_s1	lasi2_Nylanderia_s1	0
fori_Lasius_s1	lasi2_Nylanderia_s5	0
fori_Lasius_s1	lasi2_Nylanderia_s6	0
fori_Lasius_s1	lasi2_Nylanderia_s7	0
fori_Lasius_s1	lasi2_Nylanderia_s8	0
fori_Lasius_s1	lasi2_Nylanderia_s9	0
fori_Lasius_s1	melo_s0	0
fori_Lasius_s1	mycr_Mycocepurus_s0	0
fori_Lasius_s1	mycr_Myrmicocrypta_s1	0
fori_Lasius_s1	mymi_Myrmica_s13	0
fori_Lasius_s1	mymi_Myrmica_s14	0
fori_Lasius_s1	mymi_Myrmica_s3	0
fori_Lasius_s1	mymi_Myrmica_s7	0
fori_Lasius_s1	mymi_Myrmica_s8	0
fori_Lasius_s1	mymi_Myrmica_s9	0
fori_Lasius_s1	mymi_Myrmica_s11	0
fori_Lasius_s1	mymi_Myrmica_s12	0
fori_Lasius_s1	myre_Myrmecia_s1	0
fori_Lasius_s1	myre_Myrmecia_s2	0
fori_Lasius_s1	myre_Myrmecia_s3	0
fori_Lasius_s1	myre_Myrmecia_s5	0
fori_Lasius_s1	myre_Myrmecia_s6	0
fori_Lasius_s1	myre_Myrmecia_s7	0
fori_Lasius_s1	myrm_Myrmica_s1	0
fori_Lasius_s1	myrm_Myrmica_s2	0
fori_Lasius_s1	myrm_Pogonomyrmex_s1	0
fori_Lasius_s1	myrm_Pogonomyrmex_s2	0
fori_Lasius_s1	myrm_Monomorium_s0	0
fori_Lasius_s1	myrm_Cyphomyrmex_s0	0
fori_Lasius_s1	myrm_Basiceros_s0	0
fori_Lasius_s1	myrm_Pheidole_s1	0
fori_Lasius_s1	myrm_Ocymyrmex_s0	0
fori_Lasius_s1	myrm_Nesomyrmex_s0	0
fori_Lasius_s1	myrm_Cataulacus_s0	0
fori_Lasius_s1	myrm_Carebara_s0	0
fori_Lasius_s1	myrm_Cyphoidris_s0	0
fori_Lasius_s1	myrm_Tetramorium_s0	0
fori_Lasius_s1	myrm_Crematogaster_s1	0
fori_Lasius_s1	myrm_Adlerzia_s0	0
fori_Lasius_s1	myrm_Pristomyrmex_s0	0
fori_Lasius_s1	myrm_Poecilomyrma_s0	0
fori_Lasius_s1	myrm_Vombisidris_s0	0
fori_Lasius_s1	myrm_Harpagoxenus_s0	0
fori_Lasius_s1	ocym_Ocymyrmex_s1	0
fori_Lasius_s1	pogo_Pogonomyrmex_s1	0
fori_Lasius_s1	pogo_Pogonomyrmex_s2	0
fori_Lasius_s1	pogo_Pogonomyrmex_s3	0
fori_Lasius_s1	pogo_Pogonomyrmex_s4	0
fori_Lasius_s1	pseu2_Pseudomyrmex_s1	0
fori_Lasius_s1	seco_Dilobocondyla_s0	0
fori_Lasius_s1	seri_Sericomyrmex_s1	0
fori_Lasius_s1	sten_Novomessor_s0	0
fori_Lasius_s1	tapi_Tapinoma_s0	0
fori_Lasius_s1	temn_Temnothorax_s1	0
fori_Lasius_s1	temn_Temnothorax_s3	0
fori_Lasius_s1	temn_Temnothorax_s5	0
fori_Lasius_s1	temn_Temnothorax_s7	0
fori_Lasius_s1	temn_Temnothorax_s8	0
fori_Lasius_s1	vero_Veromessor_s1	0
fori_Lasius_s1	vero_Veromessor_s2	0
form_Formica_s1	lasi_Myrmecocystus_s1	0
form_Formica_s1	lasi_Paraparatrechina_s1	0
form_Formica_s1	lasi_Nylanderia_s2	0
form_Formica_s1	lasi_Nylanderia_s3	0
form_Formica_s1	lasi2_Lasius_s0	0
form_Formica_s1	lasi2_Nylanderia_s1	0
form_Formica_s1	lasi2_Nylanderia_s5	0
form_Formica_s1	lasi2_Nylanderia_s6	0
form_Formica_s1	lasi2_Nylanderia_s7	0
form_Formica_s1	lasi2_Nylanderia_s8	0
form_Formica_s1	lasi2_Nylanderia_s9	0
form_Formica_s1	melo_s0	0
form_Formica_s1	mycr_Mycocepurus_s0	0
form_Formica_s1	mycr_Myrmicocrypta_s1	0
form_Formica_s1	mymi_Myrmica_s13	0
form_Formica_s1	mymi_Myrmica_s14	0
form_Formica_s1	mymi_Myrmica_s3	0
form_Formica_s1	mymi_Myrmica_s7	0
form_Formica_s1	mymi_Myrmica_s8	0
form_Formica_s1	mymi_Myrmica_s9	0
form_Formica_s1	mymi_Myrmica_s11	0
form_Formica_s1	mymi_Myrmica_s12	0
form_Formica_s1	myre_Myrmecia_s1	0
form_Formica_s1	myre_Myrmecia_s2	0
form_Formica_s1	myre_Myrmecia_s3	0
form_Formica_s1	myre_Myrmecia_s5	0
form_Formica_s1	myre_Myrmecia_s6	0
form_Formica_s1	myre_Myrmecia_s7	0
form_Formica_s1	myrm_Myrmica_s1	0
form_Formica_s1	myrm_Myrmica_s2	0
form_Formica_s1	myrm_Pogonomyrmex_s1	0
form_Formica_s1	myrm_Pogonomyrmex_s2	0
form_Formica_s1	myrm_Monomorium_s0	0
form_Formica_s1	myrm_Cyphomyrmex_s0	0
form_Formica_s1	myrm_Basiceros_s0	0
form_Formica_s1	myrm_Pheidole_s1	0
form_Formica_s1	myrm_Ocymyrmex_s0	0
form_Formica_s1	myrm_Nesomyrmex_s0	0
form_Formica_s1	myrm_Cataulacus_s0	0
form_Formica_s1	myrm_Carebara_s0	0
form_Formica_s1	myrm_Cyphoidris_s0	0
form_Formica_s1	myrm_Tetramorium_s0	0
form_Formica_s1	myrm_Crematogaster_s1	0
form_Formica_s1	myrm_Adlerzia_s0	0
form_Formica_s1	myrm_Pristomyrmex_s0	0
form_Formica_s1	myrm_Poecilomyrma_s0	0
form_Formica_s1	myrm_Vombisidris_s0	0
form_Formica_s1	myrm_Harpagoxenus_s0	0
form_Formica_s1	ocym_Ocymyrmex_s1	0
form_Formica_s1	pogo_Pogonomyrmex_s1	0
form_Formica_s1	pogo_Pogonomyrmex_s2	0
form_Formica_s1	pogo_Pogonomyrmex_s3	0
form_Formica_s1	pogo_Pogonomyrmex_s4	0
form_Formica_s1	pseu2_Pseudomyrmex_s1	0
form_Formica_s1	seco_Dilobocondyla_s0	0
form_Formica_s1	seri_Sericomyrmex_s1	0
form_Formica_s1	sten_Novomessor_s0	0
form_Formica_s1	tapi_Tapinoma_s0	0
form_Formica_s1	temn_Temnothorax_s1	0
form_Formica_s1	temn_Temnothorax_s3	0
form_Formica_s1	temn_Temnothorax_s5	0
form_Formica_s1	temn_Temnothorax_s7	0
form_Formica_s1	temn_Temnothorax_s8	0
form_Formica_s1	vero_Veromessor_s1	0
form_Formica_s1	vero_Veromessor_s2	0
lasi_Myrmecocystus_s1	lasi_Paraparatrechina_s1	0
lasi_Myrmecocystus_s1	lasi_Nylanderia_s2	0
lasi_Myrmecocystus_s1	lasi_Nylanderia_s3	0
lasi_Myrmecocystus_s1	lasi2_Lasius_s0	1
lasi_Myrmecocystus_s1	lasi2_Nylanderia_s1	0
lasi_Myrmecocystus_s1	lasi2_Nylanderia_s5	0
lasi_Myrmecocystus_s1	lasi2_Nylanderia_s6	0
lasi_Myrmecocystus_s1	lasi2_Nylanderia_s7	0
lasi_Myrmecocystus_s1	lasi2_Nylanderia_s8	0
lasi_Myrmecocystus_s1	lasi2_Nylanderia_s9	0
lasi_Myrmecocystus_s1	melo_s0	0
lasi_Myrmecocystus_s1	mycr_Mycocepurus_s0	0
lasi_Myrmecocystus_s1	mycr_Myrmicocrypta_s1	0
lasi_Myrmecocystus_s1	mymi_Myrmica_s13	0
lasi_Myrmecocystus_s1	mymi_Myrmica_s14	0
lasi_Myrmecocystus_s1	mymi_Myrmica_s3	0
lasi_Myrmecocystus_s1	mymi_Myrmica_s7	0
lasi_Myrmecocystus_s1	mymi_Myrmica_s8	0
lasi_Myrmecocystus_s1	mymi_Myrmica_s9	0
lasi_Myrmecocystus_s1	mymi_Myrmica_s11	0
lasi_Myrmecocystus_s1	mymi_Myrmica_s12	0
lasi_Myrmecocystus_s1	myre_Myrmecia_s1	0
lasi_Myrmecocystus_s1	myre_Myrmecia_s2	0
lasi_Myrmecocystus_s1	myre_Myrmecia_s3	0
lasi_Myrmecocystus_s1	myre_Myrmecia_s5	0
lasi_Myrmecocystus_s1	myre_Myrmecia_s6	0
lasi_Myrmecocystus_s1	myre_Myrmecia_s7	0
lasi_Myrmecocystus_s1	myrm_Myrmica_s1	0
lasi_Myrmecocystus_s1	myrm_Myrmica_s2	0
lasi_Myrmecocystus_s1	myrm_Pogonomyrmex_s1	0
lasi_Myrmecocystus_s1	myrm_Pogonomyrmex_s2	0
lasi_Myrmecocystus_s1	myrm_Monomorium_s0	0
lasi_Myrmecocystus_s1	myrm_Cyphomyrmex_s0	0
lasi_Myrmecocystus_s1	myrm_Basiceros_s0	0
lasi_Myrmecocystus_s1	myrm_Pheidole_s1	0
lasi_Myrmecocystus_s1	myrm_Ocymyrmex_s0	0
lasi_Myrmecocystus_s1	myrm_Nesomyrmex_s0	0
lasi_Myrmecocystus_s1	myrm_Cataulacus_s0	0
lasi_Myrmecocystus_s1	myrm_Carebara_s0	0
lasi_Myrmecocystus_s1	myrm_Cyphoidris_s0	0
lasi_Myrmecocystus_s1	myrm_Tetramorium_s0	0
lasi_Myrmecocystus_s1	myrm_Crematogaster_s1	0
lasi_Myrmecocystus_s1	myrm_Adlerzia_s0	0
lasi_Myrmecocystus_s1	myrm_Pristomyrmex_s0	0
lasi_Myrmecocystus_s1	myrm_Poecilomyrma_s0	0
lasi_Myrmecocystus_s1	myrm_Vombisidris_s0	0
lasi_Myrmecocystus_s1	myrm_Harpagoxenus_s0	0
lasi_Myrmecocystus_s1	ocym_Ocymyrmex_s1	0
lasi_Myrmecocystus_s1	pogo_Pogonomyrmex_s1	0
lasi_Myrmecocystus_s1	pogo_Pogonomyrmex_s2	0
lasi_Myrmecocystus_s1	pogo_Pogonomyrmex_s3	0
lasi_Myrmecocystus_s1	pogo_Pogonomyrmex_s4	0
lasi_Myrmecocystus_s1	pseu2_Pseudomyrmex_s1	0
lasi_Myrmecocystus_s1	seco_Dilobocondyla_s0	0
lasi_Myrmecocystus_s1	seri_Sericomyrmex_s1	0
lasi_Myrmecocystus_s1	sten_Novomessor_s0	0
lasi_Myrmecocystus_s1	tapi_Tapinoma_s0	0
lasi_Myrmecocystus_s1	temn_Temnothorax_s1	0
lasi_Myrmecocystus_s1	temn_Temnothorax_s3	0
lasi_Myrmecocystus_s1	temn_Temnothorax_s5	0
lasi_Myrmecocystus_s1	temn_Temnothorax_s7	0
lasi_Myrmecocystus_s1	temn_Temnothorax_s8	0
lasi_Myrmecocystus_s1	vero_Veromessor_s1	0
lasi_Myrmecocystus_s1	vero_Veromessor_s2	0
lasi_Paraparatrechina_s1	lasi_Nylanderia_s2	0
lasi_Paraparatrechina_s1	lasi_Nylanderia_s3	0
lasi_Paraparatrechina_s1	lasi2_Lasius_s0	0
lasi_Paraparatrechina_s1	lasi2_Nylanderia_s1	0
lasi_Paraparatrechina_s1	lasi2_Nylanderia_s5	0
lasi_Paraparatrechina_s1	lasi2_Nylanderia_s6	0
lasi_Paraparatrechina_s1	lasi2_Nylanderia_s7	0
lasi_Paraparatrechina_s1	lasi2_Nylanderia_s8	0
lasi_Paraparatrechina_s1	lasi2_Nylanderia_s9	0
lasi_Paraparatrechina_s1	melo_s0	0
lasi_Paraparatrechina_s1	mycr_Mycocepurus_s0	0
lasi_Paraparatrechina_s1	mycr_Myrmicocrypta_s1	0
lasi_Paraparatrechina_s1	mymi_Myrmica_s13	0
lasi_Paraparatrechina_s1	mymi_Myrmica_s14	0
lasi_Paraparatrechina_s1	mymi_Myrmica_s3	0
lasi_Paraparatrechina_s1	mymi_Myrmica_s7	0
lasi_Paraparatrechina_s1	mymi_Myrmica_s8	0
lasi_Paraparatrechina_s1	mymi_Myrmica_s9	0
lasi_Paraparatrechina_s1	mymi_Myrmica_s11	0
lasi_Paraparatrechina_s1	mymi_Myrmica_s12	0
lasi_Paraparatrechina_s1	myre_Myrmecia_s1	0
lasi_Paraparatrechina_s1	myre_Myrmecia_s2	0
lasi_Paraparatrechina_s1	myre_Myrmecia_s3	0
lasi_Paraparatrechina_s1	myre_Myrmecia_s5	0
lasi_Paraparatrechina_s1	myre_Myrmecia_s6	0
lasi_Paraparatrechina_s1	myre_Myrmecia_s7	0
lasi_Paraparatrechina_s1	myrm_Myrmica_s1	0
lasi_Paraparatrechina_s1	myrm_Myrmica_s2	0
lasi_Paraparatrechina_s1	myrm_Pogonomyrmex_s1	0
lasi_Paraparatrechina_s1	myrm_Pogonomyrmex_s2	0
lasi_Paraparatrechina_s1	myrm_Monomorium_s0	0
lasi_Paraparatrechina_s1	myrm_Cyphomyrmex_s0	0
lasi_Paraparatrechina_s1	myrm_Basiceros_s0	0
lasi_Paraparatrechina_s1	myrm_Pheidole_s1	0
lasi_Paraparatrechina_s1	myrm_Ocymyrmex_s0	0
lasi_Paraparatrechina_s1	myrm_Nesomyrmex_s0	0
lasi_Paraparatrechina_s1	myrm_Cataulacus_s0	0
lasi_Paraparatrechina_s1	myrm_Carebara_s0	0
lasi_Paraparatrechina_s1	myrm_Cyphoidris_s0	0
lasi_Paraparatrechina_s1	myrm_Tetramorium_s0	0
lasi_Paraparatrechina_s1	myrm_Crematogaster_s1	0
lasi_Paraparatrechina_s1	myrm_Adlerzia_s0	0
lasi_Paraparatrechina_s1	myrm_Pristomyrmex_s0	0
lasi_Paraparatrechina_s1	myrm_Poecilomyrma_s0	0
lasi_Paraparatrechina_s1	myrm_Vombisidris_s0	0
lasi_Paraparatrechina_s1	myrm_Harpagoxenus_s0	0
lasi_Paraparatrechina_s1	ocym_Ocymyrmex_s1	0
lasi_Paraparatrechina_s1	pogo_Pogonomyrmex_s1	0
lasi_Paraparatrechina_s1	pogo_Pogonomyrmex_s2	0
lasi_Paraparatrechina_s1	pogo_Pogonomyrmex_s3	0
lasi_Paraparatrechina_s1	pogo_Pogonomyrmex_s4	0
lasi_Paraparatrechina_s1	pseu2_Pseudomyrmex_s1	0
lasi_Paraparatrechina_s1	seco_Dilobocondyla_s0	0
lasi_Paraparatrechina_s1	seri_Sericomyrmex_s1	0
lasi_Paraparatrechina_s1	sten_Novomessor_s0	0
lasi_Paraparatrechina_s1	tapi_Tapinoma_s0	0
lasi_Paraparatrechina_s1	temn_Temnothorax_s1	0
lasi_Paraparatrechina_s1	temn_Temnothorax_s3	0
lasi_Paraparatrechina_s1	temn_Temnothorax_s5	0
lasi_Paraparatrechina_s1	temn_Temnothorax_s7	0
lasi_Paraparatrechina_s1	temn_Temnothorax_s8	0
lasi_Paraparatrechina_s1	vero_Veromessor_s1	0
lasi_Paraparatrechina_s1	vero_Veromessor_s2	0
lasi_Nylanderia_s2	lasi_Nylanderia_s3	1
lasi_Nylanderia_s2	lasi2_Lasius_s0	0
lasi_Nylanderia_s2	lasi2_Nylanderia_s1	0
lasi_Nylanderia_s2	lasi2_Nylanderia_s5	1
lasi_Nylanderia_s2	lasi2_Nylanderia_s6	1
lasi_Nylanderia_s2	lasi2_Nylanderia_s7	0
lasi_Nylanderia_s2	lasi2_Nylanderia_s8	0
lasi_Nylanderia_s2	lasi2_Nylanderia_s9	0
lasi_Nylanderia_s2	melo_s0	0
lasi_Nylanderia_s2	mycr_Mycocepurus_s0	0
lasi_Nylanderia_s2	mycr_Myrmicocrypta_s1	0
lasi_Nylanderia_s2	mymi_Myrmica_s13	0
lasi_Nylanderia_s2	mymi_Myrmica_s14	0
lasi_Nylanderia_s2	mymi_Myrmica_s3	0
lasi_Nylanderia_s2	mymi_Myrmica_s7	0
lasi_Nylanderia_s2	mymi_Myrmica_s8	0
lasi_Nylanderia_s2	mymi_Myrmica_s9	0
lasi_Nylanderia_s2	mymi_Myrmica_s11	0
lasi_Nylanderia_s2	mymi_Myrmica_s12	0
lasi_Nylanderia_s2	myre_Myrmecia_s1	0
lasi_Nylanderia_s2	myre_Myrmecia_s2	0
lasi_Nylanderia_s2	myre_Myrmecia_s3	0
lasi_Nylanderia_s2	myre_Myrmecia_s5	0
lasi_Nylanderia_s2	myre_Myrmecia_s6	0
lasi_Nylanderia_s2	myre_Myrmecia_s7	0
lasi_Nylanderia_s2	myrm_Myrmica_s1	0
lasi_Nylanderia_s2	myrm_Myrmica_s2	0
lasi_Nylanderia_s2	myrm_Pogonomyrmex_s1	0
lasi_Nylanderia_s2	myrm_Pogonomyrmex_s2	0
lasi_Nylanderia_s2	myrm_Monomorium_s0	0
lasi_Nylanderia_s2	myrm_Cyphomyrmex_s0	0
lasi_Nylanderia_s2	myrm_Basiceros_s0	0
lasi_Nylanderia_s2	myrm_Pheidole_s1	0
lasi_Nylanderia_s2	myrm_Ocymyrmex_s0	0
lasi_Nylanderia_s2	myrm_Nesomyrmex_s0	0
lasi_Nylanderia_s2	myrm_Cataulacus_s0	0
lasi_Nylanderia_s2	myrm_Carebara_s0	0
lasi_Nylanderia_s2	myrm_Cyphoidris_s0	0
lasi_Nylanderia_s2	myrm_Tetramorium_s0	0
lasi_Nylanderia_s2	myrm_Crematogaster_s1	0
lasi_Nylanderia_s2	myrm_Adlerzia_s0	0
lasi_Nylanderia_s2	myrm_Pristomyrmex_s0	0
lasi_Nylanderia_s2	myrm_Poecilomyrma_s0	0
lasi_Nylanderia_s2	myrm_Vombisidris_s0	0
lasi_Nylanderia_s2	myrm_Harpagoxenus_s0	0
lasi_Nylanderia_s2	ocym_Ocymyrmex_s1	0
lasi_Nylanderia_s2	pogo_Pogonomyrmex_s1	0
lasi_Nylanderia_s2	pogo_Pogonomyrmex_s2	0
lasi_Nylanderia_s2	pogo_Pogonomyrmex_s3	0
lasi_Nylanderia_s2	pogo_Pogonomyrmex_s4	0
lasi_Nylanderia_s2	pseu2_Pseudomyrmex_s1	0
lasi_Nylanderia_s2	seco_Dilobocondyla_s0	0
lasi_Nylanderia_s2	seri_Sericomyrmex_s1	0
lasi_Nylanderia_s2	sten_Novomessor_s0	0
lasi_Nylanderia_s2	tapi_Tapinoma_s0	0
lasi_Nylanderia_s2	temn_Temnothorax_s1	0
lasi_Nylanderia_s2	temn_Temnothorax_s3	0
lasi_Nylanderia_s2	temn_Temnothorax_s5	0
lasi_Nylanderia_s2	temn_Temnothorax_s7	0
lasi_Nylanderia_s2	temn_Temnothorax_s8	0
lasi_Nylanderia_s2	vero_Veromessor_s1	0
lasi_Nylanderia_s2	vero_Veromessor_s2	0
lasi_Nylanderia_s3	lasi2_Lasius_s0	0
lasi_Nylanderia_s3	lasi2_Nylanderia_s1	0
lasi_Nylanderia_s3	lasi2_Nylanderia_s5	0
lasi_Nylanderia_s3	lasi2_Nylanderia_s6	0
lasi_Nylanderia_s3	lasi2_Nylanderia_s7	1
lasi_Nylanderia_s3	lasi2_Nylanderia_s8	1
lasi_Nylanderia_s3	lasi2_Nylanderia_s9	0
lasi_Nylanderia_s3	melo_s0	0
lasi_Nylanderia_s3	mycr_Mycocepurus_s0	0
lasi_Nylanderia_s3	mycr_Myrmicocrypta_s1	0
lasi_Nylanderia_s3	mymi_Myrmica_s13	0
lasi_Nylanderia_s3	mymi_Myrmica_s14	0
lasi_Nylanderia_s3	mymi_Myrmica_s3	0
lasi_Nylanderia_s3	mymi_Myrmica_s7	0
lasi_Nylanderia_s3	mymi_Myrmica_s8	0
lasi_Nylanderia_s3	mymi_Myrmica_s9	0
lasi_Nylanderia_s3	mymi_Myrmica_s11	0
lasi_Nylanderia_s3	mymi_Myrmica_s12	0
lasi_Nylanderia_s3	myre_Myrmecia_s1	0
lasi_Nylanderia_s3	myre_Myrmecia_s2	0
lasi_Nylanderia_s3	myre_Myrmecia_s3	0
lasi_Nylanderia_s3	myre_Myrmecia_s5	0
lasi_Nylanderia_s3	myre_Myrmecia_s6	0
lasi_Nylanderia_s3	myre_Myrmecia_s7	0
lasi_Nylanderia_s3	myrm_Myrmica_s1	0
lasi_Nylanderia_s3	myrm_Myrmica_s2	0
lasi_Nylanderia_s3	myrm_Pogonomyrmex_s1	0
lasi_Nylanderia_s3	myrm_Pogonomyrmex_s2	0
lasi_Nylanderia_s3	myrm_Monomorium_s0	0
lasi_Nylanderia_s3	myrm_Cyphomyrmex_s0	0
lasi_Nylanderia_s3	myrm_Basiceros_s0	0
lasi_Nylanderia_s3	myrm_Pheidole_s1	0
lasi_Nylanderia_s3	myrm_Ocymyrmex_s0	0
lasi_Nylanderia_s3	myrm_Nesomyrmex_s0	0
lasi_Nylanderia_s3	myrm_Cataulacus_s0	0
lasi_Nylanderia_s3	myrm_Carebara_s0	0
lasi_Nylanderia_s3	myrm_Cyphoidris_s0	0
lasi_Nylanderia_s3	myrm_Tetramorium_s0	0
lasi_Nylanderia_s3	myrm_Crematogaster_s1	0
lasi_Nylanderia_s3	myrm_Adlerzia_s0	0
lasi_Nylanderia_s3	myrm_Pristomyrmex_s0	0
lasi_Nylanderia_s3	myrm_Poecilomyrma_s0	0
lasi_Nylanderia_s3	myrm_Vombisidris_s0	0
lasi_Nylanderia_s3	myrm_Harpagoxenus_s0	0
lasi_Nylanderia_s3	ocym_Ocymyrmex_s1	0
lasi_Nylanderia_s3	pogo_Pogonomyrmex_s1	0
lasi_Nylanderia_s3	pogo_Pogonomyrmex_s2	0
lasi_Nylanderia_s3	pogo_Pogonomyrmex_s3	0
lasi_Nylanderia_s3	pogo_Pogonomyrmex_s4	0
lasi_Nylanderia_s3	pseu2_Pseudomyrmex_s1	0
lasi_Nylanderia_s3	seco_Dilobocondyla_s0	0
lasi_Nylanderia_s3	seri_Sericomyrmex_s1	0
lasi_Nylanderia_s3	sten_Novomessor_s0	0
lasi_Nylanderia_s3	tapi_Tapinoma_s0	0
lasi_Nylanderia_s3	temn_Temnothorax_s1	0
lasi_Nylanderia_s3	temn_Temnothorax_s3	0
lasi_Nylanderia_s3	temn_Temnothorax_s5	0
lasi_Nylanderia_s3	temn_Temnothorax_s7	0
lasi_Nylanderia_s3	temn_Temnothorax_s8	0
lasi_Nylanderia_s3	vero_Veromessor_s1	0
lasi_Nylanderia_s3	vero_Veromessor_s2	0
lasi2_Lasius_s0	lasi2_Nylanderia_s1	0
lasi2_Lasius_s0	lasi2_Nylanderia_s5	0
lasi2_Lasius_s0	lasi2_Nylanderia_s6	0
lasi2_Lasius_s0	lasi2_Nylanderia_s7	0
lasi2_Lasius_s0	lasi2_Nylanderia_s8	0
lasi2_Lasius_s0	lasi2_Nylanderia_s9	0
lasi2_Lasius_s0	melo_s0	0
lasi2_Lasius_s0	mycr_Mycocepurus_s0	0
lasi2_Lasius_s0	mycr_Myrmicocrypta_s1	0
lasi2_Lasius_s0	mymi_Myrmica_s13	0
lasi2_Lasius_s0	mymi_Myrmica_s14	0
lasi2_Lasius_s0	mymi_Myrmica_s3	0
lasi2_Lasius_s0	mymi_Myrmica_s7	0
lasi2_Lasius_s0	mymi_Myrmica_s8	0
lasi2_Lasius_s0	mymi_Myrmica_s9	0
lasi2_Lasius_s0	mymi_Myrmica_s11	0
lasi2_Lasius_s0	mymi_Myrmica_s12	0
lasi2_Lasius_s0	myre_Myrmecia_s1	0
lasi2_Lasius_s0	myre_Myrmecia_s2	0
lasi2_Lasius_s0	myre_Myrmecia_s3	0
lasi2_Lasius_s0	myre_Myrmecia_s5	0
lasi2_Lasius_s0	myre_Myrmecia_s6	0
lasi2_Lasius_s0	myre_Myrmecia_s7	0
lasi2_Lasius_s0	myrm_Myrmica_s1	0
lasi2_Lasius_s0	myrm_Myrmica_s2	0
lasi2_Lasius_s0	myrm_Pogonomyrmex_s1	0
lasi2_Lasius_s0	myrm_Pogonomyrmex_s2	0
lasi2_Lasius_s0	myrm_Monomorium_s0	0
lasi2_Lasius_s0	myrm_Cyphomyrmex_s0	0
lasi2_Lasius_s0	myrm_Basiceros_s0	0
lasi2_Lasius_s0	myrm_Pheidole_s1	0
lasi2_Lasius_s0	myrm_Ocymyrmex_s0	0
lasi2_Lasius_s0	myrm_Nesomyrmex_s0	0
lasi2_Lasius_s0	myrm_Cataulacus_s0	0
lasi2_Lasius_s0	myrm_Carebara_s0	0
lasi2_Lasius_s0	myrm_Cyphoidris_s0	0
lasi2_Lasius_s0	myrm_Tetramorium_s0	0
lasi2_Lasius_s0	myrm_Crematogaster_s1	0
lasi2_Lasius_s0	myrm_Adlerzia_s0	0
lasi2_Lasius_s0	myrm_Pristomyrmex_s0	0
lasi2_Lasius_s0	myrm_Poecilomyrma_s0	0
lasi2_Lasius_s0	myrm_Vombisidris_s0	0
lasi2_Lasius_s0	myrm_Harpagoxenus_s0	0
lasi2_Lasius_s0	ocym_Ocymyrmex_s1	0
lasi2_Lasius_s0	pogo_Pogonomyrmex_s1	0
lasi2_Lasius_s0	pogo_Pogonomyrmex_s2	0
lasi2_Lasius_s0	pogo_Pogonomyrmex_s3	0
lasi2_Lasius_s0	pogo_Pogonomyrmex_s4	0
lasi2_Lasius_s0	pseu2_Pseudomyrmex_s1	0
lasi2_Lasius_s0	seco_Dilobocondyla_s0	0
lasi2_Lasius_s0	seri_Sericomyrmex_s1	0
lasi2_Lasius_s0	sten_Novomessor_s0	0
lasi2_Lasius_s0	tapi_Tapinoma_s0	0
lasi2_Lasius_s0	temn_Temnothorax_s1	0
lasi2_Lasius_s0	temn_Temnothorax_s3	0
lasi2_Lasius_s0	temn_Temnothorax_s5	0
lasi2_Lasius_s0	temn_Temnothorax_s7	0
lasi2_Lasius_s0	temn_Temnothorax_s8	0
lasi2_Lasius_s0	vero_Veromessor_s1	0
lasi2_Lasius_s0	vero_Veromessor_s2	0
lasi2_Nylanderia_s1	lasi2_Nylanderia_s5	1
lasi2_Nylanderia_s1	lasi2_Nylanderia_s6	0
lasi2_Nylanderia_s1	lasi2_Nylanderia_s7	0
lasi2_Nylanderia_s1	lasi2_Nylanderia_s8	0
lasi2_Nylanderia_s1	lasi2_Nylanderia_s9	0
lasi2_Nylanderia_s1	melo_s0	0
lasi2_Nylanderia_s1	mycr_Mycocepurus_s0	0
lasi2_Nylanderia_s1	mycr_Myrmicocrypta_s1	0
lasi2_Nylanderia_s1	mymi_Myrmica_s13	0
lasi2_Nylanderia_s1	mymi_Myrmica_s14	0
lasi2_Nylanderia_s1	mymi_Myrmica_s3	0
lasi2_Nylanderia_s1	mymi_Myrmica_s7	0
lasi2_Nylanderia_s1	mymi_Myrmica_s8	0
lasi2_Nylanderia_s1	mymi_Myrmica_s9	0
lasi2_Nylanderia_s1	mymi_Myrmica_s11	0
lasi2_Nylanderia_s1	mymi_Myrmica_s12	0
lasi2_Nylanderia_s1	myre_Myrmecia_s1	0
lasi2_Nylanderia_s1	myre_Myrmecia_s2	0
lasi2_Nylanderia_s1	myre_Myrmecia_s3	0
lasi2_Nylanderia_s1	myre_Myrmecia_s5	0
lasi2_Nylanderia_s1	myre_Myrmecia_s6	0
lasi2_Nylanderia_s1	myre_Myrmecia_s7	0
lasi2_Nylanderia_s1	myrm_Myrmica_s1	0
lasi2_Nylanderia_s1	myrm_Myrmica_s2	0
lasi2_Nylanderia_s1	myrm_Pogonomyrmex_s1	0
lasi2_Nylanderia_s1	myrm_Pogonomyrmex_s2	0
lasi2_Nylanderia_s1	myrm_Monomorium_s0	0
lasi2_Nylanderia_s1	myrm_Cyphomyrmex_s0	0
lasi2_Nylanderia_s1	myrm_Basiceros_s0	0
lasi2_Nylanderia_s1	myrm_Pheidole_s1	0
lasi2_Nylanderia_s1	myrm_Ocymyrmex_s0	0
lasi2_Nylanderia_s1	myrm_Nesomyrmex_s0	0
lasi2_Nylanderia_s1	myrm_Cataulacus_s0	0
lasi2_Nylanderia_s1	myrm_Carebara_s0	0
lasi2_Nylanderia_s1	myrm_Cyphoidris_s0	0
lasi2_Nylanderia_s1	myrm_Tetramorium_s0	0
lasi2_Nylanderia_s1	myrm_Crematogaster_s1	0
lasi2_Nylanderia_s1	myrm_Adlerzia_s0	0
lasi2_Nylanderia_s1	myrm_Pristomyrmex_s0	0
lasi2_Nylanderia_s1	myrm_Poecilomyrma_s0	0
lasi2_Nylanderia_s1	myrm_Vombisidris_s0	0
lasi2_Nylanderia_s1	myrm_Harpagoxenus_s0	0
lasi2_Nylanderia_s1	ocym_Ocymyrmex_s1	0
lasi2_Nylanderia_s1	pogo_Pogonomyrmex_s1	0
lasi2_Nylanderia_s1	pogo_Pogonomyrmex_s2	0
lasi2_Nylanderia_s1	pogo_Pogonomyrmex_s3	0
lasi2_Nylanderia_s1	pogo_Pogonomyrmex_s4	0
lasi2_Nylanderia_s1	pseu2_Pseudomyrmex_s1	0
lasi2_Nylanderia_s1	seco_Dilobocondyla_s0	0
lasi2_Nylanderia_s1	seri_Sericomyrmex_s1	0
lasi2_Nylanderia_s1	sten_Novomessor_s0	0
lasi2_Nylanderia_s1	tapi_Tapinoma_s0	0
lasi2_Nylanderia_s1	temn_Temnothorax_s1	0
lasi2_Nylanderia_s1	temn_Temnothorax_s3	0
lasi2_Nylanderia_s1	temn_Temnothorax_s5	0
lasi2_Nylanderia_s1	temn_Temnothorax_s7	0
lasi2_Nylanderia_s1	temn_Temnothorax_s8	0
lasi2_Nylanderia_s1	vero_Veromessor_s1	0
lasi2_Nylanderia_s1	vero_Veromessor_s2	0
lasi2_Nylanderia_s5	lasi2_Nylanderia_s6	1
lasi2_Nylanderia_s5	lasi2_Nylanderia_s7	0
lasi2_Nylanderia_s5	lasi2_Nylanderia_s8	0
lasi2_Nylanderia_s5	lasi2_Nylanderia_s9	0
lasi2_Nylanderia_s5	melo_s0	0
lasi2_Nylanderia_s5	mycr_Mycocepurus_s0	0
lasi2_Nylanderia_s5	mycr_Myrmicocrypta_s1	0
lasi2_Nylanderia_s5	mymi_Myrmica_s13	0
lasi2_Nylanderia_s5	mymi_Myrmica_s14	0
lasi2_Nylanderia_s5	mymi_Myrmica_s3	0
lasi2_Nylanderia_s5	mymi_Myrmica_s7	0
lasi2_Nylanderia_s5	mymi_Myrmica_s8	0
lasi2_Nylanderia_s5	mymi_Myrmica_s9	0
lasi2_Nylanderia_s5	mymi_Myrmica_s11	0
lasi2_Nylanderia_s5	mymi_Myrmica_s12	0
lasi2_Nylanderia_s5	myre_Myrmecia_s1	0
lasi2_Nylanderia_s5	myre_Myrmecia_s2	0
lasi2_Nylanderia_s5	myre_Myrmecia_s3	0
lasi2_Nylanderia_s5	myre_Myrmecia_s5	0
lasi2_Nylanderia_s5	myre_Myrmecia_s6	0
lasi2_Nylanderia_s5	myre_Myrmecia_s7	0
lasi2_Nylanderia_s5	myrm_Myrmica_s1	0
lasi2_Nylanderia_s5	myrm_Myrmica_s2	0
lasi2_Nylanderia_s5	myrm_Pogonomyrmex_s1	0
lasi2_Nylanderia_s5	myrm_Pogonomyrmex_s2	0
lasi2_Nylanderia_s5	myrm_Monomorium_s0	0
lasi2_Nylanderia_s5	myrm_Cyphomyrmex_s0	0
lasi2_Nylanderia_s5	myrm_Basiceros_s0	0
lasi2_Nylanderia_s5	myrm_Pheidole_s1	0
lasi2_Nylanderia_s5	myrm_Ocymyrmex_s0	0
lasi2_Nylanderia_s5	myrm_Nesomyrmex_s0	0
lasi2_Nylanderia_s5	myrm_Cataulacus_s0	0
lasi2_Nylanderia_s5	myrm_Carebara_s0	0
lasi2_Nylanderia_s5	myrm_Cyphoidris_s0	0
lasi2_Nylanderia_s5	myrm_Tetramorium_s0	0
lasi2_Nylanderia_s5	myrm_Crematogaster_s1	0
lasi2_Nylanderia_s5	myrm_Adlerzia_s0	0
lasi2_Nylanderia_s5	myrm_Pristomyrmex_s0	0
lasi2_Nylanderia_s5	myrm_Poecilomyrma_s0	0
lasi2_Nylanderia_s5	myrm_Vombisidris_s0	0
lasi2_Nylanderia_s5	myrm_Harpagoxenus_s0	0
lasi2_Nylanderia_s5	ocym_Ocymyrmex_s1	0
lasi2_Nylanderia_s5	pogo_Pogonomyrmex_s1	0
lasi2_Nylanderia_s5	pogo_Pogonomyrmex_s2	0
lasi2_Nylanderia_s5	pogo_Pogonomyrmex_s3	0
lasi2_Nylanderia_s5	pogo_Pogonomyrmex_s4	0
lasi2_Nylanderia_s5	pseu2_Pseudomyrmex_s1	0
lasi2_Nylanderia_s5	seco_Dilobocondyla_s0	0
lasi2_Nylanderia_s5	seri_Sericomyrmex_s1	0
lasi2_Nylanderia_s5	sten_Novomessor_s0	0
lasi2_Nylanderia_s5	tapi_Tapinoma_s0	0
lasi2_Nylanderia_s5	temn_Temnothorax_s1	0
lasi2_Nylanderia_s5	temn_Temnothorax_s3	0
lasi2_Nylanderia_s5	temn_Temnothorax_s5	0
lasi2_Nylanderia_s5	temn_Temnothorax_s7	0
lasi2_Nylanderia_s5	temn_Temnothorax_s8	0
lasi2_Nylanderia_s5	vero_Veromessor_s1	0
lasi2_Nylanderia_s5	vero_Veromessor_s2	0
lasi2_Nylanderia_s6	lasi2_Nylanderia_s7	0
lasi2_Nylanderia_s6	lasi2_Nylanderia_s8	0
lasi2_Nylanderia_s6	lasi2_Nylanderia_s9	0
lasi2_Nylanderia_s6	melo_s0	0
lasi2_Nylanderia_s6	mycr_Mycocepurus_s0	0
lasi2_Nylanderia_s6	mycr_Myrmicocrypta_s1	0
lasi2_Nylanderia_s6	mymi_Myrmica_s13	0
lasi2_Nylanderia_s6	mymi_Myrmica_s14	0
lasi2_Nylanderia_s6	mymi_Myrmica_s3	0
lasi2_Nylanderia_s6	mymi_Myrmica_s7	0
lasi2_Nylanderia_s6	mymi_Myrmica_s8	0
lasi2_Nylanderia_s6	mymi_Myrmica_s9	0
lasi2_Nylanderia_s6	mymi_Myrmica_s11	0
lasi2_Nylanderia_s6	mymi_Myrmica_s12	0
lasi2_Nylanderia_s6	myre_Myrmecia_s1	0
lasi2_Nylanderia_s6	myre_Myrmecia_s2	0
lasi2_Nylanderia_s6	myre_Myrmecia_s3	0
lasi2_Nylanderia_s6	myre_Myrmecia_s5	0
lasi2_Nylanderia_s6	myre_Myrmecia_s6	0
lasi2_Nylanderia_s6	myre_Myrmecia_s7	0
lasi2_Nylanderia_s6	myrm_Myrmica_s1	0
lasi2_Nylanderia_s6	myrm_Myrmica_s2	0
lasi2_Nylanderia_s6	myrm_Pogonomyrmex_s1	0
lasi2_Nylanderia_s6	myrm_Pogonomyrmex_s2	0
lasi2_Nylanderia_s6	myrm_Monomorium_s0	0
lasi2_Nylanderia_s6	myrm_Cyphomyrmex_s0	0
lasi2_Nylanderia_s6	myrm_Basiceros_s0	0
lasi2_Nylanderia_s6	myrm_Pheidole_s1	0
lasi2_Nylanderia_s6	myrm_Ocymyrmex_s0	0
lasi2_Nylanderia_s6	myrm_Nesomyrmex_s0	0
lasi2_Nylanderia_s6	myrm_Cataulacus_s0	0
lasi2_Nylanderia_s6	myrm_Carebara_s0	0
lasi2_Nylanderia_s6	myrm_Cyphoidris_s0	0
lasi2_Nylanderia_s6	myrm_Tetramorium_s0	0
lasi2_Nylanderia_s6	myrm_Crematogaster_s1	0
lasi2_Nylanderia_s6	myrm_Adlerzia_s0	0
lasi2_Nylanderia_s6	myrm_Pristomyrmex_s0	0
lasi2_Nylanderia_s6	myrm_Poecilomyrma_s0	0
lasi2_Nylanderia_s6	myrm_Vombisidris_s0	0
lasi2_Nylanderia_s6	myrm_Harpagoxenus_s0	0
lasi2_Nylanderia_s6	ocym_Ocymyrmex_s1	0
lasi2_Nylanderia_s6	pogo_Pogonomyrmex_s1	0
lasi2_Nylanderia_s6	pogo_Pogonomyrmex_s2	0
lasi2_Nylanderia_s6	pogo_Pogonomyrmex_s3	0
lasi2_Nylanderia_s6	pogo_Pogonomyrmex_s4	0
lasi2_Nylanderia_s6	pseu2_Pseudomyrmex_s1	0
lasi2_Nylanderia_s6	seco_Dilobocondyla_s0	0
lasi2_Nylanderia_s6	seri_Sericomyrmex_s1	0
lasi2_Nylanderia_s6	sten_Novomessor_s0	0
lasi2_Nylanderia_s6	tapi_Tapinoma_s0	0
lasi2_Nylanderia_s6	temn_Temnothorax_s1	0
lasi2_Nylanderia_s6	temn_Temnothorax_s3	0
lasi2_Nylanderia_s6	temn_Temnothorax_s5	0
lasi2_Nylanderia_s6	temn_Temnothorax_s7	0
lasi2_Nylanderia_s6	temn_Temnothorax_s8	0
lasi2_Nylanderia_s6	vero_Veromessor_s1	0
lasi2_Nylanderia_s6	vero_Veromessor_s2	0
lasi2_Nylanderia_s7	lasi2_Nylanderia_s8	1
lasi2_Nylanderia_s7	lasi2_Nylanderia_s9	1
lasi2_Nylanderia_s7	melo_s0	0
lasi2_Nylanderia_s7	mycr_Mycocepurus_s0	0
lasi2_Nylanderia_s7	mycr_Myrmicocrypta_s1	0
lasi2_Nylanderia_s7	mymi_Myrmica_s13	0
lasi2_Nylanderia_s7	mymi_Myrmica_s14	0
lasi2_Nylanderia_s7	mymi_Myrmica_s3	0
lasi2_Nylanderia_s7	mymi_Myrmica_s7	0
lasi2_Nylanderia_s7	mymi_Myrmica_s8	0
lasi2_Nylanderia_s7	mymi_Myrmica_s9	0
lasi2_Nylanderia_s7	mymi_Myrmica_s11	0
lasi2_Nylanderia_s7	mymi_Myrmica_s12	0
lasi2_Nylanderia_s7	myre_Myrmecia_s1	0
lasi2_Nylanderia_s7	myre_Myrmecia_s2	0
lasi2_Nylanderia_s7	myre_Myrmecia_s3	0
lasi2_Nylanderia_s7	myre_Myrmecia_s5	0
lasi2_Nylanderia_s7	myre_Myrmecia_s6	0
lasi2_Nylanderia_s7	myre_Myrmecia_s7	0
lasi2_Nylanderia_s7	myrm_Myrmica_s1	0
lasi2_Nylanderia_s7	myrm_Myrmica_s2	0
lasi2_Nylanderia_s7	myrm_Pogonomyrmex_s1	0
lasi2_Nylanderia_s7	myrm_Pogonomyrmex_s2	0
lasi2_Nylanderia_s7	myrm_Monomorium_s0	0
lasi2_Nylanderia_s7	myrm_Cyphomyrmex_s0	0
lasi2_Nylanderia_s7	myrm_Basiceros_s0	0
lasi2_Nylanderia_s7	myrm_Pheidole_s1	0
lasi2_Nylanderia_s7	myrm_Ocymyrmex_s0	0
lasi2_Nylanderia_s7	myrm_Nesomyrmex_s0	0
lasi2_Nylanderia_s7	myrm_Cataulacus_s0	0
lasi2_Nylanderia_s7	myrm_Carebara_s0	0
lasi2_Nylanderia_s7	myrm_Cyphoidris_s0	0
lasi2_Nylanderia_s7	myrm_Tetramorium_s0	0
lasi2_Nylanderia_s7	myrm_Crematogaster_s1	0
lasi2_Nylanderia_s7	myrm_Adlerzia_s0	0
lasi2_Nylanderia_s7	myrm_Pristomyrmex_s0	0
lasi2_Nylanderia_s7	myrm_Poecilomyrma_s0	0
lasi2_Nylanderia_s7	myrm_Vombisidris_s0	0
lasi2_Nylanderia_s7	myrm_Harpagoxenus_s0	0
lasi2_Nylanderia_s7	ocym_Ocymyrmex_s1	0
lasi2_Nylanderia_s7	pogo_Pogonomyrmex_s1	0
lasi2_Nylanderia_s7	pogo_Pogonomyrmex_s2	0
lasi2_Nylanderia_s7	pogo_Pogonomyrmex_s3	0
lasi2_Nylanderia_s7	pogo_Pogonomyrmex_s4	0
lasi2_Nylanderia_s7	pseu2_Pseudomyrmex_s1	0
lasi2_Nylanderia_s7	seco_Dilobocondyla_s0	0
lasi2_Nylanderia_s7	seri_Sericomyrmex_s1	0
lasi2_Nylanderia_s7	sten_Novomessor_s0	0
lasi2_Nylanderia_s7	tapi_Tapinoma_s0	0
lasi2_Nylanderia_s7	temn_Temnothorax_s1	0
lasi2_Nylanderia_s7	temn_Temnothorax_s3	0
lasi2_Nylanderia_s7	temn_Temnothorax_s5	0
lasi2_Nylanderia_s7	temn_Temnothorax_s7	0
lasi2_Nylanderia_s7	temn_Temnothorax_s8	0
lasi2_Nylanderia_s7	vero_Veromessor_s1	0
lasi2_Nylanderia_s7	vero_Veromessor_s2	0
lasi2_Nylanderia_s8	lasi2_Nylanderia_s9	1
lasi2_Nylanderia_s8	melo_s0	0
lasi2_Nylanderia_s8	mycr_Mycocepurus_s0	0
lasi2_Nylanderia_s8	mycr_Myrmicocrypta_s1	0
lasi2_Nylanderia_s8	mymi_Myrmica_s13	0
lasi2_Nylanderia_s8	mymi_Myrmica_s14	0
lasi2_Nylanderia_s8	mymi_Myrmica_s3	0
lasi2_Nylanderia_s8	mymi_Myrmica_s7	0
lasi2_Nylanderia_s8	mymi_Myrmica_s8	0
lasi2_Nylanderia_s8	mymi_Myrmica_s9	0
lasi2_Nylanderia_s8	mymi_Myrmica_s11	0
lasi2_Nylanderia_s8	mymi_Myrmica_s12	0
lasi2_Nylanderia_s8	myre_Myrmecia_s1	0
lasi2_Nylanderia_s8	myre_Myrmecia_s2	0
lasi2_Nylanderia_s8	myre_Myrmecia_s3	0
lasi2_Nylanderia_s8	myre_Myrmecia_s5	0
lasi2_Nylanderia_s8	myre_Myrmecia_s6	0
lasi2_Nylanderia_s8	myre_Myrmecia_s7	0
lasi2_Nylanderia_s8	myrm_Myrmica_s1	0
lasi2_Nylanderia_s8	myrm_Myrmica_s2	0
lasi2_Nylanderia_s8	myrm_Pogonomyrmex_s1	0
lasi2_Nylanderia_s8	myrm_Pogonomyrmex_s2	0
lasi2_Nylanderia_s8	myrm_Monomorium_s0	0
lasi2_Nylanderia_s8	myrm_Cyphomyrmex_s0	0
lasi2_Nylanderia_s8	myrm_Basiceros_s0	0
lasi2_Nylanderia_s8	myrm_Pheidole_s1	0
lasi2_Nylanderia_s8	myrm_Ocymyrmex_s0	0
lasi2_Nylanderia_s8	myrm_Nesomyrmex_s0	0
lasi2_Nylanderia_s8	myrm_Cataulacus_s0	0
lasi2_Nylanderia_s8	myrm_Carebara_s0	0
lasi2_Nylanderia_s8	myrm_Cyphoidris_s0	0
lasi2_Nylanderia_s8	myrm_Tetramorium_s0	0
lasi2_Nylanderia_s8	myrm_Crematogaster_s1	0
lasi2_Nylanderia_s8	myrm_Adlerzia_s0	0
lasi2_Nylanderia_s8	myrm_Pristomyrmex_s0	0
lasi2_Nylanderia_s8	myrm_Poecilomyrma_s0	0
lasi2_Nylanderia_s8	myrm_Vombisidris_s0	0
lasi2_Nylanderia_s8	myrm_Harpagoxenus_s0	0
lasi2_Nylanderia_s8	ocym_Ocymyrmex_s1	0
lasi2_Nylanderia_s8	pogo_Pogonomyrmex_s1	0
lasi2_Nylanderia_s8	pogo_Pogonomyrmex_s2	0
lasi2_Nylanderia_s8	pogo_Pogonomyrmex_s3	0
lasi2_Nylanderia_s8	pogo_Pogonomyrmex_s4	0
lasi2_Nylanderia_s8	pseu2_Pseudomyrmex_s1	0
lasi2_Nylanderia_s8	seco_Dilobocondyla_s0	0
lasi2_Nylanderia_s8	seri_Sericomyrmex_s1	0
lasi2_Nylanderia_s8	sten_Novomessor_s0	0
lasi2_Nylanderia_s8	tapi_Tapinoma_s0	0
lasi2_Nylanderia_s8	temn_Temnothorax_s1	0
lasi2_Nylanderia_s8	temn_Temnothorax_s3	0
lasi2_Nylanderia_s8	temn_Temnothorax_s5	0
lasi2_Nylanderia_s8	temn_Temnothorax_s7	0
lasi2_Nylanderia_s8	temn_Temnothorax_s8	0
lasi2_Nylanderia_s8	vero_Veromessor_s1	0
lasi2_Nylanderia_s8	vero_Veromessor_s2	0
lasi2_Nylanderia_s9	melo_s0	0
lasi2_Nylanderia_s9	mycr_Mycocepurus_s0	0
lasi2_Nylanderia_s9	mycr_Myrmicocrypta_s1	0
lasi2_Nylanderia_s9	mymi_Myrmica_s13	0
lasi2_Nylanderia_s9	mymi_Myrmica_s14	0
lasi2_Nylanderia_s9	mymi_Myrmica_s3	0
lasi2_Nylanderia_s9	mymi_Myrmica_s7	0
lasi2_Nylanderia_s9	mymi_Myrmica_s8	0
lasi2_Nylanderia_s9	mymi_Myrmica_s9	0
lasi2_Nylanderia_s9	mymi_Myrmica_s11	0
lasi2_Nylanderia_s9	mymi_Myrmica_s12	0
lasi2_Nylanderia_s9	myre_Myrmecia_s1	0
lasi2_Nylanderia_s9	myre_Myrmecia_s2	0
lasi2_Nylanderia_s9	myre_Myrmecia_s3	0
lasi2_Nylanderia_s9	myre_Myrmecia_s5	0
lasi2_Nylanderia_s9	myre_Myrmecia_s6	0
lasi2_Nylanderia_s9	myre_Myrmecia_s7	0
lasi2_Nylanderia_s9	myrm_Myrmica_s1	0
lasi2_Nylanderia_s9	myrm_Myrmica_s2	0
lasi2_Nylanderia_s9	myrm_Pogonomyrmex_s1	0
lasi2_Nylanderia_s9	myrm_Pogonomyrmex_s2	0
lasi2_Nylanderia_s9	myrm_Monomorium_s0	0
lasi2_Nylanderia_s9	myrm_Cyphomyrmex_s0	0
lasi2_Nylanderia_s9	myrm_Basiceros_s0	0
lasi2_Nylanderia_s9	myrm_Pheidole_s1	0
lasi2_Nylanderia_s9	myrm_Ocymyrmex_s0	0
lasi2_Nylanderia_s9	myrm_Nesomyrmex_s0	0
lasi2_Nylanderia_s9	myrm_Cataulacus_s0	0
lasi2_Nylanderia_s9	myrm_Carebara_s0	0
lasi2_Nylanderia_s9	myrm_Cyphoidris_s0	0
lasi2_Nylanderia_s9	myrm_Tetramorium_s0	0
lasi2_Nylanderia_s9	myrm_Crematogaster_s1	0
lasi2_Nylanderia_s9	myrm_Adlerzia_s0	0
lasi2_Nylanderia_s9	myrm_Pristomyrmex_s0	0
lasi2_Nylanderia_s9	myrm_Poecilomyrma_s0	0
lasi2_Nylanderia_s9	myrm_Vombisidris_s0	0
lasi2_Nylanderia_s9	myrm_Harpagoxenus_s0	0
lasi2_Nylanderia_s9	ocym_Ocymyrmex_s1	0
lasi2_Nylanderia_s9	pogo_Pogonomyrmex_s1	0
lasi2_Nylanderia_s9	pogo_Pogonomyrmex_s2	0
lasi2_Nylanderia_s9	pogo_Pogonomyrmex_s3	0
lasi2_Nylanderia_s9	pogo_Pogonomyrmex_s4	0
lasi2_Nylanderia_s9	pseu2_Pseudomyrmex_s1	0
lasi2_Nylanderia_s9	seco_Dilobocondyla_s0	0
lasi2_Nylanderia_s9	seri_Sericomyrmex_s1	0
lasi2_Nylanderia_s9	sten_Novomessor_s0	0
lasi2_Nylanderia_s9	tapi_Tapinoma_s0	0
lasi2_Nylanderia_s9	temn_Temnothorax_s1	0
lasi2_Nylanderia_s9	temn_Temnothorax_s3	0
lasi2_Nylanderia_s9	temn_Temnothorax_s5	0
lasi2_Nylanderia_s9	temn_Temnothorax_s7	0
lasi2_Nylanderia_s9	temn_Temnothorax_s8	0
lasi2_Nylanderia_s9	vero_Veromessor_s1	0
lasi2_Nylanderia_s9	vero_Veromessor_s2	0
melo_s0	mycr_Mycocepurus_s0	0
melo_s0	mycr_Myrmicocrypta_s1	0
melo_s0	mymi_Myrmica_s13	0
melo_s0	mymi_Myrmica_s14	0
melo_s0	mymi_Myrmica_s3	0
melo_s0	mymi_Myrmica_s7	0
melo_s0	mymi_Myrmica_s8	0
melo_s0	mymi_Myrmica_s9	0
melo_s0	mymi_Myrmica_s11	0
melo_s0	mymi_Myrmica_s12	0
melo_s0	myre_Myrmecia_s1	0
melo_s0	myre_Myrmecia_s2	0
melo_s0	myre_Myrmecia_s3	0
melo_s0	myre_Myrmecia_s5	0
melo_s0	myre_Myrmecia_s6	0
melo_s0	myre_Myrmecia_s7	0
melo_s0	myrm_Myrmica_s1	0
melo_s0	myrm_Myrmica_s2	0
melo_s0	myrm_Pogonomyrmex_s1	0
melo_s0	myrm_Pogonomyrmex_s2	0
melo_s0	myrm_Monomorium_s0	0
melo_s0	myrm_Cyphomyrmex_s0	0
melo_s0	myrm_Basiceros_s0	0
melo_s0	myrm_Pheidole_s1	0
melo_s0	myrm_Ocymyrmex_s0	0
melo_s0	myrm_Nesomyrmex_s0	0
melo_s0	myrm_Cataulacus_s0	0
melo_s0	myrm_Carebara_s0	0
melo_s0	myrm_Cyphoidris_s0	0
melo_s0	myrm_Tetramorium_s0	0
melo_s0	myrm_Crematogaster_s1	0
melo_s0	myrm_Adlerzia_s0	0
melo_s0	myrm_Pristomyrmex_s0	0
melo_s0	myrm_Poecilomyrma_s0	0
melo_s0	myrm_Vombisidris_s0	0
melo_s0	myrm_Harpagoxenus_s0	0
melo_s0	ocym_Ocymyrmex_s1	0
melo_s0	pogo_Pogonomyrmex_s1	0
melo_s0	pogo_Pogonomyrmex_s2	0
melo_s0	pogo_Pogonomyrmex_s3	0
melo_s0	pogo_Pogonomyrmex_s4	0
melo_s0	pseu2_Pseudomyrmex_s1	0
melo_s0	seco_Dilobocondyla_s0	0
melo_s0	seri_Sericomyrmex_s1	0
melo_s0	sten_Novomessor_s0	0
melo_s0	tapi_Tapinoma_s0	0
melo_s0	temn_Temnothorax_s1	0
melo_s0	temn_Temnothorax_s3	0
melo_s0	temn_Temnothorax_s5	0
melo_s0	temn_Temnothorax_s7	0
melo_s0	temn_Temnothorax_s8	0
melo_s0	vero_Veromessor_s1	0
melo_s0	vero_Veromessor_s2	0
mycr_Mycocepurus_s0	mycr_Myrmicocrypta_s1	0
mycr_Mycocepurus_s0	mymi_Myrmica_s13	0
mycr_Mycocepurus_s0	mymi_Myrmica_s14	0
mycr_Mycocepurus_s0	mymi_Myrmica_s3	0
mycr_Mycocepurus_s0	mymi_Myrmica_s7	0
mycr_Mycocepurus_s0	mymi_Myrmica_s8	0
mycr_Mycocepurus_s0	mymi_Myrmica_s9	0
mycr_Mycocepurus_s0	mymi_Myrmica_s11	0
mycr_Mycocepurus_s0	mymi_Myrmica_s12	0
mycr_Mycocepurus_s0	myre_Myrmecia_s1	0
mycr_Mycocepurus_s0	myre_Myrmecia_s2	0
mycr_Mycocepurus_s0	myre_Myrmecia_s3	0
mycr_Mycocepurus_s0	myre_Myrmecia_s5	0
mycr_Mycocepurus_s0	myre_Myrmecia_s6	0
mycr_Mycocepurus_s0	myre_Myrmecia_s7	0
mycr_Mycocepurus_s0	myrm_Myrmica_s1	0
mycr_Mycocepurus_s0	myrm_Myrmica_s2	0
mycr_Mycocepurus_s0	myrm_Pogonomyrmex_s1	0
mycr_Mycocepurus_s0	myrm_Pogonomyrmex_s2	0
mycr_Mycocepurus_s0	myrm_Monomorium_s0	0
mycr_Mycocepurus_s0	myrm_Cyphomyrmex_s0	0
mycr_Mycocepurus_s0	myrm_Basiceros_s0	0
mycr_Mycocepurus_s0	myrm_Pheidole_s1	0
mycr_Mycocepurus_s0	myrm_Ocymyrmex_s0	0
mycr_Mycocepurus_s0	myrm_Nesomyrmex_s0	0
mycr_Mycocepurus_s0	myrm_Cataulacus_s0	0
mycr_Mycocepurus_s0	myrm_Carebara_s0	0
mycr_Mycocepurus_s0	myrm_Cyphoidris_s0	0
mycr_Mycocepurus_s0	myrm_Tetramorium_s0	0
mycr_Mycocepurus_s0	myrm_Crematogaster_s1	0
mycr_Mycocepurus_s0	myrm_Adlerzia_s0	0
mycr_Mycocepurus_s0	myrm_Pristomyrmex_s0	0
mycr_Mycocepurus_s0	myrm_Poecilomyrma_s0	0
mycr_Mycocepurus_s0	myrm_Vombisidris_s0	0
mycr_Mycocepurus_s0	myrm_Harpagoxenus_s0	0
mycr_Mycocepurus_s0	ocym_Ocymyrmex_s1	0
mycr_Mycocepurus_s0	pogo_Pogonomyrmex_s1	0
mycr_Mycocepurus_s0	pogo_Pogonomyrmex_s2	0
mycr_Mycocepurus_s0	pogo_Pogonomyrmex_s3	0
mycr_Mycocepurus_s0	pogo_Pogonomyrmex_s4	0
mycr_Mycocepurus_s0	pseu2_Pseudomyrmex_s1	0
mycr_Mycocepurus_s0	seco_Dilobocondyla_s0	0
mycr_Mycocepurus_s0	seri_Sericomyrmex_s1	0
mycr_Mycocepurus_s0	sten_Novomessor_s0	0
mycr_Mycocepurus_s0	tapi_Tapinoma_s0	0
mycr_Mycocepurus_s0	temn_Temnothorax_s1	0
mycr_Mycocepurus_s0	temn_Temnothorax_s3	0
mycr_Mycocepurus_s0	temn_Temnothorax_s5	0
mycr_Mycocepurus_s0	temn_Temnothorax_s7	0
mycr_Mycocepurus_s0	temn_Temnothorax_s8	0
mycr_Mycocepurus_s0	vero_Veromessor_s1	0
mycr_Mycocepurus_s0	vero_Veromessor_s2	0
mycr_Myrmicocrypta_s1	mymi_Myrmica_s13	0
mycr_Myrmicocrypta_s1	mymi_Myrmica_s14	0
mycr_Myrmicocrypta_s1	mymi_Myrmica_s3	0
mycr_Myrmicocrypta_s1	mymi_Myrmica_s7	0
mycr_Myrmicocrypta_s1	mymi_Myrmica_s8	0
mycr_Myrmicocrypta_s1	mymi_Myrmica_s9	0
mycr_Myrmicocrypta_s1	mymi_Myrmica_s11	0
mycr_Myrmicocrypta_s1	mymi_Myrmica_s12	0
mycr_Myrmicocrypta_s1	myre_Myrmecia_s1	0
mycr_Myrmicocrypta_s1	myre_Myrmecia_s2	0
mycr_Myrmicocrypta_s1	myre_Myrmecia_s3	0
mycr_Myrmicocrypta_s1	myre_Myrmecia_s5	0
mycr_Myrmicocrypta_s1	myre_Myrmecia_s6	0
mycr_Myrmicocrypta_s1	myre_Myrmecia_s7	0
mycr_Myrmicocrypta_s1	myrm_Myrmica_s1	0
mycr_Myrmicocrypta_s1	myrm_Myrmica_s2	0
mycr_Myrmicocrypta_s1	myrm_Pogonomyrmex_s1	0
mycr_Myrmicocrypta_s1	myrm_Pogonomyrmex_s2	0
mycr_Myrmicocrypta_s1	myrm_Monomorium_s0	0
mycr_Myrmicocrypta_s1	myrm_Cyphomyrmex_s0	0
mycr_Myrmicocrypta_s1	myrm_Basiceros_s0	0
mycr_Myrmicocrypta_s1	myrm_Pheidole_s1	0
mycr_Myrmicocrypta_s1	myrm_Ocymyrmex_s0	0
mycr_Myrmicocrypta_s1	myrm_Nesomyrmex_s0	0
mycr_Myrmicocrypta_s1	myrm_Cataulacus_s0	0
mycr_Myrmicocrypta_s1	myrm_Carebara_s0	0
mycr_Myrmicocrypta_s1	myrm_Cyphoidris_s0	0
mycr_Myrmicocrypta_s1	myrm_Tetramorium_s0	0
mycr_Myrmicocrypta_s1	myrm_Crematogaster_s1	0
mycr_Myrmicocrypta_s1	myrm_Adlerzia_s0	0
mycr_Myrmicocrypta_s1	myrm_Pristomyrmex_s0	0
mycr_Myrmicocrypta_s1	myrm_Poecilomyrma_s0	0
mycr_Myrmicocrypta_s1	myrm_Vombisidris_s0	0
mycr_Myrmicocrypta_s1	myrm_Harpagoxenus_s0	0
mycr_Myrmicocrypta_s1	ocym_Ocymyrmex_s1	0
mycr_Myrmicocrypta_s1	pogo_Pogonomyrmex_s1	0
mycr_Myrmicocrypta_s1	pogo_Pogonomyrmex_s2	0
mycr_Myrmicocrypta_s1	pogo_Pogonomyrmex_s3	0
mycr_Myrmicocrypta_s1	pogo_Pogonomyrmex_s4	0
mycr_Myrmicocrypta_s1	pseu2_Pseudomyrmex_s1	0
mycr_Myrmicocrypta_s1	seco_Dilobocondyla_s0	0
mycr_Myrmicocrypta_s1	seri_Sericomyrmex_s1	0
mycr_Myrmicocrypta_s1	sten_Novomessor_s0	0
mycr_Myrmicocrypta_s1	tapi_Tapinoma_s0	0
mycr_Myrmicocrypta_s1	temn_Temnothorax_s1	0
mycr_Myrmicocrypta_s1	temn_Temnothorax_s3	0
mycr_Myrmicocrypta_s1	temn_Temnothorax_s5	0
mycr_Myrmicocrypta_s1	temn_Temnothorax_s7	0
mycr_Myrmicocrypta_s1	temn_Temnothorax_s8	0
mycr_Myrmicocrypta_s1	vero_Veromessor_s1	0
mycr_Myrmicocrypta_s1	vero_Veromessor_s2	0
mymi_Myrmica_s13	mymi_Myrmica_s14	1
mymi_Myrmica_s13	mymi_Myrmica_s3	0
mymi_Myrmica_s13	mymi_Myrmica_s7	0
mymi_Myrmica_s13	mymi_Myrmica_s8	0
mymi_Myrmica_s13	mymi_Myrmica_s9	0
mymi_Myrmica_s13	mymi_Myrmica_s11	0
mymi_Myrmica_s13	mymi_Myrmica_s12	0
mymi_Myrmica_s13	myre_Myrmecia_s1	0
mymi_Myrmica_s13	myre_Myrmecia_s2	0
mymi_Myrmica_s13	myre_Myrmecia_s3	0
mymi_Myrmica_s13	myre_Myrmecia_s5	0
mymi_Myrmica_s13	myre_Myrmecia_s6	0
mymi_Myrmica_s13	myre_Myrmecia_s7	0
mymi_Myrmica_s13	myrm_Myrmica_s1	0
mymi_Myrmica_s13	myrm_Myrmica_s2	0
mymi_Myrmica_s13	myrm_Pogonomyrmex_s1	0
mymi_Myrmica_s13	myrm_Pogonomyrmex_s2	0
mymi_Myrmica_s13	myrm_Monomorium_s0	0
mymi_Myrmica_s13	myrm_Cyphomyrmex_s0	0
mymi_Myrmica_s13	myrm_Basiceros_s0	0
mymi_Myrmica_s13	myrm_Pheidole_s1	0
mymi_Myrmica_s13	myrm_Ocymyrmex_s0	0
mymi_Myrmica_s13	myrm_Nesomyrmex_s0	0
mymi_Myrmica_s13	myrm_Cataulacus_s0	0
mymi_Myrmica_s13	myrm_Carebara_s0	0
mymi_Myrmica_s13	myrm_Cyphoidris_s0	0
mymi_Myrmica_s13	myrm_Tetramorium_s0	0
mymi_Myrmica_s13	myrm_Crematogaster_s1	0
mymi_Myrmica_s13	myrm_Adlerzia_s0	0
mymi_Myrmica_s13	myrm_Pristomyrmex_s0	0
mymi_Myrmica_s13	myrm_Poecilomyrma_s0	0
mymi_Myrmica_s13	myrm_Vombisidris_s0	0
mymi_Myrmica_s13	myrm_Harpagoxenus_s0	0
mymi_Myrmica_s13	ocym_Ocymyrmex_s1	0
mymi_Myrmica_s13	pogo_Pogonomyrmex_s1	0
mymi_Myrmica_s13	pogo_Pogonomyrmex_s2	0
mymi_Myrmica_s13	pogo_Pogonomyrmex_s3	0
mymi_Myrmica_s13	pogo_Pogonomyrmex_s4	0
mymi_Myrmica_s13	pseu2_Pseudomyrmex_s1	0
mymi_Myrmica_s13	seco_Dilobocondyla_s0	0
mymi_Myrmica_s13	seri_Sericomyrmex_s1	0
mymi_Myrmica_s13	sten_Novomessor_s0	0
mymi_Myrmica_s13	tapi_Tapinoma_s0	0
mymi_Myrmica_s13	temn_Temnothorax_s1	0
mymi_Myrmica_s13	temn_Temnothorax_s3	0
mymi_Myrmica_s13	temn_Temnothorax_s5	0
mymi_Myrmica_s13	temn_Temnothorax_s7	0
mymi_Myrmica_s13	temn_Temnothorax_s8	0
mymi_Myrmica_s13	vero_Veromessor_s1	0
mymi_Myrmica_s13	vero_Veromessor_s2	0
mymi_Myrmica_s14	mymi_Myrmica_s3	0
mymi_Myrmica_s14	mymi_Myrmica_s7	0
mymi_Myrmica_s14	mymi_Myrmica_s8	0
mymi_Myrmica_s14	mymi_Myrmica_s9	1
mymi_Myrmica_s14	mymi_Myrmica_s11	1
mymi_Myrmica_s14	mymi_Myrmica_s12	0
mymi_Myrmica_s14	myre_Myrmecia_s1	0
mymi_Myrmica_s14	myre_Myrmecia_s2	0
mymi_Myrmica_s14	myre_Myrmecia_s3	0
mymi_Myrmica_s14	myre_Myrmecia_s5	0
mymi_Myrmica_s14	myre_Myrmecia_s6	0
mymi_Myrmica_s14	myre_Myrmecia_s7	0
mymi_Myrmica_s14	myrm_Myrmica_s1	0
mymi_Myrmica_s14	myrm_Myrmica_s2	1
mymi_Myrmica_s14	myrm_Pogonomyrmex_s1	0
mymi_Myrmica_s14	myrm_Pogonomyrmex_s2	0
mymi_Myrmica_s14	myrm_Monomorium_s0	0
mymi_Myrmica_s14	myrm_Cyphomyrmex_s0	0
mymi_Myrmica_s14	myrm_Basiceros_s0	0
mymi_Myrmica_s14	myrm_Pheidole_s1	0
mymi_Myrmica_s14	myrm_Ocymyrmex_s0	0
mymi_Myrmica_s14	myrm_Nesomyrmex_s0	0
mymi_Myrmica_s14	myrm_Cataulacus_s0	0
mymi_Myrmica_s14	myrm_Carebara_s0	0
mymi_Myrmica_s14	myrm_Cyphoidris_s0	0
mymi_Myrmica_s14	myrm_Tetramorium_s0	0
mymi_Myrmica_s14	myrm_Crematogaster_s1	0
mymi_Myrmica_s14	myrm_Adlerzia_s0	0
mymi_Myrmica_s14	myrm_Pristomyrmex_s0	0
mymi_Myrmica_s14	myrm_Poecilomyrma_s0	0
mymi_Myrmica_s14	myrm_Vombisidris_s0	0
mymi_Myrmica_s14	myrm_Harpagoxenus_s0	0
mymi_Myrmica_s14	ocym_Ocymyrmex_s1	0
mymi_Myrmica_s14	pogo_Pogonomyrmex_s1	0
mymi_Myrmica_s14	pogo_Pogonomyrmex_s2	0
mymi_Myrmica_s14	pogo_Pogonomyrmex_s3	0
mymi_Myrmica_s14	pogo_Pogonomyrmex_s4	0
mymi_Myrmica_s14	pseu2_Pseudomyrmex_s1	0
mymi_Myrmica_s14	seco_Dilobocondyla_s0	0
mymi_Myrmica_s14	seri_Sericomyrmex_s1	0
mymi_Myrmica_s14	sten_Novomessor_s0	0
mymi_Myrmica_s14	tapi_Tapinoma_s0	0
mymi_Myrmica_s14	temn_Temnothorax_s1	0
mymi_Myrmica_s14	temn_Temnothorax_s3	0
mymi_Myrmica_s14	temn_Temnothorax_s5	0
mymi_Myrmica_s14	temn_Temnothorax_s7	0
mymi_Myrmica_s14	temn_Temnothorax_s8	0
mymi_Myrmica_s14	vero_Veromessor_s1	0
mymi_Myrmica_s14	vero_Veromessor_s2	0
mymi_Myrmica_s3	mymi_Myrmica_s7	0
mymi_Myrmica_s3	mymi_Myrmica_s8	0
mymi_Myrmica_s3	mymi_Myrmica_s9	0
mymi_Myrmica_s3	mymi_Myrmica_s11	0
mymi_Myrmica_s3	mymi_Myrmica_s12	1
mymi_Myrmica_s3	myre_Myrmecia_s1	0
mymi_Myrmica_s3	myre_Myrmecia_s2	0
mymi_Myrmica_s3	myre_Myrmecia_s3	0
mymi_Myrmica_s3	myre_Myrmecia_s5	0
mymi_Myrmica_s3	myre_Myrmecia_s6	0
mymi_Myrmica_s3	myre_Myrmecia_s7	0
mymi_Myrmica_s3	myrm_Myrmica_s1	0
mymi_Myrmica_s3	myrm_Myrmica_s2	1
mymi_Myrmica_s3	myrm_Pogonomyrmex_s1	0
mymi_Myrmica_s3	myrm_Pogonomyrmex_s2	0
mymi_Myrmica_s3	myrm_Monomorium_s0	0
mymi_Myrmica_s3	myrm_Cyphomyrmex_s0	0
mymi_Myrmica_s3	myrm_Basiceros_s0	0
mymi_Myrmica_s3	myrm_Pheidole_s1	0
mymi_Myrmica_s3	myrm_Ocymyrmex_s0	0
mymi_Myrmica_s3	myrm_Nesomyrmex_s0	0
mymi_Myrmica_s3	myrm_Cataulacus_s0	0
mymi_Myrmica_s3	myrm_Carebara_s0	0
mymi_Myrmica_s3	myrm_Cyphoidris_s0	0
mymi_Myrmica_s3	myrm_Tetramorium_s0	0
mymi_Myrmica_s3	myrm_Crematogaster_s1	0
mymi_Myrmica_s3	myrm_Adlerzia_s0	0
mymi_Myrmica_s3	myrm_Pristomyrmex_s0	0
mymi_Myrmica_s3	myrm_Poecilomyrma_s0	0
mymi_Myrmica_s3	myrm_Vombisidris_s0	0
mymi_Myrmica_s3	myrm_Harpagoxenus_s0	0
mymi_Myrmica_s3	ocym_Ocymyrmex_s1	0
mymi_Myrmica_s3	pogo_Pogonomyrmex_s1	0
mymi_Myrmica_s3	pogo_Pogonomyrmex_s2	0
mymi_Myrmica_s3	pogo_Pogonomyrmex_s3	0
mymi_Myrmica_s3	pogo_Pogonomyrmex_s4	0
mymi_Myrmica_s3	pseu2_Pseudomyrmex_s1	0
mymi_Myrmica_s3	seco_Dilobocondyla_s0	0
mymi_Myrmica_s3	seri_Sericomyrmex_s1	0
mymi_Myrmica_s3	sten_Novomessor_s0	0
mymi_Myrmica_s3	tapi_Tapinoma_s0	0
mymi_Myrmica_s3	temn_Temnothorax_s1	0
mymi_Myrmica_s3	temn_Temnothorax_s3	0
mymi_Myrmica_s3	temn_Temnothorax_s5	0
mymi_Myrmica_s3	temn_Temnothorax_s7	0
mymi_Myrmica_s3	temn_Temnothorax_s8	0
mymi_Myrmica_s3	vero_Veromessor_s1	0
mymi_Myrmica_s3	vero_Veromessor_s2	0
mymi_Myrmica_s7	mymi_Myrmica_s8	1
mymi_Myrmica_s7	mymi_Myrmica_s9	1
mymi_Myrmica_s7	mymi_Myrmica_s11	0
mymi_Myrmica_s7	mymi_Myrmica_s12	0
mymi_Myrmica_s7	myre_Myrmecia_s1	0
mymi_Myrmica_s7	myre_Myrmecia_s2	0
mymi_Myrmica_s7	myre_Myrmecia_s3	0
mymi_Myrmica_s7	myre_Myrmecia_s5	0
mymi_Myrmica_s7	myre_Myrmecia_s6	0
mymi_Myrmica_s7	myre_Myrmecia_s7	0
mymi_Myrmica_s7	myrm_Myrmica_s1	0
mymi_Myrmica_s7	myrm_Myrmica_s2	0
mymi_Myrmica_s7	myrm_Pogonomyrmex_s1	0
mymi_Myrmica_s7	myrm_Pogonomyrmex_s2	0
mymi_Myrmica_s7	myrm_Monomorium_s0	0
mymi_Myrmica_s7	myrm_Cyphomyrmex_s0	0
mymi_Myrmica_s7	myrm_Basiceros_s0	0
mymi_Myrmica_s7	myrm_Pheidole_s1	0
mymi_Myrmica_s7	myrm_Ocymyrmex_s0	0
mymi_Myrmica_s7	myrm_Nesomyrmex_s0	0
mymi_Myrmica_s7	myrm_Cataulacus_s0	0
mymi_Myrmica_s7	myrm_Carebara_s0	0
mymi_Myrmica_s7	myrm_Cyphoidris_s0	0
mymi_Myrmica_s7	myrm_Tetramorium_s0	0
mymi_Myrmica_s7	myrm_Crematogaster_s1	0
mymi_Myrmica_s7	myrm_Adlerzia_s0	0
mymi_Myrmica_s7	myrm_Pristomyrmex_s0	0
mymi_Myrmica_s7	myrm_Poecilomyrma_s0	0
mymi_Myrmica_s7	myrm_Vombisidris_s0	0
mymi_Myrmica_s7	myrm_Harpagoxenus_s0	0
mymi_Myrmica_s7	ocym_Ocymyrmex_s1	0
mymi_Myrmica_s7	pogo_Pogonomyrmex_s1	0
mymi_Myrmica_s7	pogo_Pogonomyrmex_s2	0
mymi_Myrmica_s7	pogo_Pogonomyrmex_s3	0
mymi_Myrmica_s7	pogo_Pogonomyrmex_s4	0
mymi_Myrmica_s7	pseu2_Pseudomyrmex_s1	0
mymi_Myrmica_s7	seco_Dilobocondyla_s0	0
mymi_Myrmica_s7	seri_Sericomyrmex_s1	0
mymi_Myrmica_s7	sten_Novomessor_s0	0
mymi_Myrmica_s7	tapi_Tapinoma_s0	0
mymi_Myrmica_s7	temn_Temnothorax_s1	0
mymi_Myrmica_s7	temn_Temnothorax_s3	0
mymi_Myrmica_s7	temn_Temnothorax_s5	0
mymi_Myrmica_s7	temn_Temnothorax_s7	0
mymi_Myrmica_s7	temn_Temnothorax_s8	0
mymi_Myrmica_s7	vero_Veromessor_s1	0
mymi_Myrmica_s7	vero_Veromessor_s2	0
mymi_Myrmica_s8	mymi_Myrmica_s9	1
mymi_Myrmica_s8	mymi_Myrmica_s11	0
mymi_Myrmica_s8	mymi_Myrmica_s12	0
mymi_Myrmica_s8	myre_Myrmecia_s1	0
mymi_Myrmica_s8	myre_Myrmecia_s2	0
mymi_Myrmica_s8	myre_Myrmecia_s3	0
mymi_Myrmica_s8	myre_Myrmecia_s5	0
mymi_Myrmica_s8	myre_Myrmecia_s6	0
mymi_Myrmica_s8	myre_Myrmecia_s7	0
mymi_Myrmica_s8	myrm_Myrmica_s1	0
mymi_Myrmica_s8	myrm_Myrmica_s2	0
mymi_Myrmica_s8	myrm_Pogonomyrmex_s1	0
mymi_Myrmica_s8	myrm_Pogonomyrmex_s2	0
mymi_Myrmica_s8	myrm_Monomorium_s0	0
mymi_Myrmica_s8	myrm_Cyphomyrmex_s0	0
mymi_Myrmica_s8	myrm_Basiceros_s0	0
mymi_Myrmica_s8	myrm_Pheidole_s1	0
mymi_Myrmica_s8	myrm_Ocymyrmex_s0	0
mymi_Myrmica_s8	myrm_Nesomyrmex_s0	0
mymi_Myrmica_s8	myrm_Cataulacus_s0	0
mymi_Myrmica_s8	myrm_Carebara_s0	0
mymi_Myrmica_s8	myrm_Cyphoidris_s0	0
mymi_Myrmica_s8	myrm_Tetramorium_s0	0
mymi_Myrmica_s8	myrm_Crematogaster_s1	0
mymi_Myrmica_s8	myrm_Adlerzia_s0	0
mymi_Myrmica_s8	myrm_Pristomyrmex_s0	0
mymi_Myrmica_s8	myrm_Poecilomyrma_s0	0
mymi_Myrmica_s8	myrm_Vombisidris_s0	0
mymi_Myrmica_s8	myrm_Harpagoxenus_s0	0
mymi_Myrmica_s8	ocym_Ocymyrmex_s1	0
mymi_Myrmica_s8	pogo_Pogonomyrmex_s1	0
mymi_Myrmica_s8	pogo_Pogonomyrmex_s2	0
mymi_Myrmica_s8	pogo_Pogonomyrmex_s3	0
mymi_Myrmica_s8	pogo_Pogonomyrmex_s4	0
mymi_Myrmica_s8	pseu2_Pseudomyrmex_s1	0
mymi_Myrmica_s8	seco_Dilobocondyla_s0	0
mymi_Myrmica_s8	seri_Sericomyrmex_s1	0
mymi_Myrmica_s8	sten_Novomessor_s0	0
mymi_Myrmica_s8	tapi_Tapinoma_s0	0
mymi_Myrmica_s8	temn_Temnothorax_s1	0
mymi_Myrmica_s8	temn_Temnothorax_s3	0
mymi_Myrmica_s8	temn_Temnothorax_s5	0
mymi_Myrmica_s8	temn_Temnothorax_s7	0
mymi_Myrmica_s8	temn_Temnothorax_s8	0
mymi_Myrmica_s8	vero_Veromessor_s1	0
mymi_Myrmica_s8	vero_Veromessor_s2	0
mymi_Myrmica_s9	mymi_Myrmica_s11	1
mymi_Myrmica_s9	mymi_Myrmica_s12	0
mymi_Myrmica_s9	myre_Myrmecia_s1	0
mymi_Myrmica_s9	myre_Myrmecia_s2	0
mymi_Myrmica_s9	myre_Myrmecia_s3	0
mymi_Myrmica_s9	myre_Myrmecia_s5	0
mymi_Myrmica_s9	myre_Myrmecia_s6	0
mymi_Myrmica_s9	myre_Myrmecia_s7	0
mymi_Myrmica_s9	myrm_Myrmica_s1	0
mymi_Myrmica_s9	myrm_Myrmica_s2	0
mymi_Myrmica_s9	myrm_Pogonomyrmex_s1	0
mymi_Myrmica_s9	myrm_Pogonomyrmex_s2	0
mymi_Myrmica_s9	myrm_Monomorium_s0	0
mymi_Myrmica_s9	myrm_Cyphomyrmex_s0	0
mymi_Myrmica_s9	myrm_Basiceros_s0	0
mymi_Myrmica_s9	myrm_Pheidole_s1	0
mymi_Myrmica_s9	myrm_Ocymyrmex_s0	0
mymi_Myrmica_s9	myrm_Nesomyrmex_s0	0
mymi_Myrmica_s9	myrm_Cataulacus_s0	0
mymi_Myrmica_s9	myrm_Carebara_s0	0
mymi_Myrmica_s9	myrm_Cyphoidris_s0	0
mymi_Myrmica_s9	myrm_Tetramorium_s0	0
mymi_Myrmica_s9	myrm_Crematogaster_s1	0
mymi_Myrmica_s9	myrm_Adlerzia_s0	0
mymi_Myrmica_s9	myrm_Pristomyrmex_s0	0
mymi_Myrmica_s9	myrm_Poecilomyrma_s0	0
mymi_Myrmica_s9	myrm_Vombisidris_s0	0
mymi_Myrmica_s9	myrm_Harpagoxenus_s0	0
mymi_Myrmica_s9	ocym_Ocymyrmex_s1	0
mymi_Myrmica_s9	pogo_Pogonomyrmex_s1	0
mymi_Myrmica_s9	pogo_Pogonomyrmex_s2	0
mymi_Myrmica_s9	pogo_Pogonomyrmex_s3	0
mymi_Myrmica_s9	pogo_Pogonomyrmex_s4	0
mymi_Myrmica_s9	pseu2_Pseudomyrmex_s1	0
mymi_Myrmica_s9	seco_Dilobocondyla_s0	0
mymi_Myrmica_s9	seri_Sericomyrmex_s1	0
mymi_Myrmica_s9	sten_Novomessor_s0	0
mymi_Myrmica_s9	tapi_Tapinoma_s0	0
mymi_Myrmica_s9	temn_Temnothorax_s1	0
mymi_Myrmica_s9	temn_Temnothorax_s3	0
mymi_Myrmica_s9	temn_Temnothorax_s5	0
mymi_Myrmica_s9	temn_Temnothorax_s7	0
mymi_Myrmica_s9	temn_Temnothorax_s8	0
mymi_Myrmica_s9	vero_Veromessor_s1	0
mymi_Myrmica_s9	vero_Veromessor_s2	0
mymi_Myrmica_s11	mymi_Myrmica_s12	1
mymi_Myrmica_s11	myre_Myrmecia_s1	0
mymi_Myrmica_s11	myre_Myrmecia_s2	0
mymi_Myrmica_s11	myre_Myrmecia_s3	0
mymi_Myrmica_s11	myre_Myrmecia_s5	0
mymi_Myrmica_s11	myre_Myrmecia_s6	0
mymi_Myrmica_s11	myre_Myrmecia_s7	0
mymi_Myrmica_s11	myrm_Myrmica_s1	0
mymi_Myrmica_s11	myrm_Myrmica_s2	0
mymi_Myrmica_s11	myrm_Pogonomyrmex_s1	0
mymi_Myrmica_s11	myrm_Pogonomyrmex_s2	0
mymi_Myrmica_s11	myrm_Monomorium_s0	0
mymi_Myrmica_s11	myrm_Cyphomyrmex_s0	0
mymi_Myrmica_s11	myrm_Basiceros_s0	0
mymi_Myrmica_s11	myrm_Pheidole_s1	0
mymi_Myrmica_s11	myrm_Ocymyrmex_s0	0
mymi_Myrmica_s11	myrm_Nesomyrmex_s0	0
mymi_Myrmica_s11	myrm_Cataulacus_s0	0
mymi_Myrmica_s11	myrm_Carebara_s0	0
mymi_Myrmica_s11	myrm_Cyphoidris_s0	0
mymi_Myrmica_s11	myrm_Tetramorium_s0	0
mymi_Myrmica_s11	myrm_Crematogaster_s1	0
mymi_Myrmica_s11	myrm_Adlerzia_s0	0
mymi_Myrmica_s11	myrm_Pristomyrmex_s0	0
mymi_Myrmica_s11	myrm_Poecilomyrma_s0	0
mymi_Myrmica_s11	myrm_Vombisidris_s0	0
mymi_Myrmica_s11	myrm_Harpagoxenus_s0	0
mymi_Myrmica_s11	ocym_Ocymyrmex_s1	0
mymi_Myrmica_s11	pogo_Pogonomyrmex_s1	0
mymi_Myrmica_s11	pogo_Pogonomyrmex_s2	0
mymi_Myrmica_s11	pogo_Pogonomyrmex_s3	0
mymi_Myrmica_s11	pogo_Pogonomyrmex_s4	0
mymi_Myrmica_s11	pseu2_Pseudomyrmex_s1	0
mymi_Myrmica_s11	seco_Dilobocondyla_s0	0
mymi_Myrmica_s11	seri_Sericomyrmex_s1	0
mymi_Myrmica_s11	sten_Novomessor_s0	0
mymi_Myrmica_s11	tapi_Tapinoma_s0	0
mymi_Myrmica_s11	temn_Temnothorax_s1	0
mymi_Myrmica_s11	temn_Temnothorax_s3	0
mymi_Myrmica_s11	temn_Temnothorax_s5	0
mymi_Myrmica_s11	temn_Temnothorax_s7	0
mymi_Myrmica_s11	temn_Temnothorax_s8	0
mymi_Myrmica_s11	vero_Veromessor_s1	0
mymi_Myrmica_s11	vero_Veromessor_s2	0
mymi_Myrmica_s12	myre_Myrmecia_s1	0
mymi_Myrmica_s12	myre_Myrmecia_s2	0
mymi_Myrmica_s12	myre_Myrmecia_s3	0
mymi_Myrmica_s12	myre_Myrmecia_s5	0
mymi_Myrmica_s12	myre_Myrmecia_s6	0
mymi_Myrmica_s12	myre_Myrmecia_s7	0
mymi_Myrmica_s12	myrm_Myrmica_s1	0
mymi_Myrmica_s12	myrm_Myrmica_s2	2
mymi_Myrmica_s12	myrm_Pogonomyrmex_s1	0
mymi_Myrmica_s12	myrm_Pogonomyrmex_s2	0
mymi_Myrmica_s12	myrm_Monomorium_s0	0
mymi_Myrmica_s12	myrm_Cyphomyrmex_s0	0
mymi_Myrmica_s12	myrm_Basiceros_s0	0
mymi_Myrmica_s12	myrm_Pheidole_s1	0
mymi_Myrmica_s12	myrm_Ocymyrmex_s0	0
mymi_Myrmica_s12	myrm_Nesomyrmex_s0	0
mymi_Myrmica_s12	myrm_Cataulacus_s0	0
mymi_Myrmica_s12	myrm_Carebara_s0	0
mymi_Myrmica_s12	myrm_Cyphoidris_s0	0
mymi_Myrmica_s12	myrm_Tetramorium_s0	0
mymi_Myrmica_s12	myrm_Crematogaster_s1	0
mymi_Myrmica_s12	myrm_Adlerzia_s0	0
mymi_Myrmica_s12	myrm_Pristomyrmex_s0	0
mymi_Myrmica_s12	myrm_Poecilomyrma_s0	0
mymi_Myrmica_s12	myrm_Vombisidris_s0	0
mymi_Myrmica_s12	myrm_Harpagoxenus_s0	0
mymi_Myrmica_s12	ocym_Ocymyrmex_s1	0
mymi_Myrmica_s12	pogo_Pogonomyrmex_s1	0
mymi_Myrmica_s12	pogo_Pogonomyrmex_s2	0
mymi_Myrmica_s12	pogo_Pogonomyrmex_s3	0
mymi_Myrmica_s12	pogo_Pogonomyrmex_s4	0
mymi_Myrmica_s12	pseu2_Pseudomyrmex_s1	0
mymi_Myrmica_s12	seco_Dilobocondyla_s0	0
mymi_Myrmica_s12	seri_Sericomyrmex_s1	0
mymi_Myrmica_s12	sten_Novomessor_s0	0
mymi_Myrmica_s12	tapi_Tapinoma_s0	0
mymi_Myrmica_s12	temn_Temnothorax_s1	0
mymi_Myrmica_s12	temn_Temnothorax_s3	0
mymi_Myrmica_s12	temn_Temnothorax_s5	0
mymi_Myrmica_s12	temn_Temnothorax_s7	0
mymi_Myrmica_s12	temn_Temnothorax_s8	0
mymi_Myrmica_s12	vero_Veromessor_s1	0
mymi_Myrmica_s12	vero_Veromessor_s2	0
myre_Myrmecia_s1	myre_Myrmecia_s2	0
myre_Myrmecia_s1	myre_Myrmecia_s3	0
myre_Myrmecia_s1	myre_Myrmecia_s5	0
myre_Myrmecia_s1	myre_Myrmecia_s6	0
myre_Myrmecia_s1	myre_Myrmecia_s7	0
myre_Myrmecia_s1	myrm_Myrmica_s1	0
myre_Myrmecia_s1	myrm_Myrmica_s2	0
myre_Myrmecia_s1	myrm_Pogonomyrmex_s1	0
myre_Myrmecia_s1	myrm_Pogonomyrmex_s2	0
myre_Myrmecia_s1	myrm_Monomorium_s0	0
myre_Myrmecia_s1	myrm_Cyphomyrmex_s0	0
myre_Myrmecia_s1	myrm_Basiceros_s0	0
myre_Myrmecia_s1	myrm_Pheidole_s1	0
myre_Myrmecia_s1	myrm_Ocymyrmex_s0	0
myre_Myrmecia_s1	myrm_Nesomyrmex_s0	0
myre_Myrmecia_s1	myrm_Cataulacus_s0	0
myre_Myrmecia_s1	myrm_Carebara_s0	0
myre_Myrmecia_s1	myrm_Cyphoidris_s0	0
myre_Myrmecia_s1	myrm_Tetramorium_s0	0
myre_Myrmecia_s1	myrm_Crematogaster_s1	0
myre_Myrmecia_s1	myrm_Adlerzia_s0	0
myre_Myrmecia_s1	myrm_Pristomyrmex_s0	0
myre_Myrmecia_s1	myrm_Poecilomyrma_s0	0
myre_Myrmecia_s1	myrm_Vombisidris_s0	0
myre_Myrmecia_s1	myrm_Harpagoxenus_s0	0
myre_Myrmecia_s1	ocym_Ocymyrmex_s1	0
myre_Myrmecia_s1	pogo_Pogonomyrmex_s1	0
myre_Myrmecia_s1	pogo_Pogonomyrmex_s2	0
myre_Myrmecia_s1	pogo_Pogonomyrmex_s3	0
myre_Myrmecia_s1	pogo_Pogonomyrmex_s4	0
myre_Myrmecia_s1	pseu2_Pseudomyrmex_s1	0
myre_Myrmecia_s1	seco_Dilobocondyla_s0	0
myre_Myrmecia_s1	seri_Sericomyrmex_s1	0
myre_Myrmecia_s1	sten_Novomessor_s0	0
myre_Myrmecia_s1	tapi_Tapinoma_s0	0
myre_Myrmecia_s1	temn_Temnothorax_s1	0
myre_Myrmecia_s1	temn_Temnothorax_s3	0
myre_Myrmecia_s1	temn_Temnothorax_s5	0
myre_Myrmecia_s1	temn_Temnothorax_s7	0
myre_Myrmecia_s1	temn_Temnothorax_s8	0
myre_Myrmecia_s1	vero_Veromessor_s1	0
myre_Myrmecia_s1	vero_Veromessor_s2	0
myre_Myrmecia_s2	myre_Myrmecia_s3	0
myre_Myrmecia_s2	myre_Myrmecia_s5	0
myre_Myrmecia_s2	myre_Myrmecia_s6	0
myre_Myrmecia_s2	myre_Myrmecia_s7	0
myre_Myrmecia_s2	myrm_Myrmica_s1	0
myre_Myrmecia_s2	myrm_Myrmica_s2	0
myre_Myrmecia_s2	myrm_Pogonomyrmex_s1	0
myre_Myrmecia_s2	myrm_Pogonomyrmex_s2	0
myre_Myrmecia_s2	myrm_Monomorium_s0	0
myre_Myrmecia_s2	myrm_Cyphomyrmex_s0	0
myre_Myrmecia_s2	myrm_Basiceros_s0	0
myre_Myrmecia_s2	myrm_Pheidole_s1	0
myre_Myrmecia_s2	myrm_Ocymyrmex_s0	0
myre_Myrmecia_s2	myrm_Nesomyrmex_s0	0
myre_Myrmecia_s2	myrm_Cataulacus_s0	0
myre_Myrmecia_s2	myrm_Carebara_s0	0
myre_Myrmecia_s2	myrm_Cyphoidris_s0	0
myre_Myrmecia_s2	myrm_Tetramorium_s0	0
myre_Myrmecia_s2	myrm_Crematogaster_s1	0
myre_Myrmecia_s2	myrm_Adlerzia_s0	0
myre_Myrmecia_s2	myrm_Pristomyrmex_s0	0
myre_Myrmecia_s2	myrm_Poecilomyrma_s0	0
myre_Myrmecia_s2	myrm_Vombisidris_s0	0
myre_Myrmecia_s2	myrm_Harpagoxenus_s0	0
myre_Myrmecia_s2	ocym_Ocymyrmex_s1	0
myre_Myrmecia_s2	pogo_Pogonomyrmex_s1	0
myre_Myrmecia_s2	pogo_Pogonomyrmex_s2	0
myre_Myrmecia_s2	pogo_Pogonomyrmex_s3	0
myre_Myrmecia_s2	pogo_Pogonomyrmex_s4	0
myre_Myrmecia_s2	pseu2_Pseudomyrmex_s1	0
myre_Myrmecia_s2	seco_Dilobocondyla_s0	0
myre_Myrmecia_s2	seri_Sericomyrmex_s1	0
myre_Myrmecia_s2	sten_Novomessor_s0	0
myre_Myrmecia_s2	tapi_Tapinoma_s0	0
myre_Myrmecia_s2	temn_Temnothorax_s1	0
myre_Myrmecia_s2	temn_Temnothorax_s3	0
myre_Myrmecia_s2	temn_Temnothorax_s5	0
myre_Myrmecia_s2	temn_Temnothorax_s7	0
myre_Myrmecia_s2	temn_Temnothorax_s8	0
myre_Myrmecia_s2	vero_Veromessor_s1	0
myre_Myrmecia_s2	vero_Veromessor_s2	0
myre_Myrmecia_s3	myre_Myrmecia_s5	0
myre_Myrmecia_s3	myre_Myrmecia_s6	0
myre_Myrmecia_s3	myre_Myrmecia_s7	0
myre_Myrmecia_s3	myrm_Myrmica_s1	0
myre_Myrmecia_s3	myrm_Myrmica_s2	0
myre_Myrmecia_s3	myrm_Pogonomyrmex_s1	0
myre_Myrmecia_s3	myrm_Pogonomyrmex_s2	0
myre_Myrmecia_s3	myrm_Monomorium_s0	0
myre_Myrmecia_s3	myrm_Cyphomyrmex_s0	0
myre_Myrmecia_s3	myrm_Basiceros_s0	0
myre_Myrmecia_s3	myrm_Pheidole_s1	0
myre_Myrmecia_s3	myrm_Ocymyrmex_s0	0
myre_Myrmecia_s3	myrm_Nesomyrmex_s0	0
myre_Myrmecia_s3	myrm_Cataulacus_s0	0
myre_Myrmecia_s3	myrm_Carebara_s0	0
myre_Myrmecia_s3	myrm_Cyphoidris_s0	0
myre_Myrmecia_s3	myrm_Tetramorium_s0	0
myre_Myrmecia_s3	myrm_Crematogaster_s1	0
myre_Myrmecia_s3	myrm_Adlerzia_s0	0
myre_Myrmecia_s3	myrm_Pristomyrmex_s0	0
myre_Myrmecia_s3	myrm_Poecilomyrma_s0	0
myre_Myrmecia_s3	myrm_Vombisidris_s0	0
myre_Myrmecia_s3	myrm_Harpagoxenus_s0	0
myre_Myrmecia_s3	ocym_Ocymyrmex_s1	0
myre_Myrmecia_s3	pogo_Pogonomyrmex_s1	0
myre_Myrmecia_s3	pogo_Pogonomyrmex_s2	0
myre_Myrmecia_s3	pogo_Pogonomyrmex_s3	0
myre_Myrmecia_s3	pogo_Pogonomyrmex_s4	0
myre_Myrmecia_s3	pseu2_Pseudomyrmex_s1	0
myre_Myrmecia_s3	seco_Dilobocondyla_s0	0
myre_Myrmecia_s3	seri_Sericomyrmex_s1	0
myre_Myrmecia_s3	sten_Novomessor_s0	0
myre_Myrmecia_s3	tapi_Tapinoma_s0	0
myre_Myrmecia_s3	temn_Temnothorax_s1	0
myre_Myrmecia_s3	temn_Temnothorax_s3	0
myre_Myrmecia_s3	temn_Temnothorax_s5	0
myre_Myrmecia_s3	temn_Temnothorax_s7	0
myre_Myrmecia_s3	temn_Temnothorax_s8	0
myre_Myrmecia_s3	vero_Veromessor_s1	0
myre_Myrmecia_s3	vero_Veromessor_s2	0
myre_Myrmecia_s5	myre_Myrmecia_s6	0
myre_Myrmecia_s5	myre_Myrmecia_s7	0
myre_Myrmecia_s5	myrm_Myrmica_s1	0
myre_Myrmecia_s5	myrm_Myrmica_s2	0
myre_Myrmecia_s5	myrm_Pogonomyrmex_s1	0
myre_Myrmecia_s5	myrm_Pogonomyrmex_s2	0
myre_Myrmecia_s5	myrm_Monomorium_s0	0
myre_Myrmecia_s5	myrm_Cyphomyrmex_s0	0
myre_Myrmecia_s5	myrm_Basiceros_s0	0
myre_Myrmecia_s5	myrm_Pheidole_s1	0
myre_Myrmecia_s5	myrm_Ocymyrmex_s0	0
myre_Myrmecia_s5	myrm_Nesomyrmex_s0	0
myre_Myrmecia_s5	myrm_Cataulacus_s0	0
myre_Myrmecia_s5	myrm_Carebara_s0	0
myre_Myrmecia_s5	myrm_Cyphoidris_s0	0
myre_Myrmecia_s5	myrm_Tetramorium_s0	0
myre_Myrmecia_s5	myrm_Crematogaster_s1	0
myre_Myrmecia_s5	myrm_Adlerzia_s0	0
myre_Myrmecia_s5	myrm_Pristomyrmex_s0	0
myre_Myrmecia_s5	myrm_Poecilomyrma_s0	0
myre_Myrmecia_s5	myrm_Vombisidris_s0	0
myre_Myrmecia_s5	myrm_Harpagoxenus_s0	0
myre_Myrmecia_s5	ocym_Ocymyrmex_s1	0
myre_Myrmecia_s5	pogo_Pogonomyrmex_s1	0
myre_Myrmecia_s5	pogo_Pogonomyrmex_s2	0
myre_Myrmecia_s5	pogo_Pogonomyrmex_s3	0
myre_Myrmecia_s5	pogo_Pogonomyrmex_s4	0
myre_Myrmecia_s5	pseu2_Pseudomyrmex_s1	0
myre_Myrmecia_s5	seco_Dilobocondyla_s0	0
myre_Myrmecia_s5	seri_Sericomyrmex_s1	0
myre_Myrmecia_s5	sten_Novomessor_s0	0
myre_Myrmecia_s5	tapi_Tapinoma_s0	0
myre_Myrmecia_s5	temn_Temnothorax_s1	0
myre_Myrmecia_s5	temn_Temnothorax_s3	0
myre_Myrmecia_s5	temn_Temnothorax_s5	0
myre_Myrmecia_s5	temn_Temnothorax_s7	0
myre_Myrmecia_s5	temn_Temnothorax_s8	0
myre_Myrmecia_s5	vero_Veromessor_s1	0
myre_Myrmecia_s5	vero_Veromessor_s2	0
myre_Myrmecia_s6	myre_Myrmecia_s7	1
myre_Myrmecia_s6	myrm_Myrmica_s1	0
myre_Myrmecia_s6	myrm_Myrmica_s2	0
myre_Myrmecia_s6	myrm_Pogonomyrmex_s1	0
myre_Myrmecia_s6	myrm_Pogonomyrmex_s2	0
myre_Myrmecia_s6	myrm_Monomorium_s0	0
myre_Myrmecia_s6	myrm_Cyphomyrmex_s0	0
myre_Myrmecia_s6	myrm_Basiceros_s0	0
myre_Myrmecia_s6	myrm_Pheidole_s1	0
myre_Myrmecia_s6	myrm_Ocymyrmex_s0	0
myre_Myrmecia_s6	myrm_Nesomyrmex_s0	0
myre_Myrmecia_s6	myrm_Cataulacus_s0	0
myre_Myrmecia_s6	myrm_Carebara_s0	0
myre_Myrmecia_s6	myrm_Cyphoidris_s0	0
myre_Myrmecia_s6	myrm_Tetramorium_s0	0
myre_Myrmecia_s6	myrm_Crematogaster_s1	0
myre_Myrmecia_s6	myrm_Adlerzia_s0	0
myre_Myrmecia_s6	myrm_Pristomyrmex_s0	0
myre_Myrmecia_s6	myrm_Poecilomyrma_s0	0
myre_Myrmecia_s6	myrm_Vombisidris_s0	0
myre_Myrmecia_s6	myrm_Harpagoxenus_s0	0
myre_Myrmecia_s6	ocym_Ocymyrmex_s1	0
myre_Myrmecia_s6	pogo_Pogonomyrmex_s1	0
myre_Myrmecia_s6	pogo_Pogonomyrmex_s2	0
myre_Myrmecia_s6	pogo_Pogonomyrmex_s3	0
myre_Myrmecia_s6	pogo_Pogonomyrmex_s4	0
myre_Myrmecia_s6	pseu2_Pseudomyrmex_s1	0
myre_Myrmecia_s6	seco_Dilobocondyla_s0	0
myre_Myrmecia_s6	seri_Sericomyrmex_s1	0
myre_Myrmecia_s6	sten_Novomessor_s0	0
myre_Myrmecia_s6	tapi_Tapinoma_s0	0
myre_Myrmecia_s6	temn_Temnothorax_s1	0
myre_Myrmecia_s6	temn_Temnothorax_s3	0
myre_Myrmecia_s6	temn_Temnothorax_s5	0
myre_Myrmecia_s6	temn_Temnothorax_s7	0
myre_Myrmecia_s6	temn_Temnothorax_s8	0
myre_Myrmecia_s6	vero_Veromessor_s1	0
myre_Myrmecia_s6	vero_Veromessor_s2	0
myre_Myrmecia_s7	myrm_Myrmica_s1	0
myre_Myrmecia_s7	myrm_Myrmica_s2	0
myre_Myrmecia_s7	myrm_Pogonomyrmex_s1	0
myre_Myrmecia_s7	myrm_Pogonomyrmex_s2	0
myre_Myrmecia_s7	myrm_Monomorium_s0	0
myre_Myrmecia_s7	myrm_Cyphomyrmex_s0	0
myre_Myrmecia_s7	myrm_Basiceros_s0	0
myre_Myrmecia_s7	myrm_Pheidole_s1	0
myre_Myrmecia_s7	myrm_Ocymyrmex_s0	0
myre_Myrmecia_s7	myrm_Nesomyrmex_s0	0
myre_Myrmecia_s7	myrm_Cataulacus_s0	0
myre_Myrmecia_s7	myrm_Carebara_s0	0
myre_Myrmecia_s7	myrm_Cyphoidris_s0	0
myre_Myrmecia_s7	myrm_Tetramorium_s0	0
myre_Myrmecia_s7	myrm_Crematogaster_s1	0
myre_Myrmecia_s7	myrm_Adlerzia_s0	0
myre_Myrmecia_s7	myrm_Pristomyrmex_s0	0
myre_Myrmecia_s7	myrm_Poecilomyrma_s0	0
myre_Myrmecia_s7	myrm_Vombisidris_s0	0
myre_Myrmecia_s7	myrm_Harpagoxenus_s0	0
myre_Myrmecia_s7	ocym_Ocymyrmex_s1	0
myre_Myrmecia_s7	pogo_Pogonomyrmex_s1	0
myre_Myrmecia_s7	pogo_Pogonomyrmex_s2	0
myre_Myrmecia_s7	pogo_Pogonomyrmex_s3	0
myre_Myrmecia_s7	pogo_Pogonomyrmex_s4	0
myre_Myrmecia_s7	pseu2_Pseudomyrmex_s1	0
myre_Myrmecia_s7	seco_Dilobocondyla_s0	0
myre_Myrmecia_s7	seri_Sericomyrmex_s1	0
myre_Myrmecia_s7	sten_Novomessor_s0	0
myre_Myrmecia_s7	tapi_Tapinoma_s0	0
myre_Myrmecia_s7	temn_Temnothorax_s1	0
myre_Myrmecia_s7	temn_Temnothorax_s3	0
myre_Myrmecia_s7	temn_Temnothorax_s5	0
myre_Myrmecia_s7	temn_Temnothorax_s7	0
myre_Myrmecia_s7	temn_Temnothorax_s8	0
myre_Myrmecia_s7	vero_Veromessor_s1	0
myre_Myrmecia_s7	vero_Veromessor_s2	0
myrm_Myrmica_s1	myrm_Myrmica_s2	0
myrm_Myrmica_s1	myrm_Pogonomyrmex_s1	0
myrm_Myrmica_s1	myrm_Pogonomyrmex_s2	0
myrm_Myrmica_s1	myrm_Monomorium_s0	0
myrm_Myrmica_s1	myrm_Cyphomyrmex_s0	0
myrm_Myrmica_s1	myrm_Basiceros_s0	0
myrm_Myrmica_s1	myrm_Pheidole_s1	0
myrm_Myrmica_s1	myrm_Ocymyrmex_s0	0
myrm_Myrmica_s1	myrm_Nesomyrmex_s0	0
myrm_Myrmica_s1	myrm_Cataulacus_s0	0
myrm_Myrmica_s1	myrm_Carebara_s0	0
myrm_Myrmica_s1	myrm_Cyphoidris_s0	0
myrm_Myrmica_s1	myrm_Tetramorium_s0	0
myrm_Myrmica_s1	myrm_Crematogaster_s1	0
myrm_Myrmica_s1	myrm_Adlerzia_s0	0
myrm_Myrmica_s1	myrm_Pristomyrmex_s0	0
myrm_Myrmica_s1	myrm_Poecilomyrma_s0	0
myrm_Myrmica_s1	myrm_Vombisidris_s0	0
myrm_Myrmica_s1	myrm_Harpagoxenus_s0	0
myrm_Myrmica_s1	ocym_Ocymyrmex_s1	0
myrm_Myrmica_s1	pogo_Pogonomyrmex_s1	0
myrm_Myrmica_s1	pogo_Pogonomyrmex_s2	0
myrm_Myrmica_s1	pogo_Pogonomyrmex_s3	0
myrm_Myrmica_s1	pogo_Pogonomyrmex_s4	0
myrm_Myrmica_s1	pseu2_Pseudomyrmex_s1	0
myrm_Myrmica_s1	seco_Dilobocondyla_s0	0
myrm_Myrmica_s1	seri_Sericomyrmex_s1	0
myrm_Myrmica_s1	sten_Novomessor_s0	0
myrm_Myrmica_s1	tapi_Tapinoma_s0	0
myrm_Myrmica_s1	temn_Temnothorax_s1	0
myrm_Myrmica_s1	temn_Temnothorax_s3	0
myrm_Myrmica_s1	temn_Temnothorax_s5	0
myrm_Myrmica_s1	temn_Temnothorax_s7	0
myrm_Myrmica_s1	temn_Temnothorax_s8	0
myrm_Myrmica_s1	vero_Veromessor_s1	0
myrm_Myrmica_s1	vero_Veromessor_s2	0
myrm_Myrmica_s2	myrm_Pogonomyrmex_s1	0
myrm_Myrmica_s2	myrm_Pogonomyrmex_s2	0
myrm_Myrmica_s2	myrm_Monomorium_s0	0
myrm_Myrmica_s2	myrm_Cyphomyrmex_s0	0
myrm_Myrmica_s2	myrm_Basiceros_s0	0
myrm_Myrmica_s2	myrm_Pheidole_s1	0
myrm_Myrmica_s2	myrm_Ocymyrmex_s0	0
myrm_Myrmica_s2	myrm_Nesomyrmex_s0	0
myrm_Myrmica_s2	myrm_Cataulacus_s0	0
myrm_Myrmica_s2	myrm_Carebara_s0	0
myrm_Myrmica_s2	myrm_Cyphoidris_s0	0
myrm_Myrmica_s2	myrm_Tetramorium_s0	0
myrm_Myrmica_s2	myrm_Crematogaster_s1	0
myrm_Myrmica_s2	myrm_Adlerzia_s0	0
myrm_Myrmica_s2	myrm_Pristomyrmex_s0	0
myrm_Myrmica_s2	myrm_Poecilomyrma_s0	0
myrm_Myrmica_s2	myrm_Vombisidris_s0	0
myrm_Myrmica_s2	myrm_Harpagoxenus_s0	0
myrm_Myrmica_s2	ocym_Ocymyrmex_s1	0
myrm_Myrmica_s2	pogo_Pogonomyrmex_s1	0
myrm_Myrmica_s2	pogo_Pogonomyrmex_s2	0
myrm_Myrmica_s2	pogo_Pogonomyrmex_s3	0
myrm_Myrmica_s2	pogo_Pogonomyrmex_s4	0
myrm_Myrmica_s2	pseu2_Pseudomyrmex_s1	0
myrm_Myrmica_s2	seco_Dilobocondyla_s0	0
myrm_Myrmica_s2	seri_Sericomyrmex_s1	0
myrm_Myrmica_s2	sten_Novomessor_s0	0
myrm_Myrmica_s2	tapi_Tapinoma_s0	0
myrm_Myrmica_s2	temn_Temnothorax_s1	0
myrm_Myrmica_s2	temn_Temnothorax_s3	0
myrm_Myrmica_s2	temn_Temnothorax_s5	0
myrm_Myrmica_s2	temn_Temnothorax_s7	0
myrm_Myrmica_s2	temn_Temnothorax_s8	0
myrm_Myrmica_s2	vero_Veromessor_s1	0
myrm_Myrmica_s2	vero_Veromessor_s2	0
myrm_Pogonomyrmex_s1	myrm_Pogonomyrmex_s2	0
myrm_Pogonomyrmex_s1	myrm_Monomorium_s0	0
myrm_Pogonomyrmex_s1	myrm_Cyphomyrmex_s0	0
myrm_Pogonomyrmex_s1	myrm_Basiceros_s0	0
myrm_Pogonomyrmex_s1	myrm_Pheidole_s1	0
myrm_Pogonomyrmex_s1	myrm_Ocymyrmex_s0	0
myrm_Pogonomyrmex_s1	myrm_Nesomyrmex_s0	0
myrm_Pogonomyrmex_s1	myrm_Cataulacus_s0	0
myrm_Pogonomyrmex_s1	myrm_Carebara_s0	0
myrm_Pogonomyrmex_s1	myrm_Cyphoidris_s0	0
myrm_Pogonomyrmex_s1	myrm_Tetramorium_s0	0
myrm_Pogonomyrmex_s1	myrm_Crematogaster_s1	0
myrm_Pogonomyrmex_s1	myrm_Adlerzia_s0	0
myrm_Pogonomyrmex_s1	myrm_Pristomyrmex_s0	0
myrm_Pogonomyrmex_s1	myrm_Poecilomyrma_s0	0
myrm_Pogonomyrmex_s1	myrm_Vombisidris_s0	0
myrm_Pogonomyrmex_s1	myrm_Harpagoxenus_s0	0
myrm_Pogonomyrmex_s1	ocym_Ocymyrmex_s1	0
myrm_Pogonomyrmex_s1	pogo_Pogonomyrmex_s1	0
myrm_Pogonomyrmex_s1	pogo_Pogonomyrmex_s2	1
myrm_Pogonomyrmex_s1	pogo_Pogonomyrmex_s3	0
myrm_Pogonomyrmex_s1	pogo_Pogonomyrmex_s4	0
myrm_Pogonomyrmex_s1	pseu2_Pseudomyrmex_s1	0
myrm_Pogonomyrmex_s1	seco_Dilobocondyla_s0	0
myrm_Pogonomyrmex_s1	seri_Sericomyrmex_s1	0
myrm_Pogonomyrmex_s1	sten_Novomessor_s0	0
myrm_Pogonomyrmex_s1	tapi_Tapinoma_s0	0
myrm_Pogonomyrmex_s1	temn_Temnothorax_s1	0
myrm_Pogonomyrmex_s1	temn_Temnothorax_s3	0
myrm_Pogonomyrmex_s1	temn_Temnothorax_s5	0
myrm_Pogonomyrmex_s1	temn_Temnothorax_s7	0
myrm_Pogonomyrmex_s1	temn_Temnothorax_s8	0
myrm_Pogonomyrmex_s1	vero_Veromessor_s1	0
myrm_Pogonomyrmex_s1	vero_Veromessor_s2	0
myrm_Pogonomyrmex_s2	myrm_Monomorium_s0	0
myrm_Pogonomyrmex_s2	myrm_Cyphomyrmex_s0	0
myrm_Pogonomyrmex_s2	myrm_Basiceros_s0	0
myrm_Pogonomyrmex_s2	myrm_Pheidole_s1	0
myrm_Pogonomyrmex_s2	myrm_Ocymyrmex_s0	0
myrm_Pogonomyrmex_s2	myrm_Nesomyrmex_s0	0
myrm_Pogonomyrmex_s2	myrm_Cataulacus_s0	0
myrm_Pogonomyrmex_s2	myrm_Carebara_s0	0
myrm_Pogonomyrmex_s2	myrm_Cyphoidris_s0	0
myrm_Pogonomyrmex_s2	myrm_Tetramorium_s0	0
myrm_Pogonomyrmex_s2	myrm_Crematogaster_s1	0
myrm_Pogonomyrmex_s2	myrm_Adlerzia_s0	0
myrm_Pogonomyrmex_s2	myrm_Pristomyrmex_s0	0
myrm_Pogonomyrmex_s2	myrm_Poecilomyrma_s0	0
myrm_Pogonomyrmex_s2	myrm_Vombisidris_s0	0
myrm_Pogonomyrmex_s2	myrm_Harpagoxenus_s0	0
myrm_Pogonomyrmex_s2	ocym_Ocymyrmex_s1	0
myrm_Pogonomyrmex_s2	pogo_Pogonomyrmex_s1	1
myrm_Pogonomyrmex_s2	pogo_Pogonomyrmex_s2	0
myrm_Pogonomyrmex_s2	pogo_Pogonomyrmex_s3	0
myrm_Pogonomyrmex_s2	pogo_Pogonomyrmex_s4	0
myrm_Pogonomyrmex_s2	pseu2_Pseudomyrmex_s1	0
myrm_Pogonomyrmex_s2	seco_Dilobocondyla_s0	0
myrm_Pogonomyrmex_s2	seri_Sericomyrmex_s1	0
myrm_Pogonomyrmex_s2	sten_Novomessor_s0	0
myrm_Pogonomyrmex_s2	tapi_Tapinoma_s0	0
myrm_Pogonomyrmex_s2	temn_Temnothorax_s1	0
myrm_Pogonomyrmex_s2	temn_Temnothorax_s3	0
myrm_Pogonomyrmex_s2	temn_Temnothorax_s5	0
myrm_Pogonomyrmex_s2	temn_Temnothorax_s7	0
myrm_Pogonomyrmex_s2	temn_Temnothorax_s8	0
myrm_Pogonomyrmex_s2	vero_Veromessor_s1	0
myrm_Pogonomyrmex_s2	vero_Veromessor_s2	0
myrm_Monomorium_s0	myrm_Cyphomyrmex_s0	0
myrm_Monomorium_s0	myrm_Basiceros_s0	0
myrm_Monomorium_s0	myrm_Pheidole_s1	0
myrm_Monomorium_s0	myrm_Ocymyrmex_s0	0
myrm_Monomorium_s0	myrm_Nesomyrmex_s0	0
myrm_Monomorium_s0	myrm_Cataulacus_s0	0
myrm_Monomorium_s0	myrm_Carebara_s0	0
myrm_Monomorium_s0	myrm_Cyphoidris_s0	0
myrm_Monomorium_s0	myrm_Tetramorium_s0	0
myrm_Monomorium_s0	myrm_Crematogaster_s1	0
myrm_Monomorium_s0	myrm_Adlerzia_s0	0
myrm_Monomorium_s0	myrm_Pristomyrmex_s0	0
myrm_Monomorium_s0	myrm_Poecilomyrma_s0	0
myrm_Monomorium_s0	myrm_Vombisidris_s0	0
myrm_Monomorium_s0	myrm_Harpagoxenus_s0	0
myrm_Monomorium_s0	ocym_Ocymyrmex_s1	0
myrm_Monomorium_s0	pogo_Pogonomyrmex_s1	0
myrm_Monomorium_s0	pogo_Pogonomyrmex_s2	0
myrm_Monomorium_s0	pogo_Pogonomyrmex_s3	0
myrm_Monomorium_s0	pogo_Pogonomyrmex_s4	0
myrm_Monomorium_s0	pseu2_Pseudomyrmex_s1	0
myrm_Monomorium_s0	seco_Dilobocondyla_s0	0
myrm_Monomorium_s0	seri_Sericomyrmex_s1	0
myrm_Monomorium_s0	sten_Novomessor_s0	0
myrm_Monomorium_s0	tapi_Tapinoma_s0	0
myrm_Monomorium_s0	temn_Temnothorax_s1	0
myrm_Monomorium_s0	temn_Temnothorax_s3	0
myrm_Monomorium_s0	temn_Temnothorax_s5	0
myrm_Monomorium_s0	temn_Temnothorax_s7	0
myrm_Monomorium_s0	temn_Temnothorax_s8	0
myrm_Monomorium_s0	vero_Veromessor_s1	0
myrm_Monomorium_s0	vero_Veromessor_s2	0
myrm_Cyphomyrmex_s0	myrm_Basiceros_s0	0
myrm_Cyphomyrmex_s0	myrm_Pheidole_s1	0
myrm_Cyphomyrmex_s0	myrm_Ocymyrmex_s0	0
myrm_Cyphomyrmex_s0	myrm_Nesomyrmex_s0	0
myrm_Cyphomyrmex_s0	myrm_Cataulacus_s0	0
myrm_Cyphomyrmex_s0	myrm_Carebara_s0	0
myrm_Cyphomyrmex_s0	myrm_Cyphoidris_s0	0
myrm_Cyphomyrmex_s0	myrm_Tetramorium_s0	0
myrm_Cyphomyrmex_s0	myrm_Crematogaster_s1	0
myrm_Cyphomyrmex_s0	myrm_Adlerzia_s0	0
myrm_Cyphomyrmex_s0	myrm_Pristomyrmex_s0	0
myrm_Cyphomyrmex_s0	myrm_Poecilomyrma_s0	0
myrm_Cyphomyrmex_s0	myrm_Vombisidris_s0	0
myrm_Cyphomyrmex_s0	myrm_Harpagoxenus_s0	0
myrm_Cyphomyrmex_s0	ocym_Ocymyrmex_s1	0
myrm_Cyphomyrmex_s0	pogo_Pogonomyrmex_s1	0
myrm_Cyphomyrmex_s0	pogo_Pogonomyrmex_s2	0
myrm_Cyphomyrmex_s0	pogo_Pogonomyrmex_s3	0
myrm_Cyphomyrmex_s0	pogo_Pogonomyrmex_s4	0
myrm_Cyphomyrmex_s0	pseu2_Pseudomyrmex_s1	0
myrm_Cyphomyrmex_s0	seco_Dilobocondyla_s0	0
myrm_Cyphomyrmex_s0	seri_Sericomyrmex_s1	0
myrm_Cyphomyrmex_s0	sten_Novomessor_s0	0
myrm_Cyphomyrmex_s0	tapi_Tapinoma_s0	0
myrm_Cyphomyrmex_s0	temn_Temnothorax_s1	0
myrm_Cyphomyrmex_s0	temn_Temnothorax_s3	0
myrm_Cyphomyrmex_s0	temn_Temnothorax_s5	0
myrm_Cyphomyrmex_s0	temn_Temnothorax_s7	0
myrm_Cyphomyrmex_s0	temn_Temnothorax_s8	0
myrm_Cyphomyrmex_s0	vero_Veromessor_s1	0
myrm_Cyphomyrmex_s0	vero_Veromessor_s2	0
myrm_Basiceros_s0	myrm_Pheidole_s1	0
myrm_Basiceros_s0	myrm_Ocymyrmex_s0	0
myrm_Basiceros_s0	myrm_Nesomyrmex_s0	0
myrm_Basiceros_s0	myrm_Cataulacus_s0	0
myrm_Basiceros_s0	myrm_Carebara_s0	0
myrm_Basiceros_s0	myrm_Cyphoidris_s0	0
myrm_Basiceros_s0	myrm_Tetramorium_s0	0
myrm_Basiceros_s0	myrm_Crematogaster_s1	0
myrm_Basiceros_s0	myrm_Adlerzia_s0	0
myrm_Basiceros_s0	myrm_Pristomyrmex_s0	0
myrm_Basiceros_s0	myrm_Poecilomyrma_s0	0
myrm_Basiceros_s0	myrm_Vombisidris_s0	0
myrm_Basiceros_s0	myrm_Harpagoxenus_s0	0
myrm_Basiceros_s0	ocym_Ocymyrmex_s1	0
myrm_Basiceros_s0	pogo_Pogonomyrmex_s1	0
myrm_Basiceros_s0	pogo_Pogonomyrmex_s2	0
myrm_Basiceros_s0	pogo_Pogonomyrmex_s3	0
myrm_Basiceros_s0	pogo_Pogonomyrmex_s4	0
myrm_Basiceros_s0	pseu2_Pseudomyrmex_s1	0
myrm_Basiceros_s0	seco_Dilobocondyla_s0	0
myrm_Basiceros_s0	seri_Sericomyrmex_s1	0
myrm_Basiceros_s0	sten_Novomessor_s0	0
myrm_Basiceros_s0	tapi_Tapinoma_s0	0
myrm_Basiceros_s0	temn_Temnothorax_s1	0
myrm_Basiceros_s0	temn_Temnothorax_s3	0
myrm_Basiceros_s0	temn_Temnothorax_s5	0
myrm_Basiceros_s0	temn_Temnothorax_s7	0
myrm_Basiceros_s0	temn_Temnothorax_s8	0
myrm_Basiceros_s0	vero_Veromessor_s1	0
myrm_Basiceros_s0	vero_Veromessor_s2	0
myrm_Pheidole_s1	myrm_Ocymyrmex_s0	0
myrm_Pheidole_s1	myrm_Nesomyrmex_s0	0
myrm_Pheidole_s1	myrm_Cataulacus_s0	0
myrm_Pheidole_s1	myrm_Carebara_s0	0
myrm_Pheidole_s1	myrm_Cyphoidris_s0	0
myrm_Pheidole_s1	myrm_Tetramorium_s0	0
myrm_Pheidole_s1	myrm_Crematogaster_s1	0
myrm_Pheidole_s1	myrm_Adlerzia_s0	0
myrm_Pheidole_s1	myrm_Pristomyrmex_s0	0
myrm_Pheidole_s1	myrm_Poecilomyrma_s0	0
myrm_Pheidole_s1	myrm_Vombisidris_s0	0
myrm_Pheidole_s1	myrm_Harpagoxenus_s0	0
myrm_Pheidole_s1	ocym_Ocymyrmex_s1	0
myrm_Pheidole_s1	pogo_Pogonomyrmex_s1	0
myrm_Pheidole_s1	pogo_Pogonomyrmex_s2	0
myrm_Pheidole_s1	pogo_Pogonomyrmex_s3	0
myrm_Pheidole_s1	pogo_Pogonomyrmex_s4	0
myrm_Pheidole_s1	pseu2_Pseudomyrmex_s1	0
myrm_Pheidole_s1	seco_Dilobocondyla_s0	0
myrm_Pheidole_s1	seri_Sericomyrmex_s1	0
myrm_Pheidole_s1	sten_Novomessor_s0	0
myrm_Pheidole_s1	tapi_Tapinoma_s0	0
myrm_Pheidole_s1	temn_Temnothorax_s1	0
myrm_Pheidole_s1	temn_Temnothorax_s3	0
myrm_Pheidole_s1	temn_Temnothorax_s5	0
myrm_Pheidole_s1	temn_Temnothorax_s7	0
myrm_Pheidole_s1	temn_Temnothorax_s8	0
myrm_Pheidole_s1	vero_Veromessor_s1	0
myrm_Pheidole_s1	vero_Veromessor_s2	0
myrm_Ocymyrmex_s0	myrm_Nesomyrmex_s0	0
myrm_Ocymyrmex_s0	myrm_Cataulacus_s0	0
myrm_Ocymyrmex_s0	myrm_Carebara_s0	0
myrm_Ocymyrmex_s0	myrm_Cyphoidris_s0	0
myrm_Ocymyrmex_s0	myrm_Tetramorium_s0	0
myrm_Ocymyrmex_s0	myrm_Crematogaster_s1	0
myrm_Ocymyrmex_s0	myrm_Adlerzia_s0	0
myrm_Ocymyrmex_s0	myrm_Pristomyrmex_s0	0
myrm_Ocymyrmex_s0	myrm_Poecilomyrma_s0	0
myrm_Ocymyrmex_s0	myrm_Vombisidris_s0	0
myrm_Ocymyrmex_s0	myrm_Harpagoxenus_s0	0
myrm_Ocymyrmex_s0	ocym_Ocymyrmex_s1	0
myrm_Ocymyrmex_s0	pogo_Pogonomyrmex_s1	0
myrm_Ocymyrmex_s0	pogo_Pogonomyrmex_s2	0
myrm_Ocymyrmex_s0	pogo_Pogonomyrmex_s3	0
myrm_Ocymyrmex_s0	pogo_Pogonomyrmex_s4	0
myrm_Ocymyrmex_s0	pseu2_Pseudomyrmex_s1	0
myrm_Ocymyrmex_s0	seco_Dilobocondyla_s0	0
myrm_Ocymyrmex_s0	seri_Sericomyrmex_s1	0
myrm_Ocymyrmex_s0	sten_Novomessor_s0	0
myrm_Ocymyrmex_s0	tapi_Tapinoma_s0	0
myrm_Ocymyrmex_s0	temn_Temnothorax_s1	0
myrm_Ocymyrmex_s0	temn_Temnothorax_s3	0
myrm_Ocymyrmex_s0	temn_Temnothorax_s5	0
myrm_Ocymyrmex_s0	temn_Temnothorax_s7	0
myrm_Ocymyrmex_s0	temn_Temnothorax_s8	0
myrm_Ocymyrmex_s0	vero_Veromessor_s1	0
myrm_Ocymyrmex_s0	vero_Veromessor_s2	0
myrm_Nesomyrmex_s0	myrm_Cataulacus_s0	0
myrm_Nesomyrmex_s0	myrm_Carebara_s0	0
myrm_Nesomyrmex_s0	myrm_Cyphoidris_s0	0
myrm_Nesomyrmex_s0	myrm_Tetramorium_s0	0
myrm_Nesomyrmex_s0	myrm_Crematogaster_s1	0
myrm_Nesomyrmex_s0	myrm_Adlerzia_s0	0
myrm_Nesomyrmex_s0	myrm_Pristomyrmex_s0	0
myrm_Nesomyrmex_s0	myrm_Poecilomyrma_s0	0
myrm_Nesomyrmex_s0	myrm_Vombisidris_s0	0
myrm_Nesomyrmex_s0	myrm_Harpagoxenus_s0	0
myrm_Nesomyrmex_s0	ocym_Ocymyrmex_s1	0
myrm_Nesomyrmex_s0	pogo_Pogonomyrmex_s1	0
myrm_Nesomyrmex_s0	pogo_Pogonomyrmex_s2	0
myrm_Nesomyrmex_s0	pogo_Pogonomyrmex_s3	0
myrm_Nesomyrmex_s0	pogo_Pogonomyrmex_s4	0
myrm_Nesomyrmex_s0	pseu2_Pseudomyrmex_s1	0
myrm_Nesomyrmex_s0	seco_Dilobocondyla_s0	0
myrm_Nesomyrmex_s0	seri_Sericomyrmex_s1	0
myrm_Nesomyrmex_s0	sten_Novomessor_s0	0
myrm_Nesomyrmex_s0	tapi_Tapinoma_s0	0
myrm_Nesomyrmex_s0	temn_Temnothorax_s1	0
myrm_Nesomyrmex_s0	temn_Temnothorax_s3	0
myrm_Nesomyrmex_s0	temn_Temnothorax_s5	0
myrm_Nesomyrmex_s0	temn_Temnothorax_s7	0
myrm_Nesomyrmex_s0	temn_Temnothorax_s8	0
myrm_Nesomyrmex_s0	vero_Veromessor_s1	0
myrm_Nesomyrmex_s0	vero_Veromessor_s2	0
myrm_Cataulacus_s0	myrm_Carebara_s0	0
myrm_Cataulacus_s0	myrm_Cyphoidris_s0	0
myrm_Cataulacus_s0	myrm_Tetramorium_s0	0
myrm_Cataulacus_s0	myrm_Crematogaster_s1	0
myrm_Cataulacus_s0	myrm_Adlerzia_s0	0
myrm_Cataulacus_s0	myrm_Pristomyrmex_s0	0
myrm_Cataulacus_s0	myrm_Poecilomyrma_s0	0
myrm_Cataulacus_s0	myrm_Vombisidris_s0	0
myrm_Cataulacus_s0	myrm_Harpagoxenus_s0	0
myrm_Cataulacus_s0	ocym_Ocymyrmex_s1	0
myrm_Cataulacus_s0	pogo_Pogonomyrmex_s1	0
myrm_Cataulacus_s0	pogo_Pogonomyrmex_s2	0
myrm_Cataulacus_s0	pogo_Pogonomyrmex_s3	0
myrm_Cataulacus_s0	pogo_Pogonomyrmex_s4	0
myrm_Cataulacus_s0	pseu2_Pseudomyrmex_s1	0
myrm_Cataulacus_s0	seco_Dilobocondyla_s0	0
myrm_Cataulacus_s0	seri_Sericomyrmex_s1	0
myrm_Cataulacus_s0	sten_Novomessor_s0	0
myrm_Cataulacus_s0	tapi_Tapinoma_s0	0
myrm_Cataulacus_s0	temn_Temnothorax_s1	0
myrm_Cataulacus_s0	temn_Temnothorax_s3	0
myrm_Cataulacus_s0	temn_Temnothorax_s5	0
myrm_Cataulacus_s0	temn_Temnothorax_s7	0
myrm_Cataulacus_s0	temn_Temnothorax_s8	0
myrm_Cataulacus_s0	vero_Veromessor_s1	0
myrm_Cataulacus_s0	vero_Veromessor_s2	0
myrm_Carebara_s0	myrm_Cyphoidris_s0	0
myrm_Carebara_s0	myrm_Tetramorium_s0	0
myrm_Carebara_s0	myrm_Crematogaster_s1	0
myrm_Carebara_s0	myrm_Adlerzia_s0	0
myrm_Carebara_s0	myrm_Pristomyrmex_s0	0
myrm_Carebara_s0	myrm_Poecilomyrma_s0	0
myrm_Carebara_s0	myrm_Vombisidris_s0	0
myrm_Carebara_s0	myrm_Harpagoxenus_s0	0
myrm_Carebara_s0	ocym_Ocymyrmex_s1	0
myrm_Carebara_s0	pogo_Pogonomyrmex_s1	0
myrm_Carebara_s0	pogo_Pogonomyrmex_s2	0
myrm_Carebara_s0	pogo_Pogonomyrmex_s3	0
myrm_Carebara_s0	pogo_Pogonomyrmex_s4	0
myrm_Carebara_s0	pseu2_Pseudomyrmex_s1	0
myrm_Carebara_s0	seco_Dilobocondyla_s0	0
myrm_Carebara_s0	seri_Sericomyrmex_s1	0
myrm_Carebara_s0	sten_Novomessor_s0	0
myrm_Carebara_s0	tapi_Tapinoma_s0	0
myrm_Carebara_s0	temn_Temnothorax_s1	0
myrm_Carebara_s0	temn_Temnothorax_s3	0
myrm_Carebara_s0	temn_Temnothorax_s5	0
myrm_Carebara_s0	temn_Temnothorax_s7	0
myrm_Carebara_s0	temn_Temnothorax_s8	0
myrm_Carebara_s0	vero_Veromessor_s1	0
myrm_Carebara_s0	vero_Veromessor_s2	0
myrm_Cyphoidris_s0	myrm_Tetramorium_s0	0
myrm_Cyphoidris_s0	myrm_Crematogaster_s1	0
myrm_Cyphoidris_s0	myrm_Adlerzia_s0	0
myrm_Cyphoidris_s0	myrm_Pristomyrmex_s0	0
myrm_Cyphoidris_s0	myrm_Poecilomyrma_s0	0
myrm_Cyphoidris_s0	myrm_Vombisidris_s0	0
myrm_Cyphoidris_s0	myrm_Harpagoxenus_s0	0
myrm_Cyphoidris_s0	ocym_Ocymyrmex_s1	0
myrm_Cyphoidris_s0	pogo_Pogonomyrmex_s1	0
myrm_Cyphoidris_s0	pogo_Pogonomyrmex_s2	0
myrm_Cyphoidris_s0	pogo_Pogonomyrmex_s3	0
myrm_Cyphoidris_s0	pogo_Pogonomyrmex_s4	0
myrm_Cyphoidris_s0	pseu2_Pseudomyrmex_s1	0
myrm_Cyphoidris_s0	seco_Dilobocondyla_s0	0
myrm_Cyphoidris_s0	seri_Sericomyrmex_s1	0
myrm_Cyphoidris_s0	sten_Novomessor_s0	0
myrm_Cyphoidris_s0	tapi_Tapinoma_s0	0
myrm_Cyphoidris_s0	temn_Temnothorax_s1	0
myrm_Cyphoidris_s0	temn_Temnothorax_s3	0
myrm_Cyphoidris_s0	temn_Temnothorax_s5	0
myrm_Cyphoidris_s0	temn_Temnothorax_s7	0
myrm_Cyphoidris_s0	temn_Temnothorax_s8	0
myrm_Cyphoidris_s0	vero_Veromessor_s1	0
myrm_Cyphoidris_s0	vero_Veromessor_s2	0
myrm_Tetramorium_s0	myrm_Crematogaster_s1	0
myrm_Tetramorium_s0	myrm_Adlerzia_s0	0
myrm_Tetramorium_s0	myrm_Pristomyrmex_s0	0
myrm_Tetramorium_s0	myrm_Poecilomyrma_s0	0
myrm_Tetramorium_s0	myrm_Vombisidris_s0	0
myrm_Tetramorium_s0	myrm_Harpagoxenus_s0	0
myrm_Tetramorium_s0	ocym_Ocymyrmex_s1	0
myrm_Tetramorium_s0	pogo_Pogonomyrmex_s1	0
myrm_Tetramorium_s0	pogo_Pogonomyrmex_s2	0
myrm_Tetramorium_s0	pogo_Pogonomyrmex_s3	0
myrm_Tetramorium_s0	pogo_Pogonomyrmex_s4	0
myrm_Tetramorium_s0	pseu2_Pseudomyrmex_s1	0
myrm_Tetramorium_s0	seco_Dilobocondyla_s0	0
myrm_Tetramorium_s0	seri_Sericomyrmex_s1	0
myrm_Tetramorium_s0	sten_Novomessor_s0	0
myrm_Tetramorium_s0	tapi_Tapinoma_s0	0
myrm_Tetramorium_s0	temn_Temnothorax_s1	0
myrm_Tetramorium_s0	temn_Temnothorax_s3	0
myrm_Tetramorium_s0	temn_Temnothorax_s5	0
myrm_Tetramorium_s0	temn_Temnothorax_s7	0
myrm_Tetramorium_s0	temn_Temnothorax_s8	0
myrm_Tetramorium_s0	vero_Veromessor_s1	0
myrm_Tetramorium_s0	vero_Veromessor_s2	0
myrm_Crematogaster_s1	myrm_Adlerzia_s0	0
myrm_Crematogaster_s1	myrm_Pristomyrmex_s0	0
myrm_Crematogaster_s1	myrm_Poecilomyrma_s0	0
myrm_Crematogaster_s1	myrm_Vombisidris_s0	0
myrm_Crematogaster_s1	myrm_Harpagoxenus_s0	0
myrm_Crematogaster_s1	ocym_Ocymyrmex_s1	0
myrm_Crematogaster_s1	pogo_Pogonomyrmex_s1	0
myrm_Crematogaster_s1	pogo_Pogonomyrmex_s2	0
myrm_Crematogaster_s1	pogo_Pogonomyrmex_s3	0
myrm_Crematogaster_s1	pogo_Pogonomyrmex_s4	0
myrm_Crematogaster_s1	pseu2_Pseudomyrmex_s1	0
myrm_Crematogaster_s1	seco_Dilobocondyla_s0	0
myrm_Crematogaster_s1	seri_Sericomyrmex_s1	0
myrm_Crematogaster_s1	sten_Novomessor_s0	0
myrm_Crematogaster_s1	tapi_Tapinoma_s0	0
myrm_Crematogaster_s1	temn_Temnothorax_s1	0
myrm_Crematogaster_s1	temn_Temnothorax_s3	0
myrm_Crematogaster_s1	temn_Temnothorax_s5	0
myrm_Crematogaster_s1	temn_Temnothorax_s7	0
myrm_Crematogaster_s1	temn_Temnothorax_s8	0
myrm_Crematogaster_s1	vero_Veromessor_s1	0
myrm_Crematogaster_s1	vero_Veromessor_s2	0
myrm_Adlerzia_s0	myrm_Pristomyrmex_s0	0
myrm_Adlerzia_s0	myrm_Poecilomyrma_s0	0
myrm_Adlerzia_s0	myrm_Vombisidris_s0	0
myrm_Adlerzia_s0	myrm_Harpagoxenus_s0	0
myrm_Adlerzia_s0	ocym_Ocymyrmex_s1	0
myrm_Adlerzia_s0	pogo_Pogonomyrmex_s1	0
myrm_Adlerzia_s0	pogo_Pogonomyrmex_s2	0
myrm_Adlerzia_s0	pogo_Pogonomyrmex_s3	0
myrm_Adlerzia_s0	pogo_Pogonomyrmex_s4	0
myrm_Adlerzia_s0	pseu2_Pseudomyrmex_s1	0
myrm_Adlerzia_s0	seco_Dilobocondyla_s0	0
myrm_Adlerzia_s0	seri_Sericomyrmex_s1	0
myrm_Adlerzia_s0	sten_Novomessor_s0	0
myrm_Adlerzia_s0	tapi_Tapinoma_s0	0
myrm_Adlerzia_s0	temn_Temnothorax_s1	0
myrm_Adlerzia_s0	temn_Temnothorax_s3	0
myrm_Adlerzia_s0	temn_Temnothorax_s5	0
myrm_Adlerzia_s0	temn_Temnothorax_s7	0
myrm_Adlerzia_s0	temn_Temnothorax_s8	0
myrm_Adlerzia_s0	vero_Veromessor_s1	0
myrm_Adlerzia_s0	vero_Veromessor_s2	0
myrm_Pristomyrmex_s0	myrm_Poecilomyrma_s0	0
myrm_Pristomyrmex_s0	myrm_Vombisidris_s0	0
myrm_Pristomyrmex_s0	myrm_Harpagoxenus_s0	0
myrm_Pristomyrmex_s0	ocym_Ocymyrmex_s1	0
myrm_Pristomyrmex_s0	pogo_Pogonomyrmex_s1	0
myrm_Pristomyrmex_s0	pogo_Pogonomyrmex_s2	0
myrm_Pristomyrmex_s0	pogo_Pogonomyrmex_s3	0
myrm_Pristomyrmex_s0	pogo_Pogonomyrmex_s4	0
myrm_Pristomyrmex_s0	pseu2_Pseudomyrmex_s1	0
myrm_Pristomyrmex_s0	seco_Dilobocondyla_s0	0
myrm_Pristomyrmex_s0	seri_Sericomyrmex_s1	0
myrm_Pristomyrmex_s0	sten_Novomessor_s0	0
myrm_Pristomyrmex_s0	tapi_Tapinoma_s0	0
myrm_Pristomyrmex_s0	temn_Temnothorax_s1	0
myrm_Pristomyrmex_s0	temn_Temnothorax_s3	0
myrm_Pristomyrmex_s0	temn_Temnothorax_s5	0
myrm_Pristomyrmex_s0	temn_Temnothorax_s7	0
myrm_Pristomyrmex_s0	temn_Temnothorax_s8	0
myrm_Pristomyrmex_s0	vero_Veromessor_s1	0
myrm_Pristomyrmex_s0	vero_Veromessor_s2	0
myrm_Poecilomyrma_s0	myrm_Vombisidris_s0	0
myrm_Poecilomyrma_s0	myrm_Harpagoxenus_s0	0
myrm_Poecilomyrma_s0	ocym_Ocymyrmex_s1	0
myrm_Poecilomyrma_s0	pogo_Pogonomyrmex_s1	0
myrm_Poecilomyrma_s0	pogo_Pogonomyrmex_s2	0
myrm_Poecilomyrma_s0	pogo_Pogonomyrmex_s3	0
myrm_Poecilomyrma_s0	pogo_Pogonomyrmex_s4	0
myrm_Poecilomyrma_s0	pseu2_Pseudomyrmex_s1	0
myrm_Poecilomyrma_s0	seco_Dilobocondyla_s0	0
myrm_Poecilomyrma_s0	seri_Sericomyrmex_s1	0
myrm_Poecilomyrma_s0	sten_Novomessor_s0	0
myrm_Poecilomyrma_s0	tapi_Tapinoma_s0	0
myrm_Poecilomyrma_s0	temn_Temnothorax_s1	0
myrm_Poecilomyrma_s0	temn_Temnothorax_s3	0
myrm_Poecilomyrma_s0	temn_Temnothorax_s5	0
myrm_Poecilomyrma_s0	temn_Temnothorax_s7	0
myrm_Poecilomyrma_s0	temn_Temnothorax_s8	0
myrm_Poecilomyrma_s0	vero_Veromessor_s1	0
myrm_Poecilomyrma_s0	vero_Veromessor_s2	0
myrm_Vombisidris_s0	myrm_Harpagoxenus_s0	0
myrm_Vombisidris_s0	ocym_Ocymyrmex_s1	0
myrm_Vombisidris_s0	pogo_Pogonomyrmex_s1	0
myrm_Vombisidris_s0	pogo_Pogonomyrmex_s2	0
myrm_Vombisidris_s0	pogo_Pogonomyrmex_s3	0
myrm_Vombisidris_s0	pogo_Pogonomyrmex_s4	0
myrm_Vombisidris_s0	pseu2_Pseudomyrmex_s1	0
myrm_Vombisidris_s0	seco_Dilobocondyla_s0	0
myrm_Vombisidris_s0	seri_Sericomyrmex_s1	0
myrm_Vombisidris_s0	sten_Novomessor_s0	0
myrm_Vombisidris_s0	tapi_Tapinoma_s0	0
myrm_Vombisidris_s0	temn_Temnothorax_s1	0
myrm_Vombisidris_s0	temn_Temnothorax_s3	0
myrm_Vombisidris_s0	temn_Temnothorax_s5	0
myrm_Vombisidris_s0	temn_Temnothorax_s7	0
myrm_Vombisidris_s0	temn_Temnothorax_s8	0
myrm_Vombisidris_s0	vero_Veromessor_s1	0
myrm_Vombisidris_s0	vero_Veromessor_s2	0
myrm_Harpagoxenus_s0	ocym_Ocymyrmex_s1	0
myrm_Harpagoxenus_s0	pogo_Pogonomyrmex_s1	0
myrm_Harpagoxenus_s0	pogo_Pogonomyrmex_s2	0
myrm_Harpagoxenus_s0	pogo_Pogonomyrmex_s3	0
myrm_Harpagoxenus_s0	pogo_Pogonomyrmex_s4	0
myrm_Harpagoxenus_s0	pseu2_Pseudomyrmex_s1	0
myrm_Harpagoxenus_s0	seco_Dilobocondyla_s0	0
myrm_Harpagoxenus_s0	seri_Sericomyrmex_s1	0
myrm_Harpagoxenus_s0	sten_Novomessor_s0	0
myrm_Harpagoxenus_s0	tapi_Tapinoma_s0	0
myrm_Harpagoxenus_s0	temn_Temnothorax_s1	0
myrm_Harpagoxenus_s0	temn_Temnothorax_s3	0
myrm_Harpagoxenus_s0	temn_Temnothorax_s5	0
myrm_Harpagoxenus_s0	temn_Temnothorax_s7	0
myrm_Harpagoxenus_s0	temn_Temnothorax_s8	0
myrm_Harpagoxenus_s0	vero_Veromessor_s1	0
myrm_Harpagoxenus_s0	vero_Veromessor_s2	0
ocym_Ocymyrmex_s1	pogo_Pogonomyrmex_s1	0
ocym_Ocymyrmex_s1	pogo_Pogonomyrmex_s2	0
ocym_Ocymyrmex_s1	pogo_Pogonomyrmex_s3	0
ocym_Ocymyrmex_s1	pogo_Pogonomyrmex_s4	0
ocym_Ocymyrmex_s1	pseu2_Pseudomyrmex_s1	0
ocym_Ocymyrmex_s1	seco_Dilobocondyla_s0	0
ocym_Ocymyrmex_s1	seri_Sericomyrmex_s1	0
ocym_Ocymyrmex_s1	sten_Novomessor_s0	0
ocym_Ocymyrmex_s1	tapi_Tapinoma_s0	0
ocym_Ocymyrmex_s1	temn_Temnothorax_s1	0
ocym_Ocymyrmex_s1	temn_Temnothorax_s3	0
ocym_Ocymyrmex_s1	temn_Temnothorax_s5	0
ocym_Ocymyrmex_s1	temn_Temnothorax_s7	0
ocym_Ocymyrmex_s1	temn_Temnothorax_s8	0
ocym_Ocymyrmex_s1	vero_Veromessor_s1	0
ocym_Ocymyrmex_s1	vero_Veromessor_s2	0
pogo_Pogonomyrmex_s1	pogo_Pogonomyrmex_s2	0
pogo_Pogonomyrmex_s1	pogo_Pogonomyrmex_s3	0
pogo_Pogonomyrmex_s1	pogo_Pogonomyrmex_s4	0
pogo_Pogonomyrmex_s1	pseu2_Pseudomyrmex_s1	0
pogo_Pogonomyrmex_s1	seco_Dilobocondyla_s0	0
pogo_Pogonomyrmex_s1	seri_Sericomyrmex_s1	0
pogo_Pogonomyrmex_s1	sten_Novomessor_s0	0
pogo_Pogonomyrmex_s1	tapi_Tapinoma_s0	0
pogo_Pogonomyrmex_s1	temn_Temnothorax_s1	0
pogo_Pogonomyrmex_s1	temn_Temnothorax_s3	0
pogo_Pogonomyrmex_s1	temn_Temnothorax_s5	0
pogo_Pogonomyrmex_s1	temn_Temnothorax_s7	0
pogo_Pogonomyrmex_s1	temn_Temnothorax_s8	0
pogo_Pogonomyrmex_s1	vero_Veromessor_s1	0
pogo_Pogonomyrmex_s1	vero_Veromessor_s2	0
pogo_Pogonomyrmex_s2	pogo_Pogonomyrmex_s3	0
pogo_Pogonomyrmex_s2	pogo_Pogonomyrmex_s4	0
pogo_Pogonomyrmex_s2	pseu2_Pseudomyrmex_s1	0
pogo_Pogonomyrmex_s2	seco_Dilobocondyla_s0	0
pogo_Pogonomyrmex_s2	seri_Sericomyrmex_s1	0
pogo_Pogonomyrmex_s2	sten_Novomessor_s0	0
pogo_Pogonomyrmex_s2	tapi_Tapinoma_s0	0
pogo_Pogonomyrmex_s2	temn_Temnothorax_s1	0
pogo_Pogonomyrmex_s2	temn_Temnothorax_s3	0
pogo_Pogonomyrmex_s2	temn_Temnothorax_s5	0
pogo_Pogonomyrmex_s2	temn_Temnothorax_s7	0
pogo_Pogonomyrmex_s2	temn_Temnothorax_s8	0
pogo_Pogonomyrmex_s2	vero_Veromessor_s1	0
pogo_Pogonomyrmex_s2	vero_Veromessor_s2	0
pogo_Pogonomyrmex_s3	pogo_Pogonomyrmex_s4	0
pogo_Pogonomyrmex_s3	pseu2_Pseudomyrmex_s1	0
pogo_Pogonomyrmex_s3	seco_Dilobocondyla_s0	0
pogo_Pogonomyrmex_s3	seri_Sericomyrmex_s1	0
pogo_Pogonomyrmex_s3	sten_Novomessor_s0	0
pogo_Pogonomyrmex_s3	tapi_Tapinoma_s0	0
pogo_Pogonomyrmex_s3	temn_Temnothorax_s1	0
pogo_Pogonomyrmex_s3	temn_Temnothorax_s3	0
pogo_Pogonomyrmex_s3	temn_Temnothorax_s5	0
pogo_Pogonomyrmex_s3	temn_Temnothorax_s7	0
pogo_Pogonomyrmex_s3	temn_Temnothorax_s8	0
pogo_Pogonomyrmex_s3	vero_Veromessor_s1	0
pogo_Pogonomyrmex_s3	vero_Veromessor_s2	0
pogo_Pogonomyrmex_s4	pseu2_Pseudomyrmex_s1	0
pogo_Pogonomyrmex_s4	seco_Dilobocondyla_s0	0
pogo_Pogonomyrmex_s4	seri_Sericomyrmex_s1	0
pogo_Pogonomyrmex_s4	sten_Novomessor_s0	0
pogo_Pogonomyrmex_s4	tapi_Tapinoma_s0	0
pogo_Pogonomyrmex_s4	temn_Temnothorax_s1	0
pogo_Pogonomyrmex_s4	temn_Temnothorax_s3	0
pogo_Pogonomyrmex_s4	temn_Temnothorax_s5	0
pogo_Pogonomyrmex_s4	temn_Temnothorax_s7	0
pogo_Pogonomyrmex_s4	temn_Temnothorax_s8	0
pogo_Pogonomyrmex_s4	vero_Veromessor_s1	0
pogo_Pogonomyrmex_s4	vero_Veromessor_s2	0
pseu2_Pseudomyrmex_s1	seco_Dilobocondyla_s0	0
pseu2_Pseudomyrmex_s1	seri_Sericomyrmex_s1	0
pseu2_Pseudomyrmex_s1	sten_Novomessor_s0	0
pseu2_Pseudomyrmex_s1	tapi_Tapinoma_s0	0
pseu2_Pseudomyrmex_s1	temn_Temnothorax_s1	0
pseu2_Pseudomyrmex_s1	temn_Temnothorax_s3	0
pseu2_Pseudomyrmex_s1	temn_Temnothorax_s5	0
pseu2_Pseudomyrmex_s1	temn_Temnothorax_s7	0
pseu2_Pseudomyrmex_s1	temn_Temnothorax_s8	0
pseu2_Pseudomyrmex_s1	vero_Veromessor_s1	0
pseu2_Pseudomyrmex_s1	vero_Veromessor_s2	0
seco_Dilobocondyla_s0	seri_Sericomyrmex_s1	0
seco_Dilobocondyla_s0	sten_Novomessor_s0	0
seco_Dilobocondyla_s0	tapi_Tapinoma_s0	0
seco_Dilobocondyla_s0	temn_Temnothorax_s1	0
seco_Dilobocondyla_s0	temn_Temnothorax_s3	0
seco_Dilobocondyla_s0	temn_Temnothorax_s5	0
seco_Dilobocondyla_s0	temn_Temnothorax_s7	0
seco_Dilobocondyla_s0	temn_Temnothorax_s8	0
seco_Dilobocondyla_s0	vero_Veromessor_s1	0
seco_Dilobocondyla_s0	vero_Veromessor_s2	0
seri_Sericomyrmex_s1	sten_Novomessor_s0	0
seri_Sericomyrmex_s1	tapi_Tapinoma_s0	0
seri_Sericomyrmex_s1	temn_Temnothorax_s1	0
seri_Sericomyrmex_s1	temn_Temnothorax_s3	0
seri_Sericomyrmex_s1	temn_Temnothorax_s5	0
seri_Sericomyrmex_s1	temn_Temnothorax_s7	0
seri_Sericomyrmex_s1	temn_Temnothorax_s8	0
seri_Sericomyrmex_s1	vero_Veromessor_s1	0
seri_Sericomyrmex_s1	vero_Veromessor_s2	0
sten_Novomessor_s0	tapi_Tapinoma_s0	0
sten_Novomessor_s0	temn_Temnothorax_s1	0
sten_Novomessor_s0	temn_Temnothorax_s3	0
sten_Novomessor_s0	temn_Temnothorax_s5	0
sten_Novomessor_s0	temn_Temnothorax_s7	0
sten_Novomessor_s0	temn_Temnothorax_s8	0
sten_Novomessor_s0	vero_Veromessor_s1	0
sten_Novomessor_s0	vero_Veromessor_s2	1
tapi_Tapinoma_s0	temn_Temnothorax_s1	0
tapi_Tapinoma_s0	temn_Temnothorax_s3	0
tapi_Tapinoma_s0	temn_Temnothorax_s5	0
tapi_Tapinoma_s0	temn_Temnothorax_s7	0
tapi_Tapinoma_s0	temn_Temnothorax_s8	0
tapi_Tapinoma_s0	vero_Veromessor_s1	0
tapi_Tapinoma_s0	vero_Veromessor_s2	0
temn_Temnothorax_s1	temn_Temnothorax_s3	0
temn_Temnothorax_s1	temn_Temnothorax_s5	0
temn_Temnothorax_s1	temn_Temnothorax_s7	0
temn_Temnothorax_s1	temn_Temnothorax_s8	0
temn_Temnothorax_s1	vero_Veromessor_s1	0
temn_Temnothorax_s1	vero_Veromessor_s2	0
temn_Temnothorax_s3	temn_Temnothorax_s5	0
temn_Temnothorax_s3	temn_Temnothorax_s7	0
temn_Temnothorax_s3	temn_Temnothorax_s8	0
temn_Temnothorax_s3	vero_Veromessor_s1	0
temn_Temnothorax_s3	vero_Veromessor_s2	0
temn_Temnothorax_s5	temn_Temnothorax_s7	0
temn_Temnothorax_s5	temn_Temnothorax_s8	0
temn_Temnothorax_s5	vero_Veromessor_s1	0
temn_Temnothorax_s5	vero_Veromessor_s2	0
temn_Temnothorax_s7	temn_Temnothorax_s8	0
temn_Temnothorax_s7	vero_Veromessor_s1	0
temn_Temnothorax_s7	vero_Veromessor_s2	0
temn_Temnothorax_s8	vero_Veromessor_s1	0
temn_Temnothorax_s8	vero_Veromessor_s2	0
vero_Veromessor_s1	vero_Veromessor_s2	1
