=== Genus grafting log: CladeGraft | 2026-04-12 20:20:50 ===

┌───────────┐
│ load plan │
└───────────┘
Plan rows: 199

┌──────────────────────────────┐
│ assemble donors & placements │
└──────────────────────────────┘
Row 1: Input_tree_type = phylogram
Row 2: Input_tree_type = phylogram
Row 3: Input_tree_type = phylogram
Row 4: Input_tree_type = phylogram
Row 5: Input_tree_type = phylogram
Row 6: Input_tree_type = phylogram
Row 7: Input_tree_type = phylogram
Row 8: Input_tree_type = phylogram
Row 9: Input_tree_type = phylogram
Row 10: Input_tree_type = phylogram
Row 11: Input_tree_type = phylogram
Row 12: Input_tree_type = phylogram
Row 13: Input_tree_type = phylogram
Row 14: Input_tree_type = phylogram
Row 15: Input_tree_type = phylogram
Row 16: Input_tree_type = phylogram
Row 17: Input_tree_type = phylogram
Row 18: Input_tree_type = phylogram
Row 19: Input_tree_type = phylogram
Row 20: Input_tree_type = phylogram
Row 21: Input_tree_type = phylogram
Row 22: Input_tree_type = phylogram
Row 23: Input_tree_type = phylogram
Row 24: Input_tree_type = phylogram
Row 25: Input_tree_type = phylogram
Row 26: Input_tree_type = phylogram
Row 27: Input_tree_type = phylogram
Row 28: Input_tree_type = phylogram
Row 29: Input_tree_type = phylogram
Row 30: Input_tree_type = phylogram
Row 31: Input_tree_type = phylogram
Row 32: Input_tree_type = phylogram
Row 33: Input_tree_type = phylogram
Row 34: Input_tree_type = phylogram
Row 35: Input_tree_type = phylogram
Row 36: Input_tree_type = phylogram
Row 37: Input_tree_type = phylogram
Row 38: Input_tree_type = phylogram
Row 39: Input_tree_type = phylogram
Row 40: Input_tree_type = phylogram
Row 41: Input_tree_type = phylogram
Row 42: Input_tree_type = phylogram
Row 43: Input_tree_type = phylogram
Row 44: Input_tree_type = phylogram
Row 45: Input_tree_type = phylogram
Row 46: Input_tree_type = phylogram
Row 47: Input_tree_type = phylogram
Row 48: Input_tree_type = chronogram
Row 49: Input_tree_type = chronogram
Row 50: Input_tree_type = chronogram
Row 51: Input_tree_type = chronogram
Row 52: Input_tree_type = chronogram
Row 53: Input_tree_type = chronogram
Row 54: Input_tree_type = chronogram
Row 55: Input_tree_type = chronogram
Row 56: Input_tree_type = chronogram
Row 57: Input_tree_type = chronogram
Row 58: Input_tree_type = chronogram
Row 59: Input_tree_type = chronogram
Row 60: Input_tree_type = chronogram
Row 61: Input_tree_type = chronogram
Row 62: Input_tree_type = chronogram
Row 63: Input_tree_type = chronogram
Row 64: Input_tree_type = chronogram
Row 65: Input_tree_type = chronogram
Row 66: Input_tree_type = chronogram
Row 67: Input_tree_type = chronogram
Row 68: Input_tree_type = chronogram
Row 69: Input_tree_type = chronogram
Row 70: Input_tree_type = chronogram
Row 71: Input_tree_type = chronogram
Row 72: Input_tree_type = chronogram
Row 73: Input_tree_type = chronogram
Row 74: Input_tree_type = chronogram
Row 75: Input_tree_type = chronogram
Row 76: Input_tree_type = chronogram
Row 77: Input_tree_type = chronogram
Row 78: Input_tree_type = chronogram
Row 79: Input_tree_type = chronogram
Row 80: Input_tree_type = chronogram
Row 81: Input_tree_type = phylogram
Row 82: Input_tree_type = chronogram
Row 83: Input_tree_type = chronogram
Row 84: Input_tree_type = chronogram
Row 85: Input_tree_type = chronogram
Row 86: Input_tree_type = chronogram
Row 87: Input_tree_type = chronogram
Row 88: Input_tree_type = phylogram
Row 89: Input_tree_type = chronogram
Row 90: Input_tree_type = chronogram
Row 91: Input_tree_type = chronogram
Row 92: Input_tree_type = phylogram
Row 93: Input_tree_type = chronogram
Row 94: Input_tree_type = phylogram
Row 95: Input_tree_type = chronogram
Row 96: Input_tree_type = chronogram
Row 97: Input_tree_type = chronogram
Row 98: Input_tree_type = phylogram
[skip row 98] Missing MRCA or file path
Row 99: Input_tree_type = phylogram
[skip row 99] Missing MRCA or file path
Row 100: Input_tree_type = phylogram
[skip row 100] Missing MRCA or file path
Row 101: Input_tree_type = chronogram
Row 102: Input_tree_type = phylogram
Row 103: Input_tree_type = chronogram
Row 104: Input_tree_type = chronogram
Row 105: Input_tree_type = chronogram
Row 106: Input_tree_type = chronogram
Row 107: Input_tree_type = phylogram
[skip row 107] Missing MRCA or file path
Row 108: Input_tree_type = chronogram
Row 109: Input_tree_type = chronogram
Row 110: Input_tree_type = chronogram
Row 111: Input_tree_type = chronogram
Row 112: Input_tree_type = chronogram
Row 113: Input_tree_type = chronogram
Row 114: Input_tree_type = chronogram
Row 115: Input_tree_type = chronogram
Row 116: Input_tree_type = chronogram
Row 117: Input_tree_type = chronogram
Row 118: Input_tree_type = chronogram
Row 119: Input_tree_type = chronogram
Row 120: Input_tree_type = chronogram
Row 121: Input_tree_type = chronogram
Row 122: Input_tree_type = chronogram
Row 123: Input_tree_type = chronogram
Row 124: Input_tree_type = chronogram
Row 125: Input_tree_type = chronogram
Row 126: Input_tree_type = phylogram
[skip row 126] Missing MRCA or file path
Row 127: Input_tree_type = phylogram
[skip row 127] Missing MRCA or file path
Row 128: Input_tree_type = phylogram
[skip row 128] Missing MRCA or file path
Row 129: Input_tree_type = chronogram
[skip row 129] Missing MRCA or file path
Row 130: Input_tree_type = phylogram
[skip row 130] Missing MRCA or file path
Row 131: Input_tree_type = chronogram
Row 132: Input_tree_type = phylogram
[skip row 132] Missing MRCA or file path
Row 133: Input_tree_type = phylogram
[skip row 133] Missing MRCA or file path
Row 134: Input_tree_type = phylogram
[skip row 134] Missing MRCA or file path
Row 135: Input_tree_type = phylogram
[skip row 135] Missing MRCA or file path
Row 136: Input_tree_type = phylogram
[skip row 136] Missing MRCA or file path
Row 137: Input_tree_type = chronogram
Row 138: Input_tree_type = chronogram
Row 139: Input_tree_type = phylogram
[skip row 139] Missing MRCA or file path
Row 140: Input_tree_type = phylogram
[skip row 140] Missing MRCA or file path
Row 141: Input_tree_type = phylogram
[skip row 141] Missing MRCA or file path
Row 142: Input_tree_type = phylogram
[skip row 142] Missing MRCA or file path
Row 143: Input_tree_type = phylogram
[skip row 143] Missing MRCA or file path
Row 144: Input_tree_type = phylogram
[skip row 144] Missing MRCA or file path
Row 145: Input_tree_type = phylogram
[skip row 145] Missing MRCA or file path
Row 146: Input_tree_type = chronogram
Row 147: Input_tree_type = chronogram
Row 148: Input_tree_type = chronogram
Row 149: Input_tree_type = chronogram
Row 150: Input_tree_type = chronogram
Row 151: Input_tree_type = chronogram
Row 152: Input_tree_type = chronogram
Row 153: Input_tree_type = chronogram
Row 154: Input_tree_type = chronogram
Row 155: Input_tree_type = chronogram
Row 156: Input_tree_type = chronogram
Row 157: Input_tree_type = chronogram
Row 158: Input_tree_type = chronogram
Row 159: Input_tree_type = chronogram
Row 160: Input_tree_type = chronogram
Row 161: Input_tree_type = chronogram
Row 162: Input_tree_type = chronogram
Row 163: Input_tree_type = chronogram
Row 164: Input_tree_type = chronogram
Row 165: Input_tree_type = chronogram
Row 166: Input_tree_type = chronogram
Row 167: Input_tree_type = chronogram
[skip row 167] Missing MRCA or file path
Row 168: Input_tree_type = phylogram
[skip row 168] Missing MRCA or file path
Row 169: Input_tree_type = phylogram
[skip row 169] Missing MRCA or file path
Row 170: Input_tree_type = phylogram
[skip row 170] Missing MRCA or file path
Row 171: Input_tree_type = chronogram
Row 172: Input_tree_type = chronogram
Row 173: Input_tree_type = chronogram
Row 174: Input_tree_type = chronogram
Row 175: Input_tree_type = chronogram
Row 176: Input_tree_type = phylogram
[skip row 176] Missing MRCA or file path
Row 177: Input_tree_type = phylogram
[skip row 177] Missing MRCA or file path
Row 178: Input_tree_type = phylogram
[skip row 178] Missing MRCA or file path
Row 179: Input_tree_type = phylogram
[skip row 179] Missing MRCA or file path
Row 180: Input_tree_type = phylogram
[skip row 180] Missing MRCA or file path
Row 181: Input_tree_type = phylogram
[skip row 181] Missing MRCA or file path
Row 182: Input_tree_type = phylogram
[skip row 182] Missing MRCA or file path
Row 183: Input_tree_type = phylogram
[skip row 183] Missing MRCA or file path
Row 184: Input_tree_type = phylogram
[skip row 184] Missing MRCA or file path
Row 185: Input_tree_type = phylogram
[skip row 185] Missing MRCA or file path
Row 186: Input_tree_type = phylogram
[skip row 186] Missing MRCA or file path
Row 187: Input_tree_type = phylogram
[skip row 187] Missing MRCA or file path
Row 188: Input_tree_type = phylogram
[skip row 188] Missing MRCA or file path
Row 189: Input_tree_type = phylogram
[skip row 189] Missing MRCA or file path
Row 190: Input_tree_type = phylogram
[skip row 190] Missing MRCA or file path
Row 191: Input_tree_type = phylogram
[skip row 191] Missing MRCA or file path
Row 192: Input_tree_type = phylogram
[skip row 192] Missing MRCA or file path
Row 193: Input_tree_type = phylogram
[skip row 193] Missing MRCA or file path
Row 194: Input_tree_type = phylogram
[skip row 194] Missing MRCA or file path
Row 195: Input_tree_type = phylogram
[skip row 195] Missing MRCA or file path
Row 196: Input_tree_type = phylogram
[skip row 196] Missing MRCA or file path
Row 197: Input_tree_type = phylogram
[skip row 197] Missing MRCA or file path
Row 198: Input_tree_type = phylogram
[skip row 198] Missing MRCA or file path
Row 199: Input_tree_type = phylogram
[skip row 199] Missing MRCA or file path
Donors ready: 150 (skipped: 49)

┌────────────────┐
│ load backbones │
└────────────────┘
Backbones: 1

┌───────────────────┐
│ graft many clades │
└───────────────────┘
Reusing cached donor template: /home/marek/ant-megatree/working_code/package/project/published/ectatomminae/extracted_genera/Acanthoponera/extract_Acanthoponera_20260412-190053_with_outgroup.template.rds
Reusing cached donor template: /home/marek/ant-megatree/working_code/package/project/published/ectatomminae/extracted_genera/Alfaria/extract_Alfaria_20260412-190053_with_outgroup.template.rds
Reusing cached donor template: /home/marek/ant-megatree/working_code/package/project/published/ectatomminae/extracted_genera/Ectatomma/extract_Ectatomma_20260412-190053_with_outgroup.template.rds
Reusing cached donor template: /home/marek/ant-megatree/working_code/package/project/published/ectatomminae/extracted_genera/Gnamptogenys/extract_Gnamptogenys_20260412-190053_with_outgroup.template.rds
Reusing cached donor template: /home/marek/ant-megatree/working_code/package/project/published/ectatomminae/extracted_genera/Heteroponera/extract_Heteroponera_20260412-190053_with_outgroup.template.rds
Reusing cached donor template: /home/marek/ant-megatree/working_code/package/project/published/ectatomminae/extracted_genera/Holcoponera/extract_Holcoponera_20260412-190053_with_outgroup.template.rds
Reusing cached donor template: /home/marek/ant-megatree/working_code/package/project/published/ectatomminae/extracted_genera/Poneracantha/extract_Poneracantha_20260412-190053_with_outgroup.template.rds
Reusing cached donor template: /home/marek/ant-megatree/working_code/package/project/published/ectatomminae/extracted_genera/Rhytidoponera/extract_Rhytidoponera_20260412-190053_with_outgroup.template.rds
Reusing cached donor template: /home/marek/ant-megatree/working_code/package/project/published/ectatomminae/extracted_genera/Stictoponera/extract_Stictoponera_20260412-190053_with_outgroup.template.rds
Reusing cached donor template: /home/marek/ant-megatree/working_code/package/project/published/ectatomminae/extracted_genera/Typhlomyrmex/extract_Typhlomyrmex_20260412-190053_with_outgroup.template.rds
Reusing cached donor template: /home/marek/ant-megatree/working_code/package/project/published/ponerinae/extracted_genera/Anochetus/extract_Anochetus_20260412-190431_with_outgroup.template.rds
Reusing cached donor template: /home/marek/ant-megatree/working_code/package/project/published/ponerinae/extracted_genera/Austroponera/extract_Austroponera_20260412-190432_with_outgroup.template.rds
Reusing cached donor template: /home/marek/ant-megatree/working_code/package/project/published/ponerinae/extracted_genera/Belonopelta/extract_Belonopelta_20260412-190432_with_outgroup.template.rds
Reusing cached donor template: /home/marek/ant-megatree/working_code/package/project/published/ponerinae/extracted_genera/Bothroponera/extract_Bothroponera_20260412-190432_with_outgroup.template.rds
Reusing cached donor template: /home/marek/ant-megatree/working_code/package/project/published/ponerinae/extracted_genera/Brachyponera/extract_Brachyponera_20260412-190433_with_outgroup.template.rds
Reusing cached donor template: /home/marek/ant-megatree/working_code/package/project/published/ponerinae/extracted_genera/Centromyrmex/extract_Centromyrmex_20260412-190433_with_outgroup.template.rds
Reusing cached donor template: /home/marek/ant-megatree/working_code/package/project/published/ponerinae/extracted_genera/Cryptopone/extract_Cryptopone_20260412-190433_with_outgroup.template.rds
Reusing cached donor template: /home/marek/ant-megatree/working_code/package/project/published/ponerinae/extracted_genera/Diacamma/extract_Diacamma_20260412-190433_with_outgroup.template.rds
Reusing cached donor template: /home/marek/ant-megatree/working_code/package/project/published/ponerinae/extracted_genera/Dinoponera/extract_Dinoponera_20260412-190433_with_outgroup.template.rds
Reusing cached donor template: /home/marek/ant-megatree/working_code/package/project/published/ponerinae/extracted_genera/Ectomomyrmex/extract_Ectomomyrmex_20260412-190433_with_outgroup.template.rds
Reusing cached donor template: /home/marek/ant-megatree/working_code/package/project/published/ponerinae/extracted_genera/Emeryopone/extract_Emeryopone_20260412-190433_with_outgroup.template.rds
Reusing cached donor template: /home/marek/ant-megatree/working_code/package/project/published/ponerinae/extracted_genera/Euponera/extract_Euponera_20260412-190434_with_outgroup.template.rds
Reusing cached donor template: /home/marek/ant-megatree/working_code/package/project/published/ponerinae/extracted_genera/Fisheropone/extract_Fisheropone_20260412-190434_with_outgroup.template.rds
Reusing cached donor template: /home/marek/ant-megatree/working_code/package/project/published/ponerinae/extracted_genera/Hagensia/extract_Hagensia_20260412-190434_with_outgroup.template.rds
Reusing cached donor template: /home/marek/ant-megatree/working_code/package/project/published/ponerinae/extracted_genera/Hypoponera/extract_Hypoponera_20260412-190434_with_outgroup.template.rds
Reusing cached donor template: /home/marek/ant-megatree/working_code/package/project/published/ponerinae/extracted_genera/Leptogenys/extract_Leptogenys_20260412-190434_with_outgroup.template.rds
Reusing cached donor template: /home/marek/ant-megatree/working_code/package/project/published/ponerinae/extracted_genera/Loboponera/extract_Loboponera_20260412-190435_with_outgroup.template.rds
Reusing cached donor template: /home/marek/ant-megatree/working_code/package/project/published/ponerinae/extracted_genera/Mayaponera/extract_Mayaponera_20260412-190435_with_outgroup.template.rds
Reusing cached donor template: /home/marek/ant-megatree/working_code/package/project/published/ponerinae/extracted_genera/Mesoponera/extract_Mesoponera_20260412-190435_with_outgroup.template.rds
Reusing cached donor template: /home/marek/ant-megatree/working_code/package/project/published/ponerinae/extracted_genera/Myopias/extract_Myopias_20260412-190435_with_outgroup.template.rds
Reusing cached donor template: /home/marek/ant-megatree/working_code/package/project/published/ponerinae/extracted_genera/Neoponera/extract_Neoponera_20260412-190435_with_outgroup.template.rds
Reusing cached donor template: /home/marek/ant-megatree/working_code/package/project/published/ponerinae/extracted_genera/Odontomachus/extract_Odontomachus_20260412-190435_with_outgroup.template.rds
Reusing cached donor template: /home/marek/ant-megatree/working_code/package/project/published/ponerinae/extracted_genera/Odontoponera/extract_Odontoponera_20260412-190435_with_outgroup.template.rds
Reusing cached donor template: /home/marek/ant-megatree/working_code/package/project/published/ponerinae/extracted_genera/Ophthalmopone/extract_Ophthalmopone_20260412-190436_with_outgroup.template.rds
Reusing cached donor template: /home/marek/ant-megatree/working_code/package/project/published/ponerinae/extracted_genera/Pachycondyla/extract_Pachycondyla_20260412-190436_with_outgroup.template.rds

┌─────────────────────────┐
│ Template: input summary │
└─────────────────────────┘
Outgroup inferred as root singleton: Pseudoponera_gilloglyi

┌────────────────────────────┐
│ Template: authority filter │
└────────────────────────────┘
Valid ingroup species kept: 1; dropped absent: 2

┌────────────────────────────────────────┐
│ Template: donor ultrametric conversion │
└────────────────────────────────────────┘
Donor tree type: phylogram; ultrametric: FALSE
Phylogram detected; estimating chronogram with chronos.
Selected chronos:
  model=discrete
  lambda=0.1
  rate_cats=1
  PHIIC=2.965877
  logLik=-0.482938
  converged=TRUE
  note=Selected best CONVERGED chronos model.
[SKIP] TIP{Parvaponera}: template could not be prepared ().

┌─────────────────────────┐
│ Template: input summary │
└─────────────────────────┘
Outgroup inferred as root singleton: Streblognathus_peetersi

┌────────────────────────────┐
│ Template: authority filter │
└────────────────────────────┘
Valid ingroup species kept: 5; dropped absent: 0

┌────────────────────────────────────────┐
│ Template: donor ultrametric conversion │
└────────────────────────────────────────┘
Donor tree type: phylogram; ultrametric: FALSE
Phylogram detected; estimating chronogram with chronos.
Selected chronos:
  model=discrete
  lambda=0.1
  rate_cats=1
  PHIIC=11.032267
  logLik=-0.516134
  converged=TRUE
  note=Selected best CONVERGED chronos model.

┌──────────────────┐
│ Template: output │
└──────────────────┘
Donor stem_fraction=0.742559 crown_fraction=0.257441
Saved donor template to: /home/marek/ant-megatree/working_code/package/project/published/ponerinae/extracted_genera/Phrynoponera/extract_Phrynoponera_20260412-190436_with_outgroup.template.rds

┌─────────────────────────┐
│ Template: input summary │
└─────────────────────────┘
Outgroup inferred as root singleton: Hagensia_havilandi

┌────────────────────────────┐
│ Template: authority filter │
└────────────────────────────┘
Valid ingroup species kept: 22; dropped absent: 2

┌────────────────────────────────────────┐
│ Template: donor ultrametric conversion │
└────────────────────────────────────────┘
Donor tree type: phylogram; ultrametric: FALSE
Phylogram detected; estimating chronogram with chronos.
Selected chronos:
  model=discrete
  lambda=0.1
  rate_cats=1
  PHIIC=51.937316
  logLik=-3.968658
  converged=TRUE
  note=Selected best CONVERGED chronos model.

┌──────────────────┐
│ Template: output │
└──────────────────┘
Donor stem_fraction=0.483927 crown_fraction=0.516073
Saved donor template to: /home/marek/ant-megatree/working_code/package/project/published/ponerinae/extracted_genera/Platythyrea/extract_Platythyrea_20260412-190436_with_outgroup.template.rds

┌─────────────────────────┐
│ Template: input summary │
└─────────────────────────┘
Outgroup inferred as root singleton: Boloponera_ikemkha

┌────────────────────────────┐
│ Template: authority filter │
└────────────────────────────┘
Valid ingroup species kept: 6; dropped absent: 0

┌────────────────────────────────────────┐
│ Template: donor ultrametric conversion │
└────────────────────────────────────────┘
Donor tree type: phylogram; ultrametric: FALSE
Phylogram detected; estimating chronogram with chronos.
Selected chronos:
  model=discrete
  lambda=0.1
  rate_cats=1
  PHIIC=13.272576
  logLik=-0.636288
  converged=TRUE
  note=Selected best CONVERGED chronos model.

┌──────────────────┐
│ Template: output │
└──────────────────┘
Donor stem_fraction=0.457528 crown_fraction=0.542472
Saved donor template to: /home/marek/ant-megatree/working_code/package/project/published/ponerinae/extracted_genera/Plectroctena/extract_Plectroctena_20260412-190436_with_outgroup.template.rds

┌─────────────────────────┐
│ Template: input summary │
└─────────────────────────┘
Outgroup inferred as root singleton: Austroponera_castanea

┌────────────────────────────┐
│ Template: authority filter │
└────────────────────────────┘
Valid ingroup species kept: 15; dropped absent: 3

┌────────────────────────────────────────┐
│ Template: donor ultrametric conversion │
└────────────────────────────────────────┘
Donor tree type: phylogram; ultrametric: FALSE
Phylogram detected; estimating chronogram with chronos.
Selected chronos:
  model=discrete
  lambda=0.1
  rate_cats=1
  PHIIC=32.988645
  logLik=-1.494322
  converged=TRUE
  note=Selected best CONVERGED chronos model.

┌──────────────────┐
│ Template: output │
└──────────────────┘
Donor stem_fraction=0.693327 crown_fraction=0.306673
Saved donor template to: /home/marek/ant-megatree/working_code/package/project/published/ponerinae/extracted_genera/Ponera/extract_Ponera_20260412-190436_with_outgroup.template.rds

┌─────────────────────────┐
│ Template: input summary │
└─────────────────────────┘
Outgroup inferred as root singleton: Loboponera_vigilans

┌────────────────────────────┐
│ Template: authority filter │
└────────────────────────────┘
Valid ingroup species kept: 4; dropped absent: 0

┌────────────────────────────────────────┐
│ Template: donor ultrametric conversion │
└────────────────────────────────────────┘
Donor tree type: phylogram; ultrametric: FALSE
Phylogram detected; estimating chronogram with chronos.
Selected chronos:
  model=discrete
  lambda=0.1
  rate_cats=1
  PHIIC=9.040802
  logLik=-0.520401
  converged=TRUE
  note=Selected best CONVERGED chronos model.

┌──────────────────┐
│ Template: output │
└──────────────────┘
Donor stem_fraction=0.799233 crown_fraction=0.200767
Saved donor template to: /home/marek/ant-megatree/working_code/package/project/published/ponerinae/extracted_genera/Psalidomyrmex/extract_Psalidomyrmex_20260412-190436_with_outgroup.template.rds

┌─────────────────────────┐
│ Template: input summary │
└─────────────────────────┘
Outgroup inferred as root singleton: Streblognathus_peetersi

┌────────────────────────────┐
│ Template: authority filter │
└────────────────────────────┘
Valid ingroup species kept: 7; dropped absent: 1

┌────────────────────────────────────────┐
│ Template: donor ultrametric conversion │
└────────────────────────────────────────┘
Donor tree type: phylogram; ultrametric: FALSE
Phylogram detected; estimating chronogram with chronos.
Selected chronos:
  model=discrete
  lambda=0.1
  rate_cats=1
  PHIIC=15.410736
  logLik=-0.705368
  converged=TRUE
  note=Selected best CONVERGED chronos model.

┌──────────────────┐
│ Template: output │
└──────────────────┘
Donor stem_fraction=0.566941 crown_fraction=0.433059
Saved donor template to: /home/marek/ant-megatree/working_code/package/project/published/ponerinae/extracted_genera/Pseudoneoponera/extract_Pseudoneoponera_20260412-190437_with_outgroup.template.rds

┌─────────────────────────┐
│ Template: input summary │
└─────────────────────────┘
Outgroup inferred as root singleton: Emeryopone_melaina

┌────────────────────────────┐
│ Template: authority filter │
└────────────────────────────┘
Valid ingroup species kept: 5; dropped absent: 1

┌────────────────────────────────────────┐
│ Template: donor ultrametric conversion │
└────────────────────────────────────────┘
Donor tree type: phylogram; ultrametric: FALSE
Phylogram detected; estimating chronogram with chronos.
Selected chronos:
  model=discrete
  lambda=0.1
  rate_cats=1
  PHIIC=11.735666
  logLik=-0.867833
  converged=TRUE
  note=Selected best CONVERGED chronos model.

┌──────────────────┐
│ Template: output │
└──────────────────┘
Donor stem_fraction=0.629648 crown_fraction=0.370352
Saved donor template to: /home/marek/ant-megatree/working_code/package/project/published/ponerinae/extracted_genera/Pseudoponera/extract_Pseudoponera_20260412-190437_with_outgroup.template.rds

┌─────────────────────────┐
│ Template: input summary │
└─────────────────────────┘
Outgroup inferred as root singleton: Neoponera_aenescens

┌────────────────────────────┐
│ Template: authority filter │
└────────────────────────────┘
Valid ingroup species kept: 13; dropped absent: 2

┌────────────────────────────────────────┐
│ Template: donor ultrametric conversion │
└────────────────────────────────────────┘
Donor tree type: phylogram; ultrametric: FALSE
Phylogram detected; estimating chronogram with chronos.
Selected chronos:
  model=discrete
  lambda=0.1
  rate_cats=1
  PHIIC=27.527182
  logLik=-0.763591
  converged=TRUE
  note=Selected best CONVERGED chronos model.

┌──────────────────┐
│ Template: output │
└──────────────────┘
Donor stem_fraction=0.581380 crown_fraction=0.418620
Saved donor template to: /home/marek/ant-megatree/working_code/package/project/published/ponerinae/extracted_genera/Rasopone/extract_Rasopone_20260412-190437_with_outgroup.template.rds

┌─────────────────────────┐
│ Template: input summary │
└─────────────────────────┘
Outgroup inferred as root singleton: Neoponera_aenescens

┌────────────────────────────┐
│ Template: authority filter │
└────────────────────────────┘
Valid ingroup species kept: 12; dropped absent: 1

┌────────────────────────────────────────┐
│ Template: donor ultrametric conversion │
└────────────────────────────────────────┘
Donor tree type: phylogram; ultrametric: FALSE
Phylogram detected; estimating chronogram with chronos.
Selected chronos:
  model=discrete
  lambda=0.1
  rate_cats=1
  PHIIC=27.113711
  logLik=-1.556856
  converged=TRUE
  note=Selected best CONVERGED chronos model.

┌──────────────────┐
│ Template: output │
└──────────────────┘
Donor stem_fraction=0.537697 crown_fraction=0.462303
Saved donor template to: /home/marek/ant-megatree/working_code/package/project/published/ponerinae/extracted_genera/Simopelta/extract_Simopelta_20260412-190437_with_outgroup.template.rds

┌─────────────────────────┐
│ Template: input summary │
└─────────────────────────┘
Outgroup inferred as root singleton: Ponerinae_beb

┌────────────────────────────┐
│ Template: authority filter │
└────────────────────────────┘
Valid ingroup species kept: 5; dropped absent: 1

┌────────────────────────────────────────┐
│ Template: donor ultrametric conversion │
└────────────────────────────────────────┘
Donor tree type: phylogram; ultrametric: FALSE
Phylogram detected; estimating chronogram with chronos.
Selected chronos:
  model=discrete
  lambda=0.1
  rate_cats=1
  PHIIC=11.927410
  logLik=-0.963705
  converged=TRUE
  note=Selected best CONVERGED chronos model.

┌──────────────────┐
│ Template: output │
└──────────────────┘
Donor stem_fraction=0.169628 crown_fraction=0.830372
Saved donor template to: /home/marek/ant-megatree/working_code/package/project/published/ponerinae/extracted_genera/Thaumatomyrmex/extract_Thaumatomyrmex_20260412-190437_with_outgroup.template.rds

┌─────────────────────────┐
│ Template: input summary │
└─────────────────────────┘
Outgroup inferred as root singleton: Parvaponera_darwinii

┌────────────────────────────┐
│ Template: authority filter │
└────────────────────────────┘
Valid ingroup species kept: 3; dropped absent: 0

┌────────────────────────────────────────┐
│ Template: donor ultrametric conversion │
└────────────────────────────────────────┘
Donor tree type: phylogram; ultrametric: FALSE
Phylogram detected; estimating chronogram with chronos.
Selected chronos:
  model=discrete
  lambda=0.1
  rate_cats=1
  PHIIC=7.002448
  logLik=-0.501224
  converged=TRUE
  note=Selected best CONVERGED chronos model.

┌──────────────────┐
│ Template: output │
└──────────────────┘
Donor stem_fraction=0.596362 crown_fraction=0.403638
Saved donor template to: /home/marek/ant-megatree/working_code/package/project/published/ponerinae/extracted_genera/Wadeura/extract_Wadeura_20260412-190437_with_outgroup.template.rds

┌─────────────────────────┐
│ Template: input summary │
└─────────────────────────┘
Outgroup inferred as root singleton: Cataulacus_hispidulus

┌────────────────────────────┐
│ Template: authority filter │
└────────────────────────────┘
Valid ingroup species kept: 2; dropped absent: 0

┌────────────────────────────────────────┐
│ Template: donor ultrametric conversion │
└────────────────────────────────────────┘
Donor tree type: chronogram; ultrametric: TRUE
Input tree declared as chronogram; skipping chronos.

┌──────────────────┐
│ Template: output │
└──────────────────┘
Donor stem_fraction=0.957926 crown_fraction=0.042074
Saved donor template to: /home/marek/ant-megatree/working_code/package/project/published/crematogastrini/blaimer2022/extracted_genera/Atopomyrmex/extract_Atopomyrmex_20260412-190527_with_outgroup.template.rds

┌─────────────────────────┐
│ Template: input summary │
└─────────────────────────┘
Outgroup inferred as root singleton: Ocymyrmex_fortior

┌────────────────────────────┐
│ Template: authority filter │
└────────────────────────────┘
Valid ingroup species kept: 2; dropped absent: 1

┌────────────────────────────────────────┐
│ Template: donor ultrametric conversion │
└────────────────────────────────────────┘
Donor tree type: chronogram; ultrametric: FALSE
Input tree declared as chronogram; skipping chronos.
Chronogram not ultrametric (likely numerical jitter); enforcing ultrametricity using 'extend'.

┌──────────────────┐
│ Template: output │
└──────────────────┘
Donor stem_fraction=0.504789 crown_fraction=0.495211
Saved donor template to: /home/marek/ant-megatree/working_code/package/project/published/crematogastrini/blaimer2022/extracted_genera/Cardiocondyla/extract_Cardiocondyla_20260412-190527_with_outgroup.template.rds

┌─────────────────────────┐
│ Template: input summary │
└─────────────────────────┘
Outgroup inferred as root singleton: Diplomorium_longipenne

┌────────────────────────────┐
│ Template: authority filter │
└────────────────────────────┘
Valid ingroup species kept: 4; dropped absent: 2

┌────────────────────────────────────────┐
│ Template: donor ultrametric conversion │
└────────────────────────────────────────┘
Donor tree type: chronogram; ultrametric: FALSE
Input tree declared as chronogram; skipping chronos.
Chronogram not ultrametric (likely numerical jitter); enforcing ultrametricity using 'extend'.

┌──────────────────┐
│ Template: output │
└──────────────────┘
Donor stem_fraction=0.173512 crown_fraction=0.826488
Saved donor template to: /home/marek/ant-megatree/working_code/package/project/published/crematogastrini/blaimer2022/extracted_genera/Carebara/extract_Carebara_20260412-190527_with_outgroup.template.rds

┌─────────────────────────┐
│ Template: input summary │
└─────────────────────────┘
Outgroup inferred as root singleton: Atopomyrmex_cryptoceroides

┌────────────────────────────┐
│ Template: authority filter │
└────────────────────────────┘
Valid ingroup species kept: 4; dropped absent: 0

┌────────────────────────────────────────┐
│ Template: donor ultrametric conversion │
└────────────────────────────────────────┘
Donor tree type: chronogram; ultrametric: TRUE
Input tree declared as chronogram; skipping chronos.

┌──────────────────┐
│ Template: output │
└──────────────────┘
Donor stem_fraction=0.642307 crown_fraction=0.357693
Saved donor template to: /home/marek/ant-megatree/working_code/package/project/published/crematogastrini/blaimer2022/extracted_genera/Cataulacus/extract_Cataulacus_20260412-190527_with_outgroup.template.rds

┌─────────────────────────┐
│ Template: input summary │
└─────────────────────────┘
Outgroup inferred as root singleton: Meranoplus_mayri

┌────────────────────────────┐
│ Template: authority filter │
└────────────────────────────┘
Valid ingroup species kept: 16; dropped absent: 1

┌────────────────────────────────────────┐
│ Template: donor ultrametric conversion │
└────────────────────────────────────────┘
Donor tree type: chronogram; ultrametric: FALSE
Input tree declared as chronogram; skipping chronos.
Chronogram not ultrametric (likely numerical jitter); enforcing ultrametricity using 'extend'.

┌──────────────────┐
│ Template: output │
└──────────────────┘
Donor stem_fraction=0.352256 crown_fraction=0.647744
Saved donor template to: /home/marek/ant-megatree/working_code/package/project/published/crematogastrini/blaimer2022/extracted_genera/Crematogaster/extract_Crematogaster_20260412-190527_with_outgroup.template.rds

┌─────────────────────────┐
│ Template: input summary │
└─────────────────────────┘
Outgroup inferred as root singleton: Indomyrma_dasypyx

┌────────────────────────────┐
│ Template: authority filter │
└────────────────────────────┘
Valid ingroup species kept: 2; dropped absent: 0

┌────────────────────────────────────────┐
│ Template: donor ultrametric conversion │
└────────────────────────────────────────┘
Donor tree type: chronogram; ultrametric: FALSE
Input tree declared as chronogram; skipping chronos.
Chronogram not ultrametric (likely numerical jitter); enforcing ultrametricity using 'extend'.

┌──────────────────┐
│ Template: output │
└──────────────────┘
Donor stem_fraction=0.362573 crown_fraction=0.637427
Saved donor template to: /home/marek/ant-megatree/working_code/package/project/published/crematogastrini/blaimer2022/extracted_genera/Dacetinops/extract_Dacetinops_20260412-190527_with_outgroup.template.rds

┌─────────────────────────┐
│ Template: input summary │
└─────────────────────────┘
Outgroup inferred as root singleton: Podomyrma_adelaidae

┌────────────────────────────┐
│ Template: authority filter │
└────────────────────────────┘
Valid ingroup species kept: 2; dropped absent: 0

┌────────────────────────────────────────┐
│ Template: donor ultrametric conversion │
└────────────────────────────────────────┘
Donor tree type: chronogram; ultrametric: TRUE
Input tree declared as chronogram; skipping chronos.

┌──────────────────┐
│ Template: output │
└──────────────────┘
Donor stem_fraction=0.582853 crown_fraction=0.417147
Saved donor template to: /home/marek/ant-megatree/working_code/package/project/published/crematogastrini/blaimer2022/extracted_genera/Huberia/extract_Huberia_20260412-190527_with_outgroup.template.rds

┌─────────────────────────┐
│ Template: input summary │
└─────────────────────────┘

┌────────────────────────────┐
│ Template: authority filter │
└────────────────────────────┘
Valid ingroup species kept: 2; dropped absent: 1

┌────────────────────────────────────────┐
│ Template: donor ultrametric conversion │
└────────────────────────────────────────┘
Donor tree type: chronogram; ultrametric: TRUE
Input tree declared as chronogram; skipping chronos.

┌──────────────────┐
│ Template: output │
└──────────────────┘
Donor stem_fraction=0.000000 crown_fraction=1.000000
Saved donor template to: /home/marek/ant-megatree/working_code/package/project/published/crematogastrini/blaimer2022/extracted_genera/Lophomyrmex/extract_Lophomyrmex_20260412-190527_with_outgroup.template.rds

┌─────────────────────────┐
│ Template: input summary │
└─────────────────────────┘
Outgroup inferred as root singleton: Poecilomyrma_myrmecodiae

┌────────────────────────────┐
│ Template: authority filter │
└────────────────────────────┘
Valid ingroup species kept: 3; dropped absent: 1

┌────────────────────────────────────────┐
│ Template: donor ultrametric conversion │
└────────────────────────────────────────┘
Donor tree type: chronogram; ultrametric: FALSE
Input tree declared as chronogram; skipping chronos.
Chronogram not ultrametric (likely numerical jitter); enforcing ultrametricity using 'extend'.

┌──────────────────┐
│ Template: output │
└──────────────────┘
Donor stem_fraction=0.397813 crown_fraction=0.602187
Saved donor template to: /home/marek/ant-megatree/working_code/package/project/published/crematogastrini/blaimer2022/extracted_genera/Lordomyrma/extract_Lordomyrma_20260412-190527_with_outgroup.template.rds

┌─────────────────────────┐
│ Template: input summary │
└─────────────────────────┘
Outgroup inferred as root singleton: Vitsika_suspicax

┌────────────────────────────┐
│ Template: authority filter │
└────────────────────────────┘
Valid ingroup species kept: 2; dropped absent: 0

┌────────────────────────────────────────┐
│ Template: donor ultrametric conversion │
└────────────────────────────────────────┘
Donor tree type: chronogram; ultrametric: TRUE
Input tree declared as chronogram; skipping chronos.

┌──────────────────┐
│ Template: output │
└──────────────────┘
Donor stem_fraction=0.598320 crown_fraction=0.401680
Saved donor template to: /home/marek/ant-megatree/working_code/package/project/published/crematogastrini/blaimer2022/extracted_genera/Malagidris/extract_Malagidris_20260412-190527_with_outgroup.template.rds

┌─────────────────────────┐
│ Template: input summary │
└─────────────────────────┘
Outgroup inferred as root singleton: Crematogaster_telolafy

┌────────────────────────────┐
│ Template: authority filter │
└────────────────────────────┘
Valid ingroup species kept: 4; dropped absent: 1

┌────────────────────────────────────────┐
│ Template: donor ultrametric conversion │
└────────────────────────────────────────┘
Donor tree type: chronogram; ultrametric: FALSE
Input tree declared as chronogram; skipping chronos.
Chronogram not ultrametric (likely numerical jitter); enforcing ultrametricity using 'extend'.

┌──────────────────┐
│ Template: output │
└──────────────────┘
Donor stem_fraction=0.618082 crown_fraction=0.381918
Saved donor template to: /home/marek/ant-megatree/working_code/package/project/published/crematogastrini/blaimer2022/extracted_genera/Meranoplus/extract_Meranoplus_20260412-190527_with_outgroup.template.rds

┌─────────────────────────┐
│ Template: input summary │
└─────────────────────────┘
Outgroup inferred as root singleton: Acanthomyrmex_ferox

┌────────────────────────────┐
│ Template: authority filter │
└────────────────────────────┘
Valid ingroup species kept: 3; dropped absent: 1

┌────────────────────────────────────────┐
│ Template: donor ultrametric conversion │
└────────────────────────────────────────┘
Donor tree type: chronogram; ultrametric: TRUE
Input tree declared as chronogram; skipping chronos.

┌──────────────────┐
│ Template: output │
└──────────────────┘
Donor stem_fraction=0.694974 crown_fraction=0.305026
Saved donor template to: /home/marek/ant-megatree/working_code/package/project/published/crematogastrini/blaimer2022/extracted_genera/Myrmecina/extract_Myrmecina_20260412-190527_with_outgroup.template.rds

┌─────────────────────────┐
│ Template: input summary │
└─────────────────────────┘
Outgroup inferred as root singleton: Xenomyrmex_floridanus

┌────────────────────────────┐
│ Template: authority filter │
└────────────────────────────┘
Valid ingroup species kept: 5; dropped absent: 0

┌────────────────────────────────────────┐
│ Template: donor ultrametric conversion │
└────────────────────────────────────────┘
Donor tree type: chronogram; ultrametric: FALSE
Input tree declared as chronogram; skipping chronos.
Chronogram not ultrametric (likely numerical jitter); enforcing ultrametricity using 'extend'.

┌──────────────────┐
│ Template: output │
└──────────────────┘
Donor stem_fraction=0.349684 crown_fraction=0.650316
Saved donor template to: /home/marek/ant-megatree/working_code/package/project/published/crematogastrini/blaimer2022/extracted_genera/Nesomyrmex/extract_Nesomyrmex_20260412-190527_with_outgroup.template.rds

┌─────────────────────────┐
│ Template: input summary │
└─────────────────────────┘
Outgroup inferred as root singleton: Cardiocondyla_mauritanica

┌────────────────────────────┐
│ Template: authority filter │
└────────────────────────────┘
Valid ingroup species kept: 4; dropped absent: 0

┌────────────────────────────────────────┐
│ Template: donor ultrametric conversion │
└────────────────────────────────────────┘
Donor tree type: chronogram; ultrametric: FALSE
Input tree declared as chronogram; skipping chronos.
Chronogram not ultrametric (likely numerical jitter); enforcing ultrametricity using 'extend'.

┌──────────────────┐
│ Template: output │
└──────────────────┘
Donor stem_fraction=0.915687 crown_fraction=0.084313
Saved donor template to: /home/marek/ant-megatree/working_code/package/project/published/crematogastrini/blaimer2022/extracted_genera/Ocymyrmex/extract_Ocymyrmex_20260412-190527_with_outgroup.template.rds

┌─────────────────────────┐
│ Template: input summary │
└─────────────────────────┘
Outgroup inferred as root singleton: Huberia_brounii

┌────────────────────────────┐
│ Template: authority filter │
└────────────────────────────┘
Valid ingroup species kept: 4; dropped absent: 0

┌────────────────────────────────────────┐
│ Template: donor ultrametric conversion │
└────────────────────────────────────────┘
Donor tree type: chronogram; ultrametric: TRUE
Input tree declared as chronogram; skipping chronos.

┌──────────────────┐
│ Template: output │
└──────────────────┘
Donor stem_fraction=0.707160 crown_fraction=0.292840
Saved donor template to: /home/marek/ant-megatree/working_code/package/project/published/crematogastrini/blaimer2022/extracted_genera/Podomyrma/extract_Podomyrma_20260412-190527_with_outgroup.template.rds

┌─────────────────────────┐
│ Template: input summary │
└─────────────────────────┘
Outgroup inferred as root singleton: Perissomyrmex_snyderi

┌────────────────────────────┐
│ Template: authority filter │
└────────────────────────────┘
Valid ingroup species kept: 3; dropped absent: 0

┌────────────────────────────────────────┐
│ Template: donor ultrametric conversion │
└────────────────────────────────────────┘
Donor tree type: chronogram; ultrametric: FALSE
Input tree declared as chronogram; skipping chronos.
Chronogram not ultrametric (likely numerical jitter); enforcing ultrametricity using 'extend'.

┌──────────────────┐
│ Template: output │
└──────────────────┘
Donor stem_fraction=0.410960 crown_fraction=0.589040
Saved donor template to: /home/marek/ant-megatree/working_code/package/project/published/crematogastrini/blaimer2022/extracted_genera/Pristomyrmex/extract_Pristomyrmex_20260412-190527_with_outgroup.template.rds

┌─────────────────────────┐
│ Template: input summary │
└─────────────────────────┘
Outgroup inferred as root singleton: Rotastruma_recava

┌────────────────────────────┐
│ Template: authority filter │
└────────────────────────────┘
Valid ingroup species kept: 2; dropped absent: 0

┌────────────────────────────────────────┐
│ Template: donor ultrametric conversion │
└────────────────────────────────────────┘
Donor tree type: chronogram; ultrametric: TRUE
Input tree declared as chronogram; skipping chronos.

┌──────────────────┐
│ Template: output │
└──────────────────┘
Donor stem_fraction=0.945371 crown_fraction=0.054629
Saved donor template to: /home/marek/ant-megatree/working_code/package/project/published/crematogastrini/blaimer2022/extracted_genera/Romblonella/extract_Romblonella_20260412-190528_with_outgroup.template.rds

┌─────────────────────────┐
│ Template: input summary │
└─────────────────────────┘
Outgroup inferred as root singleton: Romblonella_elysii

┌────────────────────────────┐
│ Template: authority filter │
└────────────────────────────┘
Valid ingroup species kept: 2; dropped absent: 0

┌────────────────────────────────────────┐
│ Template: donor ultrametric conversion │
└────────────────────────────────────────┘
Donor tree type: chronogram; ultrametric: TRUE
Input tree declared as chronogram; skipping chronos.

┌──────────────────┐
│ Template: output │
└──────────────────┘
Donor stem_fraction=0.863025 crown_fraction=0.136975
Saved donor template to: /home/marek/ant-megatree/working_code/package/project/published/crematogastrini/blaimer2022/extracted_genera/Rotastruma/extract_Rotastruma_20260412-190528_with_outgroup.template.rds

┌─────────────────────────┐
│ Template: input summary │
└─────────────────────────┘
Outgroup inferred as root singleton: Malagidris_belti

┌────────────────────────────┐
│ Template: authority filter │
└────────────────────────────┘
Valid ingroup species kept: 2; dropped absent: 0

┌────────────────────────────────────────┐
│ Template: donor ultrametric conversion │
└────────────────────────────────────────┘
Donor tree type: chronogram; ultrametric: TRUE
Input tree declared as chronogram; skipping chronos.

┌──────────────────┐
│ Template: output │
└──────────────────┘
Donor stem_fraction=0.825859 crown_fraction=0.174141
Saved donor template to: /home/marek/ant-megatree/working_code/package/project/published/crematogastrini/blaimer2022/extracted_genera/Royidris/extract_Royidris_20260412-190528_with_outgroup.template.rds

┌─────────────────────────┐
│ Template: input summary │
└─────────────────────────┘
Outgroup inferred as root singleton: Formicoxenus_diversipilosus

┌────────────────────────────┐
│ Template: authority filter │
└────────────────────────────┘
Valid ingroup species kept: 4; dropped absent: 0

┌────────────────────────────────────────┐
│ Template: donor ultrametric conversion │
└────────────────────────────────────────┘
Donor tree type: chronogram; ultrametric: TRUE
Input tree declared as chronogram; skipping chronos.

┌──────────────────┐
│ Template: output │
└──────────────────┘
Donor stem_fraction=0.592360 crown_fraction=0.407640
Saved donor template to: /home/marek/ant-megatree/working_code/package/project/published/crematogastrini/blaimer2022/extracted_genera/Temnothorax/extract_Temnothorax_20260412-190528_with_outgroup.template.rds

┌─────────────────────────┐
│ Template: input summary │
└─────────────────────────┘
Outgroup inferred as root singleton: Calyptomyrmex_kaurus

┌────────────────────────────┐
│ Template: authority filter │
└────────────────────────────┘
Valid ingroup species kept: 6; dropped absent: 4

┌────────────────────────────────────────┐
│ Template: donor ultrametric conversion │
└────────────────────────────────────────┘
Donor tree type: chronogram; ultrametric: TRUE
Input tree declared as chronogram; skipping chronos.

┌──────────────────┐
│ Template: output │
└──────────────────┘
Donor stem_fraction=0.541861 crown_fraction=0.458139
Saved donor template to: /home/marek/ant-megatree/working_code/package/project/published/crematogastrini/blaimer2022/extracted_genera/Tetramorium/extract_Tetramorium_20260412-190528_with_outgroup.template.rds

┌─────────────────────────┐
│ Template: input summary │
└─────────────────────────┘
Outgroup inferred as root singleton: Royidris_longiseta

┌────────────────────────────┐
│ Template: authority filter │
└────────────────────────────┘
Valid ingroup species kept: 3; dropped absent: 0

┌────────────────────────────────────────┐
│ Template: donor ultrametric conversion │
└────────────────────────────────────────┘
Donor tree type: chronogram; ultrametric: FALSE
Input tree declared as chronogram; skipping chronos.
Chronogram not ultrametric (likely numerical jitter); enforcing ultrametricity using 'extend'.

┌──────────────────┐
│ Template: output │
└──────────────────┘
Donor stem_fraction=0.634820 crown_fraction=0.365180
Saved donor template to: /home/marek/ant-megatree/working_code/package/project/published/crematogastrini/blaimer2022/extracted_genera/Trichomyrmex/extract_Trichomyrmex_20260412-190528_with_outgroup.template.rds

┌─────────────────────────┐
│ Template: input summary │
└─────────────────────────┘
Outgroup inferred as root singleton: Malagidris_belti

┌────────────────────────────┐
│ Template: authority filter │
└────────────────────────────┘
Valid ingroup species kept: 3; dropped absent: 0

┌────────────────────────────────────────┐
│ Template: donor ultrametric conversion │
└────────────────────────────────────────┘
Donor tree type: chronogram; ultrametric: TRUE
Input tree declared as chronogram; skipping chronos.

┌──────────────────┐
│ Template: output │
└──────────────────┘
Donor stem_fraction=0.416987 crown_fraction=0.583013
Saved donor template to: /home/marek/ant-megatree/working_code/package/project/published/crematogastrini/blaimer2022/extracted_genera/Vitsika/extract_Vitsika_20260412-190528_with_outgroup.template.rds

┌─────────────────────────┐
│ Template: input summary │
└─────────────────────────┘
Outgroup inferred as root singleton: Aretidris_buenaventei

┌────────────────────────────┐
│ Template: authority filter │
└────────────────────────────┘
Valid ingroup species kept: 2; dropped absent: 1

┌────────────────────────────────────────┐
│ Template: donor ultrametric conversion │
└────────────────────────────────────────┘
Donor tree type: chronogram; ultrametric: FALSE
Input tree declared as chronogram; skipping chronos.
Chronogram not ultrametric (likely numerical jitter); enforcing ultrametricity using 'extend'.

┌──────────────────┐
│ Template: output │
└──────────────────┘
Donor stem_fraction=0.436876 crown_fraction=0.563124
Saved donor template to: /home/marek/ant-megatree/working_code/package/project/published/crematogastrini/blaimer2022/extracted_genera/Vollenhovia/extract_Vollenhovia_20260412-190528_with_outgroup.template.rds

┌─────────────────────────┐
│ Template: input summary │
└─────────────────────────┘
Outgroup inferred as root singleton: Nesomyrmex_hafahafa

┌────────────────────────────┐
│ Template: authority filter │
└────────────────────────────┘
Valid ingroup species kept: 2; dropped absent: 0

┌────────────────────────────────────────┐
│ Template: donor ultrametric conversion │
└────────────────────────────────────────┘
Donor tree type: chronogram; ultrametric: FALSE
Input tree declared as chronogram; skipping chronos.
Chronogram not ultrametric (likely numerical jitter); enforcing ultrametricity using 'extend'.

┌──────────────────┐
│ Template: output │
└──────────────────┘
Donor stem_fraction=0.991596 crown_fraction=0.008404
Saved donor template to: /home/marek/ant-megatree/working_code/package/project/published/crematogastrini/blaimer2022/extracted_genera/Xenomyrmex/extract_Xenomyrmex_20260412-190528_with_outgroup.template.rds

┌─────────────────────────┐
│ Template: input summary │
└─────────────────────────┘

┌────────────────────────────┐
│ Template: authority filter │
└────────────────────────────┘
Valid ingroup species kept: 22; dropped absent: 1

┌────────────────────────────────────────┐
│ Template: donor ultrametric conversion │
└────────────────────────────────────────┘
Donor tree type: chronogram; ultrametric: FALSE
Input tree declared as chronogram; skipping chronos.
Chronogram not ultrametric (likely numerical jitter); enforcing ultrametricity using 'extend'.

┌──────────────────┐
│ Template: output │
└──────────────────┘
Donor stem_fraction=0.000000 crown_fraction=1.000000
Saved donor template to: /home/marek/ant-megatree/working_code/package/project/published/acropyga/blaimer2016/extract_mrca_Acropyga_donisthorpei_ACR86-Acropyga_arnoldi_ACR22_20260404-165022_with_outgroup.template.rds

┌─────────────────────────┐
│ Template: input summary │
└─────────────────────────┘

┌────────────────────────────┐
│ Template: authority filter │
└────────────────────────────┘
Valid ingroup species kept: 5; dropped absent: 1

┌────────────────────────────────────────┐
│ Template: donor ultrametric conversion │
└────────────────────────────────────────┘
Donor tree type: chronogram; ultrametric: FALSE
Input tree declared as chronogram; skipping chronos.
Chronogram not ultrametric (likely numerical jitter); enforcing ultrametricity using 'extend'.

┌──────────────────┐
│ Template: output │
└──────────────────┘
Donor stem_fraction=0.000000 crown_fraction=1.000000
Saved donor template to: /home/marek/ant-megatree/working_code/package/project/published/camponotini/ward2025/extracted_genera/Calomyrmex/extract_Calomyrmex_20260410-123025_with_outgroup.template.rds

┌─────────────────────────┐
│ Template: input summary │
└─────────────────────────┘

┌────────────────────────────┐
│ Template: authority filter │
└────────────────────────────┘
Valid ingroup species kept: 16; dropped absent: 1

┌────────────────────────────────────────┐
│ Template: donor ultrametric conversion │
└────────────────────────────────────────┘
Donor tree type: chronogram; ultrametric: FALSE
Input tree declared as chronogram; skipping chronos.
Chronogram not ultrametric (likely numerical jitter); enforcing ultrametricity using 'extend'.

┌──────────────────┐
│ Template: output │
└──────────────────┘
Donor stem_fraction=0.000000 crown_fraction=1.000000
Saved donor template to: /home/marek/ant-megatree/working_code/package/project/published/camponotini/ward2025/extracted_genera/Colobopsis/extract_Colobopsis_20260410-123025_with_outgroup.template.rds

┌─────────────────────────┐
│ Template: input summary │
└─────────────────────────┘
Outgroup inferred as root singleton: Echinopla_australis

┌────────────────────────────┐
│ Template: authority filter │
└────────────────────────────┘
Valid ingroup species kept: 110; dropped absent: 0

┌────────────────────────────────────────┐
│ Template: donor ultrametric conversion │
└────────────────────────────────────────┘
Donor tree type: chronogram; ultrametric: FALSE
Input tree declared as chronogram; skipping chronos.
Chronogram not ultrametric (likely numerical jitter); enforcing ultrametricity using 'extend'.

┌──────────────────┐
│ Template: output │
└──────────────────┘
Donor stem_fraction=0.044031 crown_fraction=0.955969
Saved donor template to: /home/marek/ant-megatree/working_code/package/project/published/camponotini/ward2025/extracted_genera/Camponotus/extract_Camponotus_20260410-123025_with_outgroup.template.rds

┌─────────────────────────┐
│ Template: input summary │
└─────────────────────────┘

┌────────────────────────────┐
│ Template: authority filter │
└────────────────────────────┘
Valid ingroup species kept: 2; dropped absent: 1

┌────────────────────────────────────────┐
│ Template: donor ultrametric conversion │
└────────────────────────────────────────┘
Donor tree type: chronogram; ultrametric: TRUE
Input tree declared as chronogram; skipping chronos.

┌──────────────────┐
│ Template: output │
└──────────────────┘
Donor stem_fraction=0.000000 crown_fraction=1.000000
Saved donor template to: /home/marek/ant-megatree/working_code/package/project/published/camponotini/ward2025/extracted_genera/Echinopla/extract_Echinopla_20260410-123025_with_outgroup.template.rds

┌─────────────────────────┐
│ Template: input summary │
└─────────────────────────┘
Outgroup inferred as root singleton: Calomyrmex_albertisi

┌────────────────────────────┐
│ Template: authority filter │
└────────────────────────────┘
Valid ingroup species kept: 2; dropped absent: 1

┌────────────────────────────────────────┐
│ Template: donor ultrametric conversion │
└────────────────────────────────────────┘
Donor tree type: chronogram; ultrametric: TRUE
Input tree declared as chronogram; skipping chronos.

┌──────────────────┐
│ Template: output │
└──────────────────┘
Donor stem_fraction=0.690234 crown_fraction=0.309766
Saved donor template to: /home/marek/ant-megatree/working_code/package/project/published/camponotini/ward2025/extracted_genera/Overbeckia/extract_Overbeckia_20260410-123025_with_outgroup.template.rds

┌─────────────────────────┐
│ Template: input summary │
└─────────────────────────┘
Outgroup inferred as root singleton: Camponotus_ephippiatus

┌────────────────────────────┐
│ Template: authority filter │
└────────────────────────────┘
Valid ingroup species kept: 4; dropped absent: 1

┌────────────────────────────────────────┐
│ Template: donor ultrametric conversion │
└────────────────────────────────────────┘
Donor tree type: chronogram; ultrametric: FALSE
Input tree declared as chronogram; skipping chronos.
Chronogram not ultrametric (likely numerical jitter); enforcing ultrametricity using 'extend'.

┌──────────────────┐
│ Template: output │
└──────────────────┘
Donor stem_fraction=0.802454 crown_fraction=0.197546
Saved donor template to: /home/marek/ant-megatree/working_code/package/project/published/camponotini/ward2025/extracted_genera/Opisthopsis/extract_Opisthopsis_20260410-123025_with_outgroup.template.rds

┌─────────────────────────┐
│ Template: input summary │
└─────────────────────────┘
Outgroup inferred as root singleton: Camponotus_ephippiatus

┌────────────────────────────┐
│ Template: authority filter │
└────────────────────────────┘
Valid ingroup species kept: 3; dropped absent: 0

┌────────────────────────────────────────┐
│ Template: donor ultrametric conversion │
└────────────────────────────────────────┘
Donor tree type: chronogram; ultrametric: FALSE
Input tree declared as chronogram; skipping chronos.
Chronogram not ultrametric (likely numerical jitter); enforcing ultrametricity using 'extend'.

┌──────────────────┐
│ Template: output │
└──────────────────┘
Donor stem_fraction=0.766889 crown_fraction=0.233111
Saved donor template to: /home/marek/ant-megatree/working_code/package/project/published/camponotini/ward2025/extracted_genera/Lathidris/extract_Lathidris_20260410-123026_with_outgroup.template.rds

┌─────────────────────────┐
│ Template: input summary │
└─────────────────────────┘
Outgroup inferred as root singleton: Procryptocerus_scabriusculus

┌────────────────────────────┐
│ Template: authority filter │
└────────────────────────────┘
Valid ingroup species kept: 63; dropped absent: 35

┌────────────────────────────────────────┐
│ Template: donor ultrametric conversion │
└────────────────────────────────────────┘
Donor tree type: phylogram; ultrametric: FALSE
Phylogram detected; estimating chronogram with chronos.
Selected chronos:
  model=discrete
  lambda=0.1
  rate_cats=1
  PHIIC=132.874177
  logLik=-3.437088
  converged=TRUE
  note=Selected best CONVERGED chronos model.

┌──────────────────┐
│ Template: output │
└──────────────────┘
Donor stem_fraction=0.579271 crown_fraction=0.420729
Saved donor template to: /home/marek/ant-megatree/working_code/package/project/published/cephalotes/price2022/Cephalotes_with_outgroup.template.rds

┌─────────────────────────┐
│ Template: input summary │
└─────────────────────────┘

┌────────────────────────────┐
│ Template: authority filter │
└────────────────────────────┘
Valid ingroup species kept: 110; dropped absent: 6

┌────────────────────────────────────────┐
│ Template: donor ultrametric conversion │
└────────────────────────────────────────┘
Donor tree type: chronogram; ultrametric: FALSE
Input tree declared as chronogram; skipping chronos.
Chronogram not ultrametric (likely numerical jitter); enforcing ultrametricity using 'extend'.

┌──────────────────┐
│ Template: output │
└──────────────────┘
Donor stem_fraction=0.000000 crown_fraction=1.000000
Saved donor template to: /home/marek/ant-megatree/working_code/package/project/published/crematogaster/blaimer2012/extract_mrca_Crematogaster_emeryi-Crematogaster_hova_complex_20260404-133421_with_outgroup.template.rds

┌─────────────────────────┐
│ Template: input summary │
└─────────────────────────┘
Outgroup inferred as root singleton: Crematogaster_lotti

┌────────────────────────────┐
│ Template: authority filter │
└────────────────────────────┘
Valid ingroup species kept: 31; dropped absent: 2

┌────────────────────────────────────────┐
│ Template: donor ultrametric conversion │
└────────────────────────────────────────┘
Donor tree type: chronogram; ultrametric: FALSE
Input tree declared as chronogram; skipping chronos.
Chronogram not ultrametric (likely numerical jitter); enforcing ultrametricity using 'extend'.

┌──────────────────┐
│ Template: output │
└──────────────────┘
Donor stem_fraction=0.486845 crown_fraction=0.513155
Saved donor template to: /home/marek/ant-megatree/working_code/package/project/published/crematogaster/ward2022/extract_mrca_Crematogaster_scutellaris_BBX611-Crematogaster_ashmeadi_D1839_20260404-134141_with_outgroup.template.rds

┌─────────────────────────┐
│ Template: input summary │
└─────────────────────────┘
Outgroup inferred as root singleton: Forelius_damiani

┌────────────────────────────┐
│ Template: authority filter │
└────────────────────────────┘
Valid ingroup species kept: 29; dropped absent: 4

┌────────────────────────────────────────┐
│ Template: donor ultrametric conversion │
└────────────────────────────────────────┘
Donor tree type: chronogram; ultrametric: FALSE
Input tree declared as chronogram; skipping chronos.
Chronogram not ultrametric (likely numerical jitter); enforcing ultrametricity using 'extend'.

┌──────────────────┐
│ Template: output │
└──────────────────┘
Donor stem_fraction=0.183456 crown_fraction=0.816544
Saved donor template to: /home/marek/ant-megatree/working_code/package/project/published/dorymyrmex/oberski2025/extract_mrca_Dorymyrmex_ebeninus_D1537-Dorymyrmex_ce01_D2967_20260404-192925_with_outgroup.template.rds

┌─────────────────────────┐
│ Template: input summary │
└─────────────────────────┘
Outgroup inferred as root singleton: Dorymyrmex_paranensis

┌────────────────────────────┐
│ Template: authority filter │
└────────────────────────────┘
Valid ingroup species kept: 8; dropped absent: 0

┌────────────────────────────────────────┐
│ Template: donor ultrametric conversion │
└────────────────────────────────────────┘
Donor tree type: chronogram; ultrametric: FALSE
Input tree declared as chronogram; skipping chronos.
Chronogram not ultrametric (likely numerical jitter); enforcing ultrametricity using 'extend'.

┌──────────────────┐
│ Template: output │
└──────────────────┘
Donor stem_fraction=0.545591 crown_fraction=0.454409
Saved donor template to: /home/marek/ant-megatree/working_code/package/project/published/dorymyrmex/oberski2025/extract_mrca_Forelius_damiani_D3046-Forelius_brasiliensis_D3042_20260404-192925_with_outgroup.template.rds

┌─────────────────────────┐
│ Template: input summary │
└─────────────────────────┘
Outgroup inferred as root singleton: Dorymyrmex_paranensis

┌────────────────────────────┐
│ Template: authority filter │
└────────────────────────────┘
Valid ingroup species kept: 9; dropped absent: 0

┌────────────────────────────────────────┐
│ Template: donor ultrametric conversion │
└────────────────────────────────────────┘
Donor tree type: chronogram; ultrametric: FALSE
Input tree declared as chronogram; skipping chronos.
Chronogram not ultrametric (likely numerical jitter); enforcing ultrametricity using 'extend'.

┌──────────────────┐
│ Template: output │
└──────────────────┘
Donor stem_fraction=0.210162 crown_fraction=0.789838
Saved donor template to: /home/marek/ant-megatree/working_code/package/project/published/dorymyrmex/oberski2025/extract_mrca_Leptomyrmex_relictus_D1200-Leptomyrmex_unicolor_D3033_20260404-192925_with_outgroup.template.rds

┌─────────────────────────┐
│ Template: input summary │
└─────────────────────────┘
Outgroup inferred as root singleton: Iberoformica_subrufa

┌────────────────────────────┐
│ Template: authority filter │
└────────────────────────────┘
Valid ingroup species kept: 81; dropped absent: 5

┌────────────────────────────────────────┐
│ Template: donor ultrametric conversion │
└────────────────────────────────────────┘
Donor tree type: chronogram; ultrametric: FALSE
Input tree declared as chronogram; skipping chronos.
Chronogram not ultrametric (likely numerical jitter); enforcing ultrametricity using 'extend'.

┌──────────────────┐
│ Template: output │
└──────────────────┘
Donor stem_fraction=0.127219 crown_fraction=0.872781
Saved donor template to: /home/marek/ant-megatree/working_code/package/project/published/formica/borowiec2021/extract_mrca_Formica_gagates_F0120-Formica_nevadensis_F0079_20260404-181141_with_outgroup.template.rds

┌─────────────────────────┐
│ Template: input summary │
└─────────────────────────┘
Outgroup inferred as root singleton: Myrmecocystus_mexicanus

┌────────────────────────────┐
│ Template: authority filter │
└────────────────────────────┘
Valid ingroup species kept: 20; dropped absent: 1

┌────────────────────────────────────────┐
│ Template: donor ultrametric conversion │
└────────────────────────────────────────┘
Donor tree type: phylogram; ultrametric: FALSE
Phylogram detected; estimating chronogram with chronos.
Selected chronos:
  model=discrete
  lambda=0.1
  rate_cats=1
  PHIIC=40.918494
  logLik=-0.459247
  converged=TRUE
  note=Selected best CONVERGED chronos model.

┌──────────────────┐
│ Template: output │
└──────────────────┘
Donor stem_fraction=0.097467 crown_fraction=0.902533
Saved donor template to: /home/marek/ant-megatree/working_code/package/project/published/lasius/boudinot2022/Lasius_with_outgroup.template.rds

┌─────────────────────────┐
│ Template: input summary │
└─────────────────────────┘
Outgroup inferred as root singleton: Nothomyrm_macrops

┌────────────────────────────┐
│ Template: authority filter │
└────────────────────────────┘
Valid ingroup species kept: 62; dropped absent: 7

┌────────────────────────────────────────┐
│ Template: donor ultrametric conversion │
└────────────────────────────────────────┘
Donor tree type: chronogram; ultrametric: FALSE
Input tree declared as chronogram; skipping chronos.
Chronogram not ultrametric (likely numerical jitter); enforcing ultrametricity using 'extend'.

┌──────────────────┐
│ Template: output │
└──────────────────┘
Donor stem_fraction=0.336705 crown_fraction=0.663295
Saved donor template to: /home/marek/ant-megatree/working_code/package/project/published/myrmecia/mera-rodriguez2023/extract_mrca_Myrmecia_flammicollis_11550-Myrmecia_inquilina_13405_20260409-145529_with_outgroup.template.rds

┌─────────────────────────┐
│ Template: input summary │
└─────────────────────────┘
Outgroup inferred as root singleton: Adelomyrmex_longinoi

┌────────────────────────────┐
│ Template: authority filter │
└────────────────────────────┘
Valid ingroup species kept: 40; dropped absent: 3

┌────────────────────────────────────────┐
│ Template: donor ultrametric conversion │
└────────────────────────────────────────┘
Donor tree type: chronogram; ultrametric: FALSE
Input tree declared as chronogram; skipping chronos.
Chronogram not ultrametric (likely numerical jitter); enforcing ultrametricity using 'extend'.

┌──────────────────┐
│ Template: output │
└──────────────────┘
Donor stem_fraction=0.055122 crown_fraction=0.944878
Saved donor template to: /home/marek/ant-megatree/working_code/package/project/published/myrmicini/prebus2025/extract_mrca_Manica_hunteri_OR_S_Mattheiu_Lake_P861-Pogonomyrmex_maricopa_P882_20260404-165809_with_outgroup.template.rds

┌─────────────────────────┐
│ Template: input summary │
└─────────────────────────┘
Outgroup inferred as root singleton: Lasius_californicus

┌────────────────────────────┐
│ Template: authority filter │
└────────────────────────────┘
Valid ingroup species kept: 44; dropped absent: 1

┌────────────────────────────────────────┐
│ Template: donor ultrametric conversion │
└────────────────────────────────────────┘
Donor tree type: chronogram; ultrametric: TRUE
Input tree declared as chronogram; skipping chronos.

┌──────────────────┐
│ Template: output │
└──────────────────┘
Donor stem_fraction=0.312838 crown_fraction=0.687162
Saved donor template to: /home/marek/ant-megatree/working_code/package/project/published/prenolepis/matos-maravi2018/extract_mrca_Zatania_albimaculata-Nylanderia_NYLA026_20260404-171052_with_outgroup.template.rds

┌─────────────────────────┐
│ Template: input summary │
└─────────────────────────┘
Outgroup inferred as root singleton: Paratrechina_longicornis

┌────────────────────────────┐
│ Template: authority filter │
└────────────────────────────┘
Valid ingroup species kept: 36; dropped absent: 2

┌────────────────────────────────────────┐
│ Template: donor ultrametric conversion │
└────────────────────────────────────────┘
Donor tree type: phylogram; ultrametric: FALSE
Phylogram detected; estimating chronogram with chronos.
Selected chronos:
  model=discrete
  lambda=0.1
  rate_cats=1
  PHIIC=75.752173
  logLik=-1.876086
  converged=TRUE
  note=Selected best CONVERGED chronos model.

┌──────────────────┐
│ Template: output │
└──────────────────┘
Donor stem_fraction=0.495950 crown_fraction=0.504050
Saved donor template to: /home/marek/ant-megatree/working_code/package/project/published/nylanderia/williams2022/Nylanderia_with_outgroup.template.rds

┌─────────────────────────┐
│ Template: input summary │
└─────────────────────────┘
Outgroup inferred as root singleton: Cephalotes_setulifer

┌────────────────────────────┐
│ Template: authority filter │
└────────────────────────────┘
Valid ingroup species kept: 236; dropped absent: 13

┌────────────────────────────────────────┐
│ Template: donor ultrametric conversion │
└────────────────────────────────────────┘
Donor tree type: chronogram; ultrametric: TRUE
Input tree declared as chronogram; skipping chronos.

┌──────────────────┐
│ Template: output │
└──────────────────┘
Donor stem_fraction=0.485965 crown_fraction=0.514035
Saved donor template to: /home/marek/ant-megatree/working_code/package/project/published/pheidole/economo2019/extract_mrca_Pheidole_fimbriata_CASENT0283061-Pheidole_allarmata_CASENT0283450_20260404-164232_with_outgroup.template.rds

┌─────────────────────────┐
│ Template: input summary │
└─────────────────────────┘
Outgroup inferred as root singleton: Myrcidris_epicharis

┌────────────────────────────┐
│ Template: authority filter │
└────────────────────────────┘
Valid ingroup species kept: 98; dropped absent: 4

┌────────────────────────────────────────┐
│ Template: donor ultrametric conversion │
└────────────────────────────────────────┘
Donor tree type: phylogram; ultrametric: FALSE
Phylogram detected; estimating chronogram with chronos.
Selected chronos:
  model=correlated
  lambda=10
  rate_cats=NA
  PHIIC=593.222241
  logLik=-3.604434
  converged=TRUE
  note=Selected best CONVERGED chronos model.

┌──────────────────┐
│ Template: output │
└──────────────────┘
Donor stem_fraction=0.464212 crown_fraction=0.535788
Saved donor template to: /home/marek/ant-megatree/working_code/package/project/published/pseudomyrmex/chomicki2015/Pseudomyrmex_with_outgroup.template.rds

┌─────────────────────────┐
│ Template: input summary │
└─────────────────────────┘
Outgroup inferred as root singleton: Pseudomyrmex_fervidus

┌────────────────────────────┐
│ Template: authority filter │
└────────────────────────────┘
Valid ingroup species kept: 13; dropped absent: 0

┌────────────────────────────────────────┐
│ Template: donor ultrametric conversion │
└────────────────────────────────────────┘
Donor tree type: chronogram; ultrametric: FALSE
Input tree declared as chronogram; skipping chronos.
Chronogram not ultrametric (likely numerical jitter); enforcing ultrametricity using 'extend'.

┌──────────────────┐
│ Template: output │
└──────────────────┘
Donor stem_fraction=0.448367 crown_fraction=0.551633
Saved donor template to: /home/marek/ant-megatree/working_code/package/project/published/pseudomyrmex/ward2022/extract_mrca_Pseudomyrmex_salvini_D1236-Pseudomyrmex_apache_D0155_20260409-144547_with_outgroup.template.rds

┌─────────────────────────┐
│ Template: input summary │
└─────────────────────────┘
Outgroup inferred as root singleton: Pseudomyrmex_perboscii

┌────────────────────────────┐
│ Template: authority filter │
└────────────────────────────┘
Valid ingroup species kept: 11; dropped absent: 1

┌────────────────────────────────────────┐
│ Template: donor ultrametric conversion │
└────────────────────────────────────────┘
Donor tree type: chronogram; ultrametric: FALSE
Input tree declared as chronogram; skipping chronos.
Chronogram not ultrametric (likely numerical jitter); enforcing ultrametricity using 'extend'.

┌──────────────────┐
│ Template: output │
└──────────────────┘
Donor stem_fraction=0.330818 crown_fraction=0.669182
Saved donor template to: /home/marek/ant-megatree/working_code/package/project/published/pseudomyrmex/ward2017/extract_mrca_Pseudomyrmex_particeps_D1307-Pseudomyrmex_janzeni_D0620_20260404-173038_with_outgroup.template.rds

┌─────────────────────────┐
│ Template: input summary │
└─────────────────────────┘
Outgroup inferred as root singleton: Adelomyrmex_jtl

┌────────────────────────────┐
│ Template: authority filter │
└────────────────────────────┘
Valid ingroup species kept: 85; dropped absent: 3

┌────────────────────────────────────────┐
│ Template: donor ultrametric conversion │
└────────────────────────────────────────┘
Donor tree type: chronogram; ultrametric: FALSE
Input tree declared as chronogram; skipping chronos.
Chronogram not ultrametric (likely numerical jitter); enforcing ultrametricity using 'extend'.

┌──────────────────┐
│ Template: output │
└──────────────────┘
Donor stem_fraction=0.415300 crown_fraction=0.584700
Saved donor template to: /home/marek/ant-megatree/working_code/package/project/published/stenammini/branstetter2022/extract_mrca_Novomessor_albisetosus_EX376-Stenamma_punctiventre_EX309_20260404-124915_with_outgroup.template.rds

┌─────────────────────────┐
│ Template: input summary │
└─────────────────────────┘
Outgroup inferred as root singleton: Aphaenogaster_megommata

┌────────────────────────────┐
│ Template: authority filter │
└────────────────────────────┘
Valid ingroup species kept: 49; dropped absent: 2

┌────────────────────────────────────────┐
│ Template: donor ultrametric conversion │
└────────────────────────────────────────┘
Donor tree type: chronogram; ultrametric: FALSE
Input tree declared as chronogram; skipping chronos.
Chronogram not ultrametric (likely numerical jitter); enforcing ultrametricity using 'extend'.

┌──────────────────┐
│ Template: output │
└──────────────────┘
Donor stem_fraction=0.090304 crown_fraction=0.909696
Saved donor template to: /home/marek/ant-megatree/working_code/package/project/published/messor/juve2025/extract_mrca_Messor_asmaae_sp1_PAKISTAN_AWEY-Messor_picturatus_maurus_TUNISIA_WGS_SH02-03_20260404-174036_with_outgroup.template.rds

┌─────────────────────────┐
│ Template: input summary │
└─────────────────────────┘
Outgroup inferred as root singleton: Pilotrochus_besmerus

┌────────────────────────────┐
│ Template: authority filter │
└────────────────────────────┘
Valid ingroup species kept: 113; dropped absent: 3

┌────────────────────────────────────────┐
│ Template: donor ultrametric conversion │
└────────────────────────────────────────┘
Donor tree type: phylogram; ultrametric: FALSE
Phylogram detected; estimating chronogram with chronos.
Selected chronos:
  model=discrete
  lambda=0.1
  rate_cats=1
  PHIIC=244.364639
  logLik=-9.182320
  converged=TRUE
  note=Selected best CONVERGED chronos model.

┌──────────────────┐
│ Template: output │
└──────────────────┘
Donor stem_fraction=0.502237 crown_fraction=0.497763
Saved donor template to: /home/marek/ant-megatree/working_code/package/project/published/strumigenys/booher2021/Strumigenys_with_outgroup.template.rds

┌─────────────────────────┐
│ Template: input summary │
└─────────────────────────┘
Outgroup inferred as root singleton: Leptothorax_calderoni

┌────────────────────────────┐
│ Template: authority filter │
└────────────────────────────┘
Valid ingroup species kept: 84; dropped absent: 6

┌────────────────────────────────────────┐
│ Template: donor ultrametric conversion │
└────────────────────────────────────────┘
Donor tree type: chronogram; ultrametric: TRUE
Input tree declared as chronogram; skipping chronos.

┌──────────────────┐
│ Template: output │
└──────────────────┘
Donor stem_fraction=0.254239 crown_fraction=0.745761
Saved donor template to: /home/marek/ant-megatree/working_code/package/project/published/temnothorax/prebus2017/extract_mrca_Temnothorax_nitens_P017-Temnothorax_mpala_P010_20260408-155341_with_outgroup_no_aztecus.template.rds

┌─────────────────────────┐
│ Template: input summary │
└─────────────────────────┘

┌────────────────────────────┐
│ Template: authority filter │
└────────────────────────────┘
Valid ingroup species kept: 9; dropped absent: 0

┌────────────────────────────────────────┐
│ Template: donor ultrametric conversion │
└────────────────────────────────────────┘
Donor tree type: chronogram; ultrametric: TRUE
Input tree declared as chronogram; skipping chronos.

┌──────────────────┐
│ Template: output │
└──────────────────┘
Donor stem_fraction=0.000000 crown_fraction=1.000000
Saved donor template to: /home/marek/ant-megatree/working_code/package/project/published/temnothorax/prebus2021/filtered_data_beast_output_renamed.template.rds

┌─────────────────────────┐
│ Template: input summary │
└─────────────────────────┘

┌────────────────────────────┐
│ Template: authority filter │
└────────────────────────────┘
Valid ingroup species kept: 2; dropped absent: 3

┌────────────────────────────────────────┐
│ Template: donor ultrametric conversion │
└────────────────────────────────────────┘
Donor tree type: chronogram; ultrametric: FALSE
Input tree declared as chronogram; skipping chronos.
Chronogram not ultrametric (likely numerical jitter); enforcing ultrametricity using 'extend'.

┌──────────────────┐
│ Template: output │
└──────────────────┘
Donor stem_fraction=0.000000 crown_fraction=1.000000
Saved donor template to: /home/marek/ant-megatree/working_code/package/project/published/temnothorax/csosz2024/Csosz_et_al_unifasciatus_no_outgroup.template.rds

┌─────────────────────────┐
│ Template: input summary │
└─────────────────────────┘
Outgroup inferred as root singleton: Acanthognathus_ocellatus

┌────────────────────────────┐
│ Template: authority filter │
└────────────────────────────┘
Valid ingroup species kept: 54; dropped absent: 19

┌────────────────────────────────────────┐
│ Template: donor ultrametric conversion │
└────────────────────────────────────────┘
Donor tree type: chronogram; ultrametric: FALSE
Input tree declared as chronogram; skipping chronos.
Chronogram not ultrametric (likely numerical jitter); enforcing ultrametricity using 'extend'.

┌──────────────────┐
│ Template: output │
└──────────────────┘
Donor stem_fraction=0.071739 crown_fraction=0.928261
Saved donor template to: /home/marek/ant-megatree/working_code/package/project/published/attini/schultz2024/extract_mrca_Mycocepurus_obsoletus_7308-Trachymyrmex_opulentus_8122_20260404-141656_with_outgroup.template.rds

┌─────────────────────────┐
│ Template: input summary │
└─────────────────────────┘
Outgroup inferred as root singleton: Dorylus_fulvus

┌────────────────────────────┐
│ Template: authority filter │
└────────────────────────────┘
Valid ingroup species kept: 16; dropped absent: 1

┌────────────────────────────────────────┐
│ Template: donor ultrametric conversion │
└────────────────────────────────────────┘
Donor tree type: chronogram; ultrametric: TRUE
Input tree declared as chronogram; skipping chronos.

┌──────────────────┐
│ Template: output │
└──────────────────┘
Donor stem_fraction=0.597160 crown_fraction=0.402840
Saved donor template to: /home/marek/ant-megatree/working_code/package/project/published/dorylinae/borowiec2019/extracted_genera/Aenictus/extract_Aenictus_20260410-124621_with_outgroup.template.rds

┌─────────────────────────┐
│ Template: input summary │
└─────────────────────────┘
Outgroup inferred as root singleton: Chrysapace_sauteri

┌────────────────────────────┐
│ Template: authority filter │
└────────────────────────────┘
Valid ingroup species kept: 2; dropped absent: 1

┌────────────────────────────────────────┐
│ Template: donor ultrametric conversion │
└────────────────────────────────────────┘
Donor tree type: chronogram; ultrametric: TRUE
Input tree declared as chronogram; skipping chronos.

┌──────────────────┐
│ Template: output │
└──────────────────┘
Donor stem_fraction=0.741881 crown_fraction=0.258119
Saved donor template to: /home/marek/ant-megatree/working_code/package/project/published/dorylinae/borowiec2019/extracted_genera/Cerapachys/extract_Cerapachys_20260410-124621_with_outgroup.template.rds

┌─────────────────────────┐
│ Template: input summary │
└─────────────────────────┘
Outgroup inferred as root singleton: Eciton_hamatum

┌────────────────────────────┐
│ Template: authority filter │
└────────────────────────────┘
Valid ingroup species kept: 3; dropped absent: 0

┌────────────────────────────────────────┐
│ Template: donor ultrametric conversion │
└────────────────────────────────────────┘
Donor tree type: chronogram; ultrametric: TRUE
Input tree declared as chronogram; skipping chronos.

┌──────────────────┐
│ Template: output │
└──────────────────┘
Donor stem_fraction=0.813189 crown_fraction=0.186811
Saved donor template to: /home/marek/ant-megatree/working_code/package/project/published/dorylinae/borowiec2019/extracted_genera/Cheliomyrmex/extract_Cheliomyrmex_20260410-124621_with_outgroup.template.rds

┌─────────────────────────┐
│ Template: input summary │
└─────────────────────────┘

┌────────────────────────────┐
│ Template: authority filter │
└────────────────────────────┘
Valid ingroup species kept: 4; dropped absent: 1

┌────────────────────────────────────────┐
│ Template: donor ultrametric conversion │
└────────────────────────────────────────┘
Donor tree type: chronogram; ultrametric: FALSE
Input tree declared as chronogram; skipping chronos.
Chronogram not ultrametric (likely numerical jitter); enforcing ultrametricity using 'extend'.

┌──────────────────┐
│ Template: output │
└──────────────────┘
Donor stem_fraction=0.000000 crown_fraction=1.000000
Saved donor template to: /home/marek/ant-megatree/working_code/package/project/published/dorylinae/borowiec2019/extracted_genera/Cylindromyrmex/extract_Cylindromyrmex_20260410-124621_with_outgroup.template.rds

┌─────────────────────────┐
│ Template: input summary │
└─────────────────────────┘

┌────────────────────────────┐
│ Template: authority filter │
└────────────────────────────┘
Valid ingroup species kept: 8; dropped absent: 5

┌────────────────────────────────────────┐
│ Template: donor ultrametric conversion │
└────────────────────────────────────────┘
Donor tree type: chronogram; ultrametric: FALSE
Input tree declared as chronogram; skipping chronos.
Chronogram not ultrametric (likely numerical jitter); enforcing ultrametricity using 'extend'.

┌──────────────────┐
│ Template: output │
└──────────────────┘
Donor stem_fraction=0.000000 crown_fraction=1.000000
Saved donor template to: /home/marek/ant-megatree/working_code/package/project/published/dorylinae/borowiec2019/extracted_genera/Dorylus/extract_Dorylus_20260410-124621_with_outgroup.template.rds

┌─────────────────────────┐
│ Template: input summary │
└─────────────────────────┘
Outgroup inferred as root singleton: Nomamyrmex_esenbeckii

┌────────────────────────────┐
│ Template: authority filter │
└────────────────────────────┘
Valid ingroup species kept: 6; dropped absent: 0

┌────────────────────────────────────────┐
│ Template: donor ultrametric conversion │
└────────────────────────────────────────┘
Donor tree type: chronogram; ultrametric: TRUE
Input tree declared as chronogram; skipping chronos.

┌──────────────────┐
│ Template: output │
└──────────────────┘
Donor stem_fraction=0.628498 crown_fraction=0.371502
Saved donor template to: /home/marek/ant-megatree/working_code/package/project/published/dorylinae/borowiec2019/extracted_genera/Eciton/extract_Eciton_20260410-124621_with_outgroup.template.rds

┌─────────────────────────┐
│ Template: input summary │
└─────────────────────────┘
Outgroup inferred as root singleton: Eciton_hamatum

┌────────────────────────────┐
│ Template: authority filter │
└────────────────────────────┘
Valid ingroup species kept: 2; dropped absent: 1

┌────────────────────────────────────────┐
│ Template: donor ultrametric conversion │
└────────────────────────────────────────┘
Donor tree type: chronogram; ultrametric: FALSE
Input tree declared as chronogram; skipping chronos.
Chronogram not ultrametric (likely numerical jitter); enforcing ultrametricity using 'extend'.

┌──────────────────┐
│ Template: output │
└──────────────────┘
Donor stem_fraction=0.625669 crown_fraction=0.374331
Saved donor template to: /home/marek/ant-megatree/working_code/package/project/published/dorylinae/borowiec2019/extracted_genera/Labidus/extract_Labidus_20260410-124621_with_outgroup.template.rds

┌─────────────────────────┐
│ Template: input summary │
└─────────────────────────┘
Outgroup inferred as root singleton: Neivamyrmex_nyensis

┌────────────────────────────┐
│ Template: authority filter │
└────────────────────────────┘
Valid ingroup species kept: 5; dropped absent: 0

┌────────────────────────────────────────┐
│ Template: donor ultrametric conversion │
└────────────────────────────────────────┘
Donor tree type: chronogram; ultrametric: FALSE
Input tree declared as chronogram; skipping chronos.
Chronogram not ultrametric (likely numerical jitter); enforcing ultrametricity using 'extend'.

┌──────────────────┐
│ Template: output │
└──────────────────┘
Donor stem_fraction=0.387725 crown_fraction=0.612275
Saved donor template to: /home/marek/ant-megatree/working_code/package/project/published/dorylinae/borowiec2019/extracted_genera/Leptanilloides/extract_Leptanilloides_20260410-124621_with_outgroup.template.rds

┌─────────────────────────┐
│ Template: input summary │
└─────────────────────────┘

┌────────────────────────────┐
│ Template: authority filter │
└────────────────────────────┘
Valid ingroup species kept: 7; dropped absent: 2

┌────────────────────────────────────────┐
│ Template: donor ultrametric conversion │
└────────────────────────────────────────┘
Donor tree type: chronogram; ultrametric: FALSE
Input tree declared as chronogram; skipping chronos.
Chronogram not ultrametric (likely numerical jitter); enforcing ultrametricity using 'extend'.

┌──────────────────┐
│ Template: output │
└──────────────────┘
Donor stem_fraction=0.000000 crown_fraction=1.000000
Saved donor template to: /home/marek/ant-megatree/working_code/package/project/published/dorylinae/borowiec2019/extracted_genera/Lioponera/extract_Lioponera_20260410-124621_with_outgroup.template.rds

┌─────────────────────────┐
│ Template: input summary │
└─────────────────────────┘
Outgroup inferred as root singleton: Cheliomyrmex_andicola

┌────────────────────────────┐
│ Template: authority filter │
└────────────────────────────┘
Valid ingroup species kept: 14; dropped absent: 2

┌────────────────────────────────────────┐
│ Template: donor ultrametric conversion │
└────────────────────────────────────────┘
Donor tree type: chronogram; ultrametric: FALSE
Input tree declared as chronogram; skipping chronos.
Chronogram not ultrametric (likely numerical jitter); enforcing ultrametricity using 'extend'.

┌──────────────────┐
│ Template: output │
└──────────────────┘
Donor stem_fraction=0.513831 crown_fraction=0.486169
Saved donor template to: /home/marek/ant-megatree/working_code/package/project/published/dorylinae/borowiec2019/extracted_genera/Neivamyrmex/extract_Neivamyrmex_20260410-124621_with_outgroup.template.rds

┌─────────────────────────┐
│ Template: input summary │
└─────────────────────────┘

┌────────────────────────────┐
│ Template: authority filter │
└────────────────────────────┘
Valid ingroup species kept: 1; dropped absent: 2

┌────────────────────────────────────────┐
│ Template: donor ultrametric conversion │
└────────────────────────────────────────┘
Donor tree type: chronogram; ultrametric: TRUE
Input tree declared as chronogram; skipping chronos.
[SKIP] TIP{Neocerapachys}: template could not be prepared ().

┌─────────────────────────┐
│ Template: input summary │
└─────────────────────────┘
Outgroup inferred as root singleton: Eciton_hamatum

┌────────────────────────────┐
│ Template: authority filter │
└────────────────────────────┘
Valid ingroup species kept: 2; dropped absent: 0

┌────────────────────────────────────────┐
│ Template: donor ultrametric conversion │
└────────────────────────────────────────┘
Donor tree type: chronogram; ultrametric: TRUE
Input tree declared as chronogram; skipping chronos.

┌──────────────────┐
│ Template: output │
└──────────────────┘
Donor stem_fraction=0.401091 crown_fraction=0.598909
Saved donor template to: /home/marek/ant-megatree/working_code/package/project/published/dorylinae/borowiec2019/extracted_genera/Nomamyrmex/extract_Nomamyrmex_20260410-124621_with_outgroup.template.rds

┌─────────────────────────┐
│ Template: input summary │
└─────────────────────────┘
Outgroup inferred as root singleton: Syscia_augustae

┌────────────────────────────┐
│ Template: authority filter │
└────────────────────────────┘
Valid ingroup species kept: 3; dropped absent: 1

┌────────────────────────────────────────┐
│ Template: donor ultrametric conversion │
└────────────────────────────────────────┘
Donor tree type: chronogram; ultrametric: TRUE
Input tree declared as chronogram; skipping chronos.

┌──────────────────┐
│ Template: output │
└──────────────────┘
Donor stem_fraction=0.437302 crown_fraction=0.562698
Saved donor template to: /home/marek/ant-megatree/working_code/package/project/published/dorylinae/borowiec2019/extracted_genera/Ooceraea/extract_Ooceraea_20260410-124621_with_outgroup.template.rds

┌─────────────────────────┐
│ Template: input summary │
└─────────────────────────┘
Outgroup inferred as root singleton: Zasphinctus_trux

┌────────────────────────────┐
│ Template: authority filter │
└────────────────────────────┘
Valid ingroup species kept: 2; dropped absent: 1

┌────────────────────────────────────────┐
│ Template: donor ultrametric conversion │
└────────────────────────────────────────┘
Donor tree type: chronogram; ultrametric: FALSE
Input tree declared as chronogram; skipping chronos.
Chronogram not ultrametric (likely numerical jitter); enforcing ultrametricity using 'extend'.

┌──────────────────┐
│ Template: output │
└──────────────────┘
Donor stem_fraction=0.678685 crown_fraction=0.321315
Saved donor template to: /home/marek/ant-megatree/working_code/package/project/published/dorylinae/borowiec2019/extracted_genera/Parasyscia/extract_Parasyscia_20260410-124621_with_outgroup.template.rds

┌─────────────────────────┐
│ Template: input summary │
└─────────────────────────┘
Outgroup inferred as root singleton: Tanipone_zona

┌────────────────────────────┐
│ Template: authority filter │
└────────────────────────────┘
Valid ingroup species kept: 7; dropped absent: 0

┌────────────────────────────────────────┐
│ Template: donor ultrametric conversion │
└────────────────────────────────────────┘
Donor tree type: chronogram; ultrametric: FALSE
Input tree declared as chronogram; skipping chronos.
Chronogram not ultrametric (likely numerical jitter); enforcing ultrametricity using 'extend'.

┌──────────────────┐
│ Template: output │
└──────────────────┘
Donor stem_fraction=0.656637 crown_fraction=0.343363
Saved donor template to: /home/marek/ant-megatree/working_code/package/project/published/dorylinae/borowiec2019/extracted_genera/Simopone/extract_Simopone_20260410-124621_with_outgroup.template.rds

┌─────────────────────────┐
│ Template: input summary │
└─────────────────────────┘
Outgroup inferred as root singleton: Simopone_conradti

┌────────────────────────────┐
│ Template: authority filter │
└────────────────────────────┘
Valid ingroup species kept: 4; dropped absent: 0

┌────────────────────────────────────────┐
│ Template: donor ultrametric conversion │
└────────────────────────────────────────┘
Donor tree type: chronogram; ultrametric: FALSE
Input tree declared as chronogram; skipping chronos.
Chronogram not ultrametric (likely numerical jitter); enforcing ultrametricity using 'extend'.

┌──────────────────┐
│ Template: output │
└──────────────────┘
Donor stem_fraction=0.694942 crown_fraction=0.305058
Saved donor template to: /home/marek/ant-megatree/working_code/package/project/published/dorylinae/borowiec2019/extracted_genera/Tanipone/extract_Tanipone_20260410-124621_with_outgroup.template.rds

┌─────────────────────────┐
│ Template: input summary │
└─────────────────────────┘
Outgroup inferred as root singleton: Chrysapace_sauteri

┌────────────────────────────┐
│ Template: authority filter │
└────────────────────────────┘
Valid ingroup species kept: 2; dropped absent: 1

┌────────────────────────────────────────┐
│ Template: donor ultrametric conversion │
└────────────────────────────────────────┘
Donor tree type: chronogram; ultrametric: FALSE
Input tree declared as chronogram; skipping chronos.
Chronogram not ultrametric (likely numerical jitter); enforcing ultrametricity using 'extend'.

┌──────────────────┐
│ Template: output │
└──────────────────┘
Donor stem_fraction=0.488397 crown_fraction=0.511603
Saved donor template to: /home/marek/ant-megatree/working_code/package/project/published/dorylinae/borowiec2019/extracted_genera/Yunodorylus/extract_Yunodorylus_20260410-124621_with_outgroup.template.rds

┌─────────────────────────┐
│ Template: input summary │
└─────────────────────────┘

┌────────────────────────────┐
│ Template: authority filter │
└────────────────────────────┘
Valid ingroup species kept: 4; dropped absent: 1

┌────────────────────────────────────────┐
│ Template: donor ultrametric conversion │
└────────────────────────────────────────┘
Donor tree type: chronogram; ultrametric: FALSE
Input tree declared as chronogram; skipping chronos.
Chronogram not ultrametric (likely numerical jitter); enforcing ultrametricity using 'extend'.

┌──────────────────┐
│ Template: output │
└──────────────────┘
Donor stem_fraction=0.000000 crown_fraction=1.000000
Saved donor template to: /home/marek/ant-megatree/working_code/package/project/published/dorylinae/borowiec2019/extracted_genera/Zasphinctus/extract_Zasphinctus_20260410-124621_with_outgroup.template.rds

┌─────────────────────────┐
│ Template: input summary │
└─────────────────────────┘
Outgroup inferred as root singleton: Cardiocondyla_mauritanica

┌────────────────────────────┐
│ Template: authority filter │
└────────────────────────────┘
Valid ingroup species kept: 20; dropped absent: 1

┌────────────────────────────────────────┐
│ Template: donor ultrametric conversion │
└────────────────────────────────────────┘
Donor tree type: chronogram; ultrametric: FALSE
Input tree declared as chronogram; skipping chronos.
Chronogram not ultrametric (likely numerical jitter); enforcing ultrametricity using 'extend'.

┌──────────────────┐
│ Template: output │
└──────────────────┘
Donor stem_fraction=0.641749 crown_fraction=0.358251
Saved donor template to: /home/marek/ant-megatree/working_code/package/project/published/ocymyrmex/mbanyana2024/extract_mrca_Ocymyrmex_sp_2_HYM_C027808_Ocy103-Ocymyrmex_celer_BBC660_20260409-142001_with_outgroup.template.rds

┌─────────────────────────┐
│ Template: input summary │
└─────────────────────────┘
Outgroup inferred as root singleton: Myrmelachista_cooperi

┌────────────────────────────┐
│ Template: authority filter │
└────────────────────────────┘
Valid ingroup species kept: 5; dropped absent: 1

┌────────────────────────────────────────┐
│ Template: donor ultrametric conversion │
└────────────────────────────────────────┘
Donor tree type: chronogram; ultrametric: FALSE
Input tree declared as chronogram; skipping chronos.
Chronogram not ultrametric (likely numerical jitter); enforcing ultrametricity using 'extend'.

┌──────────────────┐
│ Template: output │
└──────────────────┘
Donor stem_fraction=0.673421 crown_fraction=0.326579
Saved donor template to: /home/marek/ant-megatree/working_code/package/project/published/brachymyrmex/probst2024/extract_mrca_Brachymyrmex_heeri_EXRP182-Brachymyrmex_admotus_EXRP163_20260411-120339_with_outgroup.template.rds

┌─────────────────────────┐
│ Template: input summary │
└─────────────────────────┘

┌────────────────────────────┐
│ Template: authority filter │
└────────────────────────────┘
Valid ingroup species kept: 24; dropped absent: 1

┌────────────────────────────────────────┐
│ Template: donor ultrametric conversion │
└────────────────────────────────────────┘
Donor tree type: chronogram; ultrametric: FALSE
Input tree declared as chronogram; skipping chronos.
Chronogram not ultrametric (likely numerical jitter); enforcing ultrametricity using 'extend'.

┌──────────────────┐
│ Template: output │
└──────────────────┘
Donor stem_fraction=0.000000 crown_fraction=1.000000
Saved donor template to: /home/marek/ant-megatree/working_code/package/project/published/myrmelachista/probst2024/extract_mrca_Myrmelachista_hoffmanni_EXRP103-Myrmelachista_lauropacifica_EXRP74_20260411-120339_with_outgroup.template.rds

┌─────────────────────────┐
│ Template: input summary │
└─────────────────────────┘
Outgroup inferred as root singleton: Apomyrma_stygia

┌────────────────────────────┐
│ Template: authority filter │
└────────────────────────────┘
Valid ingroup species kept: 30; dropped absent: 0

┌────────────────────────────────────────┐
│ Template: donor ultrametric conversion │
└────────────────────────────────────────┘
Donor tree type: chronogram; ultrametric: FALSE
Input tree declared as chronogram; skipping chronos.
Chronogram not ultrametric (likely numerical jitter); enforcing ultrametricity using 'extend'.

┌──────────────────┐
│ Template: output │
└──────────────────┘
Donor stem_fraction=0.084282 crown_fraction=0.915718
Saved donor template to: /home/marek/ant-megatree/working_code/package/project/published/formicidae/nelsen2023/extract_mrca_Onychomyrmex_hedleyi-Mystrium_mirror_20260411-115038_with_outgroup.template.rds

┌─────────────────────────┐
│ Template: input summary │
└─────────────────────────┘
Outgroup inferred as root singleton: Liometopum_luctuosum

┌────────────────────────────┐
│ Template: authority filter │
└────────────────────────────┘
Valid ingroup species kept: 2; dropped absent: 0

┌────────────────────────────────────────┐
│ Template: donor ultrametric conversion │
└────────────────────────────────────────┘
Donor tree type: chronogram; ultrametric: FALSE
Input tree declared as chronogram; skipping chronos.
Chronogram not ultrametric (likely numerical jitter); enforcing ultrametricity using 'extend'.

┌──────────────────┐
│ Template: output │
└──────────────────┘
Donor stem_fraction=0.801358 crown_fraction=0.198642
Saved donor template to: /home/marek/ant-megatree/working_code/package/project/published/formicidae/nelsen2023/extracted_genera/Aptinoma/extract_Aptinoma_20260411-115327_with_outgroup.template.rds

┌─────────────────────────┐
│ Template: input summary │
└─────────────────────────┘
Outgroup inferred as root singleton: Aptinoma_antongil

┌────────────────────────────┐
│ Template: authority filter │
└────────────────────────────┘
Valid ingroup species kept: 3; dropped absent: 0

┌────────────────────────────────────────┐
│ Template: donor ultrametric conversion │
└────────────────────────────────────────┘
Donor tree type: chronogram; ultrametric: FALSE
Input tree declared as chronogram; skipping chronos.
Chronogram not ultrametric (likely numerical jitter); enforcing ultrametricity using 'extend'.

┌──────────────────┐
│ Template: output │
└──────────────────┘
Donor stem_fraction=0.819081 crown_fraction=0.180919
Saved donor template to: /home/marek/ant-megatree/working_code/package/project/published/formicidae/nelsen2023/extracted_genera/Liometopum/extract_Liometopum_20260411-115328_with_outgroup.template.rds

┌─────────────────────────┐
│ Template: input summary │
└─────────────────────────┘
Outgroup inferred as root singleton: Chronoxenus_wroughtonii

┌────────────────────────────┐
│ Template: authority filter │
└────────────────────────────┘
Valid ingroup species kept: 3; dropped absent: 0

┌────────────────────────────────────────┐
│ Template: donor ultrametric conversion │
└────────────────────────────────────────┘
Donor tree type: chronogram; ultrametric: FALSE
Input tree declared as chronogram; skipping chronos.
Chronogram not ultrametric (likely numerical jitter); enforcing ultrametricity using 'extend'.

┌──────────────────┐
│ Template: output │
└──────────────────┘
Donor stem_fraction=0.260297 crown_fraction=0.739703
Saved donor template to: /home/marek/ant-megatree/working_code/package/project/published/formicidae/nelsen2023/extracted_genera/Bothriomyrmex/extract_Bothriomyrmex_20260411-115328_with_outgroup.template.rds

┌─────────────────────────┐
│ Template: input summary │
└─────────────────────────┘
Outgroup inferred as root singleton: Forelius_chalybaeus

┌────────────────────────────┐
│ Template: authority filter │
└────────────────────────────┘
Valid ingroup species kept: 7; dropped absent: 0

┌────────────────────────────────────────┐
│ Template: donor ultrametric conversion │
└────────────────────────────────────────┘
Donor tree type: chronogram; ultrametric: FALSE
Input tree declared as chronogram; skipping chronos.
Chronogram not ultrametric (likely numerical jitter); enforcing ultrametricity using 'extend'.

┌──────────────────┐
│ Template: output │
└──────────────────┘
Donor stem_fraction=0.189327 crown_fraction=0.810673
Saved donor template to: /home/marek/ant-megatree/working_code/package/project/published/formicidae/nelsen2023/extracted_genera/Dolichoderus/extract_Dolichoderus_20260411-115328_with_outgroup.template.rds

┌─────────────────────────┐
│ Template: input summary │
└─────────────────────────┘
Outgroup inferred as root singleton: Gracilidris_pombero

┌────────────────────────────┐
│ Template: authority filter │
└────────────────────────────┘
Valid ingroup species kept: 7; dropped absent: 0

┌────────────────────────────────────────┐
│ Template: donor ultrametric conversion │
└────────────────────────────────────────┘
Donor tree type: chronogram; ultrametric: FALSE
Input tree declared as chronogram; skipping chronos.
Chronogram not ultrametric (likely numerical jitter); enforcing ultrametricity using 'extend'.

┌──────────────────┐
│ Template: output │
└──────────────────┘
Donor stem_fraction=0.363792 crown_fraction=0.636208
Saved donor template to: /home/marek/ant-megatree/working_code/package/project/published/formicidae/nelsen2023/extracted_genera/Azteca/extract_Azteca_20260411-115328_with_outgroup.template.rds

┌─────────────────────────┐
│ Template: input summary │
└─────────────────────────┘
Outgroup inferred as root singleton: Forelius_chalybaeus

┌────────────────────────────┐
│ Template: authority filter │
└────────────────────────────┘
Valid ingroup species kept: 23; dropped absent: 0

┌────────────────────────────────────────┐
│ Template: donor ultrametric conversion │
└────────────────────────────────────────┘
Donor tree type: chronogram; ultrametric: FALSE
Input tree declared as chronogram; skipping chronos.
Chronogram not ultrametric (likely numerical jitter); enforcing ultrametricity using 'extend'.

┌──────────────────┐
│ Template: output │
└──────────────────┘
Donor stem_fraction=0.179048 crown_fraction=0.820952
Saved donor template to: /home/marek/ant-megatree/working_code/package/project/published/formicidae/nelsen2023/extracted_genera/Leptomyrmex/extract_Leptomyrmex_20260411-115328_with_outgroup.template.rds

┌─────────────────────────┐
│ Template: input summary │
└─────────────────────────┘
Outgroup inferred as root singleton: Papyrius_nitidus

┌────────────────────────────┐
│ Template: authority filter │
└────────────────────────────┘
Valid ingroup species kept: 3; dropped absent: 0

┌────────────────────────────────────────┐
│ Template: donor ultrametric conversion │
└────────────────────────────────────────┘
Donor tree type: chronogram; ultrametric: TRUE
Input tree declared as chronogram; skipping chronos.

┌──────────────────┐
│ Template: output │
└──────────────────┘
Donor stem_fraction=0.621677 crown_fraction=0.378323
Saved donor template to: /home/marek/ant-megatree/working_code/package/project/published/formicidae/nelsen2023/extracted_genera/Anonychomyrma/extract_Anonychomyrma_20260411-115329_with_outgroup.template.rds

┌─────────────────────────┐
│ Template: input summary │
└─────────────────────────┘
Outgroup inferred as root singleton: Iridomyrmex_sanguineus

┌────────────────────────────┐
│ Template: authority filter │
└────────────────────────────┘
Valid ingroup species kept: 2; dropped absent: 0

┌────────────────────────────────────────┐
│ Template: donor ultrametric conversion │
└────────────────────────────────────────┘
Donor tree type: chronogram; ultrametric: FALSE
Input tree declared as chronogram; skipping chronos.
Chronogram not ultrametric (likely numerical jitter); enforcing ultrametricity using 'extend'.

┌──────────────────┐
│ Template: output │
└──────────────────┘
Donor stem_fraction=0.730890 crown_fraction=0.269110
Saved donor template to: /home/marek/ant-megatree/working_code/package/project/published/formicidae/nelsen2023/extracted_genera/Froggattella/extract_Froggattella_20260411-115329_with_outgroup.template.rds

┌─────────────────────────┐
│ Template: input summary │
└─────────────────────────┘
Outgroup inferred as root singleton: Froggattella_kirbii

┌────────────────────────────┐
│ Template: authority filter │
└────────────────────────────┘
Valid ingroup species kept: 3; dropped absent: 1

┌────────────────────────────────────────┐
│ Template: donor ultrametric conversion │
└────────────────────────────────────────┘
Donor tree type: chronogram; ultrametric: FALSE
Input tree declared as chronogram; skipping chronos.
Chronogram not ultrametric (likely numerical jitter); enforcing ultrametricity using 'extend'.

┌──────────────────┐
│ Template: output │
└──────────────────┘
Donor stem_fraction=0.447085 crown_fraction=0.552915
Saved donor template to: /home/marek/ant-megatree/working_code/package/project/published/formicidae/nelsen2023/extracted_genera/Iridomyrmex/extract_Iridomyrmex_20260411-115329_with_outgroup.template.rds

┌─────────────────────────┐
│ Template: input summary │
└─────────────────────────┘
Outgroup inferred as root singleton: Iridomyrmex_sanguineus

┌────────────────────────────┐
│ Template: authority filter │
└────────────────────────────┘
Valid ingroup species kept: 14; dropped absent: 0

┌────────────────────────────────────────┐
│ Template: donor ultrametric conversion │
└────────────────────────────────────────┘
Donor tree type: chronogram; ultrametric: FALSE
Input tree declared as chronogram; skipping chronos.
Chronogram not ultrametric (likely numerical jitter); enforcing ultrametricity using 'extend'.

┌──────────────────┐
│ Template: output │
└──────────────────┘
Donor stem_fraction=0.304463 crown_fraction=0.695537
Saved donor template to: /home/marek/ant-megatree/working_code/package/project/published/formicidae/nelsen2023/extracted_genera/Linepithema/extract_Linepithema_20260411-115329_with_outgroup.template.rds

┌─────────────────────────┐
│ Template: input summary │
└─────────────────────────┘
Outgroup inferred as root singleton: Pseudomyrmex_boopis

┌────────────────────────────┐
│ Template: authority filter │
└────────────────────────────┘
Valid ingroup species kept: 46; dropped absent: 0

┌────────────────────────────────────────┐
│ Template: donor ultrametric conversion │
└────────────────────────────────────────┘
Donor tree type: chronogram; ultrametric: FALSE
Input tree declared as chronogram; skipping chronos.
Chronogram not ultrametric (likely numerical jitter); enforcing ultrametricity using 'extend'.

┌──────────────────┐
│ Template: output │
└──────────────────┘
Donor stem_fraction=0.071119 crown_fraction=0.928881
Saved donor template to: /home/marek/ant-megatree/working_code/package/project/published/formicidae/nelsen2023/extracted_genera/Tetraponera/extract_Tetraponera_20260411-115329_with_outgroup.template.rds

┌─────────────────────────┐
│ Template: input summary │
└─────────────────────────┘
Outgroup inferred as root singleton: Santschiella_kohli

┌────────────────────────────┐
│ Template: authority filter │
└────────────────────────────┘
Valid ingroup species kept: 2; dropped absent: 0

┌────────────────────────────────────────┐
│ Template: donor ultrametric conversion │
└────────────────────────────────────────┘
Donor tree type: chronogram; ultrametric: TRUE
Input tree declared as chronogram; skipping chronos.

┌──────────────────┐
│ Template: output │
└──────────────────┘
Donor stem_fraction=0.955823 crown_fraction=0.044177
Saved donor template to: /home/marek/ant-megatree/working_code/package/project/published/formicidae/nelsen2023/extracted_genera/Oecophylla/extract_Oecophylla_20260411-115329_with_outgroup.template.rds

┌─────────────────────────┐
│ Template: input summary │
└─────────────────────────┘
Outgroup inferred as root singleton: Manica_bradleyi

┌────────────────────────────┐
│ Template: authority filter │
└────────────────────────────┘
Valid ingroup species kept: 37; dropped absent: 0

┌────────────────────────────────────────┐
│ Template: donor ultrametric conversion │
└────────────────────────────────────────┘
Donor tree type: chronogram; ultrametric: FALSE
Input tree declared as chronogram; skipping chronos.
Chronogram not ultrametric (likely numerical jitter); enforcing ultrametricity using 'extend'.

┌──────────────────┐
│ Template: output │
└──────────────────┘
Donor stem_fraction=0.468781 crown_fraction=0.531219
Saved donor template to: /home/marek/ant-megatree/working_code/package/project/published/formicidae/nelsen2023/extracted_genera/Myrmica/extract_Myrmica_20260411-115330_with_outgroup.template.rds

┌─────────────────────────┐
│ Template: input summary │
└─────────────────────────┘
Outgroup inferred as root singleton: Calyptomyrmex_beccarii

┌────────────────────────────┐
│ Template: authority filter │
└────────────────────────────┘
Valid ingroup species kept: 37; dropped absent: 2

┌────────────────────────────────────────┐
│ Template: donor ultrametric conversion │
└────────────────────────────────────────┘
Donor tree type: chronogram; ultrametric: FALSE
Input tree declared as chronogram; skipping chronos.
Chronogram not ultrametric (likely numerical jitter); enforcing ultrametricity using 'extend'.

┌──────────────────┐
│ Template: output │
└──────────────────┘
Donor stem_fraction=0.358895 crown_fraction=0.641105
Saved donor template to: /home/marek/ant-megatree/working_code/package/project/published/formicidae/nelsen2023/extracted_genera/Tetramorium/extract_Tetramorium_20260411-115330_with_outgroup.template.rds

┌─────────────────────────┐
│ Template: input summary │
└─────────────────────────┘
Outgroup inferred as root singleton: Nesomyrmex_echinatinodis

┌────────────────────────────┐
│ Template: authority filter │
└────────────────────────────┘
Valid ingroup species kept: 9; dropped absent: 0

┌────────────────────────────────────────┐
│ Template: donor ultrametric conversion │
└────────────────────────────────────────┘
Donor tree type: chronogram; ultrametric: FALSE
Input tree declared as chronogram; skipping chronos.
Chronogram not ultrametric (likely numerical jitter); enforcing ultrametricity using 'extend'.

┌──────────────────┐
│ Template: output │
└──────────────────┘
Donor stem_fraction=0.728424 crown_fraction=0.271576
Saved donor template to: /home/marek/ant-megatree/working_code/package/project/published/formicidae/nelsen2023/extracted_genera/Cardiocondyla/extract_Cardiocondyla_20260411-115330_with_outgroup.template.rds

┌─────────────────────────┐
│ Template: input summary │
└─────────────────────────┘
Outgroup inferred as root singleton: Monomorium_cyaneum

┌────────────────────────────┐
│ Template: authority filter │
└────────────────────────────┘
Valid ingroup species kept: 2; dropped absent: 0

┌────────────────────────────────────────┐
│ Template: donor ultrametric conversion │
└────────────────────────────────────────┘
Donor tree type: chronogram; ultrametric: FALSE
Input tree declared as chronogram; skipping chronos.
Chronogram not ultrametric (likely numerical jitter); enforcing ultrametricity using 'extend'.

┌──────────────────┐
│ Template: output │
└──────────────────┘
Donor stem_fraction=0.525787 crown_fraction=0.474213
Saved donor template to: /home/marek/ant-megatree/working_code/package/project/published/formicidae/nelsen2023/extracted_genera/Megalomyrmex/extract_Megalomyrmex_20260411-115330_with_outgroup.template.rds

┌─────────────────────────┐
│ Template: input summary │
└─────────────────────────┘
Outgroup inferred as root singleton: Monomorium_hanneli

┌────────────────────────────┐
│ Template: authority filter │
└────────────────────────────┘
Valid ingroup species kept: 3; dropped absent: 0

┌────────────────────────────────────────┐
│ Template: donor ultrametric conversion │
└────────────────────────────────────────┘
Donor tree type: chronogram; ultrametric: FALSE
Input tree declared as chronogram; skipping chronos.
Chronogram not ultrametric (likely numerical jitter); enforcing ultrametricity using 'extend'.

┌──────────────────┐
│ Template: output │
└──────────────────┘
Donor stem_fraction=0.146751 crown_fraction=0.853249
Saved donor template to: /home/marek/ant-megatree/working_code/package/project/published/formicidae/nelsen2023/extracted_genera/Syllophopsis/extract_Syllophopsis_20260411-115330_with_outgroup.template.rds

┌─────────────────────────┐
│ Template: input summary │
└─────────────────────────┘
Outgroup inferred as root singleton: Monomorium_hanneli

┌────────────────────────────┐
│ Template: authority filter │
└────────────────────────────┘
Valid ingroup species kept: 3; dropped absent: 0

┌────────────────────────────────────────┐
│ Template: donor ultrametric conversion │
└────────────────────────────────────────┘
Donor tree type: chronogram; ultrametric: TRUE
Input tree declared as chronogram; skipping chronos.

┌──────────────────┐
│ Template: output │
└──────────────────┘
Donor stem_fraction=0.754745 crown_fraction=0.245255
Saved donor template to: /home/marek/ant-megatree/working_code/package/project/published/formicidae/nelsen2023/extracted_genera/Myrmicaria/extract_Myrmicaria_20260411-115331_with_outgroup.template.rds

┌─────────────────────────┐
│ Template: input summary │
└─────────────────────────┘
Outgroup inferred as root singleton: Tranopelta_gilva

┌────────────────────────────┐
│ Template: authority filter │
└────────────────────────────┘
Valid ingroup species kept: 2; dropped absent: 0

┌────────────────────────────────────────┐
│ Template: donor ultrametric conversion │
└────────────────────────────────────────┘
Donor tree type: chronogram; ultrametric: TRUE
Input tree declared as chronogram; skipping chronos.

┌──────────────────┐
│ Template: output │
└──────────────────┘
Donor stem_fraction=0.688333 crown_fraction=0.311667
Saved donor template to: /home/marek/ant-megatree/working_code/package/project/published/formicidae/nelsen2023/extracted_genera/Ochetomyrmex/extract_Ochetomyrmex_20260411-115331_with_outgroup.template.rds

┌─────────────────────────┐
│ Template: input summary │
└─────────────────────────┘
Outgroup inferred as root singleton: Camponotus_thadeus

┌────────────────────────────┐
│ Template: authority filter │
└────────────────────────────┘
Valid ingroup species kept: 51; dropped absent: 0

┌────────────────────────────────────────┐
│ Template: donor ultrametric conversion │
└────────────────────────────────────────┘
Donor tree type: chronogram; ultrametric: FALSE
Input tree declared as chronogram; skipping chronos.
Chronogram not ultrametric (likely numerical jitter); enforcing ultrametricity using 'extend'.

┌──────────────────┐
│ Template: output │
└──────────────────┘
Donor stem_fraction=0.290423 crown_fraction=0.709577
Saved donor template to: /home/marek/ant-megatree/working_code/package/project/published/formicidae/nelsen2023/extracted_genera/Polyrhachis/extract_Polyrhachis_20260411-115331_with_outgroup.template.rds

┌─────────────────────────┐
│ Template: input summary │
└─────────────────────────┘
Outgroup inferred as root singleton: Vitsika_labes

┌────────────────────────────┐
│ Template: authority filter │
└────────────────────────────┘
Valid ingroup species kept: 6; dropped absent: 0

┌────────────────────────────────────────┐
│ Template: donor ultrametric conversion │
└────────────────────────────────────────┘
Donor tree type: chronogram; ultrametric: TRUE
Input tree declared as chronogram; skipping chronos.

┌──────────────────┐
│ Template: output │
└──────────────────┘
Donor stem_fraction=0.493729 crown_fraction=0.506271
Saved donor template to: /home/marek/ant-megatree/working_code/package/project/published/mami-madagascar/camacho2024/extracted_genera/Malagidris/extract_Malagidris_20260411-114011_with_outgroup.template.rds

┌─────────────────────────┐
│ Template: input summary │
└─────────────────────────┘
Outgroup inferred as root singleton: Trichomyrmex_destructor

┌────────────────────────────┐
│ Template: authority filter │
└────────────────────────────┘
Valid ingroup species kept: 2; dropped absent: 0

┌────────────────────────────────────────┐
│ Template: donor ultrametric conversion │
└────────────────────────────────────────┘
Donor tree type: chronogram; ultrametric: TRUE
Input tree declared as chronogram; skipping chronos.

┌──────────────────┐
│ Template: output │
└──────────────────┘
Donor stem_fraction=0.434904 crown_fraction=0.565096
Saved donor template to: /home/marek/ant-megatree/working_code/package/project/published/mami-madagascar/camacho2024/extracted_genera/Metapone/extract_Metapone_20260411-114011_with_outgroup.template.rds

┌─────────────────────────┐
│ Template: input summary │
└─────────────────────────┘
Outgroup inferred as root singleton: Vitsika_labes

┌────────────────────────────┐
│ Template: authority filter │
└────────────────────────────┘
Valid ingroup species kept: 13; dropped absent: 0

┌────────────────────────────────────────┐
│ Template: donor ultrametric conversion │
└────────────────────────────────────────┘
Donor tree type: chronogram; ultrametric: TRUE
Input tree declared as chronogram; skipping chronos.

┌──────────────────┐
│ Template: output │
└──────────────────┘
Donor stem_fraction=0.168685 crown_fraction=0.831315
Saved donor template to: /home/marek/ant-megatree/working_code/package/project/published/mami-madagascar/camacho2024/extracted_genera/Royidris/extract_Royidris_20260411-114011_with_outgroup.template.rds

┌─────────────────────────┐
│ Template: input summary │
└─────────────────────────┘
Outgroup inferred as root singleton: Simopone_nonnihil

┌────────────────────────────┐
│ Template: authority filter │
└────────────────────────────┘
Valid ingroup species kept: 9; dropped absent: 0

┌────────────────────────────────────────┐
│ Template: donor ultrametric conversion │
└────────────────────────────────────────┘
Donor tree type: chronogram; ultrametric: TRUE
Input tree declared as chronogram; skipping chronos.

┌──────────────────┐
│ Template: output │
└──────────────────┘
Donor stem_fraction=0.127372 crown_fraction=0.872628
Saved donor template to: /home/marek/ant-megatree/working_code/package/project/published/mami-madagascar/camacho2024/extracted_genera/Tanipone/extract_Tanipone_20260411-114012_with_outgroup.template.rds

┌─────────────────────────┐
│ Template: input summary │
└─────────────────────────┘
Outgroup inferred as root singleton: Malagidris_dulcis

┌────────────────────────────┐
│ Template: authority filter │
└────────────────────────────┘
Valid ingroup species kept: 16; dropped absent: 0

┌────────────────────────────────────────┐
│ Template: donor ultrametric conversion │
└────────────────────────────────────────┘
Donor tree type: chronogram; ultrametric: TRUE
Input tree declared as chronogram; skipping chronos.

┌──────────────────┐
│ Template: output │
└──────────────────┘
Donor stem_fraction=0.206313 crown_fraction=0.793687
Saved donor template to: /home/marek/ant-megatree/working_code/package/project/published/mami-madagascar/camacho2024/extracted_genera/Vitsika/extract_Vitsika_20260411-114012_with_outgroup.template.rds
